
START TRANSACTION;

INSERT INTO project (`id`, `created_time`, `description`, `due_date`, `expected_start_date`, `name`, `status`, `updated_time`, `created_by_id`)
VALUES (3, '2020-01-01 00:00:00.000000', 'This is CVWritingSupporter QualityAssurance', '2025-04-21', '2020-01-01', 'CVWritingSupporter QualityAssurance', 'IN_PROGRESS', '2020-01-01 00:00:00.000000', 154);


INSERT INTO project_role (`id`, `role`, `project_id`, `user_info_id`) VALUES (5, 'OWNER', 3, 154);
INSERT INTO project_role (`id`, `role`, `project_id`, `user_info_id`) VALUES (6, 'MEMBER', 3, 151);


INSERT INTO `phase` (`id`, `created_time`, `description`, `due_date`, `start_date`, `name`, `updated_time`, `project_id`, `created_by_id`)
VALUES (9, '2020-01-01 00:05:00.000000', 'This is Main Services Quality Control', '2022-03-20', '2020-01-01', 'Main Services Quality Control', '2020-01-01 00:05:00.000000', 3, 154);


INSERT INTO collection (`id`, `created_time`, `description`, `due_date`, `start_date`, `name`, `updated_time`, `phase_id`, `created_by_id`)
VALUES (56, '2020-01-01 00:10:00.000000', 'This is Functional Testing', '2020-10-15', '2020-01-01', 'Functional Testing', '2020-01-01 00:10:00.000000', 9, 154);


-- 2020-01-02 00:15:00.000000
-- 2020-01-02
INSERT INTO task (id, collection_id, created_by_id, root_task_id, name, description, report_format, level, task_type, priority, is_locked, start_date, end_date, deadline, created_time, updated_time)
VALUES (623, 56, 151, NULL, 'Test User Authentication Flow', 'This is Test User Authentication Flow', NULL, 'ADVANCED', 'TEST', 'URGENT', FALSE, '2020-01-02', '2020-01-28', '2020-01-09', '2020-01-02 00:15:00.000000', '2020-01-02 00:15:00.000000');

INSERT INTO task_for_users (id, task_id, assigned_to_id, user_task_status, updated_time, started_time)
VALUES
(15429, 623, 111, 'JOINED', '2020-01-02 00:15:00.000000', '2020-01-02 01:45:43.200000'),
(15430, 623, 112, 'JOINED', '2020-01-02 00:15:00.000000', '2020-01-08 07:27:00.000000'),
(15431, 623, 113, 'JOINED', '2020-01-02 00:15:00.000000', '2020-01-04 13:34:12.000000'),
(15432, 623, 114, 'JOINED', '2020-01-02 00:15:00.000000', '2020-01-02 04:37:04.800000'),
(15433, 623, 115, 'JOINED', '2020-01-02 00:15:00.000000', '2020-01-08 07:27:00.000000'),
(15434, 623, 116, 'JOINED', '2020-01-02 00:15:00.000000', '2020-01-03 17:44:45.600000'),
(15435, 623, 117, 'JOINED', '2020-01-02 00:15:00.000000', '2020-01-08 07:27:00.000000'),
(15436, 623, 118, 'JOINED', '2020-01-02 00:15:00.000000', '2020-01-08 07:27:00.000000'),
(15437, 623, 119, 'JOINED', '2020-01-02 00:15:00.000000', '2020-01-02 23:10:55.200000'),
(15438, 623, 120, 'JOINED', '2020-01-02 00:15:00.000000', '2020-01-02 05:57:43.200000'),
(15439, 623, 121, 'JOINED', '2020-01-02 00:15:00.000000', '2020-01-08 07:27:00.000000'),
(15440, 623, 122, 'JOINED', '2020-01-02 00:15:00.000000', '2020-01-03 00:36:36.000000'),
(15441, 623, 123, 'JOINED', '2020-01-02 00:15:00.000000', '2020-01-02 08:08:45.600000'),
(15442, 623, 124, 'JOINED', '2020-01-02 00:15:00.000000', '2020-01-08 07:27:00.000000'),
(15443, 623, 125, 'JOINED', '2020-01-02 00:15:00.000000', '2020-01-08 07:27:00.000000'),
(15444, 623, 126, 'JOINED', '2020-01-02 00:15:00.000000', '2020-01-08 07:27:00.000000'),
(15445, 623, 127, 'JOINED', '2020-01-02 00:15:00.000000', '2020-01-02 01:35:38.400000'),
(15446, 623, 128, 'JOINED', '2020-01-02 00:15:00.000000', '2020-01-03 03:27:57.600000'),
(15447, 623, 129, 'JOINED', '2020-01-02 00:15:00.000000', '2020-01-03 08:10:12.000000'),
(15448, 623, 130, 'JOINED', '2020-01-02 00:15:00.000000', '2020-01-08 07:27:00.000000'),
(15449, 623, 131, 'JOINED', '2020-01-02 00:15:00.000000', '2020-01-08 07:27:00.000000'),
(15450, 623, 132, 'JOINED', '2020-01-02 00:15:00.000000', '2020-01-08 07:27:00.000000'),
(15451, 623, 133, 'JOINED', '2020-01-02 00:15:00.000000', '2020-01-08 07:27:00.000000'),
(15452, 623, 134, 'JOINED', '2020-01-02 00:15:00.000000', '2020-01-03 12:17:09.600000'),
(15453, 623, 135, 'JOINED', '2020-01-02 00:15:00.000000', '2020-01-02 03:56:45.600000'),
(15454, 623, 136, 'JOINED', '2020-01-02 00:15:00.000000', '2020-01-04 22:28:26.400000');
INSERT INTO report (id, created_by_id, title, content, rejected_reason, report_status, created_time, updated_time, reviewed_time)
VALUES
(DEFAULT, 15429, 'Employee 111 submit Report', 'Completed Task.', NULL, 'APPROVED', '2020-01-04 10:52:55.200000', '2020-01-04 10:52:55.200000', '2020-01-04 10:57:55.200000'),
(DEFAULT, 15430, 'Employee 112 submit Report', 'Completed Task.', NULL, 'APPROVED', '2020-01-28 17:10:12.000000', '2020-01-28 17:10:12.000000', '2020-01-28 17:15:12.000000'),
(DEFAULT, 15431, 'Employee 113 submit Report', 'Completed Task.', NULL, 'APPROVED', '2020-01-07 17:10:12.000000', '2020-01-07 17:10:12.000000', '2020-01-07 17:15:12.000000'),
(DEFAULT, 15432, 'Employee 114 submit Report', 'Completed Task.', NULL, 'APPROVED', '2020-01-05 14:26:02.400000', '2020-01-05 14:26:02.400000', '2020-01-05 14:31:02.400000'),
(DEFAULT, 15433, 'Employee 115 submit Report', 'Completed Task.', NULL, 'APPROVED', '2020-01-28 22:22:40.800000', '2020-01-28 22:22:40.800000', '2020-01-28 22:27:40.800000'),
(DEFAULT, 15434, 'Employee 116 submit Report', 'Completed Task.', NULL, 'APPROVED', '2020-01-08 22:44:16.800000', '2020-01-08 22:44:16.800000', '2020-01-08 22:49:16.800000'),
(DEFAULT, 15435, 'Employee 117 submit Report', 'Completed Task.', NULL, 'APPROVED', '2020-01-28 12:27:57.600000', '2020-01-28 12:27:57.600000', '2020-01-28 12:32:57.600000'),
(DEFAULT, 15436, 'Employee 118 submit Report', 'Completed Task.', NULL, 'APPROVED', '2020-01-25 03:49:33.600000', '2020-01-25 03:49:33.600000', '2020-01-25 03:54:33.600000'),
(DEFAULT, 15437, 'Employee 119 submit Report', 'Completed Task.', NULL, 'APPROVED', '2020-01-15 01:19:04.800000', '2020-01-15 01:19:04.800000', '2020-01-15 01:24:04.800000'),
(DEFAULT, 15438, 'Employee 120 submit Report', 'Completed Task.', NULL, 'APPROVED', '2020-01-05 22:29:52.800000', '2020-01-05 22:29:52.800000', '2020-01-05 22:34:52.800000'),
(DEFAULT, 15439, 'Employee 121 submit Report', 'Completed Task.', NULL, 'APPROVED', '2020-01-27 02:21:43.200000', '2020-01-27 02:21:43.200000', '2020-01-27 02:26:43.200000'),
(DEFAULT, 15440, 'Employee 122 submit Report', 'Completed Task.', NULL, 'APPROVED', '2020-01-14 23:53:24.000000', '2020-01-14 23:53:24.000000', '2020-01-14 23:58:24.000000'),
(DEFAULT, 15441, 'Employee 123 submit Report', 'Completed Task.', NULL, 'APPROVED', '2020-01-05 22:50:02.400000', '2020-01-05 22:50:02.400000', '2020-01-05 22:55:02.400000'),
(DEFAULT, 15442, 'Employee 124 submit Report', 'Completed Task.', NULL, 'APPROVED', '2020-01-26 09:23:38.400000', '2020-01-26 09:23:38.400000', '2020-01-26 09:28:38.400000'),
(DEFAULT, 15443, 'Employee 125 submit Report', 'Completed Task.', NULL, 'APPROVED', '2020-01-26 02:40:26.400000', '2020-01-26 02:40:26.400000', '2020-01-26 02:45:26.400000'),
(DEFAULT, 15444, 'Employee 126 submit Report', 'Completed Task.', NULL, 'APPROVED', '2020-01-24 06:59:38.400000', '2020-01-24 06:59:38.400000', '2020-01-24 07:04:38.400000'),
(DEFAULT, 15445, 'Employee 127 submit Report', 'Completed Task.', NULL, 'APPROVED', '2020-01-05 23:40:26.400000', '2020-01-05 23:40:26.400000', '2020-01-05 23:45:26.400000'),
(DEFAULT, 15446, 'Employee 128 submit Report', 'Completed Task.', NULL, 'APPROVED', '2020-01-14 21:02:02.400000', '2020-01-14 21:02:02.400000', '2020-01-14 21:07:02.400000'),
(DEFAULT, 15447, 'Employee 129 submit Report', 'Completed Task.', NULL, 'APPROVED', '2020-01-07 16:19:48.000000', '2020-01-07 16:19:48.000000', '2020-01-07 16:24:48.000000'),
(DEFAULT, 15448, 'Employee 130 submit Report', 'Completed Task.', NULL, 'APPROVED', '2020-01-25 18:36:36.000000', '2020-01-25 18:36:36.000000', '2020-01-25 18:41:36.000000'),
(DEFAULT, 15449, 'Employee 131 submit Report', 'Completed Task.', NULL, 'APPROVED', '2020-01-23 22:05:24.000000', '2020-01-23 22:05:24.000000', '2020-01-23 22:10:24.000000'),
(DEFAULT, 15450, 'Employee 132 submit Report', 'Completed Task.', NULL, 'APPROVED', '2020-01-23 04:57:14.400000', '2020-01-23 04:57:14.400000', '2020-01-23 05:02:14.400000'),
(DEFAULT, 15451, 'Employee 133 submit Report', 'Completed Task.', NULL, 'APPROVED', '2020-01-23 16:12:36.000000', '2020-01-23 16:12:36.000000', '2020-01-23 16:17:36.000000'),
(DEFAULT, 15452, 'Employee 134 submit Report', 'Completed Task.', NULL, 'APPROVED', '2020-01-14 12:12:50.400000', '2020-01-14 12:12:50.400000', '2020-01-14 12:17:50.400000'),
(DEFAULT, 15453, 'Employee 135 submit Report', 'Completed Task.', NULL, 'APPROVED', '2020-01-05 18:48:07.200000', '2020-01-05 18:48:07.200000', '2020-01-05 18:53:07.200000'),
(DEFAULT, 15454, 'Employee 136 submit Report', 'Completed Task.', NULL, 'APPROVED', '2020-01-07 23:53:24.000000', '2020-01-07 23:53:24.000000', '2020-01-07 23:58:24.000000');

-- 2020-01-10 00:15:00.000000
-- 2020-01-10
INSERT INTO task (id, collection_id, created_by_id, root_task_id, name, description, report_format, level, task_type, priority, is_locked, start_date, end_date, deadline, created_time, updated_time)
VALUES (624, 56, 151, NULL, 'Test User Registration Flow', 'This is Test User Registration Flow', NULL, 'ADVANCED', 'TEST', 'URGENT', FALSE, '2020-01-10', '2020-02-05', '2020-01-17', '2020-01-10 00:15:00.000000', '2020-01-10 00:15:00.000000');

INSERT INTO task_for_users (id, task_id, assigned_to_id, user_task_status, updated_time, started_time)
VALUES
(15456, 624, 111, 'JOINED', '2020-01-10 00:15:00.000000', '2020-01-10 20:24:36.000000'),
(15457, 624, 112, 'JOINED', '2020-01-10 00:15:00.000000', '2020-01-10 07:28:26.400000'),
(15458, 624, 113, 'JOINED', '2020-01-10 00:15:00.000000', '2020-01-10 14:57:00.000000'),
(15459, 624, 114, 'JOINED', '2020-01-10 00:15:00.000000', '2020-01-16 07:27:00.000000'),
(15460, 624, 115, 'JOINED', '2020-01-10 00:15:00.000000', '2020-01-10 06:48:07.200000'),
(15461, 624, 116, 'JOINED', '2020-01-10 00:15:00.000000', '2020-01-16 07:27:00.000000'),
(15462, 624, 117, 'JOINED', '2020-01-10 00:15:00.000000', '2020-01-11 13:22:40.800000'),
(15463, 624, 118, 'JOINED', '2020-01-10 00:15:00.000000', '2020-01-13 00:49:33.600000'),
(15464, 624, 119, 'JOINED', '2020-01-10 00:15:00.000000', '2020-01-10 13:01:04.800000'),
(15465, 624, 120, 'JOINED', '2020-01-10 00:15:00.000000', '2020-01-16 07:27:00.000000'),
(15466, 624, 121, 'JOINED', '2020-01-10 00:15:00.000000', '2020-01-10 03:56:45.600000'),
(15467, 624, 122, 'JOINED', '2020-01-10 00:15:00.000000', '2020-01-16 07:27:00.000000'),
(15468, 624, 123, 'JOINED', '2020-01-10 00:15:00.000000', '2020-01-16 07:27:00.000000'),
(15469, 624, 124, 'JOINED', '2020-01-10 00:15:00.000000', '2020-01-16 07:27:00.000000'),
(15470, 624, 125, 'JOINED', '2020-01-10 00:15:00.000000', '2020-01-16 07:27:00.000000'),
(15471, 624, 126, 'JOINED', '2020-01-10 00:15:00.000000', '2020-01-10 16:27:43.200000'),
(15472, 624, 127, 'JOINED', '2020-01-10 00:15:00.000000', '2020-01-12 00:07:48.000000'),
(15473, 624, 128, 'JOINED', '2020-01-10 00:15:00.000000', '2020-01-11 07:24:50.400000'),
(15474, 624, 129, 'JOINED', '2020-01-10 00:15:00.000000', '2020-01-10 21:55:19.200000'),
(15475, 624, 130, 'JOINED', '2020-01-10 00:15:00.000000', '2020-01-16 07:27:00.000000'),
(15476, 624, 131, 'JOINED', '2020-01-10 00:15:00.000000', '2020-01-16 07:27:00.000000'),
(15477, 624, 132, 'JOINED', '2020-01-10 00:15:00.000000', '2020-01-16 07:27:00.000000'),
(15478, 624, 133, 'JOINED', '2020-01-10 00:15:00.000000', '2020-01-16 07:27:00.000000'),
(15479, 624, 134, 'JOINED', '2020-01-10 00:15:00.000000', '2020-01-16 07:27:00.000000'),
(15480, 624, 135, 'JOINED', '2020-01-10 00:15:00.000000', '2020-01-11 00:16:26.400000'),
(15481, 624, 136, 'JOINED', '2020-01-10 00:15:00.000000', '2020-01-10 20:34:40.800000');
INSERT INTO report (id, created_by_id, title, content, rejected_reason, report_status, created_time, updated_time, reviewed_time)
VALUES
(DEFAULT, 15456, 'Employee 111 submit Report', 'Completed Task.', NULL, 'APPROVED', '2020-01-13 15:16:26.400000', '2020-01-13 15:16:26.400000', '2020-01-13 15:21:26.400000'),
(DEFAULT, 15457, 'Employee 112 submit Report', 'Completed Task.', NULL, 'APPROVED', '2020-01-12 19:37:04.800000', '2020-01-12 19:37:04.800000', '2020-01-12 19:42:04.800000'),
(DEFAULT, 15458, 'Employee 113 submit Report', 'Completed Task.', NULL, 'APPROVED', '2020-01-23 09:33:00.000000', '2020-01-23 09:33:00.000000', '2020-01-23 09:38:00.000000'),
(DEFAULT, 15459, 'Employee 114 submit Report', 'Completed Task.', NULL, 'APPROVED', '2020-02-01 13:02:31.200000', '2020-02-01 13:02:31.200000', '2020-02-01 13:07:31.200000'),
(DEFAULT, 15460, 'Employee 115 submit Report', 'Completed Task.', NULL, 'APPROVED', '2020-01-12 09:22:12.000000', '2020-01-12 09:22:12.000000', '2020-01-12 09:27:12.000000'),
(DEFAULT, 15461, 'Employee 116 submit Report', 'Completed Task.', NULL, 'APPROVED', '2020-02-01 01:37:04.800000', '2020-02-01 01:37:04.800000', '2020-02-01 01:42:04.800000'),
(DEFAULT, 15462, 'Employee 117 submit Report', 'Completed Task.', NULL, 'APPROVED', '2020-01-15 02:43:19.200000', '2020-01-15 02:43:19.200000', '2020-01-15 02:48:19.200000'),
(DEFAULT, 15463, 'Employee 118 submit Report', 'Completed Task.', NULL, 'APPROVED', '2020-01-16 15:40:55.200000', '2020-01-16 15:40:55.200000', '2020-01-16 15:45:55.200000'),
(DEFAULT, 15464, 'Employee 119 submit Report', 'Completed Task.', NULL, 'APPROVED', '2020-01-16 16:01:04.800000', '2020-01-16 16:01:04.800000', '2020-01-16 16:06:04.800000'),
(DEFAULT, 15465, 'Employee 120 submit Report', 'Completed Task.', NULL, 'APPROVED', '2020-02-01 05:18:50.400000', '2020-02-01 05:18:50.400000', '2020-02-01 05:23:50.400000'),
(DEFAULT, 15466, 'Employee 121 submit Report', 'Completed Task.', NULL, 'APPROVED', '2020-01-23 20:33:14.400000', '2020-01-23 20:33:14.400000', '2020-01-23 20:38:14.400000'),
(DEFAULT, 15467, 'Employee 122 submit Report', 'Completed Task.', NULL, 'APPROVED', '2020-01-31 09:59:38.400000', '2020-01-31 09:59:38.400000', '2020-01-31 10:04:38.400000'),
(DEFAULT, 15468, 'Employee 123 submit Report', 'Completed Task.', NULL, 'APPROVED', '2020-02-03 02:40:26.400000', '2020-02-03 02:40:26.400000', '2020-02-03 02:45:26.400000'),
(DEFAULT, 15469, 'Employee 124 submit Report', 'Completed Task.', NULL, 'APPROVED', '2020-02-01 12:42:21.600000', '2020-02-01 12:42:21.600000', '2020-02-01 12:47:21.600000'),
(DEFAULT, 15470, 'Employee 125 submit Report', 'Completed Task.', NULL, 'APPROVED', '2020-02-04 04:32:45.600000', '2020-02-04 04:32:45.600000', '2020-02-04 04:37:45.600000'),
(DEFAULT, 15471, 'Employee 126 submit Report', 'Completed Task.', NULL, 'APPROVED', '2020-01-23 08:02:16.800000', '2020-01-23 08:02:16.800000', '2020-01-23 08:07:16.800000'),
(DEFAULT, 15472, 'Employee 127 submit Report', 'Completed Task.', NULL, 'APPROVED', '2020-01-15 19:41:24.000000', '2020-01-15 19:41:24.000000', '2020-01-15 19:46:24.000000'),
(DEFAULT, 15473, 'Employee 128 submit Report', 'Completed Task.', NULL, 'APPROVED', '2020-01-22 17:05:09.600000', '2020-01-22 17:05:09.600000', '2020-01-22 17:10:09.600000'),
(DEFAULT, 15474, 'Employee 129 submit Report', 'Completed Task.', NULL, 'APPROVED', '2020-01-23 02:34:40.800000', '2020-01-23 02:34:40.800000', '2020-01-23 02:39:40.800000'),
(DEFAULT, 15475, 'Employee 130 submit Report', 'Completed Task.', NULL, 'APPROVED', '2020-02-05 19:31:19.200000', '2020-02-05 19:31:19.200000', '2020-02-05 19:36:19.200000'),
(DEFAULT, 15476, 'Employee 131 submit Report', 'Completed Task.', NULL, 'APPROVED', '2020-02-03 16:57:14.400000', '2020-02-03 16:57:14.400000', '2020-02-03 17:02:14.400000'),
(DEFAULT, 15477, 'Employee 132 submit Report', 'Completed Task.', NULL, 'APPROVED', '2020-01-31 05:57:43.200000', '2020-01-31 05:57:43.200000', '2020-01-31 06:02:43.200000'),
(DEFAULT, 15478, 'Employee 133 submit Report', 'Completed Task.', NULL, 'APPROVED', '2020-02-02 21:17:52.800000', '2020-02-02 21:17:52.800000', '2020-02-02 21:22:52.800000'),
(DEFAULT, 15479, 'Employee 134 submit Report', 'Completed Task.', NULL, 'APPROVED', '2020-01-30 08:27:28.800000', '2020-01-30 08:27:28.800000', '2020-01-30 08:32:28.800000'),
(DEFAULT, 15480, 'Employee 135 submit Report', 'Completed Task.', NULL, 'APPROVED', '2020-01-15 10:16:55.200000', '2020-01-15 10:16:55.200000', '2020-01-15 10:21:55.200000'),
(DEFAULT, 15481, 'Employee 136 submit Report', 'Completed Task.', NULL, 'APPROVED', '2020-01-13 15:36:36.000000', '2020-01-13 15:36:36.000000', '2020-01-13 15:41:36.000000');

-- 2020-01-18 00:15:00.000000
-- 2020-01-18
INSERT INTO task (id, collection_id, created_by_id, root_task_id, name, description, report_format, level, task_type, priority, is_locked, start_date, end_date, deadline, created_time, updated_time)
VALUES (625, 56, 151, NULL, 'Test Login Error Scenarios', 'This is Test Login Error Scenarios', NULL, 'ADVANCED', 'TEST', 'URGENT', FALSE, '2020-01-18', '2020-02-12', '2020-01-25', '2020-01-18 00:15:00.000000', '2020-01-18 00:15:00.000000');

INSERT INTO task_for_users (id, task_id, assigned_to_id, user_task_status, updated_time, started_time)
VALUES
(15483, 625, 111, 'JOINED', '2020-01-18 00:15:00.000000', '2020-01-24 07:27:00.000000'),
(15484, 625, 112, 'JOINED', '2020-01-18 00:15:00.000000', '2020-01-24 07:27:00.000000'),
(15485, 625, 113, 'JOINED', '2020-01-18 00:15:00.000000', '2020-01-21 03:30:50.400000'),
(15486, 625, 114, 'JOINED', '2020-01-18 00:15:00.000000', '2020-01-21 03:20:45.600000'),
(15487, 625, 115, 'JOINED', '2020-01-18 00:15:00.000000', '2020-01-20 15:25:04.800000'),
(15488, 625, 116, 'JOINED', '2020-01-18 00:15:00.000000', '2020-01-19 07:39:57.600000'),
(15489, 625, 117, 'JOINED', '2020-01-18 00:15:00.000000', '2020-01-24 07:27:00.000000'),
(15490, 625, 118, 'JOINED', '2020-01-18 00:15:00.000000', '2020-01-18 19:44:16.800000'),
(15491, 625, 119, 'JOINED', '2020-01-18 00:15:00.000000', '2020-01-19 17:24:36.000000'),
(15492, 625, 120, 'JOINED', '2020-01-18 00:15:00.000000', '2020-01-18 15:42:21.600000'),
(15493, 625, 121, 'JOINED', '2020-01-18 00:15:00.000000', '2020-01-19 02:17:24.000000'),
(15494, 625, 122, 'JOINED', '2020-01-18 00:15:00.000000', '2020-01-18 04:16:55.200000'),
(15495, 625, 123, 'JOINED', '2020-01-18 00:15:00.000000', '2020-01-19 09:56:02.400000'),
(15496, 625, 124, 'JOINED', '2020-01-18 00:15:00.000000', '2020-01-24 07:27:00.000000'),
(15497, 625, 125, 'JOINED', '2020-01-18 00:15:00.000000', '2020-01-18 19:03:57.600000'),
(15498, 625, 126, 'JOINED', '2020-01-18 00:15:00.000000', '2020-01-19 22:47:09.600000'),
(15499, 625, 127, 'JOINED', '2020-01-18 00:15:00.000000', '2020-01-18 11:30:21.600000'),
(15500, 625, 128, 'JOINED', '2020-01-18 00:15:00.000000', '2020-01-18 17:43:19.200000'),
(15501, 625, 129, 'JOINED', '2020-01-18 00:15:00.000000', '2020-01-24 07:27:00.000000'),
(15502, 625, 130, 'JOINED', '2020-01-18 00:15:00.000000', '2020-01-18 02:36:07.200000'),
(15503, 625, 131, 'JOINED', '2020-01-18 00:15:00.000000', '2020-01-24 07:27:00.000000'),
(15504, 625, 132, 'JOINED', '2020-01-18 00:15:00.000000', '2020-01-18 10:55:04.800000'),
(15505, 625, 133, 'JOINED', '2020-01-18 00:15:00.000000', '2020-01-24 07:27:00.000000'),
(15506, 625, 134, 'JOINED', '2020-01-18 00:15:00.000000', '2020-01-19 16:19:04.800000'),
(15507, 625, 135, 'JOINED', '2020-01-18 00:15:00.000000', '2020-01-18 12:30:50.400000'),
(15508, 625, 136, 'JOINED', '2020-01-18 00:15:00.000000', '2020-01-21 08:33:14.400000');
INSERT INTO report (id, created_by_id, title, content, rejected_reason, report_status, created_time, updated_time, reviewed_time)
VALUES
(DEFAULT, 15483, 'Employee 111 submit Report', 'Completed Task.', NULL, 'APPROVED', '2020-02-08 15:42:21.600000', '2020-02-08 15:42:21.600000', '2020-02-08 15:47:21.600000'),
(DEFAULT, 15484, 'Employee 112 submit Report', 'Completed Task.', NULL, 'APPROVED', '2020-02-11 06:42:21.600000', '2020-02-11 06:42:21.600000', '2020-02-11 06:47:21.600000'),
(DEFAULT, 15485, 'Employee 113 submit Report', 'Completed Task.', NULL, 'APPROVED', '2020-01-24 01:54:21.600000', '2020-01-24 01:54:21.600000', '2020-01-24 01:59:21.600000'),
(DEFAULT, 15486, 'Employee 114 submit Report', 'Completed Task.', NULL, 'APPROVED', '2020-01-23 22:52:55.200000', '2020-01-23 22:52:55.200000', '2020-01-23 22:57:55.200000'),
(DEFAULT, 15487, 'Employee 115 submit Report', 'Completed Task.', NULL, 'APPROVED', '2020-01-22 22:51:28.800000', '2020-01-22 22:51:28.800000', '2020-01-22 22:56:28.800000'),
(DEFAULT, 15488, 'Employee 116 submit Report', 'Completed Task.', NULL, 'APPROVED', '2020-01-24 19:32:45.600000', '2020-01-24 19:32:45.600000', '2020-01-24 19:37:45.600000'),
(DEFAULT, 15489, 'Employee 117 submit Report', 'Completed Task.', NULL, 'APPROVED', '2020-02-10 16:05:24.000000', '2020-02-10 16:05:24.000000', '2020-02-10 16:10:24.000000'),
(DEFAULT, 15490, 'Employee 118 submit Report', 'Completed Task.', NULL, 'APPROVED', '2020-01-23 00:22:12.000000', '2020-01-23 00:22:12.000000', '2020-01-23 00:27:12.000000'),
(DEFAULT, 15491, 'Employee 119 submit Report', 'Completed Task.', NULL, 'APPROVED', '2020-01-24 01:34:12.000000', '2020-01-24 01:34:12.000000', '2020-01-24 01:39:12.000000'),
(DEFAULT, 15492, 'Employee 120 submit Report', 'Completed Task.', NULL, 'APPROVED', '2020-01-24 20:23:09.600000', '2020-01-24 20:23:09.600000', '2020-01-24 20:28:09.600000'),
(DEFAULT, 15493, 'Employee 121 submit Report', 'Completed Task.', NULL, 'APPROVED', '2020-01-30 22:12:36.000000', '2020-01-30 22:12:36.000000', '2020-01-30 22:17:36.000000'),
(DEFAULT, 15494, 'Employee 122 submit Report', 'Completed Task.', NULL, 'APPROVED', '2020-01-31 20:13:04.800000', '2020-01-31 20:13:04.800000', '2020-01-31 20:18:04.800000'),
(DEFAULT, 15495, 'Employee 123 submit Report', 'Completed Task.', NULL, 'APPROVED', '2020-01-30 14:33:57.600000', '2020-01-30 14:33:57.600000', '2020-01-30 14:38:57.600000'),
(DEFAULT, 15496, 'Employee 124 submit Report', 'Completed Task.', NULL, 'APPROVED', '2020-02-08 14:01:33.600000', '2020-02-08 14:01:33.600000', '2020-02-08 14:06:33.600000'),
(DEFAULT, 15497, 'Employee 125 submit Report', 'Completed Task.', NULL, 'APPROVED', '2020-01-31 05:26:02.400000', '2020-01-31 05:26:02.400000', '2020-01-31 05:31:02.400000'),
(DEFAULT, 15498, 'Employee 126 submit Report', 'Completed Task.', NULL, 'APPROVED', '2020-01-23 11:07:19.200000', '2020-01-23 11:07:19.200000', '2020-01-23 11:12:19.200000'),
(DEFAULT, 15499, 'Employee 127 submit Report', 'Completed Task.', NULL, 'APPROVED', '2020-01-23 06:25:04.800000', '2020-01-23 06:25:04.800000', '2020-01-23 06:30:04.800000'),
(DEFAULT, 15500, 'Employee 128 submit Report', 'Completed Task.', NULL, 'APPROVED', '2020-01-24 16:41:24.000000', '2020-01-24 16:41:24.000000', '2020-01-24 16:46:24.000000'),
(DEFAULT, 15501, 'Employee 129 submit Report', 'Completed Task.', NULL, 'APPROVED', '2020-02-12 17:49:04.800000', '2020-02-12 17:49:04.800000', '2020-02-12 17:54:04.800000'),
(DEFAULT, 15502, 'Employee 130 submit Report', 'Completed Task.', NULL, 'APPROVED', '2020-01-22 00:20:45.600000', '2020-01-22 00:20:45.600000', '2020-01-22 00:25:45.600000'),
(DEFAULT, 15503, 'Employee 131 submit Report', 'Completed Task.', NULL, 'APPROVED', '2020-02-10 07:51:28.800000', '2020-02-10 07:51:28.800000', '2020-02-10 07:56:28.800000'),
(DEFAULT, 15504, 'Employee 132 submit Report', 'Completed Task.', NULL, 'APPROVED', '2020-01-31 13:34:55.200000', '2020-01-31 13:34:55.200000', '2020-01-31 13:39:55.200000'),
(DEFAULT, 15505, 'Employee 133 submit Report', 'Completed Task.', NULL, 'APPROVED', '2020-02-11 06:02:02.400000', '2020-02-11 06:02:02.400000', '2020-02-11 06:07:02.400000'),
(DEFAULT, 15506, 'Employee 134 submit Report', 'Completed Task.', NULL, 'APPROVED', '2020-01-30 08:10:55.200000', '2020-01-30 08:10:55.200000', '2020-01-30 08:15:55.200000'),
(DEFAULT, 15507, 'Employee 135 submit Report', 'Completed Task.', NULL, 'APPROVED', '2020-01-22 18:09:14.400000', '2020-01-22 18:09:14.400000', '2020-01-22 18:14:14.400000'),
(DEFAULT, 15508, 'Employee 136 submit Report', 'Completed Task.', NULL, 'APPROVED', '2020-01-22 11:56:16.800000', '2020-01-22 11:56:16.800000', '2020-01-22 12:01:16.800000');

-- 2020-01-26 00:15:00.000000
-- 2020-01-26
INSERT INTO task (id, collection_id, created_by_id, root_task_id, name, description, report_format, level, task_type, priority, is_locked, start_date, end_date, deadline, created_time, updated_time)
VALUES (626, 56, 151, NULL, 'Test Logout Behavior', 'This is Test Logout Behavior', NULL, 'ADVANCED', 'TEST', 'URGENT', FALSE, '2020-01-26', '2020-02-21', '2020-02-02', '2020-01-26 00:15:00.000000', '2020-01-26 00:15:00.000000');

INSERT INTO task_for_users (id, task_id, assigned_to_id, user_task_status, updated_time, started_time)
VALUES
(15510, 626, 111, 'JOINED', '2020-01-26 00:15:00.000000', '2020-01-28 21:07:48.000000'),
(15511, 626, 112, 'JOINED', '2020-01-26 00:15:00.000000', '2020-02-01 07:27:00.000000'),
(15512, 626, 113, 'JOINED', '2020-01-26 00:15:00.000000', '2020-01-27 19:35:38.400000'),
(15513, 626, 114, 'JOINED', '2020-01-26 00:15:00.000000', '2020-01-27 08:10:12.000000'),
(15514, 626, 115, 'JOINED', '2020-01-26 00:15:00.000000', '2020-01-27 14:58:26.400000'),
(15515, 626, 116, 'JOINED', '2020-01-26 00:15:00.000000', '2020-02-01 07:27:00.000000'),
(15516, 626, 117, 'JOINED', '2020-01-26 00:15:00.000000', '2020-02-01 07:27:00.000000'),
(15517, 626, 118, 'JOINED', '2020-01-26 00:15:00.000000', '2020-01-27 09:40:55.200000'),
(15518, 626, 119, 'JOINED', '2020-01-26 00:15:00.000000', '2020-01-26 16:27:43.200000'),
(15519, 626, 120, 'JOINED', '2020-01-26 00:15:00.000000', '2020-02-01 07:27:00.000000'),
(15520, 626, 121, 'JOINED', '2020-01-26 00:15:00.000000', '2020-01-26 13:11:09.600000'),
(15521, 626, 122, 'JOINED', '2020-01-26 00:15:00.000000', '2020-01-27 12:52:26.400000'),
(15522, 626, 123, 'JOINED', '2020-01-26 00:15:00.000000', '2020-01-26 06:07:48.000000'),
(15523, 626, 124, 'JOINED', '2020-01-26 00:15:00.000000', '2020-02-01 07:27:00.000000'),
(15524, 626, 125, 'JOINED', '2020-01-26 00:15:00.000000', '2020-02-01 07:27:00.000000'),
(15525, 626, 126, 'JOINED', '2020-01-26 00:15:00.000000', '2020-01-26 06:48:07.200000'),
(15526, 626, 127, 'JOINED', '2020-01-26 00:15:00.000000', '2020-02-01 07:27:00.000000'),
(15527, 626, 128, 'JOINED', '2020-01-26 00:15:00.000000', '2020-01-26 15:42:21.600000'),
(15528, 626, 129, 'JOINED', '2020-01-26 00:15:00.000000', '2020-02-01 07:27:00.000000'),
(15529, 626, 130, 'JOINED', '2020-01-26 00:15:00.000000', '2020-01-26 20:59:52.800000'),
(15530, 626, 131, 'JOINED', '2020-01-26 00:15:00.000000', '2020-02-01 07:27:00.000000'),
(15531, 626, 132, 'JOINED', '2020-01-26 00:15:00.000000', '2020-01-26 09:19:19.200000'),
(15532, 626, 133, 'JOINED', '2020-01-26 00:15:00.000000', '2020-01-26 19:54:21.600000'),
(15533, 626, 134, 'JOINED', '2020-01-26 00:15:00.000000', '2020-01-26 22:10:26.400000'),
(15534, 626, 135, 'JOINED', '2020-01-26 00:15:00.000000', '2020-01-26 01:25:33.600000'),
(15535, 626, 140, 'JOINED', '2020-01-26 00:15:00.000000', '2020-02-01 07:27:00.000000');
INSERT INTO report (id, created_by_id, title, content, rejected_reason, report_status, created_time, updated_time, reviewed_time)
VALUES
(DEFAULT, 15510, 'Employee 111 submit Report', 'Completed Task.', NULL, 'APPROVED', '2020-01-31 15:49:33.600000', '2020-01-31 15:49:33.600000', '2020-01-31 15:54:33.600000'),
(DEFAULT, 15511, 'Employee 112 submit Report', 'Completed Task.', NULL, 'APPROVED', '2020-02-18 02:59:09.600000', '2020-02-18 02:59:09.600000', '2020-02-18 03:04:09.600000'),
(DEFAULT, 15512, 'Employee 113 submit Report', 'Completed Task.', NULL, 'APPROVED', '2020-01-29 22:29:52.800000', '2020-01-29 22:29:52.800000', '2020-01-29 22:34:52.800000'),
(DEFAULT, 15513, 'Employee 114 submit Report', 'Completed Task.', NULL, 'APPROVED', '2020-01-29 20:39:00.000000', '2020-01-29 20:39:00.000000', '2020-01-29 20:44:00.000000'),
(DEFAULT, 15514, 'Employee 115 submit Report', 'Completed Task.', NULL, 'APPROVED', '2020-02-07 09:31:33.600000', '2020-02-07 09:31:33.600000', '2020-02-07 09:36:33.600000'),
(DEFAULT, 15515, 'Employee 116 submit Report', 'Completed Task.', NULL, 'APPROVED', '2020-02-18 19:06:50.400000', '2020-02-18 19:06:50.400000', '2020-02-18 19:11:50.400000'),
(DEFAULT, 15516, 'Employee 117 submit Report', 'Completed Task.', NULL, 'APPROVED', '2020-02-18 12:13:33.600000', '2020-02-18 12:13:33.600000', '2020-02-18 12:18:33.600000'),
(DEFAULT, 15517, 'Employee 118 submit Report', 'Completed Task.', NULL, 'APPROVED', '2020-02-07 14:49:04.800000', '2020-02-07 14:49:04.800000', '2020-02-07 14:54:04.800000'),
(DEFAULT, 15518, 'Employee 119 submit Report', 'Completed Task.', NULL, 'APPROVED', '2020-02-08 08:02:16.800000', '2020-02-08 08:02:16.800000', '2020-02-08 08:07:16.800000'),
(DEFAULT, 15519, 'Employee 120 submit Report', 'Completed Task.', NULL, 'APPROVED', '2020-02-16 16:32:45.600000', '2020-02-16 16:32:45.600000', '2020-02-16 16:37:45.600000'),
(DEFAULT, 15520, 'Employee 121 submit Report', 'Completed Task.', NULL, 'APPROVED', '2020-02-08 11:18:50.400000', '2020-02-08 11:18:50.400000', '2020-02-08 11:23:50.400000'),
(DEFAULT, 15521, 'Employee 122 submit Report', 'Completed Task.', NULL, 'APPROVED', '2020-02-07 11:37:33.600000', '2020-02-07 11:37:33.600000', '2020-02-07 11:42:33.600000'),
(DEFAULT, 15522, 'Employee 123 submit Report', 'Completed Task.', NULL, 'APPROVED', '2020-02-08 18:22:12.000000', '2020-02-08 18:22:12.000000', '2020-02-08 18:27:12.000000'),
(DEFAULT, 15523, 'Employee 124 submit Report', 'Completed Task.', NULL, 'APPROVED', '2020-02-21 06:45:14.400000', '2020-02-21 06:45:14.400000', '2020-02-21 06:50:14.400000'),
(DEFAULT, 15524, 'Employee 125 submit Report', 'Completed Task.', NULL, 'APPROVED', '2020-02-18 22:38:31.200000', '2020-02-18 22:38:31.200000', '2020-02-18 22:43:31.200000'),
(DEFAULT, 15525, 'Employee 126 submit Report', 'Completed Task.', NULL, 'APPROVED', '2020-02-08 17:41:52.800000', '2020-02-08 17:41:52.800000', '2020-02-08 17:46:52.800000'),
(DEFAULT, 15526, 'Employee 127 submit Report', 'Completed Task.', NULL, 'APPROVED', '2020-02-19 05:51:57.600000', '2020-02-19 05:51:57.600000', '2020-02-19 05:56:57.600000'),
(DEFAULT, 15527, 'Employee 128 submit Report', 'Completed Task.', NULL, 'APPROVED', '2020-01-30 08:44:45.600000', '2020-01-30 08:44:45.600000', '2020-01-30 08:49:45.600000'),
(DEFAULT, 15528, 'Employee 129 submit Report', 'Completed Task.', NULL, 'APPROVED', '2020-02-17 06:29:24.000000', '2020-02-17 06:29:24.000000', '2020-02-17 06:34:24.000000'),
(DEFAULT, 15529, 'Employee 130 submit Report', 'Completed Task.', NULL, 'APPROVED', '2020-02-08 03:30:07.200000', '2020-02-08 03:30:07.200000', '2020-02-08 03:35:07.200000'),
(DEFAULT, 15530, 'Employee 131 submit Report', 'Completed Task.', NULL, 'APPROVED', '2020-02-19 11:04:26.400000', '2020-02-19 11:04:26.400000', '2020-02-19 11:09:26.400000'),
(DEFAULT, 15531, 'Employee 132 submit Report', 'Completed Task.', NULL, 'APPROVED', '2020-01-30 15:48:07.200000', '2020-01-30 15:48:07.200000', '2020-01-30 15:53:07.200000'),
(DEFAULT, 15532, 'Employee 133 submit Report', 'Completed Task.', NULL, 'APPROVED', '2020-01-30 08:54:50.400000', '2020-01-30 08:54:50.400000', '2020-01-30 08:59:50.400000'),
(DEFAULT, 15533, 'Employee 134 submit Report', 'Completed Task.', NULL, 'APPROVED', '2020-02-08 02:19:33.600000', '2020-02-08 02:19:33.600000', '2020-02-08 02:24:33.600000'),
(DEFAULT, 15534, 'Employee 135 submit Report', 'Completed Task.', NULL, 'APPROVED', '2020-01-29 13:45:43.200000', '2020-01-29 13:45:43.200000', '2020-01-29 13:50:43.200000'),
(DEFAULT, 15535, 'Employee 140 submit Report', 'Completed Task.', NULL, 'APPROVED', '2020-02-16 22:25:33.600000', '2020-02-16 22:25:33.600000', '2020-02-16 22:30:33.600000');

-- 2020-02-03 00:15:00.000000
-- 2020-02-03
INSERT INTO task (id, collection_id, created_by_id, root_task_id, name, description, report_format, level, task_type, priority, is_locked, start_date, end_date, deadline, created_time, updated_time)
VALUES (627, 56, 151, NULL, 'Test Role-based Access Control', 'This is Test Role-based Access Control', NULL, 'ADVANCED', 'TEST', 'URGENT', FALSE, '2020-02-03', '2020-02-29', '2020-02-10', '2020-02-03 00:15:00.000000', '2020-02-03 00:15:00.000000');

INSERT INTO task_for_users (id, task_id, assigned_to_id, user_task_status, updated_time, started_time)
VALUES
(15537, 627, 111, 'JOINED', '2020-02-03 00:15:00.000000', '2020-02-03 08:18:50.400000'),
(15538, 627, 112, 'JOINED', '2020-02-03 00:15:00.000000', '2020-02-03 12:51:00.000000'),
(15539, 627, 113, 'JOINED', '2020-02-03 00:15:00.000000', '2020-02-03 23:05:52.800000'),
(15540, 627, 114, 'JOINED', '2020-02-03 00:15:00.000000', '2020-02-03 07:38:31.200000'),
(15541, 627, 115, 'JOINED', '2020-02-03 00:15:00.000000', '2020-02-03 00:45:14.400000'),
(15542, 627, 116, 'JOINED', '2020-02-03 00:15:00.000000', '2020-02-04 17:44:45.600000'),
(15543, 627, 117, 'JOINED', '2020-02-03 00:15:00.000000', '2020-02-03 11:20:16.800000'),
(15544, 627, 118, 'JOINED', '2020-02-03 00:15:00.000000', '2020-02-09 07:27:00.000000'),
(15545, 627, 119, 'JOINED', '2020-02-03 00:15:00.000000', '2020-02-09 07:27:00.000000'),
(15546, 627, 120, 'JOINED', '2020-02-03 00:15:00.000000', '2020-02-09 07:27:00.000000'),
(15547, 627, 121, 'JOINED', '2020-02-03 00:15:00.000000', '2020-02-04 11:31:48.000000'),
(15548, 627, 122, 'JOINED', '2020-02-03 00:15:00.000000', '2020-02-05 11:33:14.400000'),
(15549, 627, 123, 'JOINED', '2020-02-03 00:15:00.000000', '2020-02-09 07:27:00.000000'),
(15550, 627, 124, 'JOINED', '2020-02-03 00:15:00.000000', '2020-02-09 07:27:00.000000'),
(15551, 627, 125, 'JOINED', '2020-02-03 00:15:00.000000', '2020-02-03 20:29:38.400000'),
(15552, 627, 126, 'JOINED', '2020-02-03 00:15:00.000000', '2020-02-04 04:48:36.000000'),
(15553, 627, 127, 'JOINED', '2020-02-03 00:15:00.000000', '2020-02-04 12:02:02.400000'),
(15554, 627, 128, 'JOINED', '2020-02-03 00:15:00.000000', '2020-02-09 07:27:00.000000'),
(15555, 627, 129, 'JOINED', '2020-02-03 00:15:00.000000', '2020-02-09 07:27:00.000000'),
(15556, 627, 130, 'JOINED', '2020-02-03 00:15:00.000000', '2020-02-09 07:27:00.000000'),
(15557, 627, 131, 'JOINED', '2020-02-03 00:15:00.000000', '2020-02-03 06:07:48.000000'),
(15558, 627, 132, 'JOINED', '2020-02-03 00:15:00.000000', '2020-02-04 04:58:40.800000'),
(15559, 627, 133, 'JOINED', '2020-02-03 00:15:00.000000', '2020-02-09 07:27:00.000000'),
(15560, 627, 134, 'JOINED', '2020-02-03 00:15:00.000000', '2020-02-09 07:27:00.000000'),
(15561, 627, 135, 'JOINED', '2020-02-03 00:15:00.000000', '2020-02-03 18:43:48.000000'),
(15562, 627, 140, 'JOINED', '2020-02-03 00:15:00.000000', '2020-02-03 11:40:26.400000');
INSERT INTO report (id, created_by_id, title, content, rejected_reason, report_status, created_time, updated_time, reviewed_time)
VALUES
(DEFAULT, 15537, 'Employee 111 submit Report', 'Completed Task.', NULL, 'APPROVED', '2020-02-05 15:45:14.400000', '2020-02-05 15:45:14.400000', '2020-02-05 15:50:14.400000'),
(DEFAULT, 15538, 'Employee 112 submit Report', 'Completed Task.', NULL, 'APPROVED', '2020-02-07 00:20:45.600000', '2020-02-07 00:20:45.600000', '2020-02-07 00:25:45.600000'),
(DEFAULT, 15539, 'Employee 113 submit Report', 'Completed Task.', NULL, 'APPROVED', '2020-02-06 21:49:33.600000', '2020-02-06 21:49:33.600000', '2020-02-06 21:54:33.600000'),
(DEFAULT, 15540, 'Employee 114 submit Report', 'Completed Task.', NULL, 'APPROVED', '2020-02-06 18:27:57.600000', '2020-02-06 18:27:57.600000', '2020-02-06 18:32:57.600000'),
(DEFAULT, 15541, 'Employee 115 submit Report', 'Completed Task.', NULL, 'APPROVED', '2020-02-05 03:49:33.600000', '2020-02-05 03:49:33.600000', '2020-02-05 03:54:33.600000'),
(DEFAULT, 15542, 'Employee 116 submit Report', 'Completed Task.', NULL, 'APPROVED', '2020-02-15 06:45:14.400000', '2020-02-15 06:45:14.400000', '2020-02-15 06:50:14.400000'),
(DEFAULT, 15543, 'Employee 117 submit Report', 'Completed Task.', NULL, 'APPROVED', '2020-02-16 13:09:43.200000', '2020-02-16 13:09:43.200000', '2020-02-16 13:14:43.200000'),
(DEFAULT, 15544, 'Employee 118 submit Report', 'Completed Task.', NULL, 'APPROVED', '2020-02-24 04:47:09.600000', '2020-02-24 04:47:09.600000', '2020-02-24 04:52:09.600000'),
(DEFAULT, 15545, 'Employee 119 submit Report', 'Completed Task.', NULL, 'APPROVED', '2020-02-27 12:15:00.000000', '2020-02-27 12:15:00.000000', '2020-02-27 12:20:00.000000'),
(DEFAULT, 15546, 'Employee 120 submit Report', 'Completed Task.', NULL, 'APPROVED', '2020-02-24 19:03:57.600000', '2020-02-24 19:03:57.600000', '2020-02-24 19:08:57.600000'),
(DEFAULT, 15547, 'Employee 121 submit Report', 'Completed Task.', NULL, 'APPROVED', '2020-02-15 12:58:12.000000', '2020-02-15 12:58:12.000000', '2020-02-15 13:03:12.000000'),
(DEFAULT, 15548, 'Employee 122 submit Report', 'Completed Task.', NULL, 'APPROVED', '2020-02-09 09:07:48.000000', '2020-02-09 09:07:48.000000', '2020-02-09 09:12:48.000000'),
(DEFAULT, 15549, 'Employee 123 submit Report', 'Completed Task.', NULL, 'APPROVED', '2020-02-24 12:51:00.000000', '2020-02-24 12:51:00.000000', '2020-02-24 12:56:00.000000'),
(DEFAULT, 15550, 'Employee 124 submit Report', 'Completed Task.', NULL, 'APPROVED', '2020-02-29 21:42:21.600000', '2020-02-29 21:42:21.600000', '2020-02-29 21:47:21.600000'),
(DEFAULT, 15551, 'Employee 125 submit Report', 'Completed Task.', NULL, 'APPROVED', '2020-02-16 04:00:21.600000', '2020-02-16 04:00:21.600000', '2020-02-16 04:05:21.600000'),
(DEFAULT, 15552, 'Employee 126 submit Report', 'Completed Task.', NULL, 'APPROVED', '2020-02-09 05:36:07.200000', '2020-02-09 05:36:07.200000', '2020-02-09 05:41:07.200000'),
(DEFAULT, 15553, 'Employee 127 submit Report', 'Completed Task.', NULL, 'APPROVED', '2020-02-15 12:27:57.600000', '2020-02-15 12:27:57.600000', '2020-02-15 12:32:57.600000'),
(DEFAULT, 15554, 'Employee 128 submit Report', 'Completed Task.', NULL, 'APPROVED', '2020-02-27 06:32:16.800000', '2020-02-27 06:32:16.800000', '2020-02-27 06:37:16.800000'),
(DEFAULT, 15555, 'Employee 129 submit Report', 'Completed Task.', NULL, 'APPROVED', '2020-02-23 23:24:36.000000', '2020-02-23 23:24:36.000000', '2020-02-23 23:29:36.000000'),
(DEFAULT, 15556, 'Employee 130 submit Report', 'Completed Task.', NULL, 'APPROVED', '2020-02-29 03:03:28.800000', '2020-02-29 03:03:28.800000', '2020-02-29 03:08:28.800000'),
(DEFAULT, 15557, 'Employee 131 submit Report', 'Completed Task.', NULL, 'APPROVED', '2020-02-16 18:22:12.000000', '2020-02-16 18:22:12.000000', '2020-02-16 18:27:12.000000'),
(DEFAULT, 15558, 'Employee 132 submit Report', 'Completed Task.', NULL, 'APPROVED', '2020-02-07 17:18:50.400000', '2020-02-07 17:18:50.400000', '2020-02-07 17:23:50.400000'),
(DEFAULT, 15559, 'Employee 133 submit Report', 'Completed Task.', NULL, 'APPROVED', '2020-02-25 16:44:16.800000', '2020-02-25 16:44:16.800000', '2020-02-25 16:49:16.800000'),
(DEFAULT, 15560, 'Employee 134 submit Report', 'Completed Task.', NULL, 'APPROVED', '2020-02-25 02:57:43.200000', '2020-02-25 02:57:43.200000', '2020-02-25 03:02:43.200000'),
(DEFAULT, 15561, 'Employee 135 submit Report', 'Completed Task.', NULL, 'APPROVED', '2020-02-07 22:51:28.800000', '2020-02-07 22:51:28.800000', '2020-02-07 22:56:28.800000'),
(DEFAULT, 15562, 'Employee 140 submit Report', 'Completed Task.', NULL, 'APPROVED', '2020-02-05 14:34:40.800000', '2020-02-05 14:34:40.800000', '2020-02-05 14:39:40.800000');

-- 2020-02-11 00:15:00.000000
-- 2020-02-11
INSERT INTO task (id, collection_id, created_by_id, root_task_id, name, description, report_format, level, task_type, priority, is_locked, start_date, end_date, deadline, created_time, updated_time)
VALUES (628, 56, 151, NULL, 'Test User Profile Retrieval', 'This is Test User Profile Retrieval', NULL, 'ADVANCED', 'TEST', 'URGENT', FALSE, '2020-02-11', '2020-03-09', '2020-02-18', '2020-02-11 00:15:00.000000', '2020-02-11 00:15:00.000000');

INSERT INTO task_for_users (id, task_id, assigned_to_id, user_task_status, updated_time, started_time)
VALUES
(15564, 628, 111, 'JOINED', '2020-02-11 00:15:00.000000', '2020-02-11 04:37:04.800000'),
(15565, 628, 112, 'JOINED', '2020-02-11 00:15:00.000000', '2020-02-12 03:17:52.800000'),
(15566, 628, 113, 'JOINED', '2020-02-11 00:15:00.000000', '2020-02-12 07:29:52.800000'),
(15567, 628, 114, 'JOINED', '2020-02-11 00:15:00.000000', '2020-02-14 00:19:19.200000'),
(15568, 628, 115, 'JOINED', '2020-02-11 00:15:00.000000', '2020-02-17 07:27:00.000000'),
(15569, 628, 116, 'JOINED', '2020-02-11 00:15:00.000000', '2020-02-17 07:27:00.000000'),
(15570, 628, 117, 'JOINED', '2020-02-11 00:15:00.000000', '2020-02-11 04:16:55.200000'),
(15571, 628, 118, 'JOINED', '2020-02-11 00:15:00.000000', '2020-02-12 06:09:14.400000'),
(15572, 628, 119, 'JOINED', '2020-02-11 00:15:00.000000', '2020-02-17 07:27:00.000000'),
(15573, 628, 120, 'JOINED', '2020-02-11 00:15:00.000000', '2020-02-11 23:10:55.200000'),
(15574, 628, 121, 'JOINED', '2020-02-11 00:15:00.000000', '2020-02-17 07:27:00.000000'),
(15575, 628, 122, 'JOINED', '2020-02-11 00:15:00.000000', '2020-02-17 07:27:00.000000'),
(15576, 628, 123, 'JOINED', '2020-02-11 00:15:00.000000', '2020-02-17 07:27:00.000000'),
(15577, 628, 124, 'JOINED', '2020-02-11 00:15:00.000000', '2020-02-17 07:27:00.000000'),
(15578, 628, 125, 'JOINED', '2020-02-11 00:15:00.000000', '2020-02-11 17:03:00.000000'),
(15579, 628, 126, 'JOINED', '2020-02-11 00:15:00.000000', '2020-02-11 22:05:24.000000'),
(15580, 628, 127, 'JOINED', '2020-02-11 00:15:00.000000', '2020-02-11 20:54:50.400000'),
(15581, 628, 128, 'JOINED', '2020-02-11 00:15:00.000000', '2020-02-12 15:03:28.800000'),
(15582, 628, 129, 'JOINED', '2020-02-11 00:15:00.000000', '2020-02-17 07:27:00.000000'),
(15583, 628, 130, 'JOINED', '2020-02-11 00:15:00.000000', '2020-02-17 07:27:00.000000'),
(15584, 628, 131, 'JOINED', '2020-02-11 00:15:00.000000', '2020-02-17 07:27:00.000000'),
(15585, 628, 132, 'JOINED', '2020-02-11 00:15:00.000000', '2020-02-11 21:55:19.200000'),
(15586, 628, 133, 'JOINED', '2020-02-11 00:15:00.000000', '2020-02-17 07:27:00.000000'),
(15587, 628, 134, 'JOINED', '2020-02-11 00:15:00.000000', '2020-02-11 23:36:07.200000'),
(15588, 628, 135, 'JOINED', '2020-02-11 00:15:00.000000', '2020-02-12 12:02:02.400000'),
(15589, 628, 140, 'JOINED', '2020-02-11 00:15:00.000000', '2020-02-11 05:27:28.800000');
INSERT INTO report (id, created_by_id, title, content, rejected_reason, report_status, created_time, updated_time, reviewed_time)
VALUES
(DEFAULT, 15564, 'Employee 111 submit Report', 'Completed Task.', NULL, 'APPROVED', '2020-02-13 16:05:24.000000', '2020-02-13 16:05:24.000000', '2020-02-13 16:10:24.000000'),
(DEFAULT, 15565, 'Employee 112 submit Report', 'Completed Task.', NULL, 'APPROVED', '2020-02-14 10:14:02.400000', '2020-02-14 10:14:02.400000', '2020-02-14 10:19:02.400000'),
(DEFAULT, 15566, 'Employee 113 submit Report', 'Completed Task.', NULL, 'APPROVED', '2020-02-14 13:45:43.200000', '2020-02-14 13:45:43.200000', '2020-02-14 13:50:43.200000'),
(DEFAULT, 15567, 'Employee 114 submit Report', 'Completed Task.', NULL, 'APPROVED', '2020-02-16 13:38:31.200000', '2020-02-16 13:38:31.200000', '2020-02-16 13:43:31.200000'),
(DEFAULT, 15568, 'Employee 115 submit Report', 'Completed Task.', NULL, 'APPROVED', '2020-03-08 14:59:09.600000', '2020-03-08 14:59:09.600000', '2020-03-08 15:04:09.600000'),
(DEFAULT, 15569, 'Employee 116 submit Report', 'Completed Task.', NULL, 'APPROVED', '2020-03-03 14:11:38.400000', '2020-03-03 14:11:38.400000', '2020-03-03 14:16:38.400000'),
(DEFAULT, 15570, 'Employee 117 submit Report', 'Completed Task.', NULL, 'APPROVED', '2020-02-15 17:18:50.400000', '2020-02-15 17:18:50.400000', '2020-02-15 17:23:50.400000'),
(DEFAULT, 15571, 'Employee 118 submit Report', 'Completed Task.', NULL, 'APPROVED', '2020-02-23 18:20:45.600000', '2020-02-23 18:20:45.600000', '2020-02-23 18:25:45.600000'),
(DEFAULT, 15572, 'Employee 119 submit Report', 'Completed Task.', NULL, 'APPROVED', '2020-03-07 11:15:57.600000', '2020-03-07 11:15:57.600000', '2020-03-07 11:20:57.600000'),
(DEFAULT, 15573, 'Employee 120 submit Report', 'Completed Task.', NULL, 'APPROVED', '2020-02-24 01:19:04.800000', '2020-02-24 01:19:04.800000', '2020-02-24 01:24:04.800000'),
(DEFAULT, 15574, 'Employee 121 submit Report', 'Completed Task.', NULL, 'APPROVED', '2020-03-09 03:04:55.200000', '2020-03-09 03:04:55.200000', '2020-03-09 03:09:55.200000'),
(DEFAULT, 15575, 'Employee 122 submit Report', 'Completed Task.', NULL, 'APPROVED', '2020-03-05 16:45:43.200000', '2020-03-05 16:45:43.200000', '2020-03-05 16:50:43.200000'),
(DEFAULT, 15576, 'Employee 123 submit Report', 'Completed Task.', NULL, 'APPROVED', '2020-03-09 00:03:28.800000', '2020-03-09 00:03:28.800000', '2020-03-09 00:08:28.800000'),
(DEFAULT, 15577, 'Employee 124 submit Report', 'Completed Task.', NULL, 'APPROVED', '2020-03-07 09:35:09.600000', '2020-03-07 09:35:09.600000', '2020-03-07 09:40:09.600000'),
(DEFAULT, 15578, 'Employee 125 submit Report', 'Completed Task.', NULL, 'APPROVED', '2020-02-24 07:27:00.000000', '2020-02-24 07:27:00.000000', '2020-02-24 07:32:00.000000'),
(DEFAULT, 15579, 'Employee 126 submit Report', 'Completed Task.', NULL, 'APPROVED', '2020-02-16 02:33:14.400000', '2020-02-16 02:33:14.400000', '2020-02-16 02:38:14.400000'),
(DEFAULT, 15580, 'Employee 127 submit Report', 'Completed Task.', NULL, 'APPROVED', '2020-02-24 03:35:09.600000', '2020-02-24 03:35:09.600000', '2020-02-24 03:40:09.600000'),
(DEFAULT, 15581, 'Employee 128 submit Report', 'Completed Task.', NULL, 'APPROVED', '2020-02-16 20:11:38.400000', '2020-02-16 20:11:38.400000', '2020-02-16 20:16:38.400000'),
(DEFAULT, 15582, 'Employee 129 submit Report', 'Completed Task.', NULL, 'APPROVED', '2020-03-06 16:47:09.600000', '2020-03-06 16:47:09.600000', '2020-03-06 16:52:09.600000'),
(DEFAULT, 15583, 'Employee 130 submit Report', 'Completed Task.', NULL, 'APPROVED', '2020-03-04 03:27:57.600000', '2020-03-04 03:27:57.600000', '2020-03-04 03:32:57.600000'),
(DEFAULT, 15584, 'Employee 131 submit Report', 'Completed Task.', NULL, 'APPROVED', '2020-03-03 00:55:19.200000', '2020-03-03 00:55:19.200000', '2020-03-03 01:00:19.200000'),
(DEFAULT, 15585, 'Employee 132 submit Report', 'Completed Task.', NULL, 'APPROVED', '2020-02-24 02:34:40.800000', '2020-02-24 02:34:40.800000', '2020-02-24 02:39:40.800000'),
(DEFAULT, 15586, 'Employee 133 submit Report', 'Completed Task.', NULL, 'APPROVED', '2020-03-06 10:24:07.200000', '2020-03-06 10:24:07.200000', '2020-03-06 10:29:07.200000'),
(DEFAULT, 15587, 'Employee 134 submit Report', 'Completed Task.', NULL, 'APPROVED', '2020-02-17 21:03:28.800000', '2020-02-17 21:03:28.800000', '2020-02-17 21:08:28.800000'),
(DEFAULT, 15588, 'Employee 135 submit Report', 'Completed Task.', NULL, 'APPROVED', '2020-02-23 12:27:57.600000', '2020-02-23 12:27:57.600000', '2020-02-23 12:32:57.600000'),
(DEFAULT, 15589, 'Employee 140 submit Report', 'Completed Task.', NULL, 'APPROVED', '2020-02-24 19:02:31.200000', '2020-02-24 19:02:31.200000', '2020-02-24 19:07:31.200000');

-- 2020-02-19 00:15:00.000000
-- 2020-02-19
INSERT INTO task (id, collection_id, created_by_id, root_task_id, name, description, report_format, level, task_type, priority, is_locked, start_date, end_date, deadline, created_time, updated_time)
VALUES (629, 56, 151, NULL, 'Test User Profile Update', 'This is Test User Profile Update', NULL, 'ADVANCED', 'TEST', 'URGENT', FALSE, '2020-02-19', '2020-03-17', '2020-02-26', '2020-02-19 00:15:00.000000', '2020-02-19 00:15:00.000000');

INSERT INTO task_for_users (id, task_id, assigned_to_id, user_task_status, updated_time, started_time)
VALUES
(15591, 629, 111, 'JOINED', '2020-02-19 00:15:00.000000', '2020-02-19 11:20:16.800000'),
(15592, 629, 112, 'JOINED', '2020-02-19 00:15:00.000000', '2020-02-25 07:27:00.000000'),
(15593, 629, 113, 'JOINED', '2020-02-19 00:15:00.000000', '2020-02-19 18:13:33.600000'),
(15594, 629, 114, 'JOINED', '2020-02-19 00:15:00.000000', '2020-02-19 05:17:24.000000'),
(15595, 629, 115, 'JOINED', '2020-02-19 00:15:00.000000', '2020-02-19 19:29:09.600000'),
(15596, 629, 116, 'JOINED', '2020-02-19 00:15:00.000000', '2020-02-19 08:28:55.200000'),
(15597, 629, 117, 'JOINED', '2020-02-19 00:15:00.000000', '2020-02-20 06:44:31.200000'),
(15598, 629, 118, 'JOINED', '2020-02-19 00:15:00.000000', '2020-02-21 06:10:40.800000'),
(15599, 629, 119, 'JOINED', '2020-02-19 00:15:00.000000', '2020-02-20 04:53:38.400000'),
(15600, 629, 120, 'JOINED', '2020-02-19 00:15:00.000000', '2020-02-19 22:15:28.800000'),
(15601, 629, 121, 'JOINED', '2020-02-19 00:15:00.000000', '2020-02-19 14:41:52.800000'),
(15602, 629, 122, 'JOINED', '2020-02-19 00:15:00.000000', '2020-02-25 07:27:00.000000'),
(15603, 629, 123, 'JOINED', '2020-02-19 00:15:00.000000', '2020-02-19 14:46:55.200000'),
(15604, 629, 124, 'JOINED', '2020-02-19 00:15:00.000000', '2020-02-19 09:19:19.200000'),
(15605, 629, 125, 'JOINED', '2020-02-19 00:15:00.000000', '2020-02-25 07:27:00.000000'),
(15606, 629, 126, 'JOINED', '2020-02-19 00:15:00.000000', '2020-02-25 07:27:00.000000'),
(15607, 629, 127, 'JOINED', '2020-02-19 00:15:00.000000', '2020-02-19 15:32:16.800000'),
(15608, 629, 128, 'JOINED', '2020-02-19 00:15:00.000000', '2020-02-25 07:27:00.000000'),
(15609, 629, 129, 'JOINED', '2020-02-19 00:15:00.000000', '2020-02-19 22:40:40.800000'),
(15610, 629, 130, 'JOINED', '2020-02-19 00:15:00.000000', '2020-02-19 15:42:21.600000'),
(15611, 629, 131, 'JOINED', '2020-02-19 00:15:00.000000', '2020-02-19 22:35:38.400000'),
(15612, 629, 132, 'JOINED', '2020-02-19 00:15:00.000000', '2020-02-25 07:27:00.000000'),
(15613, 629, 133, 'JOINED', '2020-02-19 00:15:00.000000', '2020-02-25 07:27:00.000000'),
(15614, 629, 134, 'JOINED', '2020-02-19 00:15:00.000000', '2020-02-19 05:17:24.000000'),
(15615, 629, 135, 'JOINED', '2020-02-19 00:15:00.000000', '2020-02-25 07:27:00.000000'),
(15616, 629, 140, 'JOINED', '2020-02-19 00:15:00.000000', '2020-02-20 10:41:24.000000');
INSERT INTO report (id, created_by_id, title, content, rejected_reason, report_status, created_time, updated_time, reviewed_time)
VALUES
(DEFAULT, 15591, 'Employee 111 submit Report', 'Completed Task.', NULL, 'APPROVED', '2020-02-22 06:42:21.600000', '2020-02-22 06:42:21.600000', '2020-02-22 06:47:21.600000'),
(DEFAULT, 15592, 'Employee 112 submit Report', 'Completed Task.', NULL, 'APPROVED', '2020-03-13 15:45:14.400000', '2020-03-13 15:45:14.400000', '2020-03-13 15:50:14.400000'),
(DEFAULT, 15593, 'Employee 113 submit Report', 'Completed Task.', NULL, 'APPROVED', '2020-02-21 23:49:04.800000', '2020-02-21 23:49:04.800000', '2020-02-21 23:54:04.800000'),
(DEFAULT, 15594, 'Employee 114 submit Report', 'Completed Task.', NULL, 'APPROVED', '2020-02-22 05:11:38.400000', '2020-02-22 05:11:38.400000', '2020-02-22 05:16:38.400000'),
(DEFAULT, 15595, 'Employee 115 submit Report', 'Completed Task.', NULL, 'APPROVED', '2020-03-03 05:00:50.400000', '2020-03-03 05:00:50.400000', '2020-03-03 05:05:50.400000'),
(DEFAULT, 15596, 'Employee 116 submit Report', 'Completed Task.', NULL, 'APPROVED', '2020-03-03 16:01:04.800000', '2020-03-03 16:01:04.800000', '2020-03-03 16:06:04.800000'),
(DEFAULT, 15597, 'Employee 117 submit Report', 'Completed Task.', NULL, 'APPROVED', '2020-03-02 17:45:28.800000', '2020-03-02 17:45:28.800000', '2020-03-02 17:50:28.800000'),
(DEFAULT, 15598, 'Employee 118 submit Report', 'Completed Task.', NULL, 'APPROVED', '2020-02-25 08:47:38.400000', '2020-02-25 08:47:38.400000', '2020-02-25 08:52:38.400000'),
(DEFAULT, 15599, 'Employee 119 submit Report', 'Completed Task.', NULL, 'APPROVED', '2020-03-02 19:36:21.600000', '2020-03-02 19:36:21.600000', '2020-03-02 19:41:21.600000'),
(DEFAULT, 15600, 'Employee 120 submit Report', 'Completed Task.', NULL, 'APPROVED', '2020-02-24 01:22:40.800000', '2020-02-24 01:22:40.800000', '2020-02-24 01:27:40.800000'),
(DEFAULT, 15601, 'Employee 121 submit Report', 'Completed Task.', NULL, 'APPROVED', '2020-02-25 02:44:45.600000', '2020-02-25 02:44:45.600000', '2020-02-25 02:49:45.600000'),
(DEFAULT, 15602, 'Employee 122 submit Report', 'Completed Task.', NULL, 'APPROVED', '2020-03-14 22:50:02.400000', '2020-03-14 22:50:02.400000', '2020-03-14 22:55:02.400000'),
(DEFAULT, 15603, 'Employee 123 submit Report', 'Completed Task.', NULL, 'APPROVED', '2020-03-03 09:43:04.800000', '2020-03-03 09:43:04.800000', '2020-03-03 09:48:04.800000'),
(DEFAULT, 15604, 'Employee 124 submit Report', 'Completed Task.', NULL, 'APPROVED', '2020-02-23 00:00:36.000000', '2020-02-23 00:00:36.000000', '2020-02-23 00:05:36.000000'),
(DEFAULT, 15605, 'Employee 125 submit Report', 'Completed Task.', NULL, 'APPROVED', '2020-03-11 02:05:52.800000', '2020-03-11 02:05:52.800000', '2020-03-11 02:10:52.800000'),
(DEFAULT, 15606, 'Employee 126 submit Report', 'Completed Task.', NULL, 'APPROVED', '2020-03-13 12:13:33.600000', '2020-03-13 12:13:33.600000', '2020-03-13 12:18:33.600000'),
(DEFAULT, 15607, 'Employee 127 submit Report', 'Completed Task.', NULL, 'APPROVED', '2020-02-24 23:33:14.400000', '2020-02-24 23:33:14.400000', '2020-02-24 23:38:14.400000'),
(DEFAULT, 15608, 'Employee 128 submit Report', 'Completed Task.', NULL, 'APPROVED', '2020-03-15 16:28:26.400000', '2020-03-15 16:28:26.400000', '2020-03-15 16:33:26.400000'),
(DEFAULT, 15609, 'Employee 129 submit Report', 'Completed Task.', NULL, 'APPROVED', '2020-03-03 01:49:19.200000', '2020-03-03 01:49:19.200000', '2020-03-03 01:54:19.200000'),
(DEFAULT, 15610, 'Employee 130 submit Report', 'Completed Task.', NULL, 'APPROVED', '2020-02-23 13:47:09.600000', '2020-02-23 13:47:09.600000', '2020-02-23 13:52:09.600000'),
(DEFAULT, 15611, 'Employee 131 submit Report', 'Completed Task.', NULL, 'APPROVED', '2020-03-03 01:54:21.600000', '2020-03-03 01:54:21.600000', '2020-03-03 01:59:21.600000'),
(DEFAULT, 15612, 'Employee 132 submit Report', 'Completed Task.', NULL, 'APPROVED', '2020-03-17 01:34:12.000000', '2020-03-17 01:34:12.000000', '2020-03-17 01:39:12.000000'),
(DEFAULT, 15613, 'Employee 133 submit Report', 'Completed Task.', NULL, 'APPROVED', '2020-03-15 14:17:24.000000', '2020-03-15 14:17:24.000000', '2020-03-15 14:22:24.000000'),
(DEFAULT, 15614, 'Employee 134 submit Report', 'Completed Task.', NULL, 'APPROVED', '2020-02-23 20:10:12.000000', '2020-02-23 20:10:12.000000', '2020-02-23 20:15:12.000000'),
(DEFAULT, 15615, 'Employee 135 submit Report', 'Completed Task.', NULL, 'APPROVED', '2020-03-16 08:15:57.600000', '2020-03-16 08:15:57.600000', '2020-03-16 08:20:57.600000'),
(DEFAULT, 15616, 'Employee 140 submit Report', 'Completed Task.', NULL, 'APPROVED', '2020-02-23 04:22:40.800000', '2020-02-23 04:22:40.800000', '2020-02-23 04:27:40.800000');

-- 2020-02-27 00:15:00.000000
-- 2020-02-27
INSERT INTO task (id, collection_id, created_by_id, root_task_id, name, description, report_format, level, task_type, priority, is_locked, start_date, end_date, deadline, created_time, updated_time)
VALUES (630, 56, 151, NULL, 'Test CV Creation Flow', 'This is Test CV Creation Flow', NULL, 'ADVANCED', 'TEST', 'HIGH', FALSE, '2020-02-27', '2020-03-21', '2020-03-04', '2020-02-27 00:15:00.000000', '2020-02-27 00:15:00.000000');

INSERT INTO task_for_users (id, task_id, assigned_to_id, user_task_status, updated_time, started_time)
VALUES
(15618, 630, 111, 'JOINED', '2020-02-27 00:15:00.000000', '2020-02-28 05:54:50.400000'),
(15619, 630, 112, 'JOINED', '2020-02-27 00:15:00.000000', '2020-02-28 20:27:28.800000'),
(15620, 630, 113, 'JOINED', '2020-02-27 00:15:00.000000', '2020-02-28 14:07:19.200000'),
(15621, 630, 114, 'JOINED', '2020-02-27 00:15:00.000000', '2020-02-27 04:51:28.800000'),
(15622, 630, 115, 'JOINED', '2020-02-27 00:15:00.000000', '2020-02-29 21:04:55.200000'),
(15623, 630, 116, 'JOINED', '2020-02-27 00:15:00.000000', '2020-02-29 06:58:12.000000'),
(15624, 630, 117, 'JOINED', '2020-02-27 00:15:00.000000', '2020-02-28 13:15:28.800000'),
(15625, 630, 118, 'JOINED', '2020-02-27 00:15:00.000000', '2020-03-03 09:51:00.000000'),
(15626, 630, 119, 'JOINED', '2020-02-27 00:15:00.000000', '2020-02-28 08:47:38.400000'),
(15627, 630, 120, 'JOINED', '2020-02-27 00:15:00.000000', '2020-02-28 22:45:43.200000'),
(15628, 630, 121, 'JOINED', '2020-02-27 00:15:00.000000', '2020-03-03 09:51:00.000000'),
(15629, 630, 122, 'JOINED', '2020-02-27 00:15:00.000000', '2020-03-03 09:51:00.000000'),
(15630, 630, 123, 'JOINED', '2020-02-27 00:15:00.000000', '2020-02-27 08:44:45.600000'),
(15631, 630, 124, 'JOINED', '2020-02-27 00:15:00.000000', '2020-02-28 01:18:21.600000'),
(15632, 630, 125, 'JOINED', '2020-02-27 00:15:00.000000', '2020-03-03 09:51:00.000000'),
(15633, 630, 126, 'JOINED', '2020-02-27 00:15:00.000000', '2020-03-03 09:51:00.000000'),
(15634, 630, 127, 'JOINED', '2020-02-27 00:15:00.000000', '2020-03-03 09:51:00.000000'),
(15635, 630, 128, 'JOINED', '2020-02-27 00:15:00.000000', '2020-02-27 01:58:40.800000'),
(15636, 630, 129, 'JOINED', '2020-02-27 00:15:00.000000', '2020-02-28 10:31:19.200000'),
(15637, 630, 130, 'JOINED', '2020-02-27 00:15:00.000000', '2020-02-28 06:42:21.600000'),
(15638, 630, 131, 'JOINED', '2020-02-27 00:15:00.000000', '2020-02-27 01:58:40.800000'),
(15639, 630, 132, 'JOINED', '2020-02-27 00:15:00.000000', '2020-02-27 13:03:57.600000'),
(15640, 630, 133, 'JOINED', '2020-02-27 00:15:00.000000', '2020-03-03 09:51:00.000000'),
(15641, 630, 134, 'JOINED', '2020-02-27 00:15:00.000000', '2020-02-28 06:20:45.600000'),
(15642, 630, 135, 'JOINED', '2020-02-27 00:15:00.000000', '2020-03-03 09:51:00.000000'),
(15643, 630, 140, 'JOINED', '2020-02-27 00:15:00.000000', '2020-02-27 23:00:07.200000');
INSERT INTO report (id, created_by_id, title, content, rejected_reason, report_status, created_time, updated_time, reviewed_time)
VALUES
(DEFAULT, 15618, 'Employee 111 submit Report', 'Completed Task.', NULL, 'APPROVED', '2020-02-29 14:27:28.800000', '2020-02-29 14:27:28.800000', '2020-02-29 14:32:28.800000'),
(DEFAULT, 15619, 'Employee 112 submit Report', 'Completed Task.', NULL, 'APPROVED', '2020-03-01 10:45:43.200000', '2020-03-01 10:45:43.200000', '2020-03-01 10:50:43.200000'),
(DEFAULT, 15620, 'Employee 113 submit Report', 'Completed Task.', NULL, 'APPROVED', '2020-03-01 21:59:38.400000', '2020-03-01 21:59:38.400000', '2020-03-01 22:04:38.400000'),
(DEFAULT, 15621, 'Employee 114 submit Report', 'Completed Task.', NULL, 'APPROVED', '2020-02-29 04:05:24.000000', '2020-02-29 04:05:24.000000', '2020-02-29 04:10:24.000000'),
(DEFAULT, 15622, 'Employee 115 submit Report', 'Completed Task.', NULL, 'APPROVED', '2020-03-02 06:46:40.800000', '2020-03-02 06:46:40.800000', '2020-03-02 06:51:40.800000'),
(DEFAULT, 15623, 'Employee 116 submit Report', 'Completed Task.', NULL, 'APPROVED', '2020-03-02 08:21:43.200000', '2020-03-02 08:21:43.200000', '2020-03-02 08:26:43.200000'),
(DEFAULT, 15624, 'Employee 117 submit Report', 'Completed Task.', NULL, 'APPROVED', '2020-03-08 11:14:31.200000', '2020-03-08 11:14:31.200000', '2020-03-08 11:19:31.200000'),
(DEFAULT, 15625, 'Employee 118 submit Report', 'Completed Task.', NULL, 'APPROVED', '2020-03-18 15:45:14.400000', '2020-03-18 15:45:14.400000', '2020-03-18 15:50:14.400000'),
(DEFAULT, 15626, 'Employee 119 submit Report', 'Completed Task.', NULL, 'APPROVED', '2020-03-03 14:44:45.600000', '2020-03-03 14:44:45.600000', '2020-03-03 14:49:45.600000'),
(DEFAULT, 15627, 'Employee 120 submit Report', 'Completed Task.', NULL, 'APPROVED', '2020-03-08 01:44:16.800000', '2020-03-08 01:44:16.800000', '2020-03-08 01:49:16.800000'),
(DEFAULT, 15628, 'Employee 121 submit Report', 'Completed Task.', NULL, 'APPROVED', '2020-03-20 15:33:43.200000', '2020-03-20 15:33:43.200000', '2020-03-20 15:38:43.200000'),
(DEFAULT, 15629, 'Employee 122 submit Report', 'Completed Task.', NULL, 'APPROVED', '2020-03-20 11:49:04.800000', '2020-03-20 11:49:04.800000', '2020-03-20 11:54:04.800000'),
(DEFAULT, 15630, 'Employee 123 submit Report', 'Completed Task.', NULL, 'APPROVED', '2020-02-29 18:12:07.200000', '2020-02-29 18:12:07.200000', '2020-02-29 18:17:07.200000'),
(DEFAULT, 15631, 'Employee 124 submit Report', 'Completed Task.', NULL, 'APPROVED', '2020-03-02 01:01:04.800000', '2020-03-02 01:01:04.800000', '2020-03-02 01:06:04.800000'),
(DEFAULT, 15632, 'Employee 125 submit Report', 'Completed Task.', NULL, 'APPROVED', '2020-03-17 11:57:43.200000', '2020-03-17 11:57:43.200000', '2020-03-17 12:02:43.200000'),
(DEFAULT, 15633, 'Employee 126 submit Report', 'Completed Task.', NULL, 'APPROVED', '2020-03-20 15:33:43.200000', '2020-03-20 15:33:43.200000', '2020-03-20 15:38:43.200000'),
(DEFAULT, 15634, 'Employee 127 submit Report', 'Completed Task.', NULL, 'APPROVED', '2020-03-21 00:29:24.000000', '2020-03-21 00:29:24.000000', '2020-03-21 00:34:24.000000'),
(DEFAULT, 15635, 'Employee 128 submit Report', 'Completed Task.', NULL, 'APPROVED', '2020-02-29 08:59:09.600000', '2020-02-29 08:59:09.600000', '2020-02-29 09:04:09.600000'),
(DEFAULT, 15636, 'Employee 129 submit Report', 'Completed Task.', NULL, 'APPROVED', '2020-03-02 10:48:36.000000', '2020-03-02 10:48:36.000000', '2020-03-02 10:53:36.000000'),
(DEFAULT, 15637, 'Employee 130 submit Report', 'Completed Task.', NULL, 'APPROVED', '2020-03-08 17:47:38.400000', '2020-03-08 17:47:38.400000', '2020-03-08 17:52:38.400000'),
(DEFAULT, 15638, 'Employee 131 submit Report', 'Completed Task.', NULL, 'APPROVED', '2020-03-01 11:46:12.000000', '2020-03-01 11:46:12.000000', '2020-03-01 11:51:12.000000'),
(DEFAULT, 15639, 'Employee 132 submit Report', 'Completed Task.', NULL, 'APPROVED', '2020-03-02 01:44:16.800000', '2020-03-02 01:44:16.800000', '2020-03-02 01:49:16.800000'),
(DEFAULT, 15640, 'Employee 133 submit Report', 'Completed Task.', NULL, 'APPROVED', '2020-03-21 07:15:28.800000', '2020-03-21 07:15:28.800000', '2020-03-21 07:20:28.800000'),
(DEFAULT, 15641, 'Employee 134 submit Report', 'Completed Task.', NULL, 'APPROVED', '2020-03-08 18:09:14.400000', '2020-03-08 18:09:14.400000', '2020-03-08 18:14:14.400000'),
(DEFAULT, 15642, 'Employee 135 submit Report', 'Completed Task.', NULL, 'APPROVED', '2020-03-16 20:50:31.200000', '2020-03-16 20:50:31.200000', '2020-03-16 20:55:31.200000'),
(DEFAULT, 15643, 'Employee 140 submit Report', 'Completed Task.', NULL, 'APPROVED', '2020-03-09 01:29:52.800000', '2020-03-09 01:29:52.800000', '2020-03-09 01:34:52.800000');

-- 2020-03-05 00:15:00.000000
-- 2020-03-05
INSERT INTO task (id, collection_id, created_by_id, root_task_id, name, description, report_format, level, task_type, priority, is_locked, start_date, end_date, deadline, created_time, updated_time)
VALUES (631, 56, 151, NULL, 'Test CV Editing Flow', 'This is Test CV Editing Flow', NULL, 'ADVANCED', 'TEST', 'HIGH', FALSE, '2020-03-05', '2020-03-27', '2020-03-11', '2020-03-05 00:15:00.000000', '2020-03-05 00:15:00.000000');

INSERT INTO task_for_users (id, task_id, assigned_to_id, user_task_status, updated_time, started_time)
VALUES
(15645, 631, 111, 'JOINED', '2020-03-05 00:15:00.000000', '2020-03-05 19:58:40.800000'),
(15646, 631, 112, 'JOINED', '2020-03-05 00:15:00.000000', '2020-03-05 16:39:57.600000'),
(15647, 631, 113, 'JOINED', '2020-03-05 00:15:00.000000', '2020-03-05 06:35:09.600000'),
(15648, 631, 114, 'JOINED', '2020-03-05 00:15:00.000000', '2020-03-06 10:48:36.000000'),
(15649, 631, 115, 'JOINED', '2020-03-05 00:15:00.000000', '2020-03-07 22:48:36.000000'),
(15650, 631, 116, 'JOINED', '2020-03-05 00:15:00.000000', '2020-03-10 09:51:00.000000'),
(15651, 631, 117, 'JOINED', '2020-03-05 00:15:00.000000', '2020-03-10 09:51:00.000000'),
(15652, 631, 118, 'JOINED', '2020-03-05 00:15:00.000000', '2020-03-07 04:05:24.000000'),
(15653, 631, 119, 'JOINED', '2020-03-05 00:15:00.000000', '2020-03-06 22:11:09.600000'),
(15654, 631, 120, 'JOINED', '2020-03-05 00:15:00.000000', '2020-03-10 09:51:00.000000'),
(15655, 631, 121, 'JOINED', '2020-03-05 00:15:00.000000', '2020-03-06 17:34:40.800000'),
(15656, 631, 122, 'JOINED', '2020-03-05 00:15:00.000000', '2020-03-05 05:00:07.200000'),
(15657, 631, 123, 'JOINED', '2020-03-05 00:15:00.000000', '2020-03-10 09:51:00.000000'),
(15658, 631, 124, 'JOINED', '2020-03-05 00:15:00.000000', '2020-03-10 09:51:00.000000'),
(15659, 631, 125, 'JOINED', '2020-03-05 00:15:00.000000', '2020-03-05 18:15:00.000000'),
(15660, 631, 126, 'JOINED', '2020-03-05 00:15:00.000000', '2020-03-06 17:30:21.600000'),
(15661, 631, 127, 'JOINED', '2020-03-05 00:15:00.000000', '2020-03-05 18:40:55.200000'),
(15662, 631, 128, 'JOINED', '2020-03-05 00:15:00.000000', '2020-03-06 12:15:00.000000'),
(15663, 631, 129, 'JOINED', '2020-03-05 00:15:00.000000', '2020-03-05 01:15:28.800000'),
(15664, 631, 130, 'JOINED', '2020-03-05 00:15:00.000000', '2020-03-05 02:15:57.600000'),
(15665, 631, 131, 'JOINED', '2020-03-05 00:15:00.000000', '2020-03-10 09:51:00.000000'),
(15666, 631, 132, 'JOINED', '2020-03-05 00:15:00.000000', '2020-03-10 09:51:00.000000'),
(15667, 631, 133, 'JOINED', '2020-03-05 00:15:00.000000', '2020-03-05 07:35:38.400000'),
(15668, 631, 134, 'JOINED', '2020-03-05 00:15:00.000000', '2020-03-05 19:50:02.400000'),
(15669, 631, 135, 'JOINED', '2020-03-05 00:15:00.000000', '2020-03-10 09:51:00.000000'),
(15670, 631, 139, 'JOINED', '2020-03-05 00:15:00.000000', '2020-03-10 09:51:00.000000');
INSERT INTO report (id, created_by_id, title, content, rejected_reason, report_status, created_time, updated_time, reviewed_time)
VALUES
(DEFAULT, 15645, 'Employee 111 submit Report', 'Completed Task.', NULL, 'APPROVED', '2020-03-07 22:39:57.600000', '2020-03-07 22:39:57.600000', '2020-03-07 22:44:57.600000'),
(DEFAULT, 15646, 'Employee 112 submit Report', 'Completed Task.', NULL, 'APPROVED', '2020-03-07 21:22:12.000000', '2020-03-07 21:22:12.000000', '2020-03-07 21:27:12.000000'),
(DEFAULT, 15647, 'Employee 113 submit Report', 'Completed Task.', NULL, 'APPROVED', '2020-03-06 13:58:40.800000', '2020-03-06 13:58:40.800000', '2020-03-06 14:03:40.800000'),
(DEFAULT, 15648, 'Employee 114 submit Report', 'Completed Task.', NULL, 'APPROVED', '2020-03-07 19:29:52.800000', '2020-03-07 19:29:52.800000', '2020-03-07 19:34:52.800000'),
(DEFAULT, 15649, 'Employee 115 submit Report', 'Completed Task.', NULL, 'APPROVED', '2020-03-09 06:03:28.800000', '2020-03-09 06:03:28.800000', '2020-03-09 06:08:28.800000'),
(DEFAULT, 15650, 'Employee 116 submit Report', 'Completed Task.', NULL, 'APPROVED', '2020-03-26 19:24:07.200000', '2020-03-26 19:24:07.200000', '2020-03-26 19:29:07.200000'),
(DEFAULT, 15651, 'Employee 117 submit Report', 'Completed Task.', NULL, 'APPROVED', '2020-03-25 19:21:14.400000', '2020-03-25 19:21:14.400000', '2020-03-25 19:26:14.400000'),
(DEFAULT, 15652, 'Employee 118 submit Report', 'Completed Task.', NULL, 'APPROVED', '2020-03-09 20:10:12.000000', '2020-03-09 20:10:12.000000', '2020-03-09 20:15:12.000000'),
(DEFAULT, 15653, 'Employee 119 submit Report', 'Completed Task.', NULL, 'APPROVED', '2020-03-15 02:18:50.400000', '2020-03-15 02:18:50.400000', '2020-03-15 02:23:50.400000'),
(DEFAULT, 15654, 'Employee 120 submit Report', 'Completed Task.', NULL, 'APPROVED', '2020-03-25 06:32:16.800000', '2020-03-25 06:32:16.800000', '2020-03-25 06:37:16.800000'),
(DEFAULT, 15655, 'Employee 121 submit Report', 'Completed Task.', NULL, 'APPROVED', '2020-03-08 17:31:48.000000', '2020-03-08 17:31:48.000000', '2020-03-08 17:36:48.000000'),
(DEFAULT, 15656, 'Employee 122 submit Report', 'Completed Task.', NULL, 'APPROVED', '2020-03-07 16:02:31.200000', '2020-03-07 16:02:31.200000', '2020-03-07 16:07:31.200000'),
(DEFAULT, 15657, 'Employee 123 submit Report', 'Completed Task.', NULL, 'APPROVED', '2020-03-27 12:15:00.000000', '2020-03-27 12:15:00.000000', '2020-03-27 12:20:00.000000'),
(DEFAULT, 15658, 'Employee 124 submit Report', 'Completed Task.', NULL, 'APPROVED', '2020-03-24 23:20:16.800000', '2020-03-24 23:20:16.800000', '2020-03-24 23:25:16.800000'),
(DEFAULT, 15659, 'Employee 125 submit Report', 'Completed Task.', NULL, 'APPROVED', '2020-03-09 17:08:45.600000', '2020-03-09 17:08:45.600000', '2020-03-09 17:13:45.600000'),
(DEFAULT, 15660, 'Employee 126 submit Report', 'Completed Task.', NULL, 'APPROVED', '2020-03-15 06:59:38.400000', '2020-03-15 06:59:38.400000', '2020-03-15 07:04:38.400000'),
(DEFAULT, 15661, 'Employee 127 submit Report', 'Completed Task.', NULL, 'APPROVED', '2020-03-08 02:24:36.000000', '2020-03-08 02:24:36.000000', '2020-03-08 02:29:36.000000'),
(DEFAULT, 15662, 'Employee 128 submit Report', 'Completed Task.', NULL, 'APPROVED', '2020-03-10 21:30:50.400000', '2020-03-10 21:30:50.400000', '2020-03-10 21:35:50.400000'),
(DEFAULT, 15663, 'Employee 129 submit Report', 'Completed Task.', NULL, 'APPROVED', '2020-03-07 01:12:36.000000', '2020-03-07 01:12:36.000000', '2020-03-07 01:17:36.000000'),
(DEFAULT, 15664, 'Employee 130 submit Report', 'Completed Task.', NULL, 'APPROVED', '2020-03-07 00:12:07.200000', '2020-03-07 00:12:07.200000', '2020-03-07 00:17:07.200000'),
(DEFAULT, 15665, 'Employee 131 submit Report', 'Completed Task.', NULL, 'APPROVED', '2020-03-27 09:22:12.000000', '2020-03-27 09:22:12.000000', '2020-03-27 09:27:12.000000'),
(DEFAULT, 15666, 'Employee 132 submit Report', 'Completed Task.', NULL, 'APPROVED', '2020-03-24 08:30:21.600000', '2020-03-24 08:30:21.600000', '2020-03-24 08:35:21.600000'),
(DEFAULT, 15667, 'Employee 133 submit Report', 'Completed Task.', NULL, 'APPROVED', '2020-03-08 12:46:40.800000', '2020-03-08 12:46:40.800000', '2020-03-08 12:51:40.800000'),
(DEFAULT, 15668, 'Employee 134 submit Report', 'Completed Task.', NULL, 'APPROVED', '2020-03-08 03:25:04.800000', '2020-03-08 03:25:04.800000', '2020-03-08 03:30:04.800000'),
(DEFAULT, 15669, 'Employee 135 submit Report', 'Completed Task.', NULL, 'APPROVED', '2020-03-25 18:29:24.000000', '2020-03-25 18:29:24.000000', '2020-03-25 18:34:24.000000'),
(DEFAULT, 15670, 'Employee 139 submit Report', 'Completed Task.', NULL, 'APPROVED', '2020-03-23 20:07:19.200000', '2020-03-23 20:07:19.200000', '2020-03-23 20:12:19.200000');

-- 2020-03-12 00:15:00.000000
-- 2020-03-12
INSERT INTO task (id, collection_id, created_by_id, root_task_id, name, description, report_format, level, task_type, priority, is_locked, start_date, end_date, deadline, created_time, updated_time)
VALUES (632, 56, 151, NULL, 'Test CV Save Draft Functionality', 'This is Test CV Save Draft Functionality', NULL, 'ADVANCED', 'TEST', 'HIGH', FALSE, '2020-03-12', '2020-04-04', '2020-03-18', '2020-03-12 00:15:00.000000', '2020-03-12 00:15:00.000000');

INSERT INTO task_for_users (id, task_id, assigned_to_id, user_task_status, updated_time, started_time)
VALUES
(15672, 632, 111, 'JOINED', '2020-03-12 00:15:00.000000', '2020-03-12 00:23:38.400000'),
(15673, 632, 112, 'JOINED', '2020-03-12 00:15:00.000000', '2020-03-17 09:51:00.000000'),
(15674, 632, 113, 'JOINED', '2020-03-12 00:15:00.000000', '2020-03-15 07:18:21.600000'),
(15675, 632, 114, 'JOINED', '2020-03-12 00:15:00.000000', '2020-03-15 06:52:26.400000'),
(15676, 632, 115, 'JOINED', '2020-03-12 00:15:00.000000', '2020-03-12 11:03:00.000000'),
(15677, 632, 116, 'JOINED', '2020-03-12 00:15:00.000000', '2020-03-12 05:00:07.200000'),
(15678, 632, 117, 'JOINED', '2020-03-12 00:15:00.000000', '2020-03-12 01:54:21.600000'),
(15679, 632, 118, 'JOINED', '2020-03-12 00:15:00.000000', '2020-03-14 00:46:40.800000'),
(15680, 632, 119, 'JOINED', '2020-03-12 00:15:00.000000', '2020-03-12 16:31:19.200000'),
(15681, 632, 120, 'JOINED', '2020-03-12 00:15:00.000000', '2020-03-12 11:46:12.000000'),
(15682, 632, 121, 'JOINED', '2020-03-12 00:15:00.000000', '2020-03-17 09:51:00.000000'),
(15683, 632, 122, 'JOINED', '2020-03-12 00:15:00.000000', '2020-03-12 05:34:40.800000'),
(15684, 632, 123, 'JOINED', '2020-03-12 00:15:00.000000', '2020-03-17 09:51:00.000000'),
(15685, 632, 124, 'JOINED', '2020-03-12 00:15:00.000000', '2020-03-17 09:51:00.000000'),
(15686, 632, 125, 'JOINED', '2020-03-12 00:15:00.000000', '2020-03-12 04:25:33.600000'),
(15687, 632, 126, 'JOINED', '2020-03-12 00:15:00.000000', '2020-03-17 09:51:00.000000'),
(15688, 632, 127, 'JOINED', '2020-03-12 00:15:00.000000', '2020-03-17 09:51:00.000000'),
(15689, 632, 128, 'JOINED', '2020-03-12 00:15:00.000000', '2020-03-13 22:37:04.800000'),
(15690, 632, 129, 'JOINED', '2020-03-12 00:15:00.000000', '2020-03-17 09:51:00.000000'),
(15691, 632, 130, 'JOINED', '2020-03-12 00:15:00.000000', '2020-03-17 09:51:00.000000'),
(15692, 632, 131, 'JOINED', '2020-03-12 00:15:00.000000', '2020-03-13 14:20:16.800000'),
(15693, 632, 132, 'JOINED', '2020-03-12 00:15:00.000000', '2020-03-12 10:41:24.000000'),
(15694, 632, 133, 'JOINED', '2020-03-12 00:15:00.000000', '2020-03-12 00:49:33.600000'),
(15695, 632, 134, 'JOINED', '2020-03-12 00:15:00.000000', '2020-03-12 01:37:04.800000'),
(15696, 632, 135, 'JOINED', '2020-03-12 00:15:00.000000', '2020-03-15 09:19:19.200000'),
(15697, 632, 139, 'JOINED', '2020-03-12 00:15:00.000000', '2020-03-12 17:53:24.000000');
INSERT INTO report (id, created_by_id, title, content, rejected_reason, report_status, created_time, updated_time, reviewed_time)
VALUES
(DEFAULT, 15672, 'Employee 111 submit Report', 'Completed Task.', NULL, 'APPROVED', '2020-03-13 09:39:28.800000', '2020-03-13 09:39:28.800000', '2020-03-13 09:44:28.800000'),
(DEFAULT, 15673, 'Employee 112 submit Report', 'Completed Task.', NULL, 'APPROVED', '2020-04-04 07:06:50.400000', '2020-04-04 07:06:50.400000', '2020-04-04 07:11:50.400000'),
(DEFAULT, 15674, 'Employee 113 submit Report', 'Completed Task.', NULL, 'APPROVED', '2020-03-17 14:18:50.400000', '2020-03-17 14:18:50.400000', '2020-03-17 14:23:50.400000'),
(DEFAULT, 15675, 'Employee 114 submit Report', 'Completed Task.', NULL, 'APPROVED', '2020-03-17 20:56:16.800000', '2020-03-17 20:56:16.800000', '2020-03-17 21:01:16.800000'),
(DEFAULT, 15676, 'Employee 115 submit Report', 'Completed Task.', NULL, 'APPROVED', '2020-03-13 17:00:07.200000', '2020-03-13 17:00:07.200000', '2020-03-13 17:05:07.200000'),
(DEFAULT, 15677, 'Employee 116 submit Report', 'Completed Task.', NULL, 'APPROVED', '2020-03-14 00:55:19.200000', '2020-03-14 00:55:19.200000', '2020-03-14 01:00:19.200000'),
(DEFAULT, 15678, 'Employee 117 submit Report', 'Completed Task.', NULL, 'APPROVED', '2020-03-23 22:35:38.400000', '2020-03-23 22:35:38.400000', '2020-03-23 22:40:38.400000'),
(DEFAULT, 15679, 'Employee 118 submit Report', 'Completed Task.', NULL, 'APPROVED', '2020-03-21 23:43:19.200000', '2020-03-21 23:43:19.200000', '2020-03-21 23:48:19.200000'),
(DEFAULT, 15680, 'Employee 119 submit Report', 'Completed Task.', NULL, 'APPROVED', '2020-03-15 00:15:00.000000', '2020-03-15 00:15:00.000000', '2020-03-15 00:20:00.000000'),
(DEFAULT, 15681, 'Employee 120 submit Report', 'Completed Task.', NULL, 'APPROVED', '2020-03-14 09:07:48.000000', '2020-03-14 09:07:48.000000', '2020-03-14 09:12:48.000000'),
(DEFAULT, 15682, 'Employee 121 submit Report', 'Completed Task.', NULL, 'APPROVED', '2020-04-02 23:34:40.800000', '2020-04-02 23:34:40.800000', '2020-04-02 23:39:40.800000'),
(DEFAULT, 15683, 'Employee 122 submit Report', 'Completed Task.', NULL, 'APPROVED', '2020-03-14 08:15:57.600000', '2020-03-14 08:15:57.600000', '2020-03-14 08:20:57.600000'),
(DEFAULT, 15684, 'Employee 123 submit Report', 'Completed Task.', NULL, 'APPROVED', '2020-03-29 15:27:57.600000', '2020-03-29 15:27:57.600000', '2020-03-29 15:32:57.600000'),
(DEFAULT, 15685, 'Employee 124 submit Report', 'Completed Task.', NULL, 'APPROVED', '2020-03-31 20:10:12.000000', '2020-03-31 20:10:12.000000', '2020-03-31 20:15:12.000000'),
(DEFAULT, 15686, 'Employee 125 submit Report', 'Completed Task.', NULL, 'APPROVED', '2020-03-14 04:39:57.600000', '2020-03-14 04:39:57.600000', '2020-03-14 04:44:57.600000'),
(DEFAULT, 15687, 'Employee 126 submit Report', 'Completed Task.', NULL, 'APPROVED', '2020-04-03 23:20:16.800000', '2020-04-03 23:20:16.800000', '2020-04-03 23:25:16.800000'),
(DEFAULT, 15688, 'Employee 127 submit Report', 'Completed Task.', NULL, 'APPROVED', '2020-04-04 09:07:48.000000', '2020-04-04 09:07:48.000000', '2020-04-04 09:12:48.000000'),
(DEFAULT, 15689, 'Employee 128 submit Report', 'Completed Task.', NULL, 'APPROVED', '2020-03-22 01:52:55.200000', '2020-03-22 01:52:55.200000', '2020-03-22 01:57:55.200000'),
(DEFAULT, 15690, 'Employee 129 submit Report', 'Completed Task.', NULL, 'APPROVED', '2020-04-01 03:04:55.200000', '2020-04-01 03:04:55.200000', '2020-04-01 03:09:55.200000'),
(DEFAULT, 15691, 'Employee 130 submit Report', 'Completed Task.', NULL, 'APPROVED', '2020-03-30 20:41:52.800000', '2020-03-30 20:41:52.800000', '2020-03-30 20:46:52.800000'),
(DEFAULT, 15692, 'Employee 131 submit Report', 'Completed Task.', NULL, 'APPROVED', '2020-03-22 10:09:43.200000', '2020-03-22 10:09:43.200000', '2020-03-22 10:14:43.200000'),
(DEFAULT, 15693, 'Employee 132 submit Report', 'Completed Task.', NULL, 'APPROVED', '2020-03-23 13:48:36.000000', '2020-03-23 13:48:36.000000', '2020-03-23 13:53:36.000000'),
(DEFAULT, 15694, 'Employee 133 submit Report', 'Completed Task.', NULL, 'APPROVED', '2020-03-15 16:48:36.000000', '2020-03-15 16:48:36.000000', '2020-03-15 16:53:36.000000'),
(DEFAULT, 15695, 'Employee 134 submit Report', 'Completed Task.', NULL, 'APPROVED', '2020-03-23 22:52:55.200000', '2020-03-23 22:52:55.200000', '2020-03-23 22:57:55.200000'),
(DEFAULT, 15696, 'Employee 135 submit Report', 'Completed Task.', NULL, 'APPROVED', '2020-03-17 19:03:57.600000', '2020-03-17 19:03:57.600000', '2020-03-17 19:08:57.600000'),
(DEFAULT, 15697, 'Employee 139 submit Report', 'Completed Task.', NULL, 'APPROVED', '2020-03-23 06:36:36.000000', '2020-03-23 06:36:36.000000', '2020-03-23 06:41:36.000000');

-- 2020-03-19 00:15:00.000000
-- 2020-03-19
INSERT INTO task (id, collection_id, created_by_id, root_task_id, name, description, report_format, level, task_type, priority, is_locked, start_date, end_date, deadline, created_time, updated_time)
VALUES (633, 56, 151, NULL, 'Test CV Submission Flow', 'This is Test CV Submission Flow', NULL, 'ADVANCED', 'TEST', 'HIGH', FALSE, '2020-03-19', '2020-04-11', '2020-03-25', '2020-03-19 00:15:00.000000', '2020-03-19 00:15:00.000000');

INSERT INTO task_for_users (id, task_id, assigned_to_id, user_task_status, updated_time, started_time)
VALUES
(15699, 633, 111, 'JOINED', '2020-03-19 00:15:00.000000', '2020-03-19 08:18:50.400000'),
(15700, 633, 112, 'JOINED', '2020-03-19 00:15:00.000000', '2020-03-20 13:50:02.400000'),
(15701, 633, 113, 'JOINED', '2020-03-19 00:15:00.000000', '2020-03-20 18:43:48.000000'),
(15702, 633, 114, 'JOINED', '2020-03-19 00:15:00.000000', '2020-03-19 11:28:55.200000'),
(15703, 633, 115, 'JOINED', '2020-03-19 00:15:00.000000', '2020-03-19 06:00:36.000000'),
(15704, 633, 116, 'JOINED', '2020-03-19 00:15:00.000000', '2020-03-19 21:20:45.600000'),
(15705, 633, 117, 'JOINED', '2020-03-19 00:15:00.000000', '2020-03-19 20:33:14.400000'),
(15706, 633, 118, 'JOINED', '2020-03-19 00:15:00.000000', '2020-03-19 01:15:28.800000'),
(15707, 633, 119, 'JOINED', '2020-03-19 00:15:00.000000', '2020-03-24 09:51:00.000000'),
(15708, 633, 120, 'JOINED', '2020-03-19 00:15:00.000000', '2020-03-19 14:13:04.800000'),
(15709, 633, 121, 'JOINED', '2020-03-19 00:15:00.000000', '2020-03-19 05:34:40.800000'),
(15710, 633, 122, 'JOINED', '2020-03-19 00:15:00.000000', '2020-03-19 04:51:28.800000'),
(15711, 633, 123, 'JOINED', '2020-03-19 00:15:00.000000', '2020-03-24 09:51:00.000000'),
(15712, 633, 124, 'JOINED', '2020-03-19 00:15:00.000000', '2020-03-24 09:51:00.000000'),
(15713, 633, 125, 'JOINED', '2020-03-19 00:15:00.000000', '2020-03-19 00:32:16.800000'),
(15714, 633, 126, 'JOINED', '2020-03-19 00:15:00.000000', '2020-03-24 09:51:00.000000'),
(15715, 633, 127, 'JOINED', '2020-03-19 00:15:00.000000', '2020-03-19 16:05:24.000000'),
(15716, 633, 128, 'JOINED', '2020-03-19 00:15:00.000000', '2020-03-19 07:31:19.200000'),
(15717, 633, 129, 'JOINED', '2020-03-19 00:15:00.000000', '2020-03-19 02:59:09.600000'),
(15718, 633, 130, 'JOINED', '2020-03-19 00:15:00.000000', '2020-03-24 09:51:00.000000'),
(15719, 633, 131, 'JOINED', '2020-03-19 00:15:00.000000', '2020-03-20 08:39:00.000000'),
(15720, 633, 132, 'JOINED', '2020-03-19 00:15:00.000000', '2020-03-19 03:42:21.600000'),
(15721, 633, 133, 'JOINED', '2020-03-19 00:15:00.000000', '2020-03-19 20:41:52.800000'),
(15722, 633, 134, 'JOINED', '2020-03-19 00:15:00.000000', '2020-03-20 11:49:04.800000'),
(15723, 633, 135, 'JOINED', '2020-03-19 00:15:00.000000', '2020-03-24 09:51:00.000000'),
(15724, 633, 139, 'JOINED', '2020-03-19 00:15:00.000000', '2020-03-19 01:50:02.400000');
INSERT INTO report (id, created_by_id, title, content, rejected_reason, report_status, created_time, updated_time, reviewed_time)
VALUES
(DEFAULT, 15699, 'Employee 111 submit Report', 'Completed Task.', NULL, 'APPROVED', '2020-03-20 23:46:12.000000', '2020-03-20 23:46:12.000000', '2020-03-20 23:51:12.000000'),
(DEFAULT, 15700, 'Employee 112 submit Report', 'Completed Task.', NULL, 'APPROVED', '2020-03-21 23:05:52.800000', '2020-03-21 23:05:52.800000', '2020-03-21 23:10:52.800000'),
(DEFAULT, 15701, 'Employee 113 submit Report', 'Completed Task.', NULL, 'APPROVED', '2020-03-22 23:08:45.600000', '2020-03-22 23:08:45.600000', '2020-03-22 23:13:45.600000'),
(DEFAULT, 15702, 'Employee 114 submit Report', 'Completed Task.', NULL, 'APPROVED', '2020-03-21 11:08:45.600000', '2020-03-21 11:08:45.600000', '2020-03-21 11:13:45.600000'),
(DEFAULT, 15703, 'Employee 115 submit Report', 'Completed Task.', NULL, 'APPROVED', '2020-03-20 11:49:04.800000', '2020-03-20 11:49:04.800000', '2020-03-20 11:54:04.800000'),
(DEFAULT, 15704, 'Employee 116 submit Report', 'Completed Task.', NULL, 'APPROVED', '2020-03-30 03:09:14.400000', '2020-03-30 03:09:14.400000', '2020-03-30 03:14:14.400000'),
(DEFAULT, 15705, 'Employee 117 submit Report', 'Completed Task.', NULL, 'APPROVED', '2020-03-30 03:56:45.600000', '2020-03-30 03:56:45.600000', '2020-03-30 04:01:45.600000'),
(DEFAULT, 15706, 'Employee 118 submit Report', 'Completed Task.', NULL, 'APPROVED', '2020-03-30 23:14:31.200000', '2020-03-30 23:14:31.200000', '2020-03-30 23:19:31.200000'),
(DEFAULT, 15707, 'Employee 119 submit Report', 'Completed Task.', NULL, 'APPROVED', '2020-04-06 05:26:02.400000', '2020-04-06 05:26:02.400000', '2020-04-06 05:31:02.400000'),
(DEFAULT, 15708, 'Employee 120 submit Report', 'Completed Task.', NULL, 'APPROVED', '2020-03-30 10:16:55.200000', '2020-03-30 10:16:55.200000', '2020-03-30 10:21:55.200000'),
(DEFAULT, 15709, 'Employee 121 submit Report', 'Completed Task.', NULL, 'APPROVED', '2020-03-22 17:40:26.400000', '2020-03-22 17:40:26.400000', '2020-03-22 17:45:26.400000'),
(DEFAULT, 15710, 'Employee 122 submit Report', 'Completed Task.', NULL, 'APPROVED', '2020-03-30 19:38:31.200000', '2020-03-30 19:38:31.200000', '2020-03-30 19:43:31.200000'),
(DEFAULT, 15711, 'Employee 123 submit Report', 'Completed Task.', NULL, 'APPROVED', '2020-04-10 04:54:21.600000', '2020-04-10 04:54:21.600000', '2020-04-10 04:59:21.600000'),
(DEFAULT, 15712, 'Employee 124 submit Report', 'Completed Task.', NULL, 'APPROVED', '2020-04-05 14:36:07.200000', '2020-04-05 14:36:07.200000', '2020-04-05 14:41:07.200000'),
(DEFAULT, 15713, 'Employee 125 submit Report', 'Completed Task.', NULL, 'APPROVED', '2020-03-22 04:42:50.400000', '2020-03-22 04:42:50.400000', '2020-03-22 04:47:50.400000'),
(DEFAULT, 15714, 'Employee 126 submit Report', 'Completed Task.', NULL, 'APPROVED', '2020-04-06 18:06:21.600000', '2020-04-06 18:06:21.600000', '2020-04-06 18:11:21.600000'),
(DEFAULT, 15715, 'Employee 127 submit Report', 'Completed Task.', NULL, 'APPROVED', '2020-03-24 06:15:00.000000', '2020-03-24 06:15:00.000000', '2020-03-24 06:20:00.000000'),
(DEFAULT, 15716, 'Employee 128 submit Report', 'Completed Task.', NULL, 'APPROVED', '2020-03-30 16:58:40.800000', '2020-03-30 16:58:40.800000', '2020-03-30 17:03:40.800000'),
(DEFAULT, 15717, 'Employee 129 submit Report', 'Completed Task.', NULL, 'APPROVED', '2020-03-22 13:38:31.200000', '2020-03-22 13:38:31.200000', '2020-03-22 13:43:31.200000'),
(DEFAULT, 15718, 'Employee 130 submit Report', 'Completed Task.', NULL, 'APPROVED', '2020-04-07 20:36:07.200000', '2020-04-07 20:36:07.200000', '2020-04-07 20:41:07.200000'),
(DEFAULT, 15719, 'Employee 131 submit Report', 'Completed Task.', NULL, 'APPROVED', '2020-03-24 06:23:38.400000', '2020-03-24 06:23:38.400000', '2020-03-24 06:28:38.400000'),
(DEFAULT, 15720, 'Employee 132 submit Report', 'Completed Task.', NULL, 'APPROVED', '2020-03-23 23:11:38.400000', '2020-03-23 23:11:38.400000', '2020-03-23 23:16:38.400000'),
(DEFAULT, 15721, 'Employee 133 submit Report', 'Completed Task.', NULL, 'APPROVED', '2020-03-21 17:11:38.400000', '2020-03-21 17:11:38.400000', '2020-03-21 17:16:38.400000'),
(DEFAULT, 15722, 'Employee 134 submit Report', 'Completed Task.', NULL, 'APPROVED', '2020-03-29 12:40:55.200000', '2020-03-29 12:40:55.200000', '2020-03-29 12:45:55.200000'),
(DEFAULT, 15723, 'Employee 135 submit Report', 'Completed Task.', NULL, 'APPROVED', '2020-04-11 07:24:07.200000', '2020-04-11 07:24:07.200000', '2020-04-11 07:29:07.200000'),
(DEFAULT, 15724, 'Employee 139 submit Report', 'Completed Task.', NULL, 'APPROVED', '2020-03-22 03:07:48.000000', '2020-03-22 03:07:48.000000', '2020-03-22 03:12:48.000000');

-- 2020-03-26 00:15:00.000000
-- 2020-03-26
INSERT INTO task (id, collection_id, created_by_id, root_task_id, name, description, report_format, level, task_type, priority, is_locked, start_date, end_date, deadline, created_time, updated_time)
VALUES (634, 56, 151, NULL, 'Test CV Validation Rules', 'This is Test CV Validation Rules', NULL, 'ADVANCED', 'TEST', 'NORMAL', FALSE, '2020-03-26', '2020-04-13', '2020-03-31', '2020-03-26 00:15:00.000000', '2020-03-26 00:15:00.000000');

INSERT INTO task_for_users (id, task_id, assigned_to_id, user_task_status, updated_time, started_time)
VALUES
(15726, 634, 111, 'JOINED', '2020-03-26 00:15:00.000000', '2020-03-27 16:55:48.000000'),
(15727, 634, 112, 'JOINED', '2020-03-26 00:15:00.000000', '2020-03-27 13:48:36.000000'),
(15728, 634, 113, 'JOINED', '2020-03-26 00:15:00.000000', '2020-03-27 02:53:24.000000'),
(15729, 634, 114, 'JOINED', '2020-03-26 00:15:00.000000', '2020-03-28 18:51:00.000000'),
(15730, 634, 115, 'JOINED', '2020-03-26 00:15:00.000000', '2020-03-28 10:12:36.000000'),
(15731, 634, 116, 'JOINED', '2020-03-26 00:15:00.000000', '2020-03-26 12:47:24.000000'),
(15732, 634, 117, 'JOINED', '2020-03-26 00:15:00.000000', '2020-03-26 23:39:00.000000'),
(15733, 634, 118, 'JOINED', '2020-03-26 00:15:00.000000', '2020-03-27 18:07:48.000000'),
(15734, 634, 119, 'JOINED', '2020-03-26 00:15:00.000000', '2020-03-30 12:15:00.000000'),
(15735, 634, 120, 'JOINED', '2020-03-26 00:15:00.000000', '2020-03-28 21:07:48.000000'),
(15736, 634, 121, 'JOINED', '2020-03-26 00:15:00.000000', '2020-03-30 12:15:00.000000'),
(15737, 634, 122, 'JOINED', '2020-03-26 00:15:00.000000', '2020-03-26 11:17:24.000000'),
(15738, 634, 123, 'JOINED', '2020-03-26 00:15:00.000000', '2020-03-26 04:55:48.000000'),
(15739, 634, 124, 'JOINED', '2020-03-26 00:15:00.000000', '2020-03-28 14:10:12.000000'),
(15740, 634, 125, 'JOINED', '2020-03-26 00:15:00.000000', '2020-03-27 04:19:48.000000'),
(15741, 634, 126, 'JOINED', '2020-03-26 00:15:00.000000', '2020-03-26 06:15:00.000000'),
(15742, 634, 127, 'JOINED', '2020-03-26 00:15:00.000000', '2020-03-30 12:15:00.000000'),
(15743, 634, 128, 'JOINED', '2020-03-26 00:15:00.000000', '2020-03-27 04:05:24.000000'),
(15744, 634, 129, 'JOINED', '2020-03-26 00:15:00.000000', '2020-03-26 22:30:36.000000'),
(15745, 634, 130, 'JOINED', '2020-03-26 00:15:00.000000', '2020-03-26 15:07:48.000000'),
(15746, 634, 131, 'JOINED', '2020-03-26 00:15:00.000000', '2020-03-26 14:46:12.000000'),
(15747, 634, 132, 'JOINED', '2020-03-26 00:15:00.000000', '2020-03-26 00:58:12.000000'),
(15748, 634, 133, 'JOINED', '2020-03-26 00:15:00.000000', '2020-03-29 04:41:24.000000'),
(15749, 634, 134, 'JOINED', '2020-03-26 00:15:00.000000', '2020-03-26 06:51:00.000000'),
(15750, 634, 135, 'JOINED', '2020-03-26 00:15:00.000000', '2020-03-30 12:15:00.000000'),
(15751, 634, 139, 'JOINED', '2020-03-26 00:15:00.000000', '2020-03-27 03:18:36.000000');
INSERT INTO report (id, created_by_id, title, content, rejected_reason, report_status, created_time, updated_time, reviewed_time)
VALUES
(DEFAULT, 15726, 'Employee 111 submit Report', 'Completed Task.', NULL, 'APPROVED', '2020-03-29 11:17:24.000000', '2020-03-29 11:17:24.000000', '2020-03-29 11:22:24.000000'),
(DEFAULT, 15727, 'Employee 112 submit Report', 'Completed Task.', NULL, 'APPROVED', '2020-03-29 12:43:48.000000', '2020-03-29 12:43:48.000000', '2020-03-29 12:48:48.000000'),
(DEFAULT, 15728, 'Employee 113 submit Report', 'Completed Task.', NULL, 'APPROVED', '2020-03-28 00:43:48.000000', '2020-03-28 00:43:48.000000', '2020-03-28 00:48:48.000000'),
(DEFAULT, 15729, 'Employee 114 submit Report', 'Completed Task.', NULL, 'APPROVED', '2020-03-30 03:07:48.000000', '2020-03-30 03:07:48.000000', '2020-03-30 03:12:48.000000'),
(DEFAULT, 15730, 'Employee 115 submit Report', 'Completed Task.', NULL, 'APPROVED', '2020-03-29 16:19:48.000000', '2020-03-29 16:19:48.000000', '2020-03-29 16:24:48.000000'),
(DEFAULT, 15731, 'Employee 116 submit Report', 'Completed Task.', NULL, 'APPROVED', '2020-04-04 11:42:36.000000', '2020-04-04 11:42:36.000000', '2020-04-04 11:47:36.000000'),
(DEFAULT, 15732, 'Employee 117 submit Report', 'Completed Task.', NULL, 'APPROVED', '2020-03-28 06:51:00.000000', '2020-03-28 06:51:00.000000', '2020-03-28 06:56:00.000000'),
(DEFAULT, 15733, 'Employee 118 submit Report', 'Completed Task.', NULL, 'APPROVED', '2020-03-30 14:46:12.000000', '2020-03-30 14:46:12.000000', '2020-03-30 14:51:12.000000'),
(DEFAULT, 15734, 'Employee 119 submit Report', 'Completed Task.', NULL, 'APPROVED', '2020-04-09 21:43:48.000000', '2020-04-09 21:43:48.000000', '2020-04-09 21:48:48.000000'),
(DEFAULT, 15735, 'Employee 120 submit Report', 'Completed Task.', NULL, 'APPROVED', '2020-03-30 10:48:36.000000', '2020-03-30 10:48:36.000000', '2020-03-30 10:53:36.000000'),
(DEFAULT, 15736, 'Employee 121 submit Report', 'Completed Task.', NULL, 'APPROVED', '2020-04-11 07:19:48.000000', '2020-04-11 07:19:48.000000', '2020-04-11 07:24:48.000000'),
(DEFAULT, 15737, 'Employee 122 submit Report', 'Completed Task.', NULL, 'APPROVED', '2020-03-27 07:19:48.000000', '2020-03-27 07:19:48.000000', '2020-03-27 07:24:48.000000'),
(DEFAULT, 15738, 'Employee 123 submit Report', 'Completed Task.', NULL, 'APPROVED', '2020-03-30 09:58:12.000000', '2020-03-30 09:58:12.000000', '2020-03-30 10:03:12.000000'),
(DEFAULT, 15739, 'Employee 124 submit Report', 'Completed Task.', NULL, 'APPROVED', '2020-03-29 10:41:24.000000', '2020-03-29 10:41:24.000000', '2020-03-29 10:46:24.000000'),
(DEFAULT, 15740, 'Employee 125 submit Report', 'Completed Task.', NULL, 'APPROVED', '2020-03-28 02:39:00.000000', '2020-03-28 02:39:00.000000', '2020-03-28 02:44:00.000000'),
(DEFAULT, 15741, 'Employee 126 submit Report', 'Completed Task.', NULL, 'APPROVED', '2020-03-28 10:55:48.000000', '2020-03-28 10:55:48.000000', '2020-03-28 11:00:48.000000'),
(DEFAULT, 15742, 'Employee 127 submit Report', 'Completed Task.', NULL, 'APPROVED', '2020-04-13 02:46:12.000000', '2020-04-13 02:46:12.000000', '2020-04-13 02:51:12.000000'),
(DEFAULT, 15743, 'Employee 128 submit Report', 'Completed Task.', NULL, 'APPROVED', '2020-03-29 07:34:12.000000', '2020-03-29 07:34:12.000000', '2020-03-29 07:39:12.000000'),
(DEFAULT, 15744, 'Employee 129 submit Report', 'Completed Task.', NULL, 'APPROVED', '2020-04-04 01:59:24.000000', '2020-04-04 01:59:24.000000', '2020-04-04 02:04:24.000000'),
(DEFAULT, 15745, 'Employee 130 submit Report', 'Completed Task.', NULL, 'APPROVED', '2020-03-27 22:05:24.000000', '2020-03-27 22:05:24.000000', '2020-03-27 22:10:24.000000'),
(DEFAULT, 15746, 'Employee 131 submit Report', 'Completed Task.', NULL, 'APPROVED', '2020-03-28 08:17:24.000000', '2020-03-28 08:17:24.000000', '2020-03-28 08:22:24.000000'),
(DEFAULT, 15747, 'Employee 132 submit Report', 'Completed Task.', NULL, 'APPROVED', '2020-03-28 01:41:24.000000', '2020-03-28 01:41:24.000000', '2020-03-28 01:46:24.000000'),
(DEFAULT, 15748, 'Employee 133 submit Report', 'Completed Task.', NULL, 'APPROVED', '2020-03-30 08:53:24.000000', '2020-03-30 08:53:24.000000', '2020-03-30 08:58:24.000000'),
(DEFAULT, 15749, 'Employee 134 submit Report', 'Completed Task.', NULL, 'APPROVED', '2020-03-27 03:00:36.000000', '2020-03-27 03:00:36.000000', '2020-03-27 03:05:36.000000'),
(DEFAULT, 15750, 'Employee 135 submit Report', 'Completed Task.', NULL, 'APPROVED', '2020-04-12 18:07:48.000000', '2020-04-12 18:07:48.000000', '2020-04-12 18:12:48.000000'),
(DEFAULT, 15751, 'Employee 139 submit Report', 'Completed Task.', NULL, 'APPROVED', '2020-04-03 21:11:24.000000', '2020-04-03 21:11:24.000000', '2020-04-03 21:16:24.000000');

-- 2020-04-01 00:15:00.000000
-- 2020-04-01
INSERT INTO task (id, collection_id, created_by_id, root_task_id, name, description, report_format, level, task_type, priority, is_locked, start_date, end_date, deadline, created_time, updated_time)
VALUES (635, 56, 151, NULL, 'Test CV Parsing Results', 'This is Test CV Parsing Results', NULL, 'ADVANCED', 'TEST', 'NORMAL', FALSE, '2020-04-01', '2020-04-20', '2020-04-06', '2020-04-01 00:15:00.000000', '2020-04-01 00:15:00.000000');

INSERT INTO task_for_users (id, task_id, assigned_to_id, user_task_status, updated_time, started_time)
VALUES
(15753, 635, 111, 'JOINED', '2020-04-01 00:15:00.000000', '2020-04-03 06:36:36.000000'),
(15754, 635, 112, 'JOINED', '2020-04-01 00:15:00.000000', '2020-04-03 14:31:48.000000'),
(15755, 635, 113, 'JOINED', '2020-04-01 00:15:00.000000', '2020-04-01 09:43:48.000000'),
(15756, 635, 114, 'JOINED', '2020-04-01 00:15:00.000000', '2020-04-01 06:29:24.000000'),
(15757, 635, 115, 'JOINED', '2020-04-01 00:15:00.000000', '2020-04-01 12:36:36.000000'),
(15758, 635, 116, 'JOINED', '2020-04-01 00:15:00.000000', '2020-04-01 00:43:48.000000'),
(15759, 635, 117, 'JOINED', '2020-04-01 00:15:00.000000', '2020-04-01 09:51:00.000000'),
(15760, 635, 118, 'JOINED', '2020-04-01 00:15:00.000000', '2020-04-01 17:03:00.000000'),
(15761, 635, 119, 'JOINED', '2020-04-01 00:15:00.000000', '2020-04-01 07:05:24.000000'),
(15762, 635, 120, 'JOINED', '2020-04-01 00:15:00.000000', '2020-04-01 06:22:12.000000'),
(15763, 635, 121, 'JOINED', '2020-04-01 00:15:00.000000', '2020-04-01 06:29:24.000000'),
(15764, 635, 122, 'JOINED', '2020-04-01 00:15:00.000000', '2020-04-02 03:00:36.000000'),
(15765, 635, 123, 'JOINED', '2020-04-01 00:15:00.000000', '2020-04-01 00:51:00.000000'),
(15766, 635, 124, 'JOINED', '2020-04-01 00:15:00.000000', '2020-04-05 12:15:00.000000'),
(15767, 635, 125, 'JOINED', '2020-04-01 00:15:00.000000', '2020-04-05 12:15:00.000000'),
(15768, 635, 126, 'JOINED', '2020-04-01 00:15:00.000000', '2020-04-01 16:34:12.000000'),
(15769, 635, 127, 'JOINED', '2020-04-01 00:15:00.000000', '2020-04-04 03:43:48.000000'),
(15770, 635, 128, 'JOINED', '2020-04-01 00:15:00.000000', '2020-04-02 01:59:24.000000'),
(15771, 635, 129, 'JOINED', '2020-04-01 00:15:00.000000', '2020-04-02 13:34:12.000000'),
(15772, 635, 130, 'JOINED', '2020-04-01 00:15:00.000000', '2020-04-02 03:22:12.000000'),
(15773, 635, 131, 'JOINED', '2020-04-01 00:15:00.000000', '2020-04-01 05:53:24.000000'),
(15774, 635, 132, 'JOINED', '2020-04-01 00:15:00.000000', '2020-04-03 18:58:12.000000'),
(15775, 635, 133, 'JOINED', '2020-04-01 00:15:00.000000', '2020-04-03 20:24:36.000000'),
(15776, 635, 134, 'JOINED', '2020-04-01 00:15:00.000000', '2020-04-03 01:55:48.000000'),
(15777, 635, 135, 'JOINED', '2020-04-01 00:15:00.000000', '2020-04-03 19:55:48.000000'),
(15778, 635, 139, 'JOINED', '2020-04-01 00:15:00.000000', '2020-04-05 12:15:00.000000');
INSERT INTO report (id, created_by_id, title, content, rejected_reason, report_status, created_time, updated_time, reviewed_time)
VALUES
(DEFAULT, 15753, 'Employee 111 submit Report', 'Completed Task.', NULL, 'APPROVED', '2020-04-05 09:36:36.000000', '2020-04-05 09:36:36.000000', '2020-04-05 09:41:36.000000'),
(DEFAULT, 15754, 'Employee 112 submit Report', 'Completed Task.', NULL, 'APPROVED', '2020-04-05 03:58:12.000000', '2020-04-05 03:58:12.000000', '2020-04-05 04:03:12.000000'),
(DEFAULT, 15755, 'Employee 113 submit Report', 'Completed Task.', NULL, 'APPROVED', '2020-04-02 06:29:24.000000', '2020-04-02 06:29:24.000000', '2020-04-02 06:34:24.000000'),
(DEFAULT, 15756, 'Employee 114 submit Report', 'Completed Task.', NULL, 'APPROVED', '2020-04-03 13:05:24.000000', '2020-04-03 13:05:24.000000', '2020-04-03 13:10:24.000000'),
(DEFAULT, 15757, 'Employee 115 submit Report', 'Completed Task.', NULL, 'APPROVED', '2020-04-03 06:43:48.000000', '2020-04-03 06:43:48.000000', '2020-04-03 06:48:48.000000'),
(DEFAULT, 15758, 'Employee 116 submit Report', 'Completed Task.', NULL, 'APPROVED', '2020-04-02 16:27:00.000000', '2020-04-02 16:27:00.000000', '2020-04-02 16:32:00.000000'),
(DEFAULT, 15759, 'Employee 117 submit Report', 'Completed Task.', NULL, 'APPROVED', '2020-04-02 07:55:48.000000', '2020-04-02 07:55:48.000000', '2020-04-02 08:00:48.000000'),
(DEFAULT, 15760, 'Employee 118 submit Report', 'Completed Task.', NULL, 'APPROVED', '2020-04-05 05:53:24.000000', '2020-04-05 05:53:24.000000', '2020-04-05 05:58:24.000000'),
(DEFAULT, 15761, 'Employee 119 submit Report', 'Completed Task.', NULL, 'APPROVED', '2020-04-04 14:39:00.000000', '2020-04-04 14:39:00.000000', '2020-04-04 14:44:00.000000'),
(DEFAULT, 15762, 'Employee 120 submit Report', 'Completed Task.', NULL, 'APPROVED', '2020-04-05 02:53:24.000000', '2020-04-05 02:53:24.000000', '2020-04-05 02:58:24.000000'),
(DEFAULT, 15763, 'Employee 121 submit Report', 'Completed Task.', NULL, 'APPROVED', '2020-04-02 08:17:24.000000', '2020-04-02 08:17:24.000000', '2020-04-02 08:22:24.000000'),
(DEFAULT, 15764, 'Employee 122 submit Report', 'Completed Task.', NULL, 'APPROVED', '2020-04-04 06:07:48.000000', '2020-04-04 06:07:48.000000', '2020-04-04 06:12:48.000000'),
(DEFAULT, 15765, 'Employee 123 submit Report', 'Completed Task.', NULL, 'APPROVED', '2020-04-04 12:51:00.000000', '2020-04-04 12:51:00.000000', '2020-04-04 12:56:00.000000'),
(DEFAULT, 15766, 'Employee 124 submit Report', 'Completed Task.', NULL, 'APPROVED', '2020-04-20 03:36:36.000000', '2020-04-20 03:36:36.000000', '2020-04-20 03:41:36.000000'),
(DEFAULT, 15767, 'Employee 125 submit Report', 'Completed Task.', NULL, 'APPROVED', '2020-04-17 03:43:48.000000', '2020-04-17 03:43:48.000000', '2020-04-17 03:48:48.000000'),
(DEFAULT, 15768, 'Employee 126 submit Report', 'Completed Task.', NULL, 'APPROVED', '2020-04-02 10:34:12.000000', '2020-04-02 10:34:12.000000', '2020-04-02 10:39:12.000000'),
(DEFAULT, 15769, 'Employee 127 submit Report', 'Completed Task.', NULL, 'APPROVED', '2020-04-05 12:58:12.000000', '2020-04-05 12:58:12.000000', '2020-04-05 13:03:12.000000'),
(DEFAULT, 15770, 'Employee 128 submit Report', 'Completed Task.', NULL, 'APPROVED', '2020-04-09 22:30:36.000000', '2020-04-09 22:30:36.000000', '2020-04-09 22:35:36.000000'),
(DEFAULT, 15771, 'Employee 129 submit Report', 'Completed Task.', NULL, 'APPROVED', '2020-04-05 10:19:48.000000', '2020-04-05 10:19:48.000000', '2020-04-05 10:24:48.000000'),
(DEFAULT, 15772, 'Employee 130 submit Report', 'Completed Task.', NULL, 'APPROVED', '2020-04-04 08:53:24.000000', '2020-04-04 08:53:24.000000', '2020-04-04 08:58:24.000000'),
(DEFAULT, 15773, 'Employee 131 submit Report', 'Completed Task.', NULL, 'APPROVED', '2020-04-04 18:51:00.000000', '2020-04-04 18:51:00.000000', '2020-04-04 18:56:00.000000'),
(DEFAULT, 15774, 'Employee 132 submit Report', 'Completed Task.', NULL, 'APPROVED', '2020-04-08 05:31:48.000000', '2020-04-08 05:31:48.000000', '2020-04-08 05:36:48.000000'),
(DEFAULT, 15775, 'Employee 133 submit Report', 'Completed Task.', NULL, 'APPROVED', '2020-04-08 04:05:24.000000', '2020-04-08 04:05:24.000000', '2020-04-08 04:10:24.000000'),
(DEFAULT, 15776, 'Employee 134 submit Report', 'Completed Task.', NULL, 'APPROVED', '2020-04-05 08:10:12.000000', '2020-04-05 08:10:12.000000', '2020-04-05 08:15:12.000000'),
(DEFAULT, 15777, 'Employee 135 submit Report', 'Completed Task.', NULL, 'APPROVED', '2020-04-04 18:58:12.000000', '2020-04-04 18:58:12.000000', '2020-04-04 19:03:12.000000'),
(DEFAULT, 15778, 'Employee 139 submit Report', 'Completed Task.', NULL, 'APPROVED', '2020-04-19 16:34:12.000000', '2020-04-19 16:34:12.000000', '2020-04-19 16:39:12.000000');

-- 2020-04-07 00:15:00.000000
-- 2020-04-07
INSERT INTO task (id, collection_id, created_by_id, root_task_id, name, description, report_format, level, task_type, priority, is_locked, start_date, end_date, deadline, created_time, updated_time)
VALUES (636, 56, 151, NULL, 'Test CV Scoring Logic', 'This is Test CV Scoring Logic', NULL, 'ADVANCED', 'TEST', 'NORMAL', FALSE, '2020-04-07', '2020-04-26', '2020-04-12', '2020-04-07 00:15:00.000000', '2020-04-07 00:15:00.000000');

INSERT INTO task_for_users (id, task_id, assigned_to_id, user_task_status, updated_time, started_time)
VALUES
(15780, 636, 111, 'JOINED', '2020-04-07 00:15:00.000000', '2020-04-08 20:53:24.000000'),
(15781, 636, 112, 'JOINED', '2020-04-07 00:15:00.000000', '2020-04-07 00:51:00.000000'),
(15782, 636, 113, 'JOINED', '2020-04-07 00:15:00.000000', '2020-04-07 01:41:24.000000'),
(15783, 636, 114, 'JOINED', '2020-04-07 00:15:00.000000', '2020-04-09 05:49:48.000000'),
(15784, 636, 115, 'JOINED', '2020-04-07 00:15:00.000000', '2020-04-07 12:36:36.000000'),
(15785, 636, 116, 'JOINED', '2020-04-07 00:15:00.000000', '2020-04-08 01:48:36.000000'),
(15786, 636, 117, 'JOINED', '2020-04-07 00:15:00.000000', '2020-04-07 19:48:36.000000'),
(15787, 636, 118, 'JOINED', '2020-04-07 00:15:00.000000', '2020-04-07 14:31:48.000000'),
(15788, 636, 119, 'JOINED', '2020-04-07 00:15:00.000000', '2020-04-09 06:43:48.000000'),
(15789, 636, 120, 'JOINED', '2020-04-07 00:15:00.000000', '2020-04-07 17:46:12.000000'),
(15790, 636, 121, 'JOINED', '2020-04-07 00:15:00.000000', '2020-04-09 04:41:24.000000'),
(15791, 636, 122, 'JOINED', '2020-04-07 00:15:00.000000', '2020-04-07 03:22:12.000000'),
(15792, 636, 123, 'JOINED', '2020-04-07 00:15:00.000000', '2020-04-11 12:15:00.000000'),
(15793, 636, 124, 'JOINED', '2020-04-07 00:15:00.000000', '2020-04-07 02:10:12.000000'),
(15794, 636, 125, 'JOINED', '2020-04-07 00:15:00.000000', '2020-04-11 12:15:00.000000'),
(15795, 636, 126, 'JOINED', '2020-04-07 00:15:00.000000', '2020-04-07 20:31:48.000000'),
(15796, 636, 127, 'JOINED', '2020-04-07 00:15:00.000000', '2020-04-10 04:34:12.000000'),
(15797, 636, 128, 'JOINED', '2020-04-07 00:15:00.000000', '2020-04-11 12:15:00.000000'),
(15798, 636, 129, 'JOINED', '2020-04-07 00:15:00.000000', '2020-04-07 03:58:12.000000'),
(15799, 636, 130, 'JOINED', '2020-04-07 00:15:00.000000', '2020-04-07 08:31:48.000000'),
(15800, 636, 131, 'JOINED', '2020-04-07 00:15:00.000000', '2020-04-08 10:27:00.000000'),
(15801, 636, 132, 'JOINED', '2020-04-07 00:15:00.000000', '2020-04-07 18:07:48.000000'),
(15802, 636, 133, 'JOINED', '2020-04-07 00:15:00.000000', '2020-04-09 17:03:00.000000'),
(15803, 636, 134, 'JOINED', '2020-04-07 00:15:00.000000', '2020-04-08 03:29:24.000000'),
(15804, 636, 135, 'JOINED', '2020-04-07 00:15:00.000000', '2020-04-08 17:24:36.000000'),
(15805, 636, 139, 'JOINED', '2020-04-07 00:15:00.000000', '2020-04-11 12:15:00.000000');
INSERT INTO report (id, created_by_id, title, content, rejected_reason, report_status, created_time, updated_time, reviewed_time)
VALUES
(DEFAULT, 15780, 'Employee 111 submit Report', 'Completed Task.', NULL, 'APPROVED', '2020-04-10 12:00:36.000000', '2020-04-10 12:00:36.000000', '2020-04-10 12:05:36.000000'),
(DEFAULT, 15781, 'Employee 112 submit Report', 'Completed Task.', NULL, 'APPROVED', '2020-04-08 11:10:12.000000', '2020-04-08 11:10:12.000000', '2020-04-08 11:15:12.000000'),
(DEFAULT, 15782, 'Employee 113 submit Report', 'Completed Task.', NULL, 'APPROVED', '2020-04-08 08:31:48.000000', '2020-04-08 08:31:48.000000', '2020-04-08 08:36:48.000000'),
(DEFAULT, 15783, 'Employee 114 submit Report', 'Completed Task.', NULL, 'APPROVED', '2020-04-14 18:40:12.000000', '2020-04-14 18:40:12.000000', '2020-04-14 18:45:12.000000'),
(DEFAULT, 15784, 'Employee 115 submit Report', 'Completed Task.', NULL, 'APPROVED', '2020-04-09 05:39:00.000000', '2020-04-09 05:39:00.000000', '2020-04-09 05:44:00.000000'),
(DEFAULT, 15785, 'Employee 116 submit Report', 'Completed Task.', NULL, 'APPROVED', '2020-04-09 05:03:00.000000', '2020-04-09 05:03:00.000000', '2020-04-09 05:08:00.000000'),
(DEFAULT, 15786, 'Employee 117 submit Report', 'Completed Task.', NULL, 'APPROVED', '2020-04-16 04:41:24.000000', '2020-04-16 04:41:24.000000', '2020-04-16 04:46:24.000000'),
(DEFAULT, 15787, 'Employee 118 submit Report', 'Completed Task.', NULL, 'APPROVED', '2020-04-16 09:58:12.000000', '2020-04-16 09:58:12.000000', '2020-04-16 10:03:12.000000'),
(DEFAULT, 15788, 'Employee 119 submit Report', 'Completed Task.', NULL, 'APPROVED', '2020-04-11 22:27:00.000000', '2020-04-11 22:27:00.000000', '2020-04-11 22:32:00.000000'),
(DEFAULT, 15789, 'Employee 120 submit Report', 'Completed Task.', NULL, 'APPROVED', '2020-04-09 07:12:36.000000', '2020-04-09 07:12:36.000000', '2020-04-09 07:17:36.000000'),
(DEFAULT, 15790, 'Employee 121 submit Report', 'Completed Task.', NULL, 'APPROVED', '2020-04-11 05:39:00.000000', '2020-04-11 05:39:00.000000', '2020-04-11 05:44:00.000000'),
(DEFAULT, 15791, 'Employee 122 submit Report', 'Completed Task.', NULL, 'APPROVED', '2020-04-08 18:00:36.000000', '2020-04-08 18:00:36.000000', '2020-04-08 18:05:36.000000'),
(DEFAULT, 15792, 'Employee 123 submit Report', 'Completed Task.', NULL, 'APPROVED', '2020-04-22 21:36:36.000000', '2020-04-22 21:36:36.000000', '2020-04-22 21:41:36.000000'),
(DEFAULT, 15793, 'Employee 124 submit Report', 'Completed Task.', NULL, 'APPROVED', '2020-04-08 03:43:48.000000', '2020-04-08 03:43:48.000000', '2020-04-08 03:48:48.000000'),
(DEFAULT, 15794, 'Employee 125 submit Report', 'Completed Task.', NULL, 'APPROVED', '2020-04-26 01:55:48.000000', '2020-04-26 01:55:48.000000', '2020-04-26 02:00:48.000000'),
(DEFAULT, 15795, 'Employee 126 submit Report', 'Completed Task.', NULL, 'APPROVED', '2020-04-16 03:58:12.000000', '2020-04-16 03:58:12.000000', '2020-04-16 04:03:12.000000'),
(DEFAULT, 15796, 'Employee 127 submit Report', 'Completed Task.', NULL, 'APPROVED', '2020-04-11 21:22:12.000000', '2020-04-11 21:22:12.000000', '2020-04-11 21:27:12.000000'),
(DEFAULT, 15797, 'Employee 128 submit Report', 'Completed Task.', NULL, 'APPROVED', '2020-04-23 01:55:48.000000', '2020-04-23 01:55:48.000000', '2020-04-23 02:00:48.000000'),
(DEFAULT, 15798, 'Employee 129 submit Report', 'Completed Task.', NULL, 'APPROVED', '2020-04-08 04:19:48.000000', '2020-04-08 04:19:48.000000', '2020-04-08 04:24:48.000000'),
(DEFAULT, 15799, 'Employee 130 submit Report', 'Completed Task.', NULL, 'APPROVED', '2020-04-09 04:19:48.000000', '2020-04-09 04:19:48.000000', '2020-04-09 04:24:48.000000'),
(DEFAULT, 15800, 'Employee 131 submit Report', 'Completed Task.', NULL, 'APPROVED', '2020-04-11 05:24:36.000000', '2020-04-11 05:24:36.000000', '2020-04-11 05:29:36.000000'),
(DEFAULT, 15801, 'Employee 132 submit Report', 'Completed Task.', NULL, 'APPROVED', '2020-04-09 16:12:36.000000', '2020-04-09 16:12:36.000000', '2020-04-09 16:17:36.000000'),
(DEFAULT, 15802, 'Employee 133 submit Report', 'Completed Task.', NULL, 'APPROVED', '2020-04-11 07:48:36.000000', '2020-04-11 07:48:36.000000', '2020-04-11 07:53:36.000000'),
(DEFAULT, 15803, 'Employee 134 submit Report', 'Completed Task.', NULL, 'APPROVED', '2020-04-09 11:46:12.000000', '2020-04-09 11:46:12.000000', '2020-04-09 11:51:12.000000'),
(DEFAULT, 15804, 'Employee 135 submit Report', 'Completed Task.', NULL, 'APPROVED', '2020-04-11 19:34:12.000000', '2020-04-11 19:34:12.000000', '2020-04-11 19:39:12.000000'),
(DEFAULT, 15805, 'Employee 139 submit Report', 'Completed Task.', NULL, 'APPROVED', '2020-04-23 02:17:24.000000', '2020-04-23 02:17:24.000000', '2020-04-23 02:22:24.000000');

-- 2020-04-13 00:15:00.000000
-- 2020-04-13
INSERT INTO task (id, collection_id, created_by_id, root_task_id, name, description, report_format, level, task_type, priority, is_locked, start_date, end_date, deadline, created_time, updated_time)
VALUES (637, 56, 151, NULL, 'Test CV Recommendation Output', 'This is Test CV Recommendation Output', NULL, 'ADVANCED', 'TEST', 'NORMAL', FALSE, '2020-04-13', '2020-04-28', '2020-04-18', '2020-04-13 00:15:00.000000', '2020-04-13 00:15:00.000000');

INSERT INTO task_for_users (id, task_id, assigned_to_id, user_task_status, updated_time, started_time)
VALUES
(15807, 637, 111, 'JOINED', '2020-04-13 00:15:00.000000', '2020-04-14 05:17:24.000000'),
(15808, 637, 112, 'JOINED', '2020-04-13 00:15:00.000000', '2020-04-15 00:58:12.000000'),
(15809, 637, 113, 'JOINED', '2020-04-13 00:15:00.000000', '2020-04-14 15:36:36.000000'),
(15810, 637, 114, 'JOINED', '2020-04-13 00:15:00.000000', '2020-04-15 19:48:36.000000'),
(15811, 637, 115, 'JOINED', '2020-04-13 00:15:00.000000', '2020-04-13 15:58:12.000000'),
(15812, 637, 116, 'JOINED', '2020-04-13 00:15:00.000000', '2020-04-14 04:27:00.000000'),
(15813, 637, 117, 'JOINED', '2020-04-13 00:15:00.000000', '2020-04-13 16:27:00.000000'),
(15814, 637, 118, 'JOINED', '2020-04-13 00:15:00.000000', '2020-04-14 18:29:24.000000'),
(15815, 637, 119, 'JOINED', '2020-04-13 00:15:00.000000', '2020-04-14 05:46:12.000000'),
(15816, 637, 120, 'JOINED', '2020-04-13 00:15:00.000000', '2020-04-14 07:41:24.000000'),
(15817, 637, 121, 'JOINED', '2020-04-13 00:15:00.000000', '2020-04-17 12:15:00.000000'),
(15818, 637, 122, 'JOINED', '2020-04-13 00:15:00.000000', '2020-04-17 12:15:00.000000'),
(15819, 637, 123, 'JOINED', '2020-04-13 00:15:00.000000', '2020-04-14 23:28:12.000000'),
(15820, 637, 124, 'JOINED', '2020-04-13 00:15:00.000000', '2020-04-15 23:39:00.000000'),
(15821, 637, 125, 'JOINED', '2020-04-13 00:15:00.000000', '2020-04-13 18:22:12.000000'),
(15822, 637, 126, 'JOINED', '2020-04-13 00:15:00.000000', '2020-04-16 19:34:12.000000'),
(15823, 637, 127, 'JOINED', '2020-04-13 00:15:00.000000', '2020-04-13 13:41:24.000000'),
(15824, 637, 128, 'JOINED', '2020-04-13 00:15:00.000000', '2020-04-13 17:17:24.000000'),
(15825, 637, 129, 'JOINED', '2020-04-13 00:15:00.000000', '2020-04-16 06:00:36.000000'),
(15826, 637, 130, 'JOINED', '2020-04-13 00:15:00.000000', '2020-04-13 18:22:12.000000'),
(15827, 637, 131, 'JOINED', '2020-04-13 00:15:00.000000', '2020-04-14 18:47:24.000000'),
(15828, 637, 132, 'JOINED', '2020-04-13 00:15:00.000000', '2020-04-13 09:00:36.000000'),
(15829, 637, 133, 'JOINED', '2020-04-13 00:15:00.000000', '2020-04-13 08:17:24.000000'),
(15830, 637, 134, 'JOINED', '2020-04-13 00:15:00.000000', '2020-04-13 04:34:12.000000'),
(15831, 637, 135, 'JOINED', '2020-04-13 00:15:00.000000', '2020-04-13 01:12:36.000000'),
(15832, 637, 139, 'JOINED', '2020-04-13 00:15:00.000000', '2020-04-14 02:03:00.000000');
INSERT INTO report (id, created_by_id, title, content, rejected_reason, report_status, created_time, updated_time, reviewed_time)
VALUES
(DEFAULT, 15807, 'Employee 111 submit Report', 'Completed Task.', NULL, 'APPROVED', '2020-04-15 09:15:00.000000', '2020-04-15 09:15:00.000000', '2020-04-15 09:20:00.000000'),
(DEFAULT, 15808, 'Employee 112 submit Report', 'Completed Task.', NULL, 'APPROVED', '2020-04-16 03:00:36.000000', '2020-04-16 03:00:36.000000', '2020-04-16 03:05:36.000000'),
(DEFAULT, 15809, 'Employee 113 submit Report', 'Completed Task.', NULL, 'APPROVED', '2020-04-16 15:07:48.000000', '2020-04-16 15:07:48.000000', '2020-04-16 15:12:48.000000'),
(DEFAULT, 15810, 'Employee 114 submit Report', 'Completed Task.', NULL, 'APPROVED', '2020-04-17 15:00:36.000000', '2020-04-17 15:00:36.000000', '2020-04-17 15:05:36.000000'),
(DEFAULT, 15811, 'Employee 115 submit Report', 'Completed Task.', NULL, 'APPROVED', '2020-04-14 22:48:36.000000', '2020-04-14 22:48:36.000000', '2020-04-14 22:53:36.000000'),
(DEFAULT, 15812, 'Employee 116 submit Report', 'Completed Task.', NULL, 'APPROVED', '2020-04-15 12:29:24.000000', '2020-04-15 12:29:24.000000', '2020-04-15 12:34:24.000000'),
(DEFAULT, 15813, 'Employee 117 submit Report', 'Completed Task.', NULL, 'APPROVED', '2020-04-16 02:17:24.000000', '2020-04-16 02:17:24.000000', '2020-04-16 02:22:24.000000'),
(DEFAULT, 15814, 'Employee 118 submit Report', 'Completed Task.', NULL, 'APPROVED', '2020-04-16 06:36:36.000000', '2020-04-16 06:36:36.000000', '2020-04-16 06:41:36.000000'),
(DEFAULT, 15815, 'Employee 119 submit Report', 'Completed Task.', NULL, 'APPROVED', '2020-04-17 07:41:24.000000', '2020-04-17 07:41:24.000000', '2020-04-17 07:46:24.000000'),
(DEFAULT, 15816, 'Employee 120 submit Report', 'Completed Task.', NULL, 'APPROVED', '2020-04-15 06:00:36.000000', '2020-04-15 06:00:36.000000', '2020-04-15 06:05:36.000000'),
(DEFAULT, 15817, 'Employee 121 submit Report', 'Completed Task.', NULL, 'APPROVED', '2020-04-28 04:34:12.000000', '2020-04-28 04:34:12.000000', '2020-04-28 04:39:12.000000'),
(DEFAULT, 15818, 'Employee 122 submit Report', 'Completed Task.', NULL, 'APPROVED', '2020-04-28 15:22:12.000000', '2020-04-28 15:22:12.000000', '2020-04-28 15:27:12.000000'),
(DEFAULT, 15819, 'Employee 123 submit Report', 'Completed Task.', NULL, 'APPROVED', '2020-04-21 01:01:48.000000', '2020-04-21 01:01:48.000000', '2020-04-21 01:06:48.000000'),
(DEFAULT, 15820, 'Employee 124 submit Report', 'Completed Task.', NULL, 'APPROVED', '2020-04-17 14:53:24.000000', '2020-04-17 14:53:24.000000', '2020-04-17 14:58:24.000000'),
(DEFAULT, 15821, 'Employee 125 submit Report', 'Completed Task.', NULL, 'APPROVED', '2020-04-15 14:31:48.000000', '2020-04-15 14:31:48.000000', '2020-04-15 14:36:48.000000'),
(DEFAULT, 15822, 'Employee 126 submit Report', 'Completed Task.', NULL, 'APPROVED', '2020-04-17 18:58:12.000000', '2020-04-17 18:58:12.000000', '2020-04-17 19:03:12.000000'),
(DEFAULT, 15823, 'Employee 127 submit Report', 'Completed Task.', NULL, 'APPROVED', '2020-04-14 18:29:24.000000', '2020-04-14 18:29:24.000000', '2020-04-14 18:34:24.000000'),
(DEFAULT, 15824, 'Employee 128 submit Report', 'Completed Task.', NULL, 'APPROVED', '2020-04-15 08:17:24.000000', '2020-04-15 08:17:24.000000', '2020-04-15 08:22:24.000000'),
(DEFAULT, 15825, 'Employee 129 submit Report', 'Completed Task.', NULL, 'APPROVED', '2020-04-17 20:31:48.000000', '2020-04-17 20:31:48.000000', '2020-04-17 20:36:48.000000'),
(DEFAULT, 15826, 'Employee 130 submit Report', 'Completed Task.', NULL, 'APPROVED', '2020-04-15 23:53:24.000000', '2020-04-15 23:53:24.000000', '2020-04-15 23:58:24.000000'),
(DEFAULT, 15827, 'Employee 131 submit Report', 'Completed Task.', NULL, 'APPROVED', '2020-04-21 05:42:36.000000', '2020-04-21 05:42:36.000000', '2020-04-21 05:47:36.000000'),
(DEFAULT, 15828, 'Employee 132 submit Report', 'Completed Task.', NULL, 'APPROVED', '2020-04-15 08:10:12.000000', '2020-04-15 08:10:12.000000', '2020-04-15 08:15:12.000000'),
(DEFAULT, 15829, 'Employee 133 submit Report', 'Completed Task.', NULL, 'APPROVED', '2020-04-14 12:00:36.000000', '2020-04-14 12:00:36.000000', '2020-04-14 12:05:36.000000'),
(DEFAULT, 15830, 'Employee 134 submit Report', 'Completed Task.', NULL, 'APPROVED', '2020-04-14 00:51:00.000000', '2020-04-14 00:51:00.000000', '2020-04-14 00:56:00.000000'),
(DEFAULT, 15831, 'Employee 135 submit Report', 'Completed Task.', NULL, 'APPROVED', '2020-04-14 00:58:12.000000', '2020-04-14 00:58:12.000000', '2020-04-14 01:03:12.000000'),
(DEFAULT, 15832, 'Employee 139 submit Report', 'Completed Task.', NULL, 'APPROVED', '2020-04-21 22:27:00.000000', '2020-04-21 22:27:00.000000', '2020-04-21 22:32:00.000000');

-- 2020-04-19 00:15:00.000000
-- 2020-04-19
INSERT INTO task (id, collection_id, created_by_id, root_task_id, name, description, report_format, level, task_type, priority, is_locked, start_date, end_date, deadline, created_time, updated_time)
VALUES (638, 56, 151, NULL, 'Test CV Version History', 'This is Test CV Version History', NULL, 'ADVANCED', 'TEST', 'NORMAL', FALSE, '2020-04-19', '2020-05-08', '2020-04-24', '2020-04-19 00:15:00.000000', '2020-04-19 00:15:00.000000');

INSERT INTO task_for_users (id, task_id, assigned_to_id, user_task_status, updated_time, started_time)
VALUES
(15834, 638, 111, 'JOINED', '2020-04-19 00:15:00.000000', '2020-04-21 09:51:00.000000'),
(15835, 638, 112, 'JOINED', '2020-04-19 00:15:00.000000', '2020-04-21 15:36:36.000000'),
(15836, 638, 113, 'JOINED', '2020-04-19 00:15:00.000000', '2020-04-23 05:10:12.000000'),
(15837, 638, 114, 'JOINED', '2020-04-19 00:15:00.000000', '2020-04-22 22:55:48.000000'),
(15838, 638, 115, 'JOINED', '2020-04-19 00:15:00.000000', '2020-04-20 04:19:48.000000'),
(15839, 638, 116, 'JOINED', '2020-04-19 00:15:00.000000', '2020-04-23 12:15:00.000000'),
(15840, 638, 117, 'JOINED', '2020-04-19 00:15:00.000000', '2020-04-20 09:15:00.000000'),
(15841, 638, 118, 'JOINED', '2020-04-19 00:15:00.000000', '2020-04-20 20:24:36.000000'),
(15842, 638, 119, 'JOINED', '2020-04-19 00:15:00.000000', '2020-04-20 10:27:00.000000'),
(15843, 638, 120, 'JOINED', '2020-04-19 00:15:00.000000', '2020-04-19 09:15:00.000000'),
(15844, 638, 121, 'JOINED', '2020-04-19 00:15:00.000000', '2020-04-19 04:19:48.000000'),
(15845, 638, 122, 'JOINED', '2020-04-19 00:15:00.000000', '2020-04-20 18:15:00.000000'),
(15846, 638, 123, 'JOINED', '2020-04-19 00:15:00.000000', '2020-04-20 15:15:00.000000'),
(15847, 638, 124, 'JOINED', '2020-04-19 00:15:00.000000', '2020-04-19 17:03:00.000000'),
(15848, 638, 125, 'JOINED', '2020-04-19 00:15:00.000000', '2020-04-19 18:51:00.000000'),
(15849, 638, 126, 'JOINED', '2020-04-19 00:15:00.000000', '2020-04-23 12:15:00.000000'),
(15850, 638, 127, 'JOINED', '2020-04-19 00:15:00.000000', '2020-04-19 23:03:00.000000'),
(15851, 638, 128, 'JOINED', '2020-04-19 00:15:00.000000', '2020-04-19 07:27:00.000000'),
(15852, 638, 129, 'JOINED', '2020-04-19 00:15:00.000000', '2020-04-20 18:58:12.000000'),
(15853, 638, 130, 'JOINED', '2020-04-19 00:15:00.000000', '2020-04-20 05:46:12.000000'),
(15854, 638, 131, 'JOINED', '2020-04-19 00:15:00.000000', '2020-04-19 05:53:24.000000'),
(15855, 638, 132, 'JOINED', '2020-04-19 00:15:00.000000', '2020-04-23 12:15:00.000000'),
(15856, 638, 133, 'JOINED', '2020-04-19 00:15:00.000000', '2020-04-20 07:16:12.000000'),
(15857, 638, 134, 'JOINED', '2020-04-19 00:15:00.000000', '2020-04-19 16:55:48.000000'),
(15858, 638, 135, 'JOINED', '2020-04-19 00:15:00.000000', '2020-04-20 16:05:24.000000'),
(15859, 638, 139, 'JOINED', '2020-04-19 00:15:00.000000', '2020-04-23 12:15:00.000000');
INSERT INTO report (id, created_by_id, title, content, rejected_reason, report_status, created_time, updated_time, reviewed_time)
VALUES
(DEFAULT, 15834, 'Employee 111 submit Report', 'Completed Task.', NULL, 'APPROVED', '2020-04-23 01:27:00.000000', '2020-04-23 01:27:00.000000', '2020-04-23 01:32:00.000000'),
(DEFAULT, 15835, 'Employee 112 submit Report', 'Completed Task.', NULL, 'APPROVED', '2020-04-23 14:39:00.000000', '2020-04-23 14:39:00.000000', '2020-04-23 14:44:00.000000'),
(DEFAULT, 15836, 'Employee 113 submit Report', 'Completed Task.', NULL, 'APPROVED', '2020-04-23 23:24:36.000000', '2020-04-23 23:24:36.000000', '2020-04-23 23:29:36.000000'),
(DEFAULT, 15837, 'Employee 114 submit Report', 'Completed Task.', NULL, 'APPROVED', '2020-04-23 18:43:48.000000', '2020-04-23 18:43:48.000000', '2020-04-23 18:48:48.000000'),
(DEFAULT, 15838, 'Employee 115 submit Report', 'Completed Task.', NULL, 'APPROVED', '2020-04-21 21:43:48.000000', '2020-04-21 21:43:48.000000', '2020-04-21 21:48:48.000000'),
(DEFAULT, 15839, 'Employee 116 submit Report', 'Completed Task.', NULL, 'APPROVED', '2020-05-06 15:36:36.000000', '2020-05-06 15:36:36.000000', '2020-05-06 15:41:36.000000'),
(DEFAULT, 15840, 'Employee 117 submit Report', 'Completed Task.', NULL, 'APPROVED', '2020-04-23 21:58:12.000000', '2020-04-23 21:58:12.000000', '2020-04-23 22:03:12.000000'),
(DEFAULT, 15841, 'Employee 118 submit Report', 'Completed Task.', NULL, 'APPROVED', '2020-04-23 13:19:48.000000', '2020-04-23 13:19:48.000000', '2020-04-23 13:24:48.000000'),
(DEFAULT, 15842, 'Employee 119 submit Report', 'Completed Task.', NULL, 'APPROVED', '2020-04-22 22:19:48.000000', '2020-04-22 22:19:48.000000', '2020-04-22 22:24:48.000000'),
(DEFAULT, 15843, 'Employee 120 submit Report', 'Completed Task.', NULL, 'APPROVED', '2020-04-20 11:46:12.000000', '2020-04-20 11:46:12.000000', '2020-04-20 11:51:12.000000'),
(DEFAULT, 15844, 'Employee 121 submit Report', 'Completed Task.', NULL, 'APPROVED', '2020-04-20 05:31:48.000000', '2020-04-20 05:31:48.000000', '2020-04-20 05:36:48.000000'),
(DEFAULT, 15845, 'Employee 122 submit Report', 'Completed Task.', NULL, 'APPROVED', '2020-04-27 06:15:00.000000', '2020-04-27 06:15:00.000000', '2020-04-27 06:20:00.000000'),
(DEFAULT, 15846, 'Employee 123 submit Report', 'Completed Task.', NULL, 'APPROVED', '2020-04-23 06:00:36.000000', '2020-04-23 06:00:36.000000', '2020-04-23 06:05:36.000000'),
(DEFAULT, 15847, 'Employee 124 submit Report', 'Completed Task.', NULL, 'APPROVED', '2020-04-28 07:27:00.000000', '2020-04-28 07:27:00.000000', '2020-04-28 07:32:00.000000'),
(DEFAULT, 15848, 'Employee 125 submit Report', 'Completed Task.', NULL, 'APPROVED', '2020-04-21 21:51:00.000000', '2020-04-21 21:51:00.000000', '2020-04-21 21:56:00.000000'),
(DEFAULT, 15849, 'Employee 126 submit Report', 'Completed Task.', NULL, 'APPROVED', '2020-05-07 23:24:36.000000', '2020-05-07 23:24:36.000000', '2020-05-07 23:29:36.000000'),
(DEFAULT, 15850, 'Employee 127 submit Report', 'Completed Task.', NULL, 'APPROVED', '2020-04-22 22:27:00.000000', '2020-04-22 22:27:00.000000', '2020-04-22 22:32:00.000000'),
(DEFAULT, 15851, 'Employee 128 submit Report', 'Completed Task.', NULL, 'APPROVED', '2020-04-20 08:03:00.000000', '2020-04-20 08:03:00.000000', '2020-04-20 08:08:00.000000'),
(DEFAULT, 15852, 'Employee 129 submit Report', 'Completed Task.', NULL, 'APPROVED', '2020-04-22 13:34:12.000000', '2020-04-22 13:34:12.000000', '2020-04-22 13:39:12.000000'),
(DEFAULT, 15853, 'Employee 130 submit Report', 'Completed Task.', NULL, 'APPROVED', '2020-04-21 14:39:00.000000', '2020-04-21 14:39:00.000000', '2020-04-21 14:44:00.000000'),
(DEFAULT, 15854, 'Employee 131 submit Report', 'Completed Task.', NULL, 'APPROVED', '2020-04-23 14:53:24.000000', '2020-04-23 14:53:24.000000', '2020-04-23 14:58:24.000000'),
(DEFAULT, 15855, 'Employee 132 submit Report', 'Completed Task.', NULL, 'APPROVED', '2020-05-06 21:15:00.000000', '2020-05-06 21:15:00.000000', '2020-05-06 21:20:00.000000'),
(DEFAULT, 15856, 'Employee 133 submit Report', 'Completed Task.', NULL, 'APPROVED', '2020-04-27 17:13:48.000000', '2020-04-27 17:13:48.000000', '2020-04-27 17:18:48.000000'),
(DEFAULT, 15857, 'Employee 134 submit Report', 'Completed Task.', NULL, 'APPROVED', '2020-04-23 09:15:00.000000', '2020-04-23 09:15:00.000000', '2020-04-23 09:20:00.000000'),
(DEFAULT, 15858, 'Employee 135 submit Report', 'Completed Task.', NULL, 'APPROVED', '2020-04-21 15:29:24.000000', '2020-04-21 15:29:24.000000', '2020-04-21 15:34:24.000000'),
(DEFAULT, 15859, 'Employee 139 submit Report', 'Completed Task.', NULL, 'APPROVED', '2020-05-08 00:15:00.000000', '2020-05-08 00:15:00.000000', '2020-05-08 00:20:00.000000');

-- 2020-04-25 00:15:00.000000
-- 2020-04-25
INSERT INTO task (id, collection_id, created_by_id, root_task_id, name, description, report_format, level, task_type, priority, is_locked, start_date, end_date, deadline, created_time, updated_time)
VALUES (639, 56, 151, NULL, 'Test CV Deletion Rules', 'This is Test CV Deletion Rules', NULL, 'ADVANCED', 'TEST', 'NORMAL', FALSE, '2020-04-25', '2020-05-12', '2020-04-30', '2020-04-25 00:15:00.000000', '2020-04-25 00:15:00.000000');

INSERT INTO task_for_users (id, task_id, assigned_to_id, user_task_status, updated_time, started_time)
VALUES
(15861, 639, 111, 'JOINED', '2020-04-25 00:15:00.000000', '2020-04-25 01:05:24.000000'),
(15862, 639, 112, 'JOINED', '2020-04-25 00:15:00.000000', '2020-04-27 05:31:48.000000'),
(15863, 639, 113, 'JOINED', '2020-04-25 00:15:00.000000', '2020-04-27 17:53:24.000000'),
(15864, 639, 114, 'JOINED', '2020-04-25 00:15:00.000000', '2020-04-28 11:24:36.000000'),
(15865, 639, 115, 'JOINED', '2020-04-25 00:15:00.000000', '2020-04-26 03:43:48.000000'),
(15866, 639, 116, 'JOINED', '2020-04-25 00:15:00.000000', '2020-04-27 01:55:48.000000'),
(15867, 639, 117, 'JOINED', '2020-04-25 00:15:00.000000', '2020-04-25 11:53:24.000000'),
(15868, 639, 118, 'JOINED', '2020-04-25 00:15:00.000000', '2020-04-25 18:58:12.000000'),
(15869, 639, 119, 'JOINED', '2020-04-25 00:15:00.000000', '2020-04-25 13:27:00.000000'),
(15870, 639, 120, 'JOINED', '2020-04-25 00:15:00.000000', '2020-04-27 12:22:12.000000'),
(15871, 639, 121, 'JOINED', '2020-04-25 00:15:00.000000', '2020-04-27 16:01:48.000000'),
(15872, 639, 122, 'JOINED', '2020-04-25 00:15:00.000000', '2020-04-25 22:05:24.000000'),
(15873, 639, 123, 'JOINED', '2020-04-25 00:15:00.000000', '2020-04-25 06:36:36.000000'),
(15874, 639, 124, 'JOINED', '2020-04-25 00:15:00.000000', '2020-04-26 19:55:48.000000'),
(15875, 639, 125, 'JOINED', '2020-04-25 00:15:00.000000', '2020-04-25 18:22:12.000000'),
(15876, 639, 126, 'JOINED', '2020-04-25 00:15:00.000000', '2020-04-27 16:55:48.000000'),
(15877, 639, 127, 'JOINED', '2020-04-25 00:15:00.000000', '2020-04-27 09:51:00.000000'),
(15878, 639, 128, 'JOINED', '2020-04-25 00:15:00.000000', '2020-04-26 19:05:24.000000'),
(15879, 639, 129, 'JOINED', '2020-04-25 00:15:00.000000', '2020-04-26 11:35:24.000000'),
(15880, 639, 130, 'JOINED', '2020-04-25 00:15:00.000000', '2020-04-25 06:51:00.000000'),
(15881, 639, 131, 'JOINED', '2020-04-25 00:15:00.000000', '2020-04-27 02:31:48.000000'),
(15882, 639, 132, 'JOINED', '2020-04-25 00:15:00.000000', '2020-04-25 01:01:48.000000'),
(15883, 639, 133, 'JOINED', '2020-04-25 00:15:00.000000', '2020-04-26 05:17:24.000000'),
(15884, 639, 134, 'JOINED', '2020-04-25 00:15:00.000000', '2020-04-27 08:42:36.000000'),
(15885, 639, 135, 'JOINED', '2020-04-25 00:15:00.000000', '2020-04-25 04:48:36.000000'),
(15886, 639, 139, 'JOINED', '2020-04-25 00:15:00.000000', '2020-04-29 12:15:00.000000');
INSERT INTO report (id, created_by_id, title, content, rejected_reason, report_status, created_time, updated_time, reviewed_time)
VALUES
(DEFAULT, 15861, 'Employee 111 submit Report', 'Completed Task.', NULL, 'APPROVED', '2020-04-26 08:03:00.000000', '2020-04-26 08:03:00.000000', '2020-04-26 08:08:00.000000'),
(DEFAULT, 15862, 'Employee 112 submit Report', 'Completed Task.', NULL, 'APPROVED', '2020-04-28 06:43:48.000000', '2020-04-28 06:43:48.000000', '2020-04-28 06:48:48.000000'),
(DEFAULT, 15863, 'Employee 113 submit Report', 'Completed Task.', NULL, 'APPROVED', '2020-04-28 23:31:48.000000', '2020-04-28 23:31:48.000000', '2020-04-28 23:36:48.000000'),
(DEFAULT, 15864, 'Employee 114 submit Report', 'Completed Task.', NULL, 'APPROVED', '2020-04-29 07:05:24.000000', '2020-04-29 07:05:24.000000', '2020-04-29 07:10:24.000000'),
(DEFAULT, 15865, 'Employee 115 submit Report', 'Completed Task.', NULL, 'APPROVED', '2020-04-27 13:12:36.000000', '2020-04-27 13:12:36.000000', '2020-04-27 13:17:36.000000'),
(DEFAULT, 15866, 'Employee 116 submit Report', 'Completed Task.', NULL, 'APPROVED', '2020-05-02 22:34:12.000000', '2020-05-02 22:34:12.000000', '2020-05-02 22:39:12.000000'),
(DEFAULT, 15867, 'Employee 117 submit Report', 'Completed Task.', NULL, 'APPROVED', '2020-04-26 22:12:36.000000', '2020-04-26 22:12:36.000000', '2020-04-26 22:17:36.000000'),
(DEFAULT, 15868, 'Employee 118 submit Report', 'Completed Task.', NULL, 'APPROVED', '2020-05-04 05:31:48.000000', '2020-05-04 05:31:48.000000', '2020-05-04 05:36:48.000000'),
(DEFAULT, 15869, 'Employee 119 submit Report', 'Completed Task.', NULL, 'APPROVED', '2020-04-27 14:10:12.000000', '2020-04-27 14:10:12.000000', '2020-04-27 14:15:12.000000'),
(DEFAULT, 15870, 'Employee 120 submit Report', 'Completed Task.', NULL, 'APPROVED', '2020-04-28 08:53:24.000000', '2020-04-28 08:53:24.000000', '2020-04-28 08:58:24.000000'),
(DEFAULT, 15871, 'Employee 121 submit Report', 'Completed Task.', NULL, 'APPROVED', '2020-05-02 08:28:12.000000', '2020-05-02 08:28:12.000000', '2020-05-02 08:33:12.000000'),
(DEFAULT, 15872, 'Employee 122 submit Report', 'Completed Task.', NULL, 'APPROVED', '2020-04-26 16:55:48.000000', '2020-04-26 16:55:48.000000', '2020-04-26 17:00:48.000000'),
(DEFAULT, 15873, 'Employee 123 submit Report', 'Completed Task.', NULL, 'APPROVED', '2020-04-26 04:05:24.000000', '2020-04-26 04:05:24.000000', '2020-04-26 04:10:24.000000'),
(DEFAULT, 15874, 'Employee 124 submit Report', 'Completed Task.', NULL, 'APPROVED', '2020-04-29 20:17:24.000000', '2020-04-29 20:17:24.000000', '2020-04-29 20:22:24.000000'),
(DEFAULT, 15875, 'Employee 125 submit Report', 'Completed Task.', NULL, 'APPROVED', '2020-04-27 21:36:36.000000', '2020-04-27 21:36:36.000000', '2020-04-27 21:41:36.000000'),
(DEFAULT, 15876, 'Employee 126 submit Report', 'Completed Task.', NULL, 'APPROVED', '2020-04-29 11:46:12.000000', '2020-04-29 11:46:12.000000', '2020-04-29 11:51:12.000000'),
(DEFAULT, 15877, 'Employee 127 submit Report', 'Completed Task.', NULL, 'APPROVED', '2020-04-28 11:24:36.000000', '2020-04-28 11:24:36.000000', '2020-04-28 11:29:36.000000'),
(DEFAULT, 15878, 'Employee 128 submit Report', 'Completed Task.', NULL, 'APPROVED', '2020-04-28 18:51:00.000000', '2020-04-28 18:51:00.000000', '2020-04-28 18:56:00.000000'),
(DEFAULT, 15879, 'Employee 129 submit Report', 'Completed Task.', NULL, 'APPROVED', '2020-05-03 12:54:36.000000', '2020-05-03 12:54:36.000000', '2020-05-03 12:59:36.000000'),
(DEFAULT, 15880, 'Employee 130 submit Report', 'Completed Task.', NULL, 'APPROVED', '2020-04-26 04:41:24.000000', '2020-04-26 04:41:24.000000', '2020-04-26 04:46:24.000000'),
(DEFAULT, 15881, 'Employee 131 submit Report', 'Completed Task.', NULL, 'APPROVED', '2020-04-27 23:17:24.000000', '2020-04-27 23:17:24.000000', '2020-04-27 23:22:24.000000'),
(DEFAULT, 15882, 'Employee 132 submit Report', 'Completed Task.', NULL, 'APPROVED', '2020-05-04 23:28:12.000000', '2020-05-04 23:28:12.000000', '2020-05-04 23:33:12.000000'),
(DEFAULT, 15883, 'Employee 133 submit Report', 'Completed Task.', NULL, 'APPROVED', '2020-05-03 19:12:36.000000', '2020-05-03 19:12:36.000000', '2020-05-03 19:17:36.000000'),
(DEFAULT, 15884, 'Employee 134 submit Report', 'Completed Task.', NULL, 'APPROVED', '2020-05-02 15:47:24.000000', '2020-05-02 15:47:24.000000', '2020-05-02 15:52:24.000000'),
(DEFAULT, 15885, 'Employee 135 submit Report', 'Completed Task.', NULL, 'APPROVED', '2020-04-27 12:00:36.000000', '2020-04-27 12:00:36.000000', '2020-04-27 12:05:36.000000'),
(DEFAULT, 15886, 'Employee 139 submit Report', 'Completed Task.', NULL, 'APPROVED', '2020-05-12 15:58:12.000000', '2020-05-12 15:58:12.000000', '2020-05-12 16:03:12.000000');

-- 2020-05-01 00:15:00.000000
-- 2020-05-01
INSERT INTO task (id, collection_id, created_by_id, root_task_id, name, description, report_format, level, task_type, priority, is_locked, start_date, end_date, deadline, created_time, updated_time)
VALUES (640, 56, 151, NULL, 'Test CV Visibility Rules', 'This is Test CV Visibility Rules', NULL, 'ADVANCED', 'TEST', 'URGENT', FALSE, '2020-05-01', '2020-05-27', '2020-05-08', '2020-05-01 00:15:00.000000', '2020-05-01 00:15:00.000000');

INSERT INTO task_for_users (id, task_id, assigned_to_id, user_task_status, updated_time, started_time)
VALUES
(15888, 640, 112, 'JOINED', '2020-05-01 00:15:00.000000', '2020-05-01 19:29:09.600000'),
(15889, 640, 113, 'JOINED', '2020-05-01 00:15:00.000000', '2020-05-04 14:46:12.000000'),
(15890, 640, 116, 'JOINED', '2020-05-01 00:15:00.000000', '2020-05-02 15:43:48.000000'),
(15891, 640, 117, 'JOINED', '2020-05-01 00:15:00.000000', '2020-05-01 06:27:57.600000'),
(15892, 640, 118, 'JOINED', '2020-05-01 00:15:00.000000', '2020-05-07 07:27:00.000000'),
(15893, 640, 119, 'JOINED', '2020-05-01 00:15:00.000000', '2020-05-07 07:27:00.000000'),
(15894, 640, 120, 'JOINED', '2020-05-01 00:15:00.000000', '2020-05-01 17:03:00.000000'),
(15895, 640, 121, 'JOINED', '2020-05-01 00:15:00.000000', '2020-05-02 14:48:21.600000'),
(15896, 640, 122, 'JOINED', '2020-05-01 00:15:00.000000', '2020-05-04 00:59:38.400000'),
(15897, 640, 123, 'JOINED', '2020-05-01 00:15:00.000000', '2020-05-07 07:27:00.000000'),
(15898, 640, 124, 'JOINED', '2020-05-01 00:15:00.000000', '2020-05-02 13:07:33.600000'),
(15899, 640, 125, 'JOINED', '2020-05-01 00:15:00.000000', '2020-05-07 07:27:00.000000'),
(15900, 640, 126, 'JOINED', '2020-05-01 00:15:00.000000', '2020-05-01 10:50:02.400000'),
(15901, 640, 127, 'JOINED', '2020-05-01 00:15:00.000000', '2020-05-01 12:51:00.000000'),
(15902, 640, 128, 'JOINED', '2020-05-01 00:15:00.000000', '2020-05-07 07:27:00.000000'),
(15903, 640, 129, 'JOINED', '2020-05-01 00:15:00.000000', '2020-05-01 09:19:19.200000'),
(15904, 640, 130, 'JOINED', '2020-05-01 00:15:00.000000', '2020-05-07 07:27:00.000000'),
(15905, 640, 131, 'JOINED', '2020-05-01 00:15:00.000000', '2020-05-01 16:12:36.000000'),
(15906, 640, 132, 'JOINED', '2020-05-01 00:15:00.000000', '2020-05-07 07:27:00.000000'),
(15907, 640, 133, 'JOINED', '2020-05-01 00:15:00.000000', '2020-05-07 07:27:00.000000'),
(15908, 640, 134, 'JOINED', '2020-05-01 00:15:00.000000', '2020-05-01 00:25:04.800000'),
(15909, 640, 135, 'JOINED', '2020-05-01 00:15:00.000000', '2020-05-07 07:27:00.000000'),
(15910, 640, 111, 'JOINED', '2020-05-01 00:15:00.000000', '2020-05-07 07:27:00.000000');
INSERT INTO report (id, created_by_id, title, content, rejected_reason, report_status, created_time, updated_time, reviewed_time)
VALUES
(DEFAULT, 15888, 'Employee 112 submit Report', 'Completed Task.', NULL, 'APPROVED', '2020-05-14 05:00:50.400000', '2020-05-14 05:00:50.400000', '2020-05-14 05:05:50.400000'),
(DEFAULT, 15889, 'Employee 113 submit Report', 'Completed Task.', NULL, 'APPROVED', '2020-05-07 09:38:02.400000', '2020-05-07 09:38:02.400000', '2020-05-07 09:43:02.400000'),
(DEFAULT, 15890, 'Employee 116 submit Report', 'Completed Task.', NULL, 'APPROVED', '2020-05-13 08:46:12.000000', '2020-05-13 08:46:12.000000', '2020-05-13 08:51:12.000000'),
(DEFAULT, 15891, 'Employee 117 submit Report', 'Completed Task.', NULL, 'APPROVED', '2020-05-14 18:02:02.400000', '2020-05-14 18:02:02.400000', '2020-05-14 18:07:02.400000'),
(DEFAULT, 15892, 'Employee 118 submit Report', 'Completed Task.', NULL, 'APPROVED', '2020-05-21 15:20:45.600000', '2020-05-21 15:20:45.600000', '2020-05-21 15:25:45.600000'),
(DEFAULT, 15893, 'Employee 119 submit Report', 'Completed Task.', NULL, 'APPROVED', '2020-05-21 15:40:55.200000', '2020-05-21 15:40:55.200000', '2020-05-21 15:45:55.200000'),
(DEFAULT, 15894, 'Employee 120 submit Report', 'Completed Task.', NULL, 'APPROVED', '2020-05-07 05:05:52.800000', '2020-05-07 05:05:52.800000', '2020-05-07 05:10:52.800000'),
(DEFAULT, 15895, 'Employee 121 submit Report', 'Completed Task.', NULL, 'APPROVED', '2020-05-13 09:41:38.400000', '2020-05-13 09:41:38.400000', '2020-05-13 09:46:38.400000'),
(DEFAULT, 15896, 'Employee 122 submit Report', 'Completed Task.', NULL, 'APPROVED', '2020-05-07 16:11:09.600000', '2020-05-07 16:11:09.600000', '2020-05-07 16:16:09.600000'),
(DEFAULT, 15897, 'Employee 123 submit Report', 'Completed Task.', NULL, 'APPROVED', '2020-05-26 16:28:26.400000', '2020-05-26 16:28:26.400000', '2020-05-26 16:33:26.400000'),
(DEFAULT, 15898, 'Employee 124 submit Report', 'Completed Task.', NULL, 'APPROVED', '2020-05-13 11:22:26.400000', '2020-05-13 11:22:26.400000', '2020-05-13 11:27:26.400000'),
(DEFAULT, 15899, 'Employee 125 submit Report', 'Completed Task.', NULL, 'APPROVED', '2020-05-25 18:17:52.800000', '2020-05-25 18:17:52.800000', '2020-05-25 18:22:52.800000'),
(DEFAULT, 15900, 'Employee 126 submit Report', 'Completed Task.', NULL, 'APPROVED', '2020-05-07 05:56:16.800000', '2020-05-07 05:56:16.800000', '2020-05-07 06:01:16.800000'),
(DEFAULT, 15901, 'Employee 127 submit Report', 'Completed Task.', NULL, 'APPROVED', '2020-05-14 11:39:00.000000', '2020-05-14 11:39:00.000000', '2020-05-14 11:44:00.000000'),
(DEFAULT, 15902, 'Employee 128 submit Report', 'Completed Task.', NULL, 'APPROVED', '2020-05-23 11:01:33.600000', '2020-05-23 11:01:33.600000', '2020-05-23 11:06:33.600000'),
(DEFAULT, 15903, 'Employee 129 submit Report', 'Completed Task.', NULL, 'APPROVED', '2020-05-06 03:23:38.400000', '2020-05-06 03:23:38.400000', '2020-05-06 03:28:38.400000'),
(DEFAULT, 15904, 'Employee 130 submit Report', 'Completed Task.', NULL, 'APPROVED', '2020-05-25 05:31:48.000000', '2020-05-25 05:31:48.000000', '2020-05-25 05:36:48.000000'),
(DEFAULT, 15905, 'Employee 131 submit Report', 'Completed Task.', NULL, 'APPROVED', '2020-05-05 05:43:19.200000', '2020-05-05 05:43:19.200000', '2020-05-05 05:48:19.200000'),
(DEFAULT, 15906, 'Employee 132 submit Report', 'Completed Task.', NULL, 'APPROVED', '2020-05-27 01:02:31.200000', '2020-05-27 01:02:31.200000', '2020-05-27 01:07:31.200000'),
(DEFAULT, 15907, 'Employee 133 submit Report', 'Completed Task.', NULL, 'APPROVED', '2020-05-23 09:10:40.800000', '2020-05-23 09:10:40.800000', '2020-05-23 09:15:40.800000'),
(DEFAULT, 15908, 'Employee 134 submit Report', 'Completed Task.', NULL, 'APPROVED', '2020-05-04 12:25:04.800000', '2020-05-04 12:25:04.800000', '2020-05-04 12:30:04.800000'),
(DEFAULT, 15909, 'Employee 135 submit Report', 'Completed Task.', NULL, 'APPROVED', '2020-05-23 03:38:02.400000', '2020-05-23 03:38:02.400000', '2020-05-23 03:43:02.400000'),
(DEFAULT, 15910, 'Employee 111 submit Report', 'Completed Task.', NULL, 'APPROVED', '2020-05-26 16:08:16.800000', '2020-05-26 16:08:16.800000', '2020-05-26 16:13:16.800000');

-- 2020-05-09 00:15:00.000000
-- 2020-05-09
INSERT INTO task (id, collection_id, created_by_id, root_task_id, name, description, report_format, level, task_type, priority, is_locked, start_date, end_date, deadline, created_time, updated_time)
VALUES (641, 56, 151, NULL, 'Test CV Sharing Permissions', 'This is Test CV Sharing Permissions', NULL, 'ADVANCED', 'TEST', 'HIGH', FALSE, '2020-05-09', '2020-05-31', '2020-05-15', '2020-05-09 00:15:00.000000', '2020-05-09 00:15:00.000000');

INSERT INTO task_for_users (id, task_id, assigned_to_id, user_task_status, updated_time, started_time)
VALUES
(15912, 641, 112, 'JOINED', '2020-05-09 00:15:00.000000', '2020-05-10 00:00:36.000000'),
(15913, 641, 115, 'JOINED', '2020-05-09 00:15:00.000000', '2020-05-11 01:21:14.400000'),
(15914, 641, 116, 'JOINED', '2020-05-09 00:15:00.000000', '2020-05-14 09:51:00.000000'),
(15915, 641, 117, 'JOINED', '2020-05-09 00:15:00.000000', '2020-05-11 14:27:28.800000'),
(15916, 641, 118, 'JOINED', '2020-05-09 00:15:00.000000', '2020-05-09 19:24:07.200000'),
(15917, 641, 119, 'JOINED', '2020-05-09 00:15:00.000000', '2020-05-14 09:51:00.000000'),
(15918, 641, 120, 'JOINED', '2020-05-09 00:15:00.000000', '2020-05-10 10:57:14.400000'),
(15919, 641, 121, 'JOINED', '2020-05-09 00:15:00.000000', '2020-05-09 06:26:31.200000'),
(15920, 641, 122, 'JOINED', '2020-05-09 00:15:00.000000', '2020-05-14 09:51:00.000000'),
(15921, 641, 123, 'JOINED', '2020-05-09 00:15:00.000000', '2020-05-10 18:43:48.000000'),
(15922, 641, 124, 'JOINED', '2020-05-09 00:15:00.000000', '2020-05-14 09:51:00.000000'),
(15923, 641, 125, 'JOINED', '2020-05-09 00:15:00.000000', '2020-05-10 05:54:50.400000'),
(15924, 641, 126, 'JOINED', '2020-05-09 00:15:00.000000', '2020-05-09 01:32:45.600000'),
(15925, 641, 127, 'JOINED', '2020-05-09 00:15:00.000000', '2020-05-14 09:51:00.000000'),
(15926, 641, 128, 'JOINED', '2020-05-09 00:15:00.000000', '2020-05-10 03:19:19.200000'),
(15927, 641, 129, 'JOINED', '2020-05-09 00:15:00.000000', '2020-05-10 03:02:02.400000'),
(15928, 641, 130, 'JOINED', '2020-05-09 00:15:00.000000', '2020-05-14 09:51:00.000000'),
(15929, 641, 131, 'JOINED', '2020-05-09 00:15:00.000000', '2020-05-09 16:05:24.000000'),
(15930, 641, 132, 'JOINED', '2020-05-09 00:15:00.000000', '2020-05-09 04:34:12.000000'),
(15931, 641, 133, 'JOINED', '2020-05-09 00:15:00.000000', '2020-05-11 14:10:12.000000'),
(15932, 641, 134, 'JOINED', '2020-05-09 00:15:00.000000', '2020-05-10 16:25:33.600000'),
(15933, 641, 135, 'JOINED', '2020-05-09 00:15:00.000000', '2020-05-09 13:29:52.800000'),
(15934, 641, 111, 'JOINED', '2020-05-09 00:15:00.000000', '2020-05-14 09:51:00.000000');
INSERT INTO report (id, created_by_id, title, content, rejected_reason, report_status, created_time, updated_time, reviewed_time)
VALUES
(DEFAULT, 15912, 'Employee 112 submit Report', 'Completed Task.', NULL, 'APPROVED', '2020-05-11 18:46:40.800000', '2020-05-11 18:46:40.800000', '2020-05-11 18:51:40.800000'),
(DEFAULT, 15913, 'Employee 115 submit Report', 'Completed Task.', NULL, 'APPROVED', '2020-05-13 20:10:12.000000', '2020-05-13 20:10:12.000000', '2020-05-13 20:15:12.000000'),
(DEFAULT, 15914, 'Employee 116 submit Report', 'Completed Task.', NULL, 'APPROVED', '2020-05-31 21:45:14.400000', '2020-05-31 21:45:14.400000', '2020-05-31 21:50:14.400000'),
(DEFAULT, 15915, 'Employee 117 submit Report', 'Completed Task.', NULL, 'APPROVED', '2020-05-14 16:54:21.600000', '2020-05-14 16:54:21.600000', '2020-05-14 16:59:21.600000'),
(DEFAULT, 15916, 'Employee 118 submit Report', 'Completed Task.', NULL, 'APPROVED', '2020-05-12 14:47:38.400000', '2020-05-12 14:47:38.400000', '2020-05-12 14:52:38.400000'),
(DEFAULT, 15917, 'Employee 119 submit Report', 'Completed Task.', NULL, 'APPROVED', '2020-05-30 09:10:40.800000', '2020-05-30 09:10:40.800000', '2020-05-30 09:15:40.800000'),
(DEFAULT, 15918, 'Employee 120 submit Report', 'Completed Task.', NULL, 'APPROVED', '2020-05-19 13:32:45.600000', '2020-05-19 13:32:45.600000', '2020-05-19 13:37:45.600000'),
(DEFAULT, 15919, 'Employee 121 submit Report', 'Completed Task.', NULL, 'APPROVED', '2020-05-11 16:45:43.200000', '2020-05-11 16:45:43.200000', '2020-05-11 16:50:43.200000'),
(DEFAULT, 15920, 'Employee 122 submit Report', 'Completed Task.', NULL, 'APPROVED', '2020-05-29 18:03:28.800000', '2020-05-29 18:03:28.800000', '2020-05-29 18:08:28.800000'),
(DEFAULT, 15921, 'Employee 123 submit Report', 'Completed Task.', NULL, 'APPROVED', '2020-05-12 21:33:43.200000', '2020-05-12 21:33:43.200000', '2020-05-12 21:38:43.200000'),
(DEFAULT, 15922, 'Employee 124 submit Report', 'Completed Task.', NULL, 'APPROVED', '2020-05-28 06:55:19.200000', '2020-05-28 06:55:19.200000', '2020-05-28 07:00:19.200000'),
(DEFAULT, 15923, 'Employee 125 submit Report', 'Completed Task.', NULL, 'APPROVED', '2020-05-14 18:03:28.800000', '2020-05-14 18:03:28.800000', '2020-05-14 18:08:28.800000'),
(DEFAULT, 15924, 'Employee 126 submit Report', 'Completed Task.', NULL, 'APPROVED', '2020-05-10 22:54:21.600000', '2020-05-10 22:54:21.600000', '2020-05-10 22:59:21.600000'),
(DEFAULT, 15925, 'Employee 127 submit Report', 'Completed Task.', NULL, 'APPROVED', '2020-05-30 14:04:26.400000', '2020-05-30 14:04:26.400000', '2020-05-30 14:09:26.400000'),
(DEFAULT, 15926, 'Employee 128 submit Report', 'Completed Task.', NULL, 'APPROVED', '2020-05-14 19:47:09.600000', '2020-05-14 19:47:09.600000', '2020-05-14 19:52:09.600000'),
(DEFAULT, 15927, 'Employee 129 submit Report', 'Completed Task.', NULL, 'APPROVED', '2020-05-14 13:18:21.600000', '2020-05-14 13:18:21.600000', '2020-05-14 13:23:21.600000'),
(DEFAULT, 15928, 'Employee 130 submit Report', 'Completed Task.', NULL, 'APPROVED', '2020-05-27 04:25:33.600000', '2020-05-27 04:25:33.600000', '2020-05-27 04:30:33.600000'),
(DEFAULT, 15929, 'Employee 131 submit Report', 'Completed Task.', NULL, 'APPROVED', '2020-05-14 06:40:55.200000', '2020-05-14 06:40:55.200000', '2020-05-14 06:45:55.200000'),
(DEFAULT, 15930, 'Employee 132 submit Report', 'Completed Task.', NULL, 'APPROVED', '2020-05-14 14:44:45.600000', '2020-05-14 14:44:45.600000', '2020-05-14 14:49:45.600000'),
(DEFAULT, 15931, 'Employee 133 submit Report', 'Completed Task.', NULL, 'APPROVED', '2020-05-14 02:39:00.000000', '2020-05-14 02:39:00.000000', '2020-05-14 02:44:00.000000'),
(DEFAULT, 15932, 'Employee 134 submit Report', 'Completed Task.', NULL, 'APPROVED', '2020-05-14 12:52:26.400000', '2020-05-14 12:52:26.400000', '2020-05-14 12:57:26.400000'),
(DEFAULT, 15933, 'Employee 135 submit Report', 'Completed Task.', NULL, 'APPROVED', '2020-05-13 10:14:02.400000', '2020-05-13 10:14:02.400000', '2020-05-13 10:19:02.400000'),
(DEFAULT, 15934, 'Employee 111 submit Report', 'Completed Task.', NULL, 'APPROVED', '2020-05-30 00:49:33.600000', '2020-05-30 00:49:33.600000', '2020-05-30 00:54:33.600000');

-- 2020-05-16 00:15:00.000000
-- 2020-05-16
INSERT INTO task (id, collection_id, created_by_id, root_task_id, name, description, report_format, level, task_type, priority, is_locked, start_date, end_date, deadline, created_time, updated_time)
VALUES (642, 56, 151, NULL, 'Test Template Selection Flow', 'This is Test Template Selection Flow', NULL, 'ADVANCED', 'TEST', 'LOW', FALSE, '2020-05-16', '2020-05-31', '2020-05-20', '2020-05-16 00:15:00.000000', '2020-05-16 00:15:00.000000');

INSERT INTO task_for_users (id, task_id, assigned_to_id, user_task_status, updated_time, started_time)
VALUES
(15936, 642, 113, 'JOINED', '2020-05-16 00:15:00.000000', '2020-05-16 18:00:36.000000'),
(15937, 642, 115, 'JOINED', '2020-05-16 00:15:00.000000', '2020-05-16 08:07:19.200000'),
(15938, 642, 116, 'JOINED', '2020-05-16 00:15:00.000000', '2020-05-19 14:39:00.000000'),
(15939, 642, 117, 'JOINED', '2020-05-16 00:15:00.000000', '2020-05-16 09:33:43.200000'),
(15940, 642, 118, 'JOINED', '2020-05-16 00:15:00.000000', '2020-05-17 13:29:52.800000'),
(15941, 642, 119, 'JOINED', '2020-05-16 00:15:00.000000', '2020-05-16 22:54:21.600000'),
(15942, 642, 120, 'JOINED', '2020-05-16 00:15:00.000000', '2020-05-17 01:09:43.200000'),
(15943, 642, 121, 'JOINED', '2020-05-16 00:15:00.000000', '2020-05-18 07:50:02.400000'),
(15944, 642, 122, 'JOINED', '2020-05-16 00:15:00.000000', '2020-05-18 13:41:24.000000'),
(15945, 642, 123, 'JOINED', '2020-05-16 00:15:00.000000', '2020-05-16 08:30:21.600000'),
(15946, 642, 124, 'JOINED', '2020-05-16 00:15:00.000000', '2020-05-19 14:39:00.000000'),
(15947, 642, 125, 'JOINED', '2020-05-16 00:15:00.000000', '2020-05-16 23:46:12.000000'),
(15948, 642, 126, 'JOINED', '2020-05-16 00:15:00.000000', '2020-05-16 02:56:16.800000'),
(15949, 642, 127, 'JOINED', '2020-05-16 00:15:00.000000', '2020-05-16 20:53:24.000000'),
(15950, 642, 128, 'JOINED', '2020-05-16 00:15:00.000000', '2020-05-16 23:11:38.400000'),
(15951, 642, 129, 'JOINED', '2020-05-16 00:15:00.000000', '2020-05-18 02:04:26.400000'),
(15952, 642, 130, 'JOINED', '2020-05-16 00:15:00.000000', '2020-05-19 14:39:00.000000'),
(15953, 642, 131, 'JOINED', '2020-05-16 00:15:00.000000', '2020-05-18 07:58:40.800000'),
(15954, 642, 132, 'JOINED', '2020-05-16 00:15:00.000000', '2020-05-18 08:13:04.800000'),
(15955, 642, 133, 'JOINED', '2020-05-16 00:15:00.000000', '2020-05-16 01:18:21.600000'),
(15956, 642, 134, 'JOINED', '2020-05-16 00:15:00.000000', '2020-05-16 20:53:24.000000'),
(15957, 642, 135, 'JOINED', '2020-05-16 00:15:00.000000', '2020-05-16 13:52:55.200000'),
(15958, 642, 112, 'JOINED', '2020-05-16 00:15:00.000000', '2020-05-16 01:18:21.600000');
INSERT INTO report (id, created_by_id, title, content, rejected_reason, report_status, created_time, updated_time, reviewed_time)
VALUES
(DEFAULT, 15936, 'Employee 113 submit Report', 'Completed Task.', NULL, 'APPROVED', '2020-05-18 01:29:52.800000', '2020-05-18 01:29:52.800000', '2020-05-18 01:34:52.800000'),
(DEFAULT, 15937, 'Employee 115 submit Report', 'Completed Task.', NULL, 'APPROVED', '2020-05-17 01:24:07.200000', '2020-05-17 01:24:07.200000', '2020-05-17 01:29:07.200000'),
(DEFAULT, 15938, 'Employee 116 submit Report', 'Completed Task.', NULL, 'APPROVED', '2020-05-31 08:47:38.400000', '2020-05-31 08:47:38.400000', '2020-05-31 08:52:38.400000'),
(DEFAULT, 15939, 'Employee 117 submit Report', 'Completed Task.', NULL, 'APPROVED', '2020-05-17 16:05:24.000000', '2020-05-17 16:05:24.000000', '2020-05-17 16:10:24.000000'),
(DEFAULT, 15940, 'Employee 118 submit Report', 'Completed Task.', NULL, 'APPROVED', '2020-05-19 21:16:26.400000', '2020-05-19 21:16:26.400000', '2020-05-19 21:21:26.400000'),
(DEFAULT, 15941, 'Employee 119 submit Report', 'Completed Task.', NULL, 'APPROVED', '2020-05-19 14:21:43.200000', '2020-05-19 14:21:43.200000', '2020-05-19 14:26:43.200000'),
(DEFAULT, 15942, 'Employee 120 submit Report', 'Completed Task.', NULL, 'APPROVED', '2020-05-22 23:20:16.800000', '2020-05-22 23:20:16.800000', '2020-05-22 23:25:16.800000'),
(DEFAULT, 15943, 'Employee 121 submit Report', 'Completed Task.', NULL, 'APPROVED', '2020-05-21 16:39:57.600000', '2020-05-21 16:39:57.600000', '2020-05-21 16:44:57.600000'),
(DEFAULT, 15944, 'Employee 122 submit Report', 'Completed Task.', NULL, 'APPROVED', '2020-05-19 08:18:50.400000', '2020-05-19 08:18:50.400000', '2020-05-19 08:23:50.400000'),
(DEFAULT, 15945, 'Employee 123 submit Report', 'Completed Task.', NULL, 'APPROVED', '2020-05-23 15:59:38.400000', '2020-05-23 15:59:38.400000', '2020-05-23 16:04:38.400000'),
(DEFAULT, 15946, 'Employee 124 submit Report', 'Completed Task.', NULL, 'APPROVED', '2020-05-30 00:09:14.400000', '2020-05-30 00:09:14.400000', '2020-05-30 00:14:14.400000'),
(DEFAULT, 15947, 'Employee 125 submit Report', 'Completed Task.', NULL, 'APPROVED', '2020-05-17 20:18:50.400000', '2020-05-17 20:18:50.400000', '2020-05-17 20:23:50.400000'),
(DEFAULT, 15948, 'Employee 126 submit Report', 'Completed Task.', NULL, 'APPROVED', '2020-05-17 02:21:43.200000', '2020-05-17 02:21:43.200000', '2020-05-17 02:26:43.200000'),
(DEFAULT, 15949, 'Employee 127 submit Report', 'Completed Task.', NULL, 'APPROVED', '2020-05-18 13:35:38.400000', '2020-05-18 13:35:38.400000', '2020-05-18 13:40:38.400000'),
(DEFAULT, 15950, 'Employee 128 submit Report', 'Completed Task.', NULL, 'APPROVED', '2020-05-23 01:18:21.600000', '2020-05-23 01:18:21.600000', '2020-05-23 01:23:21.600000'),
(DEFAULT, 15951, 'Employee 129 submit Report', 'Completed Task.', NULL, 'APPROVED', '2020-05-19 06:52:26.400000', '2020-05-19 06:52:26.400000', '2020-05-19 06:57:26.400000'),
(DEFAULT, 15952, 'Employee 130 submit Report', 'Completed Task.', NULL, 'APPROVED', '2020-05-28 13:01:04.800000', '2020-05-28 13:01:04.800000', '2020-05-28 13:06:04.800000'),
(DEFAULT, 15953, 'Employee 131 submit Report', 'Completed Task.', NULL, 'APPROVED', '2020-05-21 16:31:19.200000', '2020-05-21 16:31:19.200000', '2020-05-21 16:36:19.200000'),
(DEFAULT, 15954, 'Employee 132 submit Report', 'Completed Task.', NULL, 'APPROVED', '2020-05-19 13:58:40.800000', '2020-05-19 13:58:40.800000', '2020-05-19 14:03:40.800000'),
(DEFAULT, 15955, 'Employee 133 submit Report', 'Completed Task.', NULL, 'APPROVED', '2020-05-18 02:04:26.400000', '2020-05-18 02:04:26.400000', '2020-05-18 02:09:26.400000'),
(DEFAULT, 15956, 'Employee 134 submit Report', 'Completed Task.', NULL, 'APPROVED', '2020-05-18 00:49:33.600000', '2020-05-18 00:49:33.600000', '2020-05-18 00:54:33.600000'),
(DEFAULT, 15957, 'Employee 135 submit Report', 'Completed Task.', NULL, 'APPROVED', '2020-05-18 19:27:00.000000', '2020-05-18 19:27:00.000000', '2020-05-18 19:32:00.000000'),
(DEFAULT, 15958, 'Employee 112 submit Report', 'Completed Task.', NULL, 'APPROVED', '2020-05-19 06:17:52.800000', '2020-05-19 06:17:52.800000', '2020-05-19 06:22:52.800000');

-- 2020-05-21 00:15:00.000000
-- 2020-05-21
INSERT INTO task (id, collection_id, created_by_id, root_task_id, name, description, report_format, level, task_type, priority, is_locked, start_date, end_date, deadline, created_time, updated_time)
VALUES (643, 56, 151, NULL, 'Test Template Switching Behavior', 'This is Test Template Switching Behavior', NULL, 'NORMAL', 'TEST', 'NORMAL', FALSE, '2020-05-21', '2020-06-03', '2020-05-25', '2020-05-21 00:15:00.000000', '2020-05-21 00:15:00.000000');

INSERT INTO task_for_users (id, task_id, assigned_to_id, user_task_status, updated_time, started_time)
VALUES
(15960, 643, 116, 'JOINED', '2020-05-21 00:15:00.000000', '2020-05-22 05:37:33.600000'),
(15961, 643, 117, 'JOINED', '2020-05-21 00:15:00.000000', '2020-05-22 09:39:28.800000'),
(15962, 643, 118, 'JOINED', '2020-05-21 00:15:00.000000', '2020-05-22 23:40:26.400000'),
(15963, 643, 119, 'JOINED', '2020-05-21 00:15:00.000000', '2020-05-23 23:17:24.000000'),
(15964, 643, 120, 'JOINED', '2020-05-21 00:15:00.000000', '2020-05-22 04:22:40.800000'),
(15965, 643, 121, 'JOINED', '2020-05-21 00:15:00.000000', '2020-05-22 16:57:14.400000'),
(15966, 643, 122, 'JOINED', '2020-05-21 00:15:00.000000', '2020-05-21 04:22:40.800000'),
(15967, 643, 123, 'JOINED', '2020-05-21 00:15:00.000000', '2020-05-24 14:39:00.000000'),
(15968, 643, 124, 'JOINED', '2020-05-21 00:15:00.000000', '2020-05-21 19:52:55.200000'),
(15969, 643, 125, 'JOINED', '2020-05-21 00:15:00.000000', '2020-05-21 08:41:52.800000'),
(15970, 643, 126, 'JOINED', '2020-05-21 00:15:00.000000', '2020-05-22 11:40:26.400000'),
(15971, 643, 127, 'JOINED', '2020-05-21 00:15:00.000000', '2020-05-22 14:15:57.600000'),
(15972, 643, 128, 'JOINED', '2020-05-21 00:15:00.000000', '2020-05-22 10:08:16.800000'),
(15973, 643, 129, 'JOINED', '2020-05-21 00:15:00.000000', '2020-05-23 23:51:57.600000'),
(15974, 643, 130, 'JOINED', '2020-05-21 00:15:00.000000', '2020-05-21 05:31:48.000000'),
(15975, 643, 131, 'JOINED', '2020-05-21 00:15:00.000000', '2020-05-21 07:21:14.400000'),
(15976, 643, 132, 'JOINED', '2020-05-21 00:15:00.000000', '2020-05-21 10:02:31.200000'),
(15977, 643, 133, 'JOINED', '2020-05-21 00:15:00.000000', '2020-05-23 15:25:04.800000'),
(15978, 643, 134, 'JOINED', '2020-05-21 00:15:00.000000', '2020-05-21 12:49:33.600000'),
(15979, 643, 135, 'JOINED', '2020-05-21 00:15:00.000000', '2020-05-23 00:38:02.400000'),
(15980, 643, 139, 'JOINED', '2020-05-21 00:15:00.000000', '2020-05-24 14:39:00.000000'),
(15981, 643, 140, 'JOINED', '2020-05-21 00:15:00.000000', '2020-05-22 03:30:50.400000'),
(15982, 643, 112, 'JOINED', '2020-05-21 00:15:00.000000', '2020-05-21 20:07:19.200000');
INSERT INTO report (id, created_by_id, title, content, rejected_reason, report_status, created_time, updated_time, reviewed_time)
VALUES
(DEFAULT, 15960, 'Employee 116 submit Report', 'Completed Task.', NULL, 'APPROVED', '2020-05-23 08:01:33.600000', '2020-05-23 08:01:33.600000', '2020-05-23 08:06:33.600000'),
(DEFAULT, 15961, 'Employee 117 submit Report', 'Completed Task.', NULL, 'APPROVED', '2020-05-23 01:12:36.000000', '2020-05-23 01:12:36.000000', '2020-05-23 01:17:36.000000'),
(DEFAULT, 15962, 'Employee 118 submit Report', 'Completed Task.', NULL, 'APPROVED', '2020-05-24 13:01:04.800000', '2020-05-24 13:01:04.800000', '2020-05-24 13:06:04.800000'),
(DEFAULT, 15963, 'Employee 119 submit Report', 'Completed Task.', NULL, 'APPROVED', '2020-05-24 19:32:45.600000', '2020-05-24 19:32:45.600000', '2020-05-24 19:37:45.600000'),
(DEFAULT, 15964, 'Employee 120 submit Report', 'Completed Task.', NULL, 'APPROVED', '2020-05-23 15:59:38.400000', '2020-05-23 15:59:38.400000', '2020-05-23 16:04:38.400000'),
(DEFAULT, 15965, 'Employee 121 submit Report', 'Completed Task.', NULL, 'APPROVED', '2020-05-24 13:47:09.600000', '2020-05-24 13:47:09.600000', '2020-05-24 13:52:09.600000'),
(DEFAULT, 15966, 'Employee 122 submit Report', 'Completed Task.', NULL, 'APPROVED', '2020-05-21 20:30:21.600000', '2020-05-21 20:30:21.600000', '2020-05-21 20:35:21.600000'),
(DEFAULT, 15967, 'Employee 123 submit Report', 'Completed Task.', NULL, 'APPROVED', '2020-06-01 15:48:07.200000', '2020-06-01 15:48:07.200000', '2020-06-01 15:53:07.200000'),
(DEFAULT, 15968, 'Employee 124 submit Report', 'Completed Task.', NULL, 'APPROVED', '2020-05-28 04:37:04.800000', '2020-05-28 04:37:04.800000', '2020-05-28 04:42:04.800000'),
(DEFAULT, 15969, 'Employee 125 submit Report', 'Completed Task.', NULL, 'APPROVED', '2020-05-22 04:16:55.200000', '2020-05-22 04:16:55.200000', '2020-05-22 04:21:55.200000'),
(DEFAULT, 15970, 'Employee 126 submit Report', 'Completed Task.', NULL, 'APPROVED', '2020-05-23 14:27:28.800000', '2020-05-23 14:27:28.800000', '2020-05-23 14:32:28.800000'),
(DEFAULT, 15971, 'Employee 127 submit Report', 'Completed Task.', NULL, 'APPROVED', '2020-05-23 20:18:50.400000', '2020-05-23 20:18:50.400000', '2020-05-23 20:23:50.400000'),
(DEFAULT, 15972, 'Employee 128 submit Report', 'Completed Task.', NULL, 'APPROVED', '2020-05-23 10:02:31.200000', '2020-05-23 10:02:31.200000', '2020-05-23 10:07:31.200000'),
(DEFAULT, 15973, 'Employee 129 submit Report', 'Completed Task.', NULL, 'APPROVED', '2020-05-24 17:37:33.600000', '2020-05-24 17:37:33.600000', '2020-05-24 17:42:33.600000'),
(DEFAULT, 15974, 'Employee 130 submit Report', 'Completed Task.', NULL, 'APPROVED', '2020-05-28 18:58:12.000000', '2020-05-28 18:58:12.000000', '2020-05-28 19:03:12.000000'),
(DEFAULT, 15975, 'Employee 131 submit Report', 'Completed Task.', NULL, 'APPROVED', '2020-05-22 00:09:14.400000', '2020-05-22 00:09:14.400000', '2020-05-22 00:14:14.400000'),
(DEFAULT, 15976, 'Employee 132 submit Report', 'Completed Task.', NULL, 'APPROVED', '2020-05-22 13:12:36.000000', '2020-05-22 13:12:36.000000', '2020-05-22 13:17:36.000000'),
(DEFAULT, 15977, 'Employee 133 submit Report', 'Completed Task.', NULL, 'APPROVED', '2020-05-24 08:36:07.200000', '2020-05-24 08:36:07.200000', '2020-05-24 08:41:07.200000'),
(DEFAULT, 15978, 'Employee 134 submit Report', 'Completed Task.', NULL, 'APPROVED', '2020-05-22 06:46:40.800000', '2020-05-22 06:46:40.800000', '2020-05-22 06:51:40.800000'),
(DEFAULT, 15979, 'Employee 135 submit Report', 'Completed Task.', NULL, 'APPROVED', '2020-05-24 07:38:31.200000', '2020-05-24 07:38:31.200000', '2020-05-24 07:43:31.200000'),
(DEFAULT, 15980, 'Employee 139 submit Report', 'Completed Task.', NULL, 'APPROVED', '2020-06-03 08:18:50.400000', '2020-06-03 08:18:50.400000', '2020-06-03 08:23:50.400000'),
(DEFAULT, 15981, 'Employee 140 submit Report', 'Completed Task.', NULL, 'APPROVED', '2020-05-23 00:09:14.400000', '2020-05-23 00:09:14.400000', '2020-05-23 00:14:14.400000'),
(DEFAULT, 15982, 'Employee 112 submit Report', 'Completed Task.', NULL, 'APPROVED', '2020-05-24 20:07:19.200000', '2020-05-24 20:07:19.200000', '2020-05-24 20:12:19.200000');

-- 2020-05-26 00:15:00.000000
-- 2020-05-26
INSERT INTO task (id, collection_id, created_by_id, root_task_id, name, description, report_format, level, task_type, priority, is_locked, start_date, end_date, deadline, created_time, updated_time)
VALUES (644, 56, 151, NULL, 'Test Template Rendering Accuracy', 'This is Test Template Rendering Accuracy', NULL, 'NORMAL', 'TEST', 'LOW', FALSE, '2020-05-26', '2020-06-06', '2020-05-29', '2020-05-26 00:15:00.000000', '2020-05-26 00:15:00.000000');

INSERT INTO task_for_users (id, task_id, assigned_to_id, user_task_status, updated_time, started_time)
VALUES
(15984, 644, 116, 'JOINED', '2020-05-26 00:15:00.000000', '2020-05-27 22:06:50.400000'),
(15985, 644, 117, 'JOINED', '2020-05-26 00:15:00.000000', '2020-05-27 15:29:24.000000'),
(15986, 644, 118, 'JOINED', '2020-05-26 00:15:00.000000', '2020-05-27 18:39:28.800000'),
(15987, 644, 119, 'JOINED', '2020-05-26 00:15:00.000000', '2020-05-27 02:49:04.800000'),
(15988, 644, 120, 'JOINED', '2020-05-26 00:15:00.000000', '2020-05-26 08:44:45.600000'),
(15989, 644, 121, 'JOINED', '2020-05-26 00:15:00.000000', '2020-05-26 09:06:21.600000'),
(15990, 644, 122, 'JOINED', '2020-05-26 00:15:00.000000', '2020-05-26 17:44:45.600000'),
(15991, 644, 123, 'JOINED', '2020-05-26 00:15:00.000000', '2020-05-26 21:16:26.400000'),
(15992, 644, 124, 'JOINED', '2020-05-26 00:15:00.000000', '2020-05-26 04:03:57.600000'),
(15993, 644, 125, 'JOINED', '2020-05-26 00:15:00.000000', '2020-05-27 06:59:38.400000'),
(15994, 644, 126, 'JOINED', '2020-05-26 00:15:00.000000', '2020-05-26 08:44:45.600000'),
(15995, 644, 127, 'JOINED', '2020-05-26 00:15:00.000000', '2020-05-26 05:47:38.400000'),
(15996, 644, 128, 'JOINED', '2020-05-26 00:15:00.000000', '2020-05-26 08:53:24.000000'),
(15997, 644, 129, 'JOINED', '2020-05-26 00:15:00.000000', '2020-05-27 02:36:07.200000'),
(15998, 644, 130, 'JOINED', '2020-05-26 00:15:00.000000', '2020-05-26 11:11:38.400000'),
(15999, 644, 131, 'JOINED', '2020-05-26 00:15:00.000000', '2020-05-26 21:03:28.800000'),
(16000, 644, 132, 'JOINED', '2020-05-26 00:15:00.000000', '2020-05-26 10:06:50.400000'),
(16001, 644, 133, 'JOINED', '2020-05-26 00:15:00.000000', '2020-05-26 09:32:16.800000'),
(16002, 644, 134, 'JOINED', '2020-05-26 00:15:00.000000', '2020-05-26 05:34:40.800000'),
(16003, 644, 135, 'JOINED', '2020-05-26 00:15:00.000000', '2020-05-27 02:31:48.000000'),
(16004, 644, 136, 'JOINED', '2020-05-26 00:15:00.000000', '2020-05-27 10:05:24.000000'),
(16005, 644, 139, 'JOINED', '2020-05-26 00:15:00.000000', '2020-05-27 08:21:43.200000'),
(16006, 644, 112, 'JOINED', '2020-05-26 00:15:00.000000', '2020-05-28 17:03:00.000000');
INSERT INTO report (id, created_by_id, title, content, rejected_reason, report_status, created_time, updated_time, reviewed_time)
VALUES
(DEFAULT, 15984, 'Employee 116 submit Report', 'Completed Task.', NULL, 'APPROVED', '2020-05-28 09:03:28.800000', '2020-05-28 09:03:28.800000', '2020-05-28 09:08:28.800000'),
(DEFAULT, 15985, 'Employee 117 submit Report', 'Completed Task.', NULL, 'APPROVED', '2020-05-28 17:33:14.400000', '2020-05-28 17:33:14.400000', '2020-05-28 17:38:14.400000'),
(DEFAULT, 15986, 'Employee 118 submit Report', 'Completed Task.', NULL, 'APPROVED', '2020-05-28 19:34:12.000000', '2020-05-28 19:34:12.000000', '2020-05-28 19:39:12.000000'),
(DEFAULT, 15987, 'Employee 119 submit Report', 'Completed Task.', NULL, 'APPROVED', '2020-05-28 00:29:24.000000', '2020-05-28 00:29:24.000000', '2020-05-28 00:34:24.000000'),
(DEFAULT, 15988, 'Employee 120 submit Report', 'Completed Task.', NULL, 'APPROVED', '2020-05-27 12:06:21.600000', '2020-05-27 12:06:21.600000', '2020-05-27 12:11:21.600000'),
(DEFAULT, 15989, 'Employee 121 submit Report', 'Completed Task.', NULL, 'APPROVED', '2020-05-31 15:23:38.400000', '2020-05-31 15:23:38.400000', '2020-05-31 15:28:38.400000'),
(DEFAULT, 15990, 'Employee 122 submit Report', 'Completed Task.', NULL, 'APPROVED', '2020-05-28 04:48:36.000000', '2020-05-28 04:48:36.000000', '2020-05-28 04:53:36.000000'),
(DEFAULT, 15991, 'Employee 123 submit Report', 'Completed Task.', NULL, 'APPROVED', '2020-05-27 15:59:38.400000', '2020-05-27 15:59:38.400000', '2020-05-27 16:04:38.400000'),
(DEFAULT, 15992, 'Employee 124 submit Report', 'Completed Task.', NULL, 'APPROVED', '2020-05-26 16:35:38.400000', '2020-05-26 16:35:38.400000', '2020-05-26 16:40:38.400000'),
(DEFAULT, 15993, 'Employee 125 submit Report', 'Completed Task.', NULL, 'APPROVED', '2020-05-28 11:04:26.400000', '2020-05-28 11:04:26.400000', '2020-05-28 11:09:26.400000'),
(DEFAULT, 15994, 'Employee 126 submit Report', 'Completed Task.', NULL, 'APPROVED', '2020-05-27 13:19:48.000000', '2020-05-27 13:19:48.000000', '2020-05-27 13:24:48.000000'),
(DEFAULT, 15995, 'Employee 127 submit Report', 'Completed Task.', NULL, 'APPROVED', '2020-05-26 17:44:45.600000', '2020-05-26 17:44:45.600000', '2020-05-26 17:49:45.600000'),
(DEFAULT, 15996, 'Employee 128 submit Report', 'Completed Task.', NULL, 'APPROVED', '2020-05-26 21:29:24.000000', '2020-05-26 21:29:24.000000', '2020-05-26 21:34:24.000000'),
(DEFAULT, 15997, 'Employee 129 submit Report', 'Completed Task.', NULL, 'APPROVED', '2020-05-27 19:52:55.200000', '2020-05-27 19:52:55.200000', '2020-05-27 19:57:55.200000'),
(DEFAULT, 15998, 'Employee 130 submit Report', 'Completed Task.', NULL, 'APPROVED', '2020-05-27 03:58:12.000000', '2020-05-27 03:58:12.000000', '2020-05-27 04:03:12.000000'),
(DEFAULT, 15999, 'Employee 131 submit Report', 'Completed Task.', NULL, 'APPROVED', '2020-05-27 11:49:04.800000', '2020-05-27 11:49:04.800000', '2020-05-27 11:54:04.800000'),
(DEFAULT, 16000, 'Employee 132 submit Report', 'Completed Task.', NULL, 'APPROVED', '2020-05-31 14:23:09.600000', '2020-05-31 14:23:09.600000', '2020-05-31 14:28:09.600000'),
(DEFAULT, 16001, 'Employee 133 submit Report', 'Completed Task.', NULL, 'APPROVED', '2020-05-27 03:45:14.400000', '2020-05-27 03:45:14.400000', '2020-05-27 03:50:14.400000'),
(DEFAULT, 16002, 'Employee 134 submit Report', 'Completed Task.', NULL, 'APPROVED', '2020-05-27 06:42:21.600000', '2020-05-27 06:42:21.600000', '2020-05-27 06:47:21.600000'),
(DEFAULT, 16003, 'Employee 135 submit Report', 'Completed Task.', NULL, 'APPROVED', '2020-05-28 12:26:31.200000', '2020-05-28 12:26:31.200000', '2020-05-28 12:31:31.200000'),
(DEFAULT, 16004, 'Employee 136 submit Report', 'Completed Task.', NULL, 'APPROVED', '2020-05-30 14:24:36.000000', '2020-05-30 14:24:36.000000', '2020-05-30 14:29:36.000000'),
(DEFAULT, 16005, 'Employee 139 submit Report', 'Completed Task.', NULL, 'APPROVED', '2020-05-28 13:18:21.600000', '2020-05-28 13:18:21.600000', '2020-05-28 13:23:21.600000'),
(DEFAULT, 16006, 'Employee 112 submit Report', 'Completed Task.', NULL, 'APPROVED', '2020-06-06 09:16:26.400000', '2020-06-06 09:16:26.400000', '2020-06-06 09:21:26.400000');

-- 2020-05-30 00:15:00.000000
-- 2020-05-30
INSERT INTO task (id, collection_id, created_by_id, root_task_id, name, description, report_format, level, task_type, priority, is_locked, start_date, end_date, deadline, created_time, updated_time)
VALUES (645, 56, 151, NULL, 'Test API Request Validation', 'This is Test API Request Validation', NULL, 'ADVANCED', 'TEST', 'HIGH', FALSE, '2020-05-30', '2020-06-22', '2020-06-05', '2020-05-30 00:15:00.000000', '2020-05-30 00:15:00.000000');

INSERT INTO task_for_users (id, task_id, assigned_to_id, user_task_status, updated_time, started_time)
VALUES
(16008, 645, 115, 'JOINED', '2020-05-30 00:15:00.000000', '2020-06-02 14:56:16.800000'),
(16009, 645, 116, 'JOINED', '2020-05-30 00:15:00.000000', '2020-05-31 01:09:43.200000'),
(16010, 645, 117, 'JOINED', '2020-05-30 00:15:00.000000', '2020-06-01 06:40:55.200000'),
(16011, 645, 118, 'JOINED', '2020-05-30 00:15:00.000000', '2020-06-04 09:51:00.000000'),
(16012, 645, 119, 'JOINED', '2020-05-30 00:15:00.000000', '2020-05-30 01:50:02.400000'),
(16013, 645, 120, 'JOINED', '2020-05-30 00:15:00.000000', '2020-05-30 15:22:12.000000'),
(16014, 645, 121, 'JOINED', '2020-05-30 00:15:00.000000', '2020-06-04 09:51:00.000000'),
(16015, 645, 122, 'JOINED', '2020-05-30 00:15:00.000000', '2020-05-31 14:46:12.000000'),
(16016, 645, 123, 'JOINED', '2020-05-30 00:15:00.000000', '2020-05-30 22:47:09.600000'),
(16017, 645, 124, 'JOINED', '2020-05-30 00:15:00.000000', '2020-06-04 09:51:00.000000'),
(16018, 645, 125, 'JOINED', '2020-05-30 00:15:00.000000', '2020-05-31 22:54:21.600000'),
(16019, 645, 126, 'JOINED', '2020-05-30 00:15:00.000000', '2020-05-30 02:59:09.600000'),
(16020, 645, 127, 'JOINED', '2020-05-30 00:15:00.000000', '2020-06-01 07:32:45.600000'),
(16021, 645, 128, 'JOINED', '2020-05-30 00:15:00.000000', '2020-06-04 09:51:00.000000'),
(16022, 645, 129, 'JOINED', '2020-05-30 00:15:00.000000', '2020-05-30 05:30:21.600000'),
(16023, 645, 130, 'JOINED', '2020-05-30 00:15:00.000000', '2020-05-31 00:00:36.000000'),
(16024, 645, 131, 'JOINED', '2020-05-30 00:15:00.000000', '2020-05-31 14:07:19.200000'),
(16025, 645, 132, 'JOINED', '2020-05-30 00:15:00.000000', '2020-06-01 01:12:36.000000'),
(16026, 645, 133, 'JOINED', '2020-05-30 00:15:00.000000', '2020-05-31 20:01:33.600000'),
(16027, 645, 134, 'JOINED', '2020-05-30 00:15:00.000000', '2020-06-04 09:51:00.000000'),
(16028, 645, 135, 'JOINED', '2020-05-30 00:15:00.000000', '2020-05-30 06:26:31.200000'),
(16029, 645, 112, 'JOINED', '2020-05-30 00:15:00.000000', '2020-06-02 07:44:16.800000');
INSERT INTO report (id, created_by_id, title, content, rejected_reason, report_status, created_time, updated_time, reviewed_time)
VALUES
(DEFAULT, 16008, 'Employee 115 submit Report', 'Completed Task.', NULL, 'APPROVED', '2020-06-04 14:01:33.600000', '2020-06-04 14:01:33.600000', '2020-06-04 14:06:33.600000'),
(DEFAULT, 16009, 'Employee 116 submit Report', 'Completed Task.', NULL, 'APPROVED', '2020-06-03 14:41:52.800000', '2020-06-03 14:41:52.800000', '2020-06-03 14:46:52.800000'),
(DEFAULT, 16010, 'Employee 117 submit Report', 'Completed Task.', NULL, 'APPROVED', '2020-06-04 11:26:02.400000', '2020-06-04 11:26:02.400000', '2020-06-04 11:31:02.400000'),
(DEFAULT, 16011, 'Employee 118 submit Report', 'Completed Task.', NULL, 'APPROVED', '2020-06-22 08:41:52.800000', '2020-06-22 08:41:52.800000', '2020-06-22 08:46:52.800000'),
(DEFAULT, 16012, 'Employee 119 submit Report', 'Completed Task.', NULL, 'APPROVED', '2020-06-01 04:48:36.000000', '2020-06-01 04:48:36.000000', '2020-06-01 04:53:36.000000'),
(DEFAULT, 16013, 'Employee 120 submit Report', 'Completed Task.', NULL, 'APPROVED', '2020-06-02 07:18:21.600000', '2020-06-02 07:18:21.600000', '2020-06-02 07:23:21.600000'),
(DEFAULT, 16014, 'Employee 121 submit Report', 'Completed Task.', NULL, 'APPROVED', '2020-06-17 19:41:24.000000', '2020-06-17 19:41:24.000000', '2020-06-17 19:46:24.000000'),
(DEFAULT, 16015, 'Employee 122 submit Report', 'Completed Task.', NULL, 'APPROVED', '2020-06-09 09:43:48.000000', '2020-06-09 09:43:48.000000', '2020-06-09 09:48:48.000000'),
(DEFAULT, 16016, 'Employee 123 submit Report', 'Completed Task.', NULL, 'APPROVED', '2020-06-10 01:42:50.400000', '2020-06-10 01:42:50.400000', '2020-06-10 01:47:50.400000'),
(DEFAULT, 16017, 'Employee 124 submit Report', 'Completed Task.', NULL, 'APPROVED', '2020-06-19 03:13:33.600000', '2020-06-19 03:13:33.600000', '2020-06-19 03:18:33.600000'),
(DEFAULT, 16018, 'Employee 125 submit Report', 'Completed Task.', NULL, 'APPROVED', '2020-06-03 17:51:57.600000', '2020-06-03 17:51:57.600000', '2020-06-03 17:56:57.600000'),
(DEFAULT, 16019, 'Employee 126 submit Report', 'Completed Task.', NULL, 'APPROVED', '2020-06-01 15:02:02.400000', '2020-06-01 15:02:02.400000', '2020-06-01 15:07:02.400000'),
(DEFAULT, 16020, 'Employee 127 submit Report', 'Completed Task.', NULL, 'APPROVED', '2020-06-03 14:33:14.400000', '2020-06-03 14:33:14.400000', '2020-06-03 14:38:14.400000'),
(DEFAULT, 16021, 'Employee 128 submit Report', 'Completed Task.', NULL, 'APPROVED', '2020-06-22 01:55:48.000000', '2020-06-22 01:55:48.000000', '2020-06-22 02:00:48.000000'),
(DEFAULT, 16022, 'Employee 129 submit Report', 'Completed Task.', NULL, 'APPROVED', '2020-06-10 18:59:38.400000', '2020-06-10 18:59:38.400000', '2020-06-10 19:04:38.400000'),
(DEFAULT, 16023, 'Employee 130 submit Report', 'Completed Task.', NULL, 'APPROVED', '2020-06-02 16:48:36.000000', '2020-06-02 16:48:36.000000', '2020-06-02 16:53:36.000000'),
(DEFAULT, 16024, 'Employee 131 submit Report', 'Completed Task.', NULL, 'APPROVED', '2020-06-04 04:48:36.000000', '2020-06-04 04:48:36.000000', '2020-06-04 04:53:36.000000'),
(DEFAULT, 16025, 'Employee 132 submit Report', 'Completed Task.', NULL, 'APPROVED', '2020-06-03 09:48:07.200000', '2020-06-03 09:48:07.200000', '2020-06-03 09:53:07.200000'),
(DEFAULT, 16026, 'Employee 133 submit Report', 'Completed Task.', NULL, 'APPROVED', '2020-06-09 04:28:26.400000', '2020-06-09 04:28:26.400000', '2020-06-09 04:33:26.400000'),
(DEFAULT, 16027, 'Employee 134 submit Report', 'Completed Task.', NULL, 'APPROVED', '2020-06-20 22:25:33.600000', '2020-06-20 22:25:33.600000', '2020-06-20 22:30:33.600000'),
(DEFAULT, 16028, 'Employee 135 submit Report', 'Completed Task.', NULL, 'APPROVED', '2020-06-10 18:03:28.800000', '2020-06-10 18:03:28.800000', '2020-06-10 18:08:28.800000'),
(DEFAULT, 16029, 'Employee 112 submit Report', 'Completed Task.', NULL, 'APPROVED', '2020-06-07 16:45:43.200000', '2020-06-07 16:45:43.200000', '2020-06-07 16:50:43.200000');

-- 2020-06-06 00:15:00.000000
-- 2020-06-06
INSERT INTO task (id, collection_id, created_by_id, root_task_id, name, description, report_format, level, task_type, priority, is_locked, start_date, end_date, deadline, created_time, updated_time)
VALUES (646, 56, 151, NULL, 'Test API Response Mapping', 'This is Test API Response Mapping', NULL, 'ADVANCED', 'TEST', 'LOW', FALSE, '2020-06-06', '2020-06-20', '2020-06-10', '2020-06-06 00:15:00.000000', '2020-06-06 00:15:00.000000');

INSERT INTO task_for_users (id, task_id, assigned_to_id, user_task_status, updated_time, started_time)
VALUES
(16031, 646, 113, 'JOINED', '2020-06-06 00:15:00.000000', '2020-06-08 14:44:45.600000'),
(16032, 646, 116, 'JOINED', '2020-06-06 00:15:00.000000', '2020-06-06 12:09:14.400000'),
(16033, 646, 117, 'JOINED', '2020-06-06 00:15:00.000000', '2020-06-06 22:14:02.400000'),
(16034, 646, 118, 'JOINED', '2020-06-06 00:15:00.000000', '2020-06-06 01:58:40.800000'),
(16035, 646, 119, 'JOINED', '2020-06-06 00:15:00.000000', '2020-06-09 14:39:00.000000'),
(16036, 646, 120, 'JOINED', '2020-06-06 00:15:00.000000', '2020-06-08 06:49:33.600000'),
(16037, 646, 121, 'JOINED', '2020-06-06 00:15:00.000000', '2020-06-06 06:06:21.600000'),
(16038, 646, 122, 'JOINED', '2020-06-06 00:15:00.000000', '2020-06-06 02:21:43.200000'),
(16039, 646, 123, 'JOINED', '2020-06-06 00:15:00.000000', '2020-06-06 21:39:28.800000'),
(16040, 646, 124, 'JOINED', '2020-06-06 00:15:00.000000', '2020-06-09 14:39:00.000000'),
(16041, 646, 125, 'JOINED', '2020-06-06 00:15:00.000000', '2020-06-06 17:54:50.400000'),
(16042, 646, 126, 'JOINED', '2020-06-06 00:15:00.000000', '2020-06-06 11:57:43.200000'),
(16043, 646, 127, 'JOINED', '2020-06-06 00:15:00.000000', '2020-06-06 23:28:55.200000'),
(16044, 646, 128, 'JOINED', '2020-06-06 00:15:00.000000', '2020-06-07 10:37:04.800000'),
(16045, 646, 129, 'JOINED', '2020-06-06 00:15:00.000000', '2020-06-06 15:30:50.400000'),
(16046, 646, 130, 'JOINED', '2020-06-06 00:15:00.000000', '2020-06-09 14:39:00.000000'),
(16047, 646, 131, 'JOINED', '2020-06-06 00:15:00.000000', '2020-06-07 15:19:19.200000'),
(16048, 646, 132, 'JOINED', '2020-06-06 00:15:00.000000', '2020-06-08 22:19:48.000000'),
(16049, 646, 133, 'JOINED', '2020-06-06 00:15:00.000000', '2020-06-09 14:39:00.000000'),
(16050, 646, 134, 'JOINED', '2020-06-06 00:15:00.000000', '2020-06-07 02:27:28.800000'),
(16051, 646, 135, 'JOINED', '2020-06-06 00:15:00.000000', '2020-06-06 18:43:48.000000'),
(16052, 646, 112, 'JOINED', '2020-06-06 00:15:00.000000', '2020-06-06 11:23:09.600000');
INSERT INTO report (id, created_by_id, title, content, rejected_reason, report_status, created_time, updated_time, reviewed_time)
VALUES
(DEFAULT, 16031, 'Employee 113 submit Report', 'Completed Task.', NULL, 'APPROVED', '2020-06-09 14:10:12.000000', '2020-06-09 14:10:12.000000', '2020-06-09 14:15:12.000000'),
(DEFAULT, 16032, 'Employee 116 submit Report', 'Completed Task.', NULL, 'APPROVED', '2020-06-07 15:13:33.600000', '2020-06-07 15:13:33.600000', '2020-06-07 15:18:33.600000'),
(DEFAULT, 16033, 'Employee 117 submit Report', 'Completed Task.', NULL, 'APPROVED', '2020-06-07 20:07:19.200000', '2020-06-07 20:07:19.200000', '2020-06-07 20:12:19.200000'),
(DEFAULT, 16034, 'Employee 118 submit Report', 'Completed Task.', NULL, 'APPROVED', '2020-06-07 07:09:43.200000', '2020-06-07 07:09:43.200000', '2020-06-07 07:14:43.200000'),
(DEFAULT, 16035, 'Employee 119 submit Report', 'Completed Task.', NULL, 'APPROVED', '2020-06-20 01:12:36.000000', '2020-06-20 01:12:36.000000', '2020-06-20 01:17:36.000000'),
(DEFAULT, 16036, 'Employee 120 submit Report', 'Completed Task.', NULL, 'APPROVED', '2020-06-11 17:40:26.400000', '2020-06-11 17:40:26.400000', '2020-06-11 17:45:26.400000'),
(DEFAULT, 16037, 'Employee 121 submit Report', 'Completed Task.', NULL, 'APPROVED', '2020-06-09 17:37:33.600000', '2020-06-09 17:37:33.600000', '2020-06-09 17:42:33.600000'),
(DEFAULT, 16038, 'Employee 122 submit Report', 'Completed Task.', NULL, 'APPROVED', '2020-06-08 06:17:52.800000', '2020-06-08 06:17:52.800000', '2020-06-08 06:22:52.800000'),
(DEFAULT, 16039, 'Employee 123 submit Report', 'Completed Task.', NULL, 'APPROVED', '2020-06-08 14:15:57.600000', '2020-06-08 14:15:57.600000', '2020-06-08 14:20:57.600000'),
(DEFAULT, 16040, 'Employee 124 submit Report', 'Completed Task.', NULL, 'APPROVED', '2020-06-19 00:32:16.800000', '2020-06-19 00:32:16.800000', '2020-06-19 00:37:16.800000'),
(DEFAULT, 16041, 'Employee 125 submit Report', 'Completed Task.', NULL, 'APPROVED', '2020-06-08 22:54:21.600000', '2020-06-08 22:54:21.600000', '2020-06-08 22:59:21.600000'),
(DEFAULT, 16042, 'Employee 126 submit Report', 'Completed Task.', NULL, 'APPROVED', '2020-06-07 08:30:21.600000', '2020-06-07 08:30:21.600000', '2020-06-07 08:35:21.600000'),
(DEFAULT, 16043, 'Employee 127 submit Report', 'Completed Task.', NULL, 'APPROVED', '2020-06-07 16:28:26.400000', '2020-06-07 16:28:26.400000', '2020-06-07 16:33:26.400000'),
(DEFAULT, 16044, 'Employee 128 submit Report', 'Completed Task.', NULL, 'APPROVED', '2020-06-09 13:18:21.600000', '2020-06-09 13:18:21.600000', '2020-06-09 13:23:21.600000'),
(DEFAULT, 16045, 'Employee 129 submit Report', 'Completed Task.', NULL, 'APPROVED', '2020-06-07 20:47:38.400000', '2020-06-07 20:47:38.400000', '2020-06-07 20:52:38.400000'),
(DEFAULT, 16046, 'Employee 130 submit Report', 'Completed Task.', NULL, 'APPROVED', '2020-06-18 14:15:57.600000', '2020-06-18 14:15:57.600000', '2020-06-18 14:20:57.600000'),
(DEFAULT, 16047, 'Employee 131 submit Report', 'Completed Task.', NULL, 'APPROVED', '2020-06-12 09:10:40.800000', '2020-06-12 09:10:40.800000', '2020-06-12 09:15:40.800000'),
(DEFAULT, 16048, 'Employee 132 submit Report', 'Completed Task.', NULL, 'APPROVED', '2020-06-09 22:48:36.000000', '2020-06-09 22:48:36.000000', '2020-06-09 22:53:36.000000'),
(DEFAULT, 16049, 'Employee 133 submit Report', 'Completed Task.', NULL, 'APPROVED', '2020-06-20 05:26:02.400000', '2020-06-20 05:26:02.400000', '2020-06-20 05:31:02.400000'),
(DEFAULT, 16050, 'Employee 134 submit Report', 'Completed Task.', NULL, 'APPROVED', '2020-06-08 01:35:38.400000', '2020-06-08 01:35:38.400000', '2020-06-08 01:40:38.400000'),
(DEFAULT, 16051, 'Employee 135 submit Report', 'Completed Task.', NULL, 'APPROVED', '2020-06-13 05:46:12.000000', '2020-06-13 05:46:12.000000', '2020-06-13 05:51:12.000000'),
(DEFAULT, 16052, 'Employee 112 submit Report', 'Completed Task.', NULL, 'APPROVED', '2020-06-07 15:30:50.400000', '2020-06-07 15:30:50.400000', '2020-06-07 15:35:50.400000');

-- 2020-06-11 00:15:00.000000
-- 2020-06-11
INSERT INTO task (id, collection_id, created_by_id, root_task_id, name, description, report_format, level, task_type, priority, is_locked, start_date, end_date, deadline, created_time, updated_time)
VALUES (647, 56, 151, NULL, 'Test Error Message Display', 'This is Test Error Message Display', NULL, 'ADVANCED', 'TEST', 'LOW', FALSE, '2020-06-11', '2020-06-24', '2020-06-15', '2020-06-11 00:15:00.000000', '2020-06-11 00:15:00.000000');

INSERT INTO task_for_users (id, task_id, assigned_to_id, user_task_status, updated_time, started_time)
VALUES
(16054, 647, 113, 'JOINED', '2020-06-11 00:15:00.000000', '2020-06-13 07:50:02.400000'),
(16055, 647, 116, 'JOINED', '2020-06-11 00:15:00.000000', '2020-06-12 13:52:55.200000'),
(16056, 647, 117, 'JOINED', '2020-06-11 00:15:00.000000', '2020-06-13 08:59:09.600000'),
(16057, 647, 118, 'JOINED', '2020-06-11 00:15:00.000000', '2020-06-11 20:13:04.800000'),
(16058, 647, 119, 'JOINED', '2020-06-11 00:15:00.000000', '2020-06-11 22:25:33.600000'),
(16059, 647, 120, 'JOINED', '2020-06-11 00:15:00.000000', '2020-06-12 16:22:40.800000'),
(16060, 647, 121, 'JOINED', '2020-06-11 00:15:00.000000', '2020-06-11 02:39:00.000000'),
(16061, 647, 122, 'JOINED', '2020-06-11 00:15:00.000000', '2020-06-13 05:03:00.000000'),
(16062, 647, 123, 'JOINED', '2020-06-11 00:15:00.000000', '2020-06-13 00:09:14.400000'),
(16063, 647, 124, 'JOINED', '2020-06-11 00:15:00.000000', '2020-06-11 12:26:31.200000'),
(16064, 647, 125, 'JOINED', '2020-06-11 00:15:00.000000', '2020-06-14 14:39:00.000000'),
(16065, 647, 126, 'JOINED', '2020-06-11 00:15:00.000000', '2020-06-11 21:33:43.200000'),
(16066, 647, 127, 'JOINED', '2020-06-11 00:15:00.000000', '2020-06-11 14:27:28.800000'),
(16067, 647, 128, 'JOINED', '2020-06-11 00:15:00.000000', '2020-06-11 17:26:02.400000'),
(16068, 647, 129, 'JOINED', '2020-06-11 00:15:00.000000', '2020-06-11 04:51:28.800000'),
(16069, 647, 130, 'JOINED', '2020-06-11 00:15:00.000000', '2020-06-13 11:34:40.800000'),
(16070, 647, 131, 'JOINED', '2020-06-11 00:15:00.000000', '2020-06-12 01:41:24.000000'),
(16071, 647, 132, 'JOINED', '2020-06-11 00:15:00.000000', '2020-06-11 02:04:26.400000'),
(16072, 647, 133, 'JOINED', '2020-06-11 00:15:00.000000', '2020-06-11 08:01:33.600000'),
(16073, 647, 134, 'JOINED', '2020-06-11 00:15:00.000000', '2020-06-11 10:57:14.400000'),
(16074, 647, 135, 'JOINED', '2020-06-11 00:15:00.000000', '2020-06-11 13:01:04.800000'),
(16075, 647, 112, 'JOINED', '2020-06-11 00:15:00.000000', '2020-06-12 10:25:33.600000');
INSERT INTO report (id, created_by_id, title, content, rejected_reason, report_status, created_time, updated_time, reviewed_time)
VALUES
(DEFAULT, 16054, 'Employee 113 submit Report', 'Completed Task.', NULL, 'APPROVED', '2020-06-14 21:27:57.600000', '2020-06-14 21:27:57.600000', '2020-06-14 21:32:57.600000'),
(DEFAULT, 16055, 'Employee 116 submit Report', 'Completed Task.', NULL, 'APPROVED', '2020-06-13 12:03:28.800000', '2020-06-13 12:03:28.800000', '2020-06-13 12:08:28.800000'),
(DEFAULT, 16056, 'Employee 117 submit Report', 'Completed Task.', NULL, 'APPROVED', '2020-06-14 00:43:48.000000', '2020-06-14 00:43:48.000000', '2020-06-14 00:48:48.000000'),
(DEFAULT, 16057, 'Employee 118 submit Report', 'Completed Task.', NULL, 'APPROVED', '2020-06-13 16:51:28.800000', '2020-06-13 16:51:28.800000', '2020-06-13 16:56:28.800000'),
(DEFAULT, 16058, 'Employee 119 submit Report', 'Completed Task.', NULL, 'APPROVED', '2020-06-12 19:21:14.400000', '2020-06-12 19:21:14.400000', '2020-06-12 19:26:14.400000'),
(DEFAULT, 16059, 'Employee 120 submit Report', 'Completed Task.', NULL, 'APPROVED', '2020-06-17 08:07:19.200000', '2020-06-17 08:07:19.200000', '2020-06-17 08:12:19.200000'),
(DEFAULT, 16060, 'Employee 121 submit Report', 'Completed Task.', NULL, 'APPROVED', '2020-06-12 08:30:21.600000', '2020-06-12 08:30:21.600000', '2020-06-12 08:35:21.600000'),
(DEFAULT, 16061, 'Employee 122 submit Report', 'Completed Task.', NULL, 'APPROVED', '2020-06-16 19:27:00.000000', '2020-06-16 19:27:00.000000', '2020-06-16 19:32:00.000000'),
(DEFAULT, 16062, 'Employee 123 submit Report', 'Completed Task.', NULL, 'APPROVED', '2020-06-13 18:52:26.400000', '2020-06-13 18:52:26.400000', '2020-06-13 18:57:26.400000'),
(DEFAULT, 16063, 'Employee 124 submit Report', 'Completed Task.', NULL, 'APPROVED', '2020-06-13 12:03:28.800000', '2020-06-13 12:03:28.800000', '2020-06-13 12:08:28.800000'),
(DEFAULT, 16064, 'Employee 125 submit Report', 'Completed Task.', NULL, 'APPROVED', '2020-06-24 16:57:14.400000', '2020-06-24 16:57:14.400000', '2020-06-24 17:02:14.400000'),
(DEFAULT, 16065, 'Employee 126 submit Report', 'Completed Task.', NULL, 'APPROVED', '2020-06-13 00:55:19.200000', '2020-06-13 00:55:19.200000', '2020-06-13 01:00:19.200000'),
(DEFAULT, 16066, 'Employee 127 submit Report', 'Completed Task.', NULL, 'APPROVED', '2020-06-13 08:30:21.600000', '2020-06-13 08:30:21.600000', '2020-06-13 08:35:21.600000'),
(DEFAULT, 16067, 'Employee 128 submit Report', 'Completed Task.', NULL, 'APPROVED', '2020-06-14 18:23:38.400000', '2020-06-14 18:23:38.400000', '2020-06-14 18:28:38.400000'),
(DEFAULT, 16068, 'Employee 129 submit Report', 'Completed Task.', NULL, 'APPROVED', '2020-06-12 14:04:26.400000', '2020-06-12 14:04:26.400000', '2020-06-12 14:09:26.400000'),
(DEFAULT, 16069, 'Employee 130 submit Report', 'Completed Task.', NULL, 'APPROVED', '2020-06-14 19:09:43.200000', '2020-06-14 19:09:43.200000', '2020-06-14 19:14:43.200000'),
(DEFAULT, 16070, 'Employee 131 submit Report', 'Completed Task.', NULL, 'APPROVED', '2020-06-13 17:03:00.000000', '2020-06-13 17:03:00.000000', '2020-06-13 17:08:00.000000'),
(DEFAULT, 16071, 'Employee 132 submit Report', 'Completed Task.', NULL, 'APPROVED', '2020-06-12 16:22:40.800000', '2020-06-12 16:22:40.800000', '2020-06-12 16:27:40.800000'),
(DEFAULT, 16072, 'Employee 133 submit Report', 'Completed Task.', NULL, 'APPROVED', '2020-06-12 03:42:21.600000', '2020-06-12 03:42:21.600000', '2020-06-12 03:47:21.600000'),
(DEFAULT, 16073, 'Employee 134 submit Report', 'Completed Task.', NULL, 'APPROVED', '2020-06-18 13:32:45.600000', '2020-06-18 13:32:45.600000', '2020-06-18 13:37:45.600000'),
(DEFAULT, 16074, 'Employee 135 submit Report', 'Completed Task.', NULL, 'APPROVED', '2020-06-12 11:28:55.200000', '2020-06-12 11:28:55.200000', '2020-06-12 11:33:55.200000'),
(DEFAULT, 16075, 'Employee 112 submit Report', 'Completed Task.', NULL, 'APPROVED', '2020-06-13 13:35:38.400000', '2020-06-13 13:35:38.400000', '2020-06-13 13:40:38.400000');

-- 2020-06-16 00:15:00.000000
-- 2020-06-16
INSERT INTO task (id, collection_id, created_by_id, root_task_id, name, description, report_format, level, task_type, priority, is_locked, start_date, end_date, deadline, created_time, updated_time)
VALUES (648, 56, 151, NULL, 'Test Form Validation Feedback', 'This is Test Form Validation Feedback', NULL, 'NORMAL', 'TEST', 'NORMAL', FALSE, '2020-06-16', '2020-06-29', '2020-06-20', '2020-06-16 00:15:00.000000', '2020-06-16 00:15:00.000000');

INSERT INTO task_for_users (id, task_id, assigned_to_id, user_task_status, updated_time, started_time)
VALUES
(16077, 648, 116, 'JOINED', '2020-06-16 00:15:00.000000', '2020-06-16 14:21:43.200000'),
(16078, 648, 117, 'JOINED', '2020-06-16 00:15:00.000000', '2020-06-17 01:29:52.800000'),
(16079, 648, 118, 'JOINED', '2020-06-16 00:15:00.000000', '2020-06-16 20:13:04.800000'),
(16080, 648, 119, 'JOINED', '2020-06-16 00:15:00.000000', '2020-06-16 12:20:45.600000'),
(16081, 648, 120, 'JOINED', '2020-06-16 00:15:00.000000', '2020-06-16 10:31:19.200000'),
(16082, 648, 121, 'JOINED', '2020-06-16 00:15:00.000000', '2020-06-16 15:25:04.800000'),
(16083, 648, 122, 'JOINED', '2020-06-16 00:15:00.000000', '2020-06-18 00:49:33.600000'),
(16084, 648, 123, 'JOINED', '2020-06-16 00:15:00.000000', '2020-06-16 13:06:50.400000'),
(16085, 648, 124, 'JOINED', '2020-06-16 00:15:00.000000', '2020-06-16 08:47:38.400000'),
(16086, 648, 125, 'JOINED', '2020-06-16 00:15:00.000000', '2020-06-19 14:39:00.000000'),
(16087, 648, 126, 'JOINED', '2020-06-16 00:15:00.000000', '2020-06-16 02:27:28.800000'),
(16088, 648, 127, 'JOINED', '2020-06-16 00:15:00.000000', '2020-06-17 04:57:14.400000'),
(16089, 648, 128, 'JOINED', '2020-06-16 00:15:00.000000', '2020-06-16 22:42:50.400000'),
(16090, 648, 129, 'JOINED', '2020-06-16 00:15:00.000000', '2020-06-18 02:10:12.000000'),
(16091, 648, 130, 'JOINED', '2020-06-16 00:15:00.000000', '2020-06-16 16:34:12.000000'),
(16092, 648, 131, 'JOINED', '2020-06-16 00:15:00.000000', '2020-06-17 04:05:24.000000'),
(16093, 648, 132, 'JOINED', '2020-06-16 00:15:00.000000', '2020-06-16 13:29:52.800000'),
(16094, 648, 133, 'JOINED', '2020-06-16 00:15:00.000000', '2020-06-16 01:01:04.800000'),
(16095, 648, 134, 'JOINED', '2020-06-16 00:15:00.000000', '2020-06-17 12:38:02.400000'),
(16096, 648, 135, 'JOINED', '2020-06-16 00:15:00.000000', '2020-06-16 19:27:00.000000'),
(16097, 648, 140, 'JOINED', '2020-06-16 00:15:00.000000', '2020-06-16 22:08:16.800000'),
(16098, 648, 114, 'JOINED', '2020-06-16 00:15:00.000000', '2020-06-16 02:04:26.400000');
INSERT INTO report (id, created_by_id, title, content, rejected_reason, report_status, created_time, updated_time, reviewed_time)
VALUES
(DEFAULT, 16077, 'Employee 116 submit Report', 'Completed Task.', NULL, 'APPROVED', '2020-06-17 05:14:31.200000', '2020-06-17 05:14:31.200000', '2020-06-17 05:19:31.200000'),
(DEFAULT, 16078, 'Employee 117 submit Report', 'Completed Task.', NULL, 'APPROVED', '2020-06-18 22:42:50.400000', '2020-06-18 22:42:50.400000', '2020-06-18 22:47:50.400000'),
(DEFAULT, 16079, 'Employee 118 submit Report', 'Completed Task.', NULL, 'APPROVED', '2020-06-17 16:28:26.400000', '2020-06-17 16:28:26.400000', '2020-06-17 16:33:26.400000'),
(DEFAULT, 16080, 'Employee 119 submit Report', 'Completed Task.', NULL, 'APPROVED', '2020-06-18 01:52:55.200000', '2020-06-18 01:52:55.200000', '2020-06-18 01:57:55.200000'),
(DEFAULT, 16081, 'Employee 120 submit Report', 'Completed Task.', NULL, 'APPROVED', '2020-06-17 20:47:38.400000', '2020-06-17 20:47:38.400000', '2020-06-17 20:52:38.400000'),
(DEFAULT, 16082, 'Employee 121 submit Report', 'Completed Task.', NULL, 'APPROVED', '2020-06-18 13:29:52.800000', '2020-06-18 13:29:52.800000', '2020-06-18 13:34:52.800000'),
(DEFAULT, 16083, 'Employee 122 submit Report', 'Completed Task.', NULL, 'APPROVED', '2020-06-19 14:56:16.800000', '2020-06-19 14:56:16.800000', '2020-06-19 15:01:16.800000'),
(DEFAULT, 16084, 'Employee 123 submit Report', 'Completed Task.', NULL, 'APPROVED', '2020-06-17 09:33:43.200000', '2020-06-17 09:33:43.200000', '2020-06-17 09:38:43.200000'),
(DEFAULT, 16085, 'Employee 124 submit Report', 'Completed Task.', NULL, 'APPROVED', '2020-06-23 15:42:21.600000', '2020-06-23 15:42:21.600000', '2020-06-23 15:47:21.600000'),
(DEFAULT, 16086, 'Employee 125 submit Report', 'Completed Task.', NULL, 'APPROVED', '2020-06-29 16:39:57.600000', '2020-06-29 16:39:57.600000', '2020-06-29 16:44:57.600000'),
(DEFAULT, 16087, 'Employee 126 submit Report', 'Completed Task.', NULL, 'APPROVED', '2020-06-17 01:35:38.400000', '2020-06-17 01:35:38.400000', '2020-06-17 01:40:38.400000'),
(DEFAULT, 16088, 'Employee 127 submit Report', 'Completed Task.', NULL, 'APPROVED', '2020-06-18 16:39:57.600000', '2020-06-18 16:39:57.600000', '2020-06-18 16:44:57.600000'),
(DEFAULT, 16089, 'Employee 128 submit Report', 'Completed Task.', NULL, 'APPROVED', '2020-06-18 02:21:43.200000', '2020-06-18 02:21:43.200000', '2020-06-18 02:26:43.200000'),
(DEFAULT, 16090, 'Employee 129 submit Report', 'Completed Task.', NULL, 'APPROVED', '2020-06-19 09:10:40.800000', '2020-06-19 09:10:40.800000', '2020-06-19 09:15:40.800000'),
(DEFAULT, 16091, 'Employee 130 submit Report', 'Completed Task.', NULL, 'APPROVED', '2020-06-18 00:09:14.400000', '2020-06-18 00:09:14.400000', '2020-06-18 00:14:14.400000'),
(DEFAULT, 16092, 'Employee 131 submit Report', 'Completed Task.', NULL, 'APPROVED', '2020-06-18 05:14:31.200000', '2020-06-18 05:14:31.200000', '2020-06-18 05:19:31.200000'),
(DEFAULT, 16093, 'Employee 132 submit Report', 'Completed Task.', NULL, 'APPROVED', '2020-06-17 19:21:14.400000', '2020-06-17 19:21:14.400000', '2020-06-17 19:26:14.400000'),
(DEFAULT, 16094, 'Employee 133 submit Report', 'Completed Task.', NULL, 'APPROVED', '2020-06-17 00:09:14.400000', '2020-06-17 00:09:14.400000', '2020-06-17 00:14:14.400000'),
(DEFAULT, 16095, 'Employee 134 submit Report', 'Completed Task.', NULL, 'APPROVED', '2020-06-18 12:15:00.000000', '2020-06-18 12:15:00.000000', '2020-06-18 12:20:00.000000'),
(DEFAULT, 16096, 'Employee 135 submit Report', 'Completed Task.', NULL, 'APPROVED', '2020-06-18 09:16:26.400000', '2020-06-18 09:16:26.400000', '2020-06-18 09:21:26.400000'),
(DEFAULT, 16097, 'Employee 140 submit Report', 'Completed Task.', NULL, 'APPROVED', '2020-06-18 05:37:33.600000', '2020-06-18 05:37:33.600000', '2020-06-18 05:42:33.600000'),
(DEFAULT, 16098, 'Employee 114 submit Report', 'Completed Task.', NULL, 'APPROVED', '2020-06-17 07:50:02.400000', '2020-06-17 07:50:02.400000', '2020-06-17 07:55:02.400000');

-- 2020-06-21 00:15:00.000000
-- 2020-06-21
INSERT INTO task (id, collection_id, created_by_id, root_task_id, name, description, report_format, level, task_type, priority, is_locked, start_date, end_date, deadline, created_time, updated_time)
VALUES (649, 56, 151, NULL, 'Test Business Rule Enforcement', 'This is Test Business Rule Enforcement', NULL, 'ADVANCED', 'TEST', 'URGENT', FALSE, '2020-06-21', '2020-07-17', '2020-06-28', '2020-06-21 00:15:00.000000', '2020-06-21 00:15:00.000000');

INSERT INTO task_for_users (id, task_id, assigned_to_id, user_task_status, updated_time, started_time)
VALUES
(16100, 649, 116, 'JOINED', '2020-06-21 00:15:00.000000', '2020-06-21 12:20:45.600000'),
(16101, 649, 117, 'JOINED', '2020-06-21 00:15:00.000000', '2020-06-21 12:30:50.400000'),
(16102, 649, 118, 'JOINED', '2020-06-21 00:15:00.000000', '2020-06-27 07:27:00.000000'),
(16103, 649, 119, 'JOINED', '2020-06-21 00:15:00.000000', '2020-06-21 07:18:21.600000'),
(16104, 649, 120, 'JOINED', '2020-06-21 00:15:00.000000', '2020-06-27 07:27:00.000000'),
(16105, 649, 121, 'JOINED', '2020-06-21 00:15:00.000000', '2020-06-27 07:27:00.000000'),
(16106, 649, 122, 'JOINED', '2020-06-21 00:15:00.000000', '2020-06-27 07:27:00.000000'),
(16107, 649, 123, 'JOINED', '2020-06-21 00:15:00.000000', '2020-06-27 07:27:00.000000'),
(16108, 649, 124, 'JOINED', '2020-06-21 00:15:00.000000', '2020-06-21 20:14:31.200000'),
(16109, 649, 125, 'JOINED', '2020-06-21 00:15:00.000000', '2020-06-27 07:27:00.000000'),
(16110, 649, 126, 'JOINED', '2020-06-21 00:15:00.000000', '2020-06-27 07:27:00.000000'),
(16111, 649, 127, 'JOINED', '2020-06-21 00:15:00.000000', '2020-06-27 07:27:00.000000'),
(16112, 649, 128, 'JOINED', '2020-06-21 00:15:00.000000', '2020-06-21 05:17:24.000000'),
(16113, 649, 129, 'JOINED', '2020-06-21 00:15:00.000000', '2020-06-27 07:27:00.000000'),
(16114, 649, 130, 'JOINED', '2020-06-21 00:15:00.000000', '2020-06-27 07:27:00.000000'),
(16115, 649, 131, 'JOINED', '2020-06-21 00:15:00.000000', '2020-06-21 21:35:09.600000'),
(16116, 649, 132, 'JOINED', '2020-06-21 00:15:00.000000', '2020-06-27 07:27:00.000000'),
(16117, 649, 133, 'JOINED', '2020-06-21 00:15:00.000000', '2020-06-27 07:27:00.000000'),
(16118, 649, 134, 'JOINED', '2020-06-21 00:15:00.000000', '2020-06-27 07:27:00.000000'),
(16119, 649, 135, 'JOINED', '2020-06-21 00:15:00.000000', '2020-06-27 07:27:00.000000'),
(16120, 649, 136, 'JOINED', '2020-06-21 00:15:00.000000', '2020-06-27 07:27:00.000000'),
(16121, 649, 139, 'JOINED', '2020-06-21 00:15:00.000000', '2020-06-21 07:38:31.200000');
INSERT INTO report (id, created_by_id, title, content, rejected_reason, report_status, created_time, updated_time, reviewed_time)
VALUES
(DEFAULT, 16100, 'Employee 116 submit Report', 'Completed Task.', NULL, 'APPROVED', '2020-06-27 22:44:16.800000', '2020-06-27 22:44:16.800000', '2020-06-27 22:49:16.800000'),
(DEFAULT, 16101, 'Employee 117 submit Report', 'Completed Task.', NULL, 'APPROVED', '2020-06-25 04:12:36.000000', '2020-06-25 04:12:36.000000', '2020-06-25 04:17:36.000000'),
(DEFAULT, 16102, 'Employee 118 submit Report', 'Completed Task.', NULL, 'APPROVED', '2020-07-15 06:12:07.200000', '2020-07-15 06:12:07.200000', '2020-07-15 06:17:07.200000'),
(DEFAULT, 16103, 'Employee 119 submit Report', 'Completed Task.', NULL, 'APPROVED', '2020-07-04 17:11:38.400000', '2020-07-04 17:11:38.400000', '2020-07-04 17:16:38.400000'),
(DEFAULT, 16104, 'Employee 120 submit Report', 'Completed Task.', NULL, 'APPROVED', '2020-07-12 11:00:07.200000', '2020-07-12 11:00:07.200000', '2020-07-12 11:05:07.200000'),
(DEFAULT, 16105, 'Employee 121 submit Report', 'Completed Task.', NULL, 'APPROVED', '2020-07-16 23:51:57.600000', '2020-07-16 23:51:57.600000', '2020-07-16 23:56:57.600000'),
(DEFAULT, 16106, 'Employee 122 submit Report', 'Completed Task.', NULL, 'APPROVED', '2020-07-15 17:17:24.000000', '2020-07-15 17:17:24.000000', '2020-07-15 17:22:24.000000'),
(DEFAULT, 16107, 'Employee 123 submit Report', 'Completed Task.', NULL, 'APPROVED', '2020-07-15 03:51:00.000000', '2020-07-15 03:51:00.000000', '2020-07-15 03:56:00.000000'),
(DEFAULT, 16108, 'Employee 124 submit Report', 'Completed Task.', NULL, 'APPROVED', '2020-07-04 04:15:28.800000', '2020-07-04 04:15:28.800000', '2020-07-04 04:20:28.800000'),
(DEFAULT, 16109, 'Employee 125 submit Report', 'Completed Task.', NULL, 'APPROVED', '2020-07-13 18:35:09.600000', '2020-07-13 18:35:09.600000', '2020-07-13 18:40:09.600000'),
(DEFAULT, 16110, 'Employee 126 submit Report', 'Completed Task.', NULL, 'APPROVED', '2020-07-17 05:34:40.800000', '2020-07-17 05:34:40.800000', '2020-07-17 05:39:40.800000'),
(DEFAULT, 16111, 'Employee 127 submit Report', 'Completed Task.', NULL, 'APPROVED', '2020-07-14 10:22:40.800000', '2020-07-14 10:22:40.800000', '2020-07-14 10:27:40.800000'),
(DEFAULT, 16112, 'Employee 128 submit Report', 'Completed Task.', NULL, 'APPROVED', '2020-06-26 00:52:26.400000', '2020-06-26 00:52:26.400000', '2020-06-26 00:57:26.400000'),
(DEFAULT, 16113, 'Employee 129 submit Report', 'Completed Task.', NULL, 'APPROVED', '2020-07-14 08:31:48.000000', '2020-07-14 08:31:48.000000', '2020-07-14 08:36:48.000000'),
(DEFAULT, 16114, 'Employee 130 submit Report', 'Completed Task.', NULL, 'APPROVED', '2020-07-13 08:40:26.400000', '2020-07-13 08:40:26.400000', '2020-07-13 08:45:26.400000'),
(DEFAULT, 16115, 'Employee 131 submit Report', 'Completed Task.', NULL, 'APPROVED', '2020-06-25 14:37:33.600000', '2020-06-25 14:37:33.600000', '2020-06-25 14:42:33.600000'),
(DEFAULT, 16116, 'Employee 132 submit Report', 'Completed Task.', NULL, 'APPROVED', '2020-07-16 21:30:50.400000', '2020-07-16 21:30:50.400000', '2020-07-16 21:35:50.400000'),
(DEFAULT, 16117, 'Employee 133 submit Report', 'Completed Task.', NULL, 'APPROVED', '2020-07-14 08:51:57.600000', '2020-07-14 08:51:57.600000', '2020-07-14 08:56:57.600000'),
(DEFAULT, 16118, 'Employee 134 submit Report', 'Completed Task.', NULL, 'APPROVED', '2020-07-12 07:28:26.400000', '2020-07-12 07:28:26.400000', '2020-07-12 07:33:26.400000'),
(DEFAULT, 16119, 'Employee 135 submit Report', 'Completed Task.', NULL, 'APPROVED', '2020-07-12 17:13:04.800000', '2020-07-12 17:13:04.800000', '2020-07-12 17:18:04.800000'),
(DEFAULT, 16120, 'Employee 136 submit Report', 'Completed Task.', NULL, 'APPROVED', '2020-07-14 07:51:28.800000', '2020-07-14 07:51:28.800000', '2020-07-14 07:56:28.800000'),
(DEFAULT, 16121, 'Employee 139 submit Report', 'Completed Task.', NULL, 'APPROVED', '2020-07-04 16:51:28.800000', '2020-07-04 16:51:28.800000', '2020-07-04 16:56:28.800000');

-- 2020-06-29 00:15:00.000000
-- 2020-06-29
INSERT INTO task (id, collection_id, created_by_id, root_task_id, name, description, report_format, level, task_type, priority, is_locked, start_date, end_date, deadline, created_time, updated_time)
VALUES (650, 56, 151, NULL, 'Test Edge Case User Inputs', 'This is Test Edge Case User Inputs', NULL, 'ADVANCED', 'TEST', 'URGENT', FALSE, '2020-06-29', '2020-07-25', '2020-07-06', '2020-06-29 00:15:00.000000', '2020-06-29 00:15:00.000000');

INSERT INTO task_for_users (id, task_id, assigned_to_id, user_task_status, updated_time, started_time)
VALUES
(16123, 650, 116, 'JOINED', '2020-06-29 00:15:00.000000', '2020-07-05 07:27:00.000000'),
(16124, 650, 117, 'JOINED', '2020-06-29 00:15:00.000000', '2020-06-29 11:00:07.200000'),
(16125, 650, 118, 'JOINED', '2020-06-29 00:15:00.000000', '2020-07-05 07:27:00.000000'),
(16126, 650, 119, 'JOINED', '2020-06-29 00:15:00.000000', '2020-06-29 21:55:19.200000'),
(16127, 650, 120, 'JOINED', '2020-06-29 00:15:00.000000', '2020-06-29 00:25:04.800000'),
(16128, 650, 121, 'JOINED', '2020-06-29 00:15:00.000000', '2020-06-29 07:18:21.600000'),
(16129, 650, 122, 'JOINED', '2020-06-29 00:15:00.000000', '2020-07-05 07:27:00.000000'),
(16130, 650, 123, 'JOINED', '2020-06-29 00:15:00.000000', '2020-06-29 20:04:26.400000'),
(16131, 650, 124, 'JOINED', '2020-06-29 00:15:00.000000', '2020-06-29 00:25:04.800000'),
(16132, 650, 125, 'JOINED', '2020-06-29 00:15:00.000000', '2020-07-05 07:27:00.000000'),
(16133, 650, 126, 'JOINED', '2020-06-29 00:15:00.000000', '2020-07-05 07:27:00.000000'),
(16134, 650, 127, 'JOINED', '2020-06-29 00:15:00.000000', '2020-06-30 03:27:57.600000'),
(16135, 650, 128, 'JOINED', '2020-06-29 00:15:00.000000', '2020-06-30 04:58:40.800000'),
(16136, 650, 129, 'JOINED', '2020-06-29 00:15:00.000000', '2020-07-05 07:27:00.000000'),
(16137, 650, 130, 'JOINED', '2020-06-29 00:15:00.000000', '2020-06-29 03:56:45.600000'),
(16138, 650, 131, 'JOINED', '2020-06-29 00:15:00.000000', '2020-07-01 05:10:12.000000'),
(16139, 650, 132, 'JOINED', '2020-06-29 00:15:00.000000', '2020-06-30 05:39:00.000000'),
(16140, 650, 133, 'JOINED', '2020-06-29 00:15:00.000000', '2020-07-05 07:27:00.000000'),
(16141, 650, 134, 'JOINED', '2020-06-29 00:15:00.000000', '2020-07-01 11:53:24.000000'),
(16142, 650, 135, 'JOINED', '2020-06-29 00:15:00.000000', '2020-06-29 23:26:02.400000'),
(16143, 650, 136, 'JOINED', '2020-06-29 00:15:00.000000', '2020-06-29 00:45:14.400000'),
(16144, 650, 139, 'JOINED', '2020-06-29 00:15:00.000000', '2020-07-01 03:29:24.000000');
INSERT INTO report (id, created_by_id, title, content, rejected_reason, report_status, created_time, updated_time, reviewed_time)
VALUES
(DEFAULT, 16123, 'Employee 116 submit Report', 'Completed Task.', NULL, 'APPROVED', '2020-07-25 18:40:55.200000', '2020-07-25 18:40:55.200000', '2020-07-25 18:45:55.200000'),
(DEFAULT, 16124, 'Employee 117 submit Report', 'Completed Task.', NULL, 'APPROVED', '2020-07-12 13:29:52.800000', '2020-07-12 13:29:52.800000', '2020-07-12 13:34:52.800000'),
(DEFAULT, 16125, 'Employee 118 submit Report', 'Completed Task.', NULL, 'APPROVED', '2020-07-22 00:58:12.000000', '2020-07-22 00:58:12.000000', '2020-07-22 01:03:12.000000'),
(DEFAULT, 16126, 'Employee 119 submit Report', 'Completed Task.', NULL, 'APPROVED', '2020-07-04 05:24:36.000000', '2020-07-04 05:24:36.000000', '2020-07-04 05:29:36.000000'),
(DEFAULT, 16127, 'Employee 120 submit Report', 'Completed Task.', NULL, 'APPROVED', '2020-07-13 00:04:55.200000', '2020-07-13 00:04:55.200000', '2020-07-13 00:09:55.200000'),
(DEFAULT, 16128, 'Employee 121 submit Report', 'Completed Task.', NULL, 'APPROVED', '2020-07-05 06:16:26.400000', '2020-07-05 06:16:26.400000', '2020-07-05 06:21:26.400000'),
(DEFAULT, 16129, 'Employee 122 submit Report', 'Completed Task.', NULL, 'APPROVED', '2020-07-23 05:11:38.400000', '2020-07-23 05:11:38.400000', '2020-07-23 05:16:38.400000'),
(DEFAULT, 16130, 'Employee 123 submit Report', 'Completed Task.', NULL, 'APPROVED', '2020-07-04 15:39:28.800000', '2020-07-04 15:39:28.800000', '2020-07-04 15:44:28.800000'),
(DEFAULT, 16131, 'Employee 124 submit Report', 'Completed Task.', NULL, 'APPROVED', '2020-07-13 00:04:55.200000', '2020-07-13 00:04:55.200000', '2020-07-13 00:09:55.200000'),
(DEFAULT, 16132, 'Employee 125 submit Report', 'Completed Task.', NULL, 'APPROVED', '2020-07-19 23:04:26.400000', '2020-07-19 23:04:26.400000', '2020-07-19 23:09:26.400000'),
(DEFAULT, 16133, 'Employee 126 submit Report', 'Completed Task.', NULL, 'APPROVED', '2020-07-21 09:51:00.000000', '2020-07-21 09:51:00.000000', '2020-07-21 09:56:00.000000'),
(DEFAULT, 16134, 'Employee 127 submit Report', 'Completed Task.', NULL, 'APPROVED', '2020-07-04 11:07:19.200000', '2020-07-04 11:07:19.200000', '2020-07-04 11:12:19.200000'),
(DEFAULT, 16135, 'Employee 128 submit Report', 'Completed Task.', NULL, 'APPROVED', '2020-07-03 18:49:33.600000', '2020-07-03 18:49:33.600000', '2020-07-03 18:54:33.600000'),
(DEFAULT, 16136, 'Employee 129 submit Report', 'Completed Task.', NULL, 'APPROVED', '2020-07-24 02:11:38.400000', '2020-07-24 02:11:38.400000', '2020-07-24 02:16:38.400000'),
(DEFAULT, 16137, 'Employee 130 submit Report', 'Completed Task.', NULL, 'APPROVED', '2020-07-02 19:48:36.000000', '2020-07-02 19:48:36.000000', '2020-07-02 19:53:36.000000'),
(DEFAULT, 16138, 'Employee 131 submit Report', 'Completed Task.', NULL, 'APPROVED', '2020-07-05 03:55:19.200000', '2020-07-05 03:55:19.200000', '2020-07-05 04:00:19.200000'),
(DEFAULT, 16139, 'Employee 132 submit Report', 'Completed Task.', NULL, 'APPROVED', '2020-07-04 02:43:19.200000', '2020-07-04 02:43:19.200000', '2020-07-04 02:48:19.200000'),
(DEFAULT, 16140, 'Employee 133 submit Report', 'Completed Task.', NULL, 'APPROVED', '2020-07-23 19:28:26.400000', '2020-07-23 19:28:26.400000', '2020-07-23 19:33:26.400000'),
(DEFAULT, 16141, 'Employee 134 submit Report', 'Completed Task.', NULL, 'APPROVED', '2020-07-05 09:48:07.200000', '2020-07-05 09:48:07.200000', '2020-07-05 09:53:07.200000'),
(DEFAULT, 16142, 'Employee 135 submit Report', 'Completed Task.', NULL, 'APPROVED', '2020-07-03 19:09:43.200000', '2020-07-03 19:09:43.200000', '2020-07-03 19:14:43.200000'),
(DEFAULT, 16143, 'Employee 136 submit Report', 'Completed Task.', NULL, 'APPROVED', '2020-07-05 12:49:33.600000', '2020-07-05 12:49:33.600000', '2020-07-05 12:54:33.600000'),
(DEFAULT, 16144, 'Employee 139 submit Report', 'Completed Task.', NULL, 'APPROVED', '2020-07-03 00:40:55.200000', '2020-07-03 00:40:55.200000', '2020-07-03 00:45:55.200000');

-- 2020-07-07 00:15:00.000000
-- 2020-07-07
INSERT INTO task (id, collection_id, created_by_id, root_task_id, name, description, report_format, level, task_type, priority, is_locked, start_date, end_date, deadline, created_time, updated_time)
VALUES (651, 56, 151, NULL, 'Test Concurrent CV Editing', 'This is Test Concurrent CV Editing', NULL, 'ADVANCED', 'TEST', 'URGENT', FALSE, '2020-07-07', '2020-08-03', '2020-07-14', '2020-07-07 00:15:00.000000', '2020-07-07 00:15:00.000000');

INSERT INTO task_for_users (id, task_id, assigned_to_id, user_task_status, updated_time, started_time)
VALUES
(16146, 651, 116, 'JOINED', '2020-07-07 00:15:00.000000', '2020-07-07 12:05:38.400000'),
(16147, 651, 117, 'JOINED', '2020-07-07 00:15:00.000000', '2020-07-13 07:27:00.000000'),
(16148, 651, 118, 'JOINED', '2020-07-07 00:15:00.000000', '2020-07-13 07:27:00.000000'),
(16149, 651, 119, 'JOINED', '2020-07-07 00:15:00.000000', '2020-07-07 16:37:48.000000'),
(16150, 651, 120, 'JOINED', '2020-07-07 00:15:00.000000', '2020-07-13 07:27:00.000000'),
(16151, 651, 121, 'JOINED', '2020-07-07 00:15:00.000000', '2020-07-08 23:37:33.600000'),
(16152, 651, 122, 'JOINED', '2020-07-07 00:15:00.000000', '2020-07-13 07:27:00.000000'),
(16153, 651, 123, 'JOINED', '2020-07-07 00:15:00.000000', '2020-07-08 05:59:09.600000'),
(16154, 651, 124, 'JOINED', '2020-07-07 00:15:00.000000', '2020-07-13 07:27:00.000000'),
(16155, 651, 125, 'JOINED', '2020-07-07 00:15:00.000000', '2020-07-13 07:27:00.000000'),
(16156, 651, 126, 'JOINED', '2020-07-07 00:15:00.000000', '2020-07-13 07:27:00.000000'),
(16157, 651, 127, 'JOINED', '2020-07-07 00:15:00.000000', '2020-07-08 14:18:07.200000'),
(16158, 651, 128, 'JOINED', '2020-07-07 00:15:00.000000', '2020-07-09 14:34:40.800000'),
(16159, 651, 129, 'JOINED', '2020-07-07 00:15:00.000000', '2020-07-13 07:27:00.000000'),
(16160, 651, 130, 'JOINED', '2020-07-07 00:15:00.000000', '2020-07-13 07:27:00.000000'),
(16161, 651, 131, 'JOINED', '2020-07-07 00:15:00.000000', '2020-07-13 07:27:00.000000'),
(16162, 651, 132, 'JOINED', '2020-07-07 00:15:00.000000', '2020-07-07 12:51:00.000000'),
(16163, 651, 133, 'JOINED', '2020-07-07 00:15:00.000000', '2020-07-13 07:27:00.000000'),
(16164, 651, 134, 'JOINED', '2020-07-07 00:15:00.000000', '2020-07-13 07:27:00.000000'),
(16165, 651, 135, 'JOINED', '2020-07-07 00:15:00.000000', '2020-07-08 14:38:16.800000'),
(16166, 651, 136, 'JOINED', '2020-07-07 00:15:00.000000', '2020-07-08 18:25:04.800000'),
(16167, 651, 139, 'JOINED', '2020-07-07 00:15:00.000000', '2020-07-08 03:27:57.600000');
INSERT INTO report (id, created_by_id, title, content, rejected_reason, report_status, created_time, updated_time, reviewed_time)
VALUES
(DEFAULT, 16146, 'Employee 116 submit Report', 'Completed Task.', NULL, 'APPROVED', '2020-07-20 12:24:21.600000', '2020-07-20 12:24:21.600000', '2020-07-20 12:29:21.600000'),
(DEFAULT, 16147, 'Employee 117 submit Report', 'Completed Task.', NULL, 'APPROVED', '2020-07-29 02:47:38.400000', '2020-07-29 02:47:38.400000', '2020-07-29 02:52:38.400000'),
(DEFAULT, 16148, 'Employee 118 submit Report', 'Completed Task.', NULL, 'APPROVED', '2020-08-03 07:16:55.200000', '2020-08-03 07:16:55.200000', '2020-08-03 07:21:55.200000'),
(DEFAULT, 16149, 'Employee 119 submit Report', 'Completed Task.', NULL, 'APPROVED', '2020-07-20 07:52:12.000000', '2020-07-20 07:52:12.000000', '2020-07-20 07:57:12.000000'),
(DEFAULT, 16150, 'Employee 120 submit Report', 'Completed Task.', NULL, 'APPROVED', '2020-07-30 09:02:02.400000', '2020-07-30 09:02:02.400000', '2020-07-30 09:07:02.400000'),
(DEFAULT, 16151, 'Employee 121 submit Report', 'Completed Task.', NULL, 'APPROVED', '2020-07-12 15:29:24.000000', '2020-07-12 15:29:24.000000', '2020-07-12 15:34:24.000000'),
(DEFAULT, 16152, 'Employee 122 submit Report', 'Completed Task.', NULL, 'APPROVED', '2020-07-27 10:58:40.800000', '2020-07-27 10:58:40.800000', '2020-07-27 11:03:40.800000'),
(DEFAULT, 16153, 'Employee 123 submit Report', 'Completed Task.', NULL, 'APPROVED', '2020-07-11 23:21:43.200000', '2020-07-11 23:21:43.200000', '2020-07-11 23:26:43.200000'),
(DEFAULT, 16154, 'Employee 124 submit Report', 'Completed Task.', NULL, 'APPROVED', '2020-07-29 01:27:00.000000', '2020-07-29 01:27:00.000000', '2020-07-29 01:32:00.000000'),
(DEFAULT, 16155, 'Employee 125 submit Report', 'Completed Task.', NULL, 'APPROVED', '2020-07-30 02:39:00.000000', '2020-07-30 02:39:00.000000', '2020-07-30 02:44:00.000000'),
(DEFAULT, 16156, 'Employee 126 submit Report', 'Completed Task.', NULL, 'APPROVED', '2020-08-02 09:46:40.800000', '2020-08-02 09:46:40.800000', '2020-08-02 09:51:40.800000'),
(DEFAULT, 16157, 'Employee 127 submit Report', 'Completed Task.', NULL, 'APPROVED', '2020-07-19 10:11:52.800000', '2020-07-19 10:11:52.800000', '2020-07-19 10:16:52.800000'),
(DEFAULT, 16158, 'Employee 128 submit Report', 'Completed Task.', NULL, 'APPROVED', '2020-07-14 00:15:00.000000', '2020-07-14 00:15:00.000000', '2020-07-14 00:20:00.000000'),
(DEFAULT, 16159, 'Employee 129 submit Report', 'Completed Task.', NULL, 'APPROVED', '2020-08-02 07:05:24.000000', '2020-08-02 07:05:24.000000', '2020-08-02 07:10:24.000000'),
(DEFAULT, 16160, 'Employee 130 submit Report', 'Completed Task.', NULL, 'APPROVED', '2020-08-02 15:49:33.600000', '2020-08-02 15:49:33.600000', '2020-08-02 15:54:33.600000'),
(DEFAULT, 16161, 'Employee 131 submit Report', 'Completed Task.', NULL, 'APPROVED', '2020-07-27 12:09:14.400000', '2020-07-27 12:09:14.400000', '2020-07-27 12:14:14.400000'),
(DEFAULT, 16162, 'Employee 132 submit Report', 'Completed Task.', NULL, 'APPROVED', '2020-07-20 11:39:00.000000', '2020-07-20 11:39:00.000000', '2020-07-20 11:44:00.000000'),
(DEFAULT, 16163, 'Employee 133 submit Report', 'Completed Task.', NULL, 'APPROVED', '2020-07-29 09:20:45.600000', '2020-07-29 09:20:45.600000', '2020-07-29 09:25:45.600000'),
(DEFAULT, 16164, 'Employee 134 submit Report', 'Completed Task.', NULL, 'APPROVED', '2020-07-29 12:02:02.400000', '2020-07-29 12:02:02.400000', '2020-07-29 12:07:02.400000'),
(DEFAULT, 16165, 'Employee 135 submit Report', 'Completed Task.', NULL, 'APPROVED', '2020-07-19 09:51:43.200000', '2020-07-19 09:51:43.200000', '2020-07-19 09:56:43.200000'),
(DEFAULT, 16166, 'Employee 136 submit Report', 'Completed Task.', NULL, 'APPROVED', '2020-07-19 06:04:55.200000', '2020-07-19 06:04:55.200000', '2020-07-19 06:09:55.200000'),
(DEFAULT, 16167, 'Employee 139 submit Report', 'Completed Task.', NULL, 'APPROVED', '2020-07-09 12:23:38.400000', '2020-07-09 12:23:38.400000', '2020-07-09 12:28:38.400000');

-- 2020-07-15 00:15:00.000000
-- 2020-07-15
INSERT INTO task (id, collection_id, created_by_id, root_task_id, name, description, report_format, level, task_type, priority, is_locked, start_date, end_date, deadline, created_time, updated_time)
VALUES (652, 56, 151, NULL, 'Test Duplicate Submission Handling', 'This is Test Duplicate Submission Handling', NULL, 'ADVANCED', 'TEST', 'URGENT', FALSE, '2020-07-15', '2020-08-10', '2020-07-22', '2020-07-15 00:15:00.000000', '2020-07-15 00:15:00.000000');

INSERT INTO task_for_users (id, task_id, assigned_to_id, user_task_status, updated_time, started_time)
VALUES
(16169, 652, 116, 'JOINED', '2020-07-15 00:15:00.000000', '2020-07-15 18:13:33.600000'),
(16170, 652, 117, 'JOINED', '2020-07-15 00:15:00.000000', '2020-07-15 22:55:48.000000'),
(16171, 652, 118, 'JOINED', '2020-07-15 00:15:00.000000', '2020-07-17 08:41:52.800000'),
(16172, 652, 119, 'JOINED', '2020-07-15 00:15:00.000000', '2020-07-21 07:27:00.000000'),
(16173, 652, 120, 'JOINED', '2020-07-15 00:15:00.000000', '2020-07-15 03:46:40.800000'),
(16174, 652, 121, 'JOINED', '2020-07-15 00:15:00.000000', '2020-07-21 07:27:00.000000'),
(16175, 652, 122, 'JOINED', '2020-07-15 00:15:00.000000', '2020-07-15 09:29:24.000000'),
(16176, 652, 123, 'JOINED', '2020-07-15 00:15:00.000000', '2020-07-15 00:25:04.800000'),
(16177, 652, 124, 'JOINED', '2020-07-15 00:15:00.000000', '2020-07-15 17:03:00.000000'),
(16178, 652, 125, 'JOINED', '2020-07-15 00:15:00.000000', '2020-07-16 02:22:26.400000'),
(16179, 652, 126, 'JOINED', '2020-07-15 00:15:00.000000', '2020-07-15 05:27:28.800000'),
(16180, 652, 127, 'JOINED', '2020-07-15 00:15:00.000000', '2020-07-21 07:27:00.000000'),
(16181, 652, 128, 'JOINED', '2020-07-15 00:15:00.000000', '2020-07-15 12:40:55.200000'),
(16182, 652, 129, 'JOINED', '2020-07-15 00:15:00.000000', '2020-07-16 09:51:00.000000'),
(16183, 652, 130, 'JOINED', '2020-07-15 00:15:00.000000', '2020-07-15 07:43:33.600000'),
(16184, 652, 131, 'JOINED', '2020-07-15 00:15:00.000000', '2020-07-21 07:27:00.000000'),
(16185, 652, 132, 'JOINED', '2020-07-15 00:15:00.000000', '2020-07-21 07:27:00.000000'),
(16186, 652, 133, 'JOINED', '2020-07-15 00:15:00.000000', '2020-07-15 13:06:07.200000'),
(16187, 652, 134, 'JOINED', '2020-07-15 00:15:00.000000', '2020-07-21 07:27:00.000000'),
(16188, 652, 135, 'JOINED', '2020-07-15 00:15:00.000000', '2020-07-21 07:27:00.000000'),
(16189, 652, 136, 'JOINED', '2020-07-15 00:15:00.000000', '2020-07-20 17:00:07.200000'),
(16190, 652, 139, 'JOINED', '2020-07-15 00:15:00.000000', '2020-07-15 16:12:36.000000');
INSERT INTO report (id, created_by_id, title, content, rejected_reason, report_status, created_time, updated_time, reviewed_time)
VALUES
(DEFAULT, 16169, 'Employee 116 submit Report', 'Completed Task.', NULL, 'APPROVED', '2020-07-28 06:16:26.400000', '2020-07-28 06:16:26.400000', '2020-07-28 06:21:26.400000'),
(DEFAULT, 16170, 'Employee 117 submit Report', 'Completed Task.', NULL, 'APPROVED', '2020-07-21 15:00:36.000000', '2020-07-21 15:00:36.000000', '2020-07-21 15:05:36.000000'),
(DEFAULT, 16171, 'Employee 118 submit Report', 'Completed Task.', NULL, 'APPROVED', '2020-07-21 04:15:28.800000', '2020-07-21 04:15:28.800000', '2020-07-21 04:20:28.800000'),
(DEFAULT, 16172, 'Employee 119 submit Report', 'Completed Task.', NULL, 'APPROVED', '2020-08-05 22:55:48.000000', '2020-08-05 22:55:48.000000', '2020-08-05 23:00:48.000000'),
(DEFAULT, 16173, 'Employee 120 submit Report', 'Completed Task.', NULL, 'APPROVED', '2020-07-21 04:05:24.000000', '2020-07-21 04:05:24.000000', '2020-07-21 04:10:24.000000'),
(DEFAULT, 16174, 'Employee 121 submit Report', 'Completed Task.', NULL, 'APPROVED', '2020-08-06 00:16:26.400000', '2020-08-06 00:16:26.400000', '2020-08-06 00:21:26.400000'),
(DEFAULT, 16175, 'Employee 122 submit Report', 'Completed Task.', NULL, 'APPROVED', '2020-07-19 18:59:38.400000', '2020-07-19 18:59:38.400000', '2020-07-19 19:04:38.400000'),
(DEFAULT, 16176, 'Employee 123 submit Report', 'Completed Task.', NULL, 'APPROVED', '2020-07-18 14:36:07.200000', '2020-07-18 14:36:07.200000', '2020-07-18 14:41:07.200000'),
(DEFAULT, 16177, 'Employee 124 submit Report', 'Completed Task.', NULL, 'APPROVED', '2020-07-20 00:42:21.600000', '2020-07-20 00:42:21.600000', '2020-07-20 00:47:21.600000'),
(DEFAULT, 16178, 'Employee 125 submit Report', 'Completed Task.', NULL, 'APPROVED', '2020-07-27 22:07:33.600000', '2020-07-27 22:07:33.600000', '2020-07-27 22:12:33.600000'),
(DEFAULT, 16179, 'Employee 126 submit Report', 'Completed Task.', NULL, 'APPROVED', '2020-07-28 19:02:31.200000', '2020-07-28 19:02:31.200000', '2020-07-28 19:07:31.200000'),
(DEFAULT, 16180, 'Employee 127 submit Report', 'Completed Task.', NULL, 'APPROVED', '2020-08-07 04:29:52.800000', '2020-08-07 04:29:52.800000', '2020-08-07 04:34:52.800000'),
(DEFAULT, 16181, 'Employee 128 submit Report', 'Completed Task.', NULL, 'APPROVED', '2020-07-28 11:49:04.800000', '2020-07-28 11:49:04.800000', '2020-07-28 11:54:04.800000'),
(DEFAULT, 16182, 'Employee 129 submit Report', 'Completed Task.', NULL, 'APPROVED', '2020-07-20 16:39:57.600000', '2020-07-20 16:39:57.600000', '2020-07-20 16:44:57.600000'),
(DEFAULT, 16183, 'Employee 130 submit Report', 'Completed Task.', NULL, 'APPROVED', '2020-07-28 16:46:26.400000', '2020-07-28 16:46:26.400000', '2020-07-28 16:51:26.400000'),
(DEFAULT, 16184, 'Employee 131 submit Report', 'Completed Task.', NULL, 'APPROVED', '2020-08-06 05:49:04.800000', '2020-08-06 05:49:04.800000', '2020-08-06 05:54:04.800000'),
(DEFAULT, 16185, 'Employee 132 submit Report', 'Completed Task.', NULL, 'APPROVED', '2020-08-05 04:37:04.800000', '2020-08-05 04:37:04.800000', '2020-08-05 04:42:04.800000'),
(DEFAULT, 16186, 'Employee 133 submit Report', 'Completed Task.', NULL, 'APPROVED', '2020-07-28 11:23:52.800000', '2020-07-28 11:23:52.800000', '2020-07-28 11:28:52.800000'),
(DEFAULT, 16187, 'Employee 134 submit Report', 'Completed Task.', NULL, 'APPROVED', '2020-08-06 05:49:04.800000', '2020-08-06 05:49:04.800000', '2020-08-06 05:54:04.800000'),
(DEFAULT, 16188, 'Employee 135 submit Report', 'Completed Task.', NULL, 'APPROVED', '2020-08-10 05:34:40.800000', '2020-08-10 05:34:40.800000', '2020-08-10 05:39:40.800000'),
(DEFAULT, 16189, 'Employee 136 submit Report', 'Completed Task.', NULL, 'APPROVED', '2020-07-21 19:22:40.800000', '2020-07-21 19:22:40.800000', '2020-07-21 19:27:40.800000'),
(DEFAULT, 16190, 'Employee 139 submit Report', 'Completed Task.', NULL, 'APPROVED', '2020-07-16 20:56:16.800000', '2020-07-16 20:56:16.800000', '2020-07-16 21:01:16.800000');

-- 2020-07-23 00:15:00.000000
-- 2020-07-23
INSERT INTO task (id, collection_id, created_by_id, root_task_id, name, description, report_format, level, task_type, priority, is_locked, start_date, end_date, deadline, created_time, updated_time)
VALUES (653, 56, 151, NULL, 'Test Notification Trigger Rules', 'This is Test Notification Trigger Rules', NULL, 'ADVANCED', 'TEST', 'URGENT', FALSE, '2020-07-23', '2020-08-18', '2020-07-30', '2020-07-23 00:15:00.000000', '2020-07-23 00:15:00.000000');

INSERT INTO task_for_users (id, task_id, assigned_to_id, user_task_status, updated_time, started_time)
VALUES
(16192, 653, 116, 'JOINED', '2020-07-23 00:15:00.000000', '2020-07-24 15:58:55.200000'),
(16193, 653, 117, 'JOINED', '2020-07-23 00:15:00.000000', '2020-07-24 05:03:43.200000'),
(16194, 653, 118, 'JOINED', '2020-07-23 00:15:00.000000', '2020-07-23 19:54:21.600000'),
(16195, 653, 119, 'JOINED', '2020-07-23 00:15:00.000000', '2020-07-29 07:27:00.000000'),
(16196, 653, 120, 'JOINED', '2020-07-23 00:15:00.000000', '2020-07-23 17:13:04.800000'),
(16197, 653, 121, 'JOINED', '2020-07-23 00:15:00.000000', '2020-07-23 19:49:19.200000'),
(16198, 653, 122, 'JOINED', '2020-07-23 00:15:00.000000', '2020-07-29 07:27:00.000000'),
(16199, 653, 123, 'JOINED', '2020-07-23 00:15:00.000000', '2020-07-29 07:27:00.000000'),
(16200, 653, 124, 'JOINED', '2020-07-23 00:15:00.000000', '2020-07-23 02:51:14.400000'),
(16201, 653, 125, 'JOINED', '2020-07-23 00:15:00.000000', '2020-07-29 07:27:00.000000'),
(16202, 653, 126, 'JOINED', '2020-07-23 00:15:00.000000', '2020-07-29 07:27:00.000000'),
(16203, 653, 127, 'JOINED', '2020-07-23 00:15:00.000000', '2020-07-29 07:27:00.000000'),
(16204, 653, 128, 'JOINED', '2020-07-23 00:15:00.000000', '2020-07-29 07:27:00.000000'),
(16205, 653, 129, 'JOINED', '2020-07-23 00:15:00.000000', '2020-07-29 07:27:00.000000'),
(16206, 653, 130, 'JOINED', '2020-07-23 00:15:00.000000', '2020-07-24 03:17:52.800000'),
(16207, 653, 131, 'JOINED', '2020-07-23 00:15:00.000000', '2020-07-25 11:53:24.000000'),
(16208, 653, 132, 'JOINED', '2020-07-23 00:15:00.000000', '2020-07-29 07:27:00.000000'),
(16209, 653, 133, 'JOINED', '2020-07-23 00:15:00.000000', '2020-07-29 07:27:00.000000'),
(16210, 653, 134, 'JOINED', '2020-07-23 00:15:00.000000', '2020-07-29 07:27:00.000000'),
(16211, 653, 135, 'JOINED', '2020-07-23 00:15:00.000000', '2020-07-23 08:13:48.000000'),
(16212, 653, 136, 'JOINED', '2020-07-23 00:15:00.000000', '2020-07-24 01:27:00.000000'),
(16213, 653, 139, 'JOINED', '2020-07-23 00:15:00.000000', '2020-07-26 18:17:52.800000');
INSERT INTO report (id, created_by_id, title, content, rejected_reason, report_status, created_time, updated_time, reviewed_time)
VALUES
(DEFAULT, 16192, 'Employee 116 submit Report', 'Completed Task.', NULL, 'APPROVED', '2020-08-04 08:31:04.800000', '2020-08-04 08:31:04.800000', '2020-08-04 08:36:04.800000'),
(DEFAULT, 16193, 'Employee 117 submit Report', 'Completed Task.', NULL, 'APPROVED', '2020-08-04 19:26:16.800000', '2020-08-04 19:26:16.800000', '2020-08-04 19:31:16.800000'),
(DEFAULT, 16194, 'Employee 118 submit Report', 'Completed Task.', NULL, 'APPROVED', '2020-07-29 10:38:31.200000', '2020-07-29 10:38:31.200000', '2020-07-29 10:43:31.200000'),
(DEFAULT, 16195, 'Employee 119 submit Report', 'Completed Task.', NULL, 'APPROVED', '2020-08-15 16:15:28.800000', '2020-08-15 16:15:28.800000', '2020-08-15 16:20:28.800000'),
(DEFAULT, 16196, 'Employee 120 submit Report', 'Completed Task.', NULL, 'APPROVED', '2020-08-05 07:16:55.200000', '2020-08-05 07:16:55.200000', '2020-08-05 07:21:55.200000'),
(DEFAULT, 16197, 'Employee 121 submit Report', 'Completed Task.', NULL, 'APPROVED', '2020-08-05 04:40:40.800000', '2020-08-05 04:40:40.800000', '2020-08-05 04:45:40.800000'),
(DEFAULT, 16198, 'Employee 122 submit Report', 'Completed Task.', NULL, 'APPROVED', '2020-08-16 01:50:02.400000', '2020-08-16 01:50:02.400000', '2020-08-16 01:55:02.400000'),
(DEFAULT, 16199, 'Employee 123 submit Report', 'Completed Task.', NULL, 'APPROVED', '2020-08-16 11:34:40.800000', '2020-08-16 11:34:40.800000', '2020-08-16 11:39:40.800000'),
(DEFAULT, 16200, 'Employee 124 submit Report', 'Completed Task.', NULL, 'APPROVED', '2020-08-05 21:38:45.600000', '2020-08-05 21:38:45.600000', '2020-08-05 21:43:45.600000'),
(DEFAULT, 16201, 'Employee 125 submit Report', 'Completed Task.', NULL, 'APPROVED', '2020-08-18 05:44:45.600000', '2020-08-18 05:44:45.600000', '2020-08-18 05:49:45.600000'),
(DEFAULT, 16202, 'Employee 126 submit Report', 'Completed Task.', NULL, 'APPROVED', '2020-08-14 11:11:38.400000', '2020-08-14 11:11:38.400000', '2020-08-14 11:16:38.400000'),
(DEFAULT, 16203, 'Employee 127 submit Report', 'Completed Task.', NULL, 'APPROVED', '2020-08-15 04:09:43.200000', '2020-08-15 04:09:43.200000', '2020-08-15 04:14:43.200000'),
(DEFAULT, 16204, 'Employee 128 submit Report', 'Completed Task.', NULL, 'APPROVED', '2020-08-17 05:53:24.000000', '2020-08-17 05:53:24.000000', '2020-08-17 05:58:24.000000'),
(DEFAULT, 16205, 'Employee 129 submit Report', 'Completed Task.', NULL, 'APPROVED', '2020-08-16 10:44:16.800000', '2020-08-16 10:44:16.800000', '2020-08-16 10:49:16.800000'),
(DEFAULT, 16206, 'Employee 130 submit Report', 'Completed Task.', NULL, 'APPROVED', '2020-08-04 21:12:07.200000', '2020-08-04 21:12:07.200000', '2020-08-04 21:17:07.200000'),
(DEFAULT, 16207, 'Employee 131 submit Report', 'Completed Task.', NULL, 'APPROVED', '2020-07-29 19:02:31.200000', '2020-07-29 19:02:31.200000', '2020-07-29 19:07:31.200000'),
(DEFAULT, 16208, 'Employee 132 submit Report', 'Completed Task.', NULL, 'APPROVED', '2020-08-18 16:19:48.000000', '2020-08-18 16:19:48.000000', '2020-08-18 16:24:48.000000'),
(DEFAULT, 16209, 'Employee 133 submit Report', 'Completed Task.', NULL, 'APPROVED', '2020-08-12 15:51:00.000000', '2020-08-12 15:51:00.000000', '2020-08-12 15:56:00.000000'),
(DEFAULT, 16210, 'Employee 134 submit Report', 'Completed Task.', NULL, 'APPROVED', '2020-08-16 14:26:02.400000', '2020-08-16 14:26:02.400000', '2020-08-16 14:31:02.400000'),
(DEFAULT, 16211, 'Employee 135 submit Report', 'Completed Task.', NULL, 'APPROVED', '2020-08-05 16:16:12.000000', '2020-08-05 16:16:12.000000', '2020-08-05 16:21:12.000000'),
(DEFAULT, 16212, 'Employee 136 submit Report', 'Completed Task.', NULL, 'APPROVED', '2020-08-04 23:03:00.000000', '2020-08-04 23:03:00.000000', '2020-08-04 23:08:00.000000'),
(DEFAULT, 16213, 'Employee 139 submit Report', 'Completed Task.', NULL, 'APPROVED', '2020-08-02 06:12:07.200000', '2020-08-02 06:12:07.200000', '2020-08-02 06:17:07.200000');

-- 2020-07-31 00:15:00.000000
-- 2020-07-31
INSERT INTO task (id, collection_id, created_by_id, root_task_id, name, description, report_format, level, task_type, priority, is_locked, start_date, end_date, deadline, created_time, updated_time)
VALUES (654, 56, 151, NULL, 'Test Audit Log Generation', 'This is Test Audit Log Generation', NULL, 'ADVANCED', 'TEST', 'URGENT', FALSE, '2020-07-31', '2020-08-27', '2020-08-07', '2020-07-31 00:15:00.000000', '2020-07-31 00:15:00.000000');

INSERT INTO task_for_users (id, task_id, assigned_to_id, user_task_status, updated_time, started_time)
VALUES
(16215, 654, 116, 'JOINED', '2020-07-31 00:15:00.000000', '2020-08-01 01:47:09.600000'),
(16216, 654, 117, 'JOINED', '2020-07-31 00:15:00.000000', '2020-08-06 07:27:00.000000'),
(16217, 654, 118, 'JOINED', '2020-07-31 00:15:00.000000', '2020-07-31 02:31:04.800000'),
(16218, 654, 119, 'JOINED', '2020-07-31 00:15:00.000000', '2020-08-01 06:09:14.400000'),
(16219, 654, 120, 'JOINED', '2020-07-31 00:15:00.000000', '2020-08-01 04:03:14.400000'),
(16220, 654, 121, 'JOINED', '2020-07-31 00:15:00.000000', '2020-08-06 07:27:00.000000'),
(16221, 654, 122, 'JOINED', '2020-07-31 00:15:00.000000', '2020-07-31 01:55:48.000000'),
(16222, 654, 123, 'JOINED', '2020-07-31 00:15:00.000000', '2020-08-02 13:54:21.600000'),
(16223, 654, 124, 'JOINED', '2020-07-31 00:15:00.000000', '2020-08-01 08:40:26.400000'),
(16224, 654, 125, 'JOINED', '2020-07-31 00:15:00.000000', '2020-08-06 07:27:00.000000'),
(16225, 654, 126, 'JOINED', '2020-07-31 00:15:00.000000', '2020-08-01 11:11:38.400000'),
(16226, 654, 127, 'JOINED', '2020-07-31 00:15:00.000000', '2020-07-31 05:47:38.400000'),
(16227, 654, 128, 'JOINED', '2020-07-31 00:15:00.000000', '2020-07-31 21:35:09.600000'),
(16228, 654, 129, 'JOINED', '2020-07-31 00:15:00.000000', '2020-08-06 07:27:00.000000'),
(16229, 654, 130, 'JOINED', '2020-07-31 00:15:00.000000', '2020-08-01 01:27:00.000000'),
(16230, 654, 131, 'JOINED', '2020-07-31 00:15:00.000000', '2020-08-06 07:27:00.000000'),
(16231, 654, 132, 'JOINED', '2020-07-31 00:15:00.000000', '2020-07-31 05:32:31.200000'),
(16232, 654, 133, 'JOINED', '2020-07-31 00:15:00.000000', '2020-08-06 07:27:00.000000'),
(16233, 654, 134, 'JOINED', '2020-07-31 00:15:00.000000', '2020-08-06 07:27:00.000000'),
(16234, 654, 135, 'JOINED', '2020-07-31 00:15:00.000000', '2020-08-01 22:37:04.800000'),
(16235, 654, 136, 'JOINED', '2020-07-31 00:15:00.000000', '2020-07-31 00:25:04.800000'),
(16236, 654, 139, 'JOINED', '2020-07-31 00:15:00.000000', '2020-07-31 12:51:00.000000');
INSERT INTO report (id, created_by_id, title, content, rejected_reason, report_status, created_time, updated_time, reviewed_time)
VALUES
(DEFAULT, 16215, 'Employee 116 submit Report', 'Completed Task.', NULL, 'APPROVED', '2020-08-05 08:46:12.000000', '2020-08-05 08:46:12.000000', '2020-08-05 08:51:12.000000'),
(DEFAULT, 16216, 'Employee 117 submit Report', 'Completed Task.', NULL, 'APPROVED', '2020-08-26 17:50:31.200000', '2020-08-26 17:50:31.200000', '2020-08-26 17:55:31.200000'),
(DEFAULT, 16217, 'Employee 118 submit Report', 'Completed Task.', NULL, 'APPROVED', '2020-08-13 21:58:55.200000', '2020-08-13 21:58:55.200000', '2020-08-13 22:03:55.200000'),
(DEFAULT, 16218, 'Employee 119 submit Report', 'Completed Task.', NULL, 'APPROVED', '2020-08-12 18:20:45.600000', '2020-08-12 18:20:45.600000', '2020-08-12 18:25:45.600000'),
(DEFAULT, 16219, 'Employee 120 submit Report', 'Completed Task.', NULL, 'APPROVED', '2020-08-12 20:26:45.600000', '2020-08-12 20:26:45.600000', '2020-08-12 20:31:45.600000'),
(DEFAULT, 16220, 'Employee 121 submit Report', 'Completed Task.', NULL, 'APPROVED', '2020-08-22 20:46:12.000000', '2020-08-22 20:46:12.000000', '2020-08-22 20:51:12.000000'),
(DEFAULT, 16221, 'Employee 122 submit Report', 'Completed Task.', NULL, 'APPROVED', '2020-08-03 19:08:16.800000', '2020-08-03 19:08:16.800000', '2020-08-03 19:13:16.800000'),
(DEFAULT, 16222, 'Employee 123 submit Report', 'Completed Task.', NULL, 'APPROVED', '2020-08-06 03:15:00.000000', '2020-08-06 03:15:00.000000', '2020-08-06 03:20:00.000000'),
(DEFAULT, 16223, 'Employee 124 submit Report', 'Completed Task.', NULL, 'APPROVED', '2020-08-12 15:49:33.600000', '2020-08-12 15:49:33.600000', '2020-08-12 15:54:33.600000'),
(DEFAULT, 16224, 'Employee 125 submit Report', 'Completed Task.', NULL, 'APPROVED', '2020-08-27 03:15:00.000000', '2020-08-27 03:15:00.000000', '2020-08-27 03:20:00.000000'),
(DEFAULT, 16225, 'Employee 126 submit Report', 'Completed Task.', NULL, 'APPROVED', '2020-08-06 13:09:43.200000', '2020-08-06 13:09:43.200000', '2020-08-06 13:14:43.200000'),
(DEFAULT, 16226, 'Employee 127 submit Report', 'Completed Task.', NULL, 'APPROVED', '2020-08-03 22:19:48.000000', '2020-08-03 22:19:48.000000', '2020-08-03 22:24:48.000000'),
(DEFAULT, 16227, 'Employee 128 submit Report', 'Completed Task.', NULL, 'APPROVED', '2020-08-04 09:55:19.200000', '2020-08-04 09:55:19.200000', '2020-08-04 10:00:19.200000'),
(DEFAULT, 16228, 'Employee 129 submit Report', 'Completed Task.', NULL, 'APPROVED', '2020-08-24 03:20:45.600000', '2020-08-24 03:20:45.600000', '2020-08-24 03:25:45.600000'),
(DEFAULT, 16229, 'Employee 130 submit Report', 'Completed Task.', NULL, 'APPROVED', '2020-08-06 02:04:26.400000', '2020-08-06 02:04:26.400000', '2020-08-06 02:09:26.400000'),
(DEFAULT, 16230, 'Employee 131 submit Report', 'Completed Task.', NULL, 'APPROVED', '2020-08-25 23:41:52.800000', '2020-08-25 23:41:52.800000', '2020-08-25 23:46:52.800000'),
(DEFAULT, 16231, 'Employee 132 submit Report', 'Completed Task.', NULL, 'APPROVED', '2020-08-13 18:57:28.800000', '2020-08-13 18:57:28.800000', '2020-08-13 19:02:28.800000'),
(DEFAULT, 16232, 'Employee 133 submit Report', 'Completed Task.', NULL, 'APPROVED', '2020-08-23 12:53:52.800000', '2020-08-23 12:53:52.800000', '2020-08-23 12:58:52.800000'),
(DEFAULT, 16233, 'Employee 134 submit Report', 'Completed Task.', NULL, 'APPROVED', '2020-08-21 20:24:36.000000', '2020-08-21 20:24:36.000000', '2020-08-21 20:29:36.000000'),
(DEFAULT, 16234, 'Employee 135 submit Report', 'Completed Task.', NULL, 'APPROVED', '2020-08-06 02:24:36.000000', '2020-08-06 02:24:36.000000', '2020-08-06 02:29:36.000000'),
(DEFAULT, 16235, 'Employee 136 submit Report', 'Completed Task.', NULL, 'APPROVED', '2020-08-06 05:15:57.600000', '2020-08-06 05:15:57.600000', '2020-08-06 05:20:57.600000'),
(DEFAULT, 16236, 'Employee 139 submit Report', 'Completed Task.', NULL, 'APPROVED', '2020-08-02 15:25:04.800000', '2020-08-02 15:25:04.800000', '2020-08-02 15:30:04.800000');

-- 2020-08-08 00:15:00.000000
-- 2020-08-08
INSERT INTO task (id, collection_id, created_by_id, root_task_id, name, description, report_format, level, task_type, priority, is_locked, start_date, end_date, deadline, created_time, updated_time)
VALUES (655, 56, 151, NULL, 'Test Data Persistence Accuracy', 'This is Test Data Persistence Accuracy', NULL, 'ADVANCED', 'TEST', 'URGENT', FALSE, '2020-08-08', '2020-09-03', '2020-08-15', '2020-08-08 00:15:00.000000', '2020-08-08 00:15:00.000000');

INSERT INTO task_for_users (id, task_id, assigned_to_id, user_task_status, updated_time, started_time)
VALUES
(16238, 655, 116, 'JOINED', '2020-08-08 00:15:00.000000', '2020-08-14 07:27:00.000000'),
(16239, 655, 117, 'JOINED', '2020-08-08 00:15:00.000000', '2020-08-14 07:27:00.000000'),
(16240, 655, 118, 'JOINED', '2020-08-08 00:15:00.000000', '2020-08-14 07:27:00.000000'),
(16241, 655, 119, 'JOINED', '2020-08-08 00:15:00.000000', '2020-08-08 08:49:04.800000'),
(16242, 655, 120, 'JOINED', '2020-08-08 00:15:00.000000', '2020-08-14 07:27:00.000000'),
(16243, 655, 121, 'JOINED', '2020-08-08 00:15:00.000000', '2020-08-08 10:39:57.600000'),
(16244, 655, 122, 'JOINED', '2020-08-08 00:15:00.000000', '2020-08-14 07:27:00.000000'),
(16245, 655, 123, 'JOINED', '2020-08-08 00:15:00.000000', '2020-08-14 07:27:00.000000'),
(16246, 655, 124, 'JOINED', '2020-08-08 00:15:00.000000', '2020-08-14 07:27:00.000000'),
(16247, 655, 125, 'JOINED', '2020-08-08 00:15:00.000000', '2020-08-08 21:55:19.200000'),
(16248, 655, 126, 'JOINED', '2020-08-08 00:15:00.000000', '2020-08-09 01:32:02.400000'),
(16249, 655, 127, 'JOINED', '2020-08-08 00:15:00.000000', '2020-08-09 04:18:21.600000'),
(16250, 655, 128, 'JOINED', '2020-08-08 00:15:00.000000', '2020-08-09 05:59:09.600000'),
(16251, 655, 129, 'JOINED', '2020-08-08 00:15:00.000000', '2020-08-14 07:27:00.000000'),
(16252, 655, 130, 'JOINED', '2020-08-08 00:15:00.000000', '2020-08-14 07:27:00.000000'),
(16253, 655, 131, 'JOINED', '2020-08-08 00:15:00.000000', '2020-08-08 05:07:19.200000'),
(16254, 655, 132, 'JOINED', '2020-08-08 00:15:00.000000', '2020-08-14 07:27:00.000000'),
(16255, 655, 133, 'JOINED', '2020-08-08 00:15:00.000000', '2020-08-08 20:54:50.400000'),
(16256, 655, 134, 'JOINED', '2020-08-08 00:15:00.000000', '2020-08-08 13:31:19.200000'),
(16257, 655, 135, 'JOINED', '2020-08-08 00:15:00.000000', '2020-08-14 07:27:00.000000'),
(16258, 655, 136, 'JOINED', '2020-08-08 00:15:00.000000', '2020-08-09 10:31:19.200000'),
(16259, 655, 139, 'JOINED', '2020-08-08 00:15:00.000000', '2020-08-08 10:09:43.200000');
INSERT INTO report (id, created_by_id, title, content, rejected_reason, report_status, created_time, updated_time, reviewed_time)
VALUES
(DEFAULT, 16238, 'Employee 116 submit Report', 'Completed Task.', NULL, 'APPROVED', '2020-09-02 07:14:02.400000', '2020-09-02 07:14:02.400000', '2020-09-02 07:19:02.400000'),
(DEFAULT, 16239, 'Employee 117 submit Report', 'Completed Task.', NULL, 'APPROVED', '2020-08-31 21:07:48.000000', '2020-08-31 21:07:48.000000', '2020-08-31 21:12:48.000000'),
(DEFAULT, 16240, 'Employee 118 submit Report', 'Completed Task.', NULL, 'APPROVED', '2020-09-02 08:04:26.400000', '2020-09-02 08:04:26.400000', '2020-09-02 08:09:26.400000'),
(DEFAULT, 16241, 'Employee 119 submit Report', 'Completed Task.', NULL, 'APPROVED', '2020-08-14 21:13:33.600000', '2020-08-14 21:13:33.600000', '2020-08-14 21:18:33.600000'),
(DEFAULT, 16242, 'Employee 120 submit Report', 'Completed Task.', NULL, 'APPROVED', '2020-09-03 23:23:09.600000', '2020-09-03 23:23:09.600000', '2020-09-03 23:28:09.600000'),
(DEFAULT, 16243, 'Employee 121 submit Report', 'Completed Task.', NULL, 'APPROVED', '2020-08-21 13:50:02.400000', '2020-08-21 13:50:02.400000', '2020-08-21 13:55:02.400000'),
(DEFAULT, 16244, 'Employee 122 submit Report', 'Completed Task.', NULL, 'APPROVED', '2020-09-03 07:15:28.800000', '2020-09-03 07:15:28.800000', '2020-09-03 07:20:28.800000'),
(DEFAULT, 16245, 'Employee 123 submit Report', 'Completed Task.', NULL, 'APPROVED', '2020-08-28 09:07:48.000000', '2020-08-28 09:07:48.000000', '2020-08-28 09:12:48.000000'),
(DEFAULT, 16246, 'Employee 124 submit Report', 'Completed Task.', NULL, 'APPROVED', '2020-09-01 01:09:43.200000', '2020-09-01 01:09:43.200000', '2020-09-01 01:14:43.200000'),
(DEFAULT, 16247, 'Employee 125 submit Report', 'Completed Task.', NULL, 'APPROVED', '2020-08-21 02:34:40.800000', '2020-08-21 02:34:40.800000', '2020-08-21 02:39:40.800000'),
(DEFAULT, 16248, 'Employee 126 submit Report', 'Completed Task.', NULL, 'APPROVED', '2020-08-20 22:57:57.600000', '2020-08-20 22:57:57.600000', '2020-08-20 23:02:57.600000'),
(DEFAULT, 16249, 'Employee 127 submit Report', 'Completed Task.', NULL, 'APPROVED', '2020-08-14 15:10:40.800000', '2020-08-14 15:10:40.800000', '2020-08-14 15:15:40.800000'),
(DEFAULT, 16250, 'Employee 128 submit Report', 'Completed Task.', NULL, 'APPROVED', '2020-08-20 18:30:50.400000', '2020-08-20 18:30:50.400000', '2020-08-20 18:35:50.400000'),
(DEFAULT, 16251, 'Employee 129 submit Report', 'Completed Task.', NULL, 'APPROVED', '2020-08-28 08:37:33.600000', '2020-08-28 08:37:33.600000', '2020-08-28 08:42:33.600000'),
(DEFAULT, 16252, 'Employee 130 submit Report', 'Completed Task.', NULL, 'APPROVED', '2020-08-30 17:54:50.400000', '2020-08-30 17:54:50.400000', '2020-08-30 17:59:50.400000'),
(DEFAULT, 16253, 'Employee 131 submit Report', 'Completed Task.', NULL, 'APPROVED', '2020-08-21 19:22:40.800000', '2020-08-21 19:22:40.800000', '2020-08-21 19:27:40.800000'),
(DEFAULT, 16254, 'Employee 132 submit Report', 'Completed Task.', NULL, 'APPROVED', '2020-08-31 22:18:21.600000', '2020-08-31 22:18:21.600000', '2020-08-31 22:23:21.600000'),
(DEFAULT, 16255, 'Employee 133 submit Report', 'Completed Task.', NULL, 'APPROVED', '2020-08-12 13:06:50.400000', '2020-08-12 13:06:50.400000', '2020-08-12 13:11:50.400000'),
(DEFAULT, 16256, 'Employee 134 submit Report', 'Completed Task.', NULL, 'APPROVED', '2020-08-12 15:17:52.800000', '2020-08-12 15:17:52.800000', '2020-08-12 15:22:52.800000'),
(DEFAULT, 16257, 'Employee 135 submit Report', 'Completed Task.', NULL, 'APPROVED', '2020-08-29 18:13:33.600000', '2020-08-29 18:13:33.600000', '2020-08-29 18:18:33.600000'),
(DEFAULT, 16258, 'Employee 136 submit Report', 'Completed Task.', NULL, 'APPROVED', '2020-08-13 04:03:57.600000', '2020-08-13 04:03:57.600000', '2020-08-13 04:08:57.600000'),
(DEFAULT, 16259, 'Employee 139 submit Report', 'Completed Task.', NULL, 'APPROVED', '2020-08-10 02:49:04.800000', '2020-08-10 02:49:04.800000', '2020-08-10 02:54:04.800000');

-- 2020-08-16 00:15:00.000000
-- 2020-08-16
INSERT INTO task (id, collection_id, created_by_id, root_task_id, name, description, report_format, level, task_type, priority, is_locked, start_date, end_date, deadline, created_time, updated_time)
VALUES (656, 56, 151, NULL, 'Test Search & Filter Functions', 'This is Test Search & Filter Functions', NULL, 'ADVANCED', 'TEST', 'URGENT', FALSE, '2020-08-16', '2020-09-12', '2020-08-23', '2020-08-16 00:15:00.000000', '2020-08-16 00:15:00.000000');

INSERT INTO task_for_users (id, task_id, assigned_to_id, user_task_status, updated_time, started_time)
VALUES
(16261, 656, 116, 'JOINED', '2020-08-16 00:15:00.000000', '2020-08-22 07:27:00.000000'),
(16262, 656, 117, 'JOINED', '2020-08-16 00:15:00.000000', '2020-08-16 10:24:50.400000'),
(16263, 656, 118, 'JOINED', '2020-08-16 00:15:00.000000', '2020-08-18 02:59:09.600000'),
(16264, 656, 119, 'JOINED', '2020-08-16 00:15:00.000000', '2020-08-22 07:27:00.000000'),
(16265, 656, 120, 'JOINED', '2020-08-16 00:15:00.000000', '2020-08-22 07:27:00.000000'),
(16266, 656, 121, 'JOINED', '2020-08-16 00:15:00.000000', '2020-08-17 08:00:07.200000'),
(16267, 656, 122, 'JOINED', '2020-08-16 00:15:00.000000', '2020-08-22 07:27:00.000000'),
(16268, 656, 123, 'JOINED', '2020-08-16 00:15:00.000000', '2020-08-22 07:27:00.000000'),
(16269, 656, 124, 'JOINED', '2020-08-16 00:15:00.000000', '2020-08-22 07:27:00.000000'),
(16270, 656, 125, 'JOINED', '2020-08-16 00:15:00.000000', '2020-08-17 01:06:50.400000'),
(16271, 656, 126, 'JOINED', '2020-08-16 00:15:00.000000', '2020-08-16 00:40:12.000000'),
(16272, 656, 127, 'JOINED', '2020-08-16 00:15:00.000000', '2020-08-22 07:27:00.000000'),
(16273, 656, 128, 'JOINED', '2020-08-16 00:15:00.000000', '2020-08-22 07:27:00.000000'),
(16274, 656, 129, 'JOINED', '2020-08-16 00:15:00.000000', '2020-08-17 02:17:24.000000'),
(16275, 656, 130, 'JOINED', '2020-08-16 00:15:00.000000', '2020-08-22 07:27:00.000000'),
(16276, 656, 131, 'JOINED', '2020-08-16 00:15:00.000000', '2020-08-17 04:18:21.600000'),
(16277, 656, 132, 'JOINED', '2020-08-16 00:15:00.000000', '2020-08-22 07:27:00.000000'),
(16278, 656, 133, 'JOINED', '2020-08-16 00:15:00.000000', '2020-08-16 21:55:19.200000'),
(16279, 656, 134, 'JOINED', '2020-08-16 00:15:00.000000', '2020-08-16 09:09:14.400000'),
(16280, 656, 135, 'JOINED', '2020-08-16 00:15:00.000000', '2020-08-16 18:23:38.400000'),
(16281, 656, 136, 'JOINED', '2020-08-16 00:15:00.000000', '2020-08-18 23:03:43.200000'),
(16282, 656, 139, 'JOINED', '2020-08-16 00:15:00.000000', '2020-08-17 17:24:36.000000');
INSERT INTO report (id, created_by_id, title, content, rejected_reason, report_status, created_time, updated_time, reviewed_time)
VALUES
(DEFAULT, 16261, 'Employee 116 submit Report', 'Completed Task.', NULL, 'APPROVED', '2020-09-10 06:53:52.800000', '2020-09-10 06:53:52.800000', '2020-09-10 06:58:52.800000'),
(DEFAULT, 16262, 'Employee 117 submit Report', 'Completed Task.', NULL, 'APPROVED', '2020-08-29 14:05:09.600000', '2020-08-29 14:05:09.600000', '2020-08-29 14:10:09.600000'),
(DEFAULT, 16263, 'Employee 118 submit Report', 'Completed Task.', NULL, 'APPROVED', '2020-08-22 09:38:02.400000', '2020-08-22 09:38:02.400000', '2020-08-22 09:43:02.400000'),
(DEFAULT, 16264, 'Employee 119 submit Report', 'Completed Task.', NULL, 'APPROVED', '2020-09-07 16:24:07.200000', '2020-09-07 16:24:07.200000', '2020-09-07 16:29:07.200000'),
(DEFAULT, 16265, 'Employee 120 submit Report', 'Completed Task.', NULL, 'APPROVED', '2020-09-10 03:22:12.000000', '2020-09-10 03:22:12.000000', '2020-09-10 03:27:12.000000'),
(DEFAULT, 16266, 'Employee 121 submit Report', 'Completed Task.', NULL, 'APPROVED', '2020-08-21 02:33:14.400000', '2020-08-21 02:33:14.400000', '2020-08-21 02:38:14.400000'),
(DEFAULT, 16267, 'Employee 122 submit Report', 'Completed Task.', NULL, 'APPROVED', '2020-09-06 13:01:04.800000', '2020-09-06 13:01:04.800000', '2020-09-06 13:06:04.800000'),
(DEFAULT, 16268, 'Employee 123 submit Report', 'Completed Task.', NULL, 'APPROVED', '2020-09-08 19:37:04.800000', '2020-09-08 19:37:04.800000', '2020-09-08 19:42:04.800000'),
(DEFAULT, 16269, 'Employee 124 submit Report', 'Completed Task.', NULL, 'APPROVED', '2020-09-11 20:21:43.200000', '2020-09-11 20:21:43.200000', '2020-09-11 20:26:43.200000'),
(DEFAULT, 16270, 'Employee 125 submit Report', 'Completed Task.', NULL, 'APPROVED', '2020-08-21 03:43:48.000000', '2020-08-21 03:43:48.000000', '2020-08-21 03:48:48.000000'),
(DEFAULT, 16271, 'Employee 126 submit Report', 'Completed Task.', NULL, 'APPROVED', '2020-08-29 23:49:48.000000', '2020-08-29 23:49:48.000000', '2020-08-29 23:54:48.000000'),
(DEFAULT, 16272, 'Employee 127 submit Report', 'Completed Task.', NULL, 'APPROVED', '2020-09-09 13:05:24.000000', '2020-09-09 13:05:24.000000', '2020-09-09 13:10:24.000000'),
(DEFAULT, 16273, 'Employee 128 submit Report', 'Completed Task.', NULL, 'APPROVED', '2020-09-12 04:05:24.000000', '2020-09-12 04:05:24.000000', '2020-09-12 04:10:24.000000'),
(DEFAULT, 16274, 'Employee 129 submit Report', 'Completed Task.', NULL, 'APPROVED', '2020-08-20 15:17:52.800000', '2020-08-20 15:17:52.800000', '2020-08-20 15:22:52.800000'),
(DEFAULT, 16275, 'Employee 130 submit Report', 'Completed Task.', NULL, 'APPROVED', '2020-09-09 20:59:09.600000', '2020-09-09 20:59:09.600000', '2020-09-09 21:04:09.600000'),
(DEFAULT, 16276, 'Employee 131 submit Report', 'Completed Task.', NULL, 'APPROVED', '2020-08-20 16:38:31.200000', '2020-08-20 16:38:31.200000', '2020-08-20 16:43:31.200000'),
(DEFAULT, 16277, 'Employee 132 submit Report', 'Completed Task.', NULL, 'APPROVED', '2020-09-09 02:00:07.200000', '2020-09-09 02:00:07.200000', '2020-09-09 02:05:07.200000'),
(DEFAULT, 16278, 'Employee 133 submit Report', 'Completed Task.', NULL, 'APPROVED', '2020-08-29 02:34:40.800000', '2020-08-29 02:34:40.800000', '2020-08-29 02:39:40.800000'),
(DEFAULT, 16279, 'Employee 134 submit Report', 'Completed Task.', NULL, 'APPROVED', '2020-08-29 15:20:45.600000', '2020-08-29 15:20:45.600000', '2020-08-29 15:25:45.600000'),
(DEFAULT, 16280, 'Employee 135 submit Report', 'Completed Task.', NULL, 'APPROVED', '2020-08-22 21:33:43.200000', '2020-08-22 21:33:43.200000', '2020-08-22 21:38:43.200000'),
(DEFAULT, 16281, 'Employee 136 submit Report', 'Completed Task.', NULL, 'APPROVED', '2020-08-27 01:26:16.800000', '2020-08-27 01:26:16.800000', '2020-08-27 01:31:16.800000'),
(DEFAULT, 16282, 'Employee 139 submit Report', 'Completed Task.', NULL, 'APPROVED', '2020-08-28 07:05:24.000000', '2020-08-28 07:05:24.000000', '2020-08-28 07:10:24.000000');

-- 2020-08-24 00:15:00.000000
-- 2020-08-24
INSERT INTO task (id, collection_id, created_by_id, root_task_id, name, description, report_format, level, task_type, priority, is_locked, start_date, end_date, deadline, created_time, updated_time)
VALUES (657, 56, 151, NULL, 'Test Pagination Behavior', 'This is Test Pagination Behavior', NULL, 'ADVANCED', 'TEST', 'HIGH', FALSE, '2020-08-24', '2020-09-16', '2020-08-30', '2020-08-24 00:15:00.000000', '2020-08-24 00:15:00.000000');

INSERT INTO task_for_users (id, task_id, assigned_to_id, user_task_status, updated_time, started_time)
VALUES
(16284, 657, 116, 'JOINED', '2020-08-24 00:15:00.000000', '2020-08-24 21:07:48.000000'),
(16285, 657, 117, 'JOINED', '2020-08-24 00:15:00.000000', '2020-08-29 09:51:00.000000'),
(16286, 657, 118, 'JOINED', '2020-08-24 00:15:00.000000', '2020-08-24 01:06:50.400000'),
(16287, 657, 119, 'JOINED', '2020-08-24 00:15:00.000000', '2020-08-24 04:47:09.600000'),
(16288, 657, 120, 'JOINED', '2020-08-24 00:15:00.000000', '2020-08-29 09:51:00.000000'),
(16289, 657, 121, 'JOINED', '2020-08-24 00:15:00.000000', '2020-08-24 11:28:55.200000'),
(16290, 657, 122, 'JOINED', '2020-08-24 00:15:00.000000', '2020-08-25 18:48:07.200000'),
(16291, 657, 123, 'JOINED', '2020-08-24 00:15:00.000000', '2020-08-25 07:55:48.000000'),
(16292, 657, 124, 'JOINED', '2020-08-24 00:15:00.000000', '2020-08-29 09:51:00.000000'),
(16293, 657, 125, 'JOINED', '2020-08-24 00:15:00.000000', '2020-08-24 07:05:24.000000'),
(16294, 657, 126, 'JOINED', '2020-08-24 00:15:00.000000', '2020-08-29 09:51:00.000000'),
(16295, 657, 127, 'JOINED', '2020-08-24 00:15:00.000000', '2020-08-25 01:35:38.400000'),
(16296, 657, 128, 'JOINED', '2020-08-24 00:15:00.000000', '2020-08-24 14:04:26.400000'),
(16297, 657, 129, 'JOINED', '2020-08-24 00:15:00.000000', '2020-08-29 09:51:00.000000'),
(16298, 657, 130, 'JOINED', '2020-08-24 00:15:00.000000', '2020-08-25 04:11:09.600000'),
(16299, 657, 131, 'JOINED', '2020-08-24 00:15:00.000000', '2020-08-29 09:51:00.000000'),
(16300, 657, 132, 'JOINED', '2020-08-24 00:15:00.000000', '2020-08-29 09:51:00.000000'),
(16301, 657, 133, 'JOINED', '2020-08-24 00:15:00.000000', '2020-08-24 04:16:55.200000'),
(16302, 657, 134, 'JOINED', '2020-08-24 00:15:00.000000', '2020-08-25 19:22:40.800000'),
(16303, 657, 135, 'JOINED', '2020-08-24 00:15:00.000000', '2020-08-25 12:23:38.400000'),
(16304, 657, 136, 'JOINED', '2020-08-24 00:15:00.000000', '2020-08-25 00:09:14.400000'),
(16305, 657, 139, 'JOINED', '2020-08-24 00:15:00.000000', '2020-08-28 09:04:55.200000');
INSERT INTO report (id, created_by_id, title, content, rejected_reason, report_status, created_time, updated_time, reviewed_time)
VALUES
(DEFAULT, 16284, 'Employee 116 submit Report', 'Completed Task.', NULL, 'APPROVED', '2020-08-26 18:29:24.000000', '2020-08-26 18:29:24.000000', '2020-08-26 18:34:24.000000'),
(DEFAULT, 16285, 'Employee 117 submit Report', 'Completed Task.', NULL, 'APPROVED', '2020-09-14 02:15:57.600000', '2020-09-14 02:15:57.600000', '2020-09-14 02:20:57.600000'),
(DEFAULT, 16286, 'Employee 118 submit Report', 'Completed Task.', NULL, 'APPROVED', '2020-08-26 21:39:28.800000', '2020-08-26 21:39:28.800000', '2020-08-26 21:44:28.800000'),
(DEFAULT, 16287, 'Employee 119 submit Report', 'Completed Task.', NULL, 'APPROVED', '2020-09-04 19:42:50.400000', '2020-09-04 19:42:50.400000', '2020-09-04 19:47:50.400000'),
(DEFAULT, 16288, 'Employee 120 submit Report', 'Completed Task.', NULL, 'APPROVED', '2020-09-12 10:31:19.200000', '2020-09-12 10:31:19.200000', '2020-09-12 10:36:19.200000'),
(DEFAULT, 16289, 'Employee 121 submit Report', 'Completed Task.', NULL, 'APPROVED', '2020-08-26 10:51:28.800000', '2020-08-26 10:51:28.800000', '2020-08-26 10:56:28.800000'),
(DEFAULT, 16290, 'Employee 122 submit Report', 'Completed Task.', NULL, 'APPROVED', '2020-09-03 05:41:52.800000', '2020-09-03 05:41:52.800000', '2020-09-03 05:46:52.800000'),
(DEFAULT, 16291, 'Employee 123 submit Report', 'Completed Task.', NULL, 'APPROVED', '2020-08-28 06:55:19.200000', '2020-08-28 06:55:19.200000', '2020-08-28 07:00:19.200000'),
(DEFAULT, 16292, 'Employee 124 submit Report', 'Completed Task.', NULL, 'APPROVED', '2020-09-13 13:18:21.600000', '2020-09-13 13:18:21.600000', '2020-09-13 13:23:21.600000'),
(DEFAULT, 16293, 'Employee 125 submit Report', 'Completed Task.', NULL, 'APPROVED', '2020-09-04 17:24:36.000000', '2020-09-04 17:24:36.000000', '2020-09-04 17:29:36.000000'),
(DEFAULT, 16294, 'Employee 126 submit Report', 'Completed Task.', NULL, 'APPROVED', '2020-09-13 01:55:48.000000', '2020-09-13 01:55:48.000000', '2020-09-13 02:00:48.000000'),
(DEFAULT, 16295, 'Employee 127 submit Report', 'Completed Task.', NULL, 'APPROVED', '2020-08-27 03:42:21.600000', '2020-08-27 03:42:21.600000', '2020-08-27 03:47:21.600000'),
(DEFAULT, 16296, 'Employee 128 submit Report', 'Completed Task.', NULL, 'APPROVED', '2020-08-27 10:37:04.800000', '2020-08-27 10:37:04.800000', '2020-08-27 10:42:04.800000'),
(DEFAULT, 16297, 'Employee 129 submit Report', 'Completed Task.', NULL, 'APPROVED', '2020-09-16 07:06:50.400000', '2020-09-16 07:06:50.400000', '2020-09-16 07:11:50.400000'),
(DEFAULT, 16298, 'Employee 130 submit Report', 'Completed Task.', NULL, 'APPROVED', '2020-08-28 12:49:33.600000', '2020-08-28 12:49:33.600000', '2020-08-28 12:54:33.600000'),
(DEFAULT, 16299, 'Employee 131 submit Report', 'Completed Task.', NULL, 'APPROVED', '2020-09-13 19:21:14.400000', '2020-09-13 19:21:14.400000', '2020-09-13 19:26:14.400000'),
(DEFAULT, 16300, 'Employee 132 submit Report', 'Completed Task.', NULL, 'APPROVED', '2020-09-15 06:55:19.200000', '2020-09-15 06:55:19.200000', '2020-09-15 07:00:19.200000'),
(DEFAULT, 16301, 'Employee 133 submit Report', 'Completed Task.', NULL, 'APPROVED', '2020-08-26 14:18:50.400000', '2020-08-26 14:18:50.400000', '2020-08-26 14:23:50.400000'),
(DEFAULT, 16302, 'Employee 134 submit Report', 'Completed Task.', NULL, 'APPROVED', '2020-09-03 05:07:19.200000', '2020-09-03 05:07:19.200000', '2020-09-03 05:12:19.200000'),
(DEFAULT, 16303, 'Employee 135 submit Report', 'Completed Task.', NULL, 'APPROVED', '2020-09-03 12:06:21.600000', '2020-09-03 12:06:21.600000', '2020-09-03 12:11:21.600000'),
(DEFAULT, 16304, 'Employee 136 submit Report', 'Completed Task.', NULL, 'APPROVED', '2020-08-26 17:46:12.000000', '2020-08-26 17:46:12.000000', '2020-08-26 17:51:12.000000'),
(DEFAULT, 16305, 'Employee 139 submit Report', 'Completed Task.', NULL, 'APPROVED', '2020-08-29 17:46:12.000000', '2020-08-29 17:46:12.000000', '2020-08-29 17:51:12.000000');

-- 2020-08-31 00:15:00.000000
-- 2020-08-31
INSERT INTO task (id, collection_id, created_by_id, root_task_id, name, description, report_format, level, task_type, priority, is_locked, start_date, end_date, deadline, created_time, updated_time)
VALUES (658, 56, 151, NULL, 'Test Sorting Logic', 'This is Test Sorting Logic', NULL, 'ADVANCED', 'TEST', 'HIGH', FALSE, '2020-08-31', '2020-09-21', '2020-09-06', '2020-08-31 00:15:00.000000', '2020-08-31 00:15:00.000000');

INSERT INTO task_for_users (id, task_id, assigned_to_id, user_task_status, updated_time, started_time)
VALUES
(16307, 658, 116, 'JOINED', '2020-08-31 00:15:00.000000', '2020-09-05 09:51:00.000000'),
(16308, 658, 117, 'JOINED', '2020-08-31 00:15:00.000000', '2020-08-31 20:24:36.000000'),
(16309, 658, 118, 'JOINED', '2020-08-31 00:15:00.000000', '2020-09-05 09:51:00.000000'),
(16310, 658, 119, 'JOINED', '2020-08-31 00:15:00.000000', '2020-08-31 07:01:04.800000'),
(16311, 658, 120, 'JOINED', '2020-08-31 00:15:00.000000', '2020-08-31 20:20:16.800000'),
(16312, 658, 121, 'JOINED', '2020-08-31 00:15:00.000000', '2020-09-05 09:51:00.000000'),
(16313, 658, 122, 'JOINED', '2020-08-31 00:15:00.000000', '2020-09-05 09:51:00.000000'),
(16314, 658, 123, 'JOINED', '2020-08-31 00:15:00.000000', '2020-08-31 16:14:02.400000'),
(16315, 658, 124, 'JOINED', '2020-08-31 00:15:00.000000', '2020-09-05 09:51:00.000000'),
(16316, 658, 125, 'JOINED', '2020-08-31 00:15:00.000000', '2020-09-01 04:19:48.000000'),
(16317, 658, 126, 'JOINED', '2020-08-31 00:15:00.000000', '2020-08-31 14:13:04.800000'),
(16318, 658, 127, 'JOINED', '2020-08-31 00:15:00.000000', '2020-09-01 02:57:43.200000'),
(16319, 658, 128, 'JOINED', '2020-08-31 00:15:00.000000', '2020-09-05 09:51:00.000000'),
(16320, 658, 129, 'JOINED', '2020-08-31 00:15:00.000000', '2020-08-31 09:53:52.800000'),
(16321, 658, 130, 'JOINED', '2020-08-31 00:15:00.000000', '2020-08-31 01:50:02.400000'),
(16322, 658, 131, 'JOINED', '2020-08-31 00:15:00.000000', '2020-09-05 09:51:00.000000'),
(16323, 658, 132, 'JOINED', '2020-08-31 00:15:00.000000', '2020-09-01 11:14:31.200000'),
(16324, 658, 133, 'JOINED', '2020-08-31 00:15:00.000000', '2020-08-31 21:51:00.000000'),
(16325, 658, 134, 'JOINED', '2020-08-31 00:15:00.000000', '2020-08-31 15:48:07.200000'),
(16326, 658, 135, 'JOINED', '2020-08-31 00:15:00.000000', '2020-08-31 22:51:28.800000'),
(16327, 658, 136, 'JOINED', '2020-08-31 00:15:00.000000', '2020-08-31 03:29:24.000000'),
(16328, 658, 139, 'JOINED', '2020-08-31 00:15:00.000000', '2020-08-31 11:11:38.400000');
INSERT INTO report (id, created_by_id, title, content, rejected_reason, report_status, created_time, updated_time, reviewed_time)
VALUES
(DEFAULT, 16307, 'Employee 116 submit Report', 'Completed Task.', NULL, 'APPROVED', '2020-09-21 02:07:19.200000', '2020-09-21 02:07:19.200000', '2020-09-21 02:12:19.200000'),
(DEFAULT, 16308, 'Employee 117 submit Report', 'Completed Task.', NULL, 'APPROVED', '2020-09-04 08:13:04.800000', '2020-09-04 08:13:04.800000', '2020-09-04 08:18:04.800000'),
(DEFAULT, 16309, 'Employee 118 submit Report', 'Completed Task.', NULL, 'APPROVED', '2020-09-21 11:20:16.800000', '2020-09-21 11:20:16.800000', '2020-09-21 11:25:16.800000'),
(DEFAULT, 16310, 'Employee 119 submit Report', 'Completed Task.', NULL, 'APPROVED', '2020-09-02 07:15:28.800000', '2020-09-02 07:15:28.800000', '2020-09-02 07:20:28.800000'),
(DEFAULT, 16311, 'Employee 120 submit Report', 'Completed Task.', NULL, 'APPROVED', '2020-09-11 04:09:43.200000', '2020-09-11 04:09:43.200000', '2020-09-11 04:14:43.200000'),
(DEFAULT, 16312, 'Employee 121 submit Report', 'Completed Task.', NULL, 'APPROVED', '2020-09-20 13:27:00.000000', '2020-09-20 13:27:00.000000', '2020-09-20 13:32:00.000000'),
(DEFAULT, 16313, 'Employee 122 submit Report', 'Completed Task.', NULL, 'APPROVED', '2020-09-17 20:04:26.400000', '2020-09-17 20:04:26.400000', '2020-09-17 20:09:26.400000'),
(DEFAULT, 16314, 'Employee 123 submit Report', 'Completed Task.', NULL, 'APPROVED', '2020-09-11 08:15:57.600000', '2020-09-11 08:15:57.600000', '2020-09-11 08:20:57.600000'),
(DEFAULT, 16315, 'Employee 124 submit Report', 'Completed Task.', NULL, 'APPROVED', '2020-09-18 00:15:00.000000', '2020-09-18 00:15:00.000000', '2020-09-18 00:20:00.000000'),
(DEFAULT, 16316, 'Employee 125 submit Report', 'Completed Task.', NULL, 'APPROVED', '2020-09-10 20:10:12.000000', '2020-09-10 20:10:12.000000', '2020-09-10 20:15:12.000000'),
(DEFAULT, 16317, 'Employee 126 submit Report', 'Completed Task.', NULL, 'APPROVED', '2020-09-11 10:16:55.200000', '2020-09-11 10:16:55.200000', '2020-09-11 10:21:55.200000'),
(DEFAULT, 16318, 'Employee 127 submit Report', 'Completed Task.', NULL, 'APPROVED', '2020-09-10 21:32:16.800000', '2020-09-10 21:32:16.800000', '2020-09-10 21:37:16.800000'),
(DEFAULT, 16319, 'Employee 128 submit Report', 'Completed Task.', NULL, 'APPROVED', '2020-09-17 22:57:14.400000', '2020-09-17 22:57:14.400000', '2020-09-17 23:02:14.400000'),
(DEFAULT, 16320, 'Employee 129 submit Report', 'Completed Task.', NULL, 'APPROVED', '2020-09-04 00:09:14.400000', '2020-09-04 00:09:14.400000', '2020-09-04 00:14:14.400000'),
(DEFAULT, 16321, 'Employee 130 submit Report', 'Completed Task.', NULL, 'APPROVED', '2020-09-01 23:11:38.400000', '2020-09-01 23:11:38.400000', '2020-09-01 23:16:38.400000'),
(DEFAULT, 16322, 'Employee 131 submit Report', 'Completed Task.', NULL, 'APPROVED', '2020-09-18 22:25:33.600000', '2020-09-18 22:25:33.600000', '2020-09-18 22:30:33.600000'),
(DEFAULT, 16323, 'Employee 132 submit Report', 'Completed Task.', NULL, 'APPROVED', '2020-09-03 11:03:00.000000', '2020-09-03 11:03:00.000000', '2020-09-03 11:08:00.000000'),
(DEFAULT, 16324, 'Employee 133 submit Report', 'Completed Task.', NULL, 'APPROVED', '2020-09-03 15:13:33.600000', '2020-09-03 15:13:33.600000', '2020-09-03 15:18:33.600000'),
(DEFAULT, 16325, 'Employee 134 submit Report', 'Completed Task.', NULL, 'APPROVED', '2020-09-04 19:44:16.800000', '2020-09-04 19:44:16.800000', '2020-09-04 19:49:16.800000'),
(DEFAULT, 16326, 'Employee 135 submit Report', 'Completed Task.', NULL, 'APPROVED', '2020-09-02 20:39:00.000000', '2020-09-02 20:39:00.000000', '2020-09-02 20:44:00.000000'),
(DEFAULT, 16327, 'Employee 136 submit Report', 'Completed Task.', NULL, 'APPROVED', '2020-09-11 21:00:36.000000', '2020-09-11 21:00:36.000000', '2020-09-11 21:05:36.000000'),
(DEFAULT, 16328, 'Employee 139 submit Report', 'Completed Task.', NULL, 'APPROVED', '2020-09-04 00:35:09.600000', '2020-09-04 00:35:09.600000', '2020-09-04 00:40:09.600000');

-- 2020-09-07 00:15:00.000000
-- 2020-09-07
INSERT INTO task (id, collection_id, created_by_id, root_task_id, name, description, report_format, level, task_type, priority, is_locked, start_date, end_date, deadline, created_time, updated_time)
VALUES (659, 56, 151, NULL, 'Test Permission Denied Scenarios', 'This is Test Permission Denied Scenarios', NULL, 'ADVANCED', 'TEST', 'HIGH', FALSE, '2020-09-07', '2020-09-30', '2020-09-13', '2020-09-07 00:15:00.000000', '2020-09-07 00:15:00.000000');

INSERT INTO task_for_users (id, task_id, assigned_to_id, user_task_status, updated_time, started_time)
VALUES
(16330, 659, 116, 'JOINED', '2020-09-07 00:15:00.000000', '2020-09-12 09:51:00.000000'),
(16331, 659, 117, 'JOINED', '2020-09-07 00:15:00.000000', '2020-09-12 09:51:00.000000'),
(16332, 659, 118, 'JOINED', '2020-09-07 00:15:00.000000', '2020-09-07 04:34:12.000000'),
(16333, 659, 119, 'JOINED', '2020-09-07 00:15:00.000000', '2020-09-07 21:51:00.000000'),
(16334, 659, 120, 'JOINED', '2020-09-07 00:15:00.000000', '2020-09-07 20:07:19.200000'),
(16335, 659, 121, 'JOINED', '2020-09-07 00:15:00.000000', '2020-09-12 09:51:00.000000'),
(16336, 659, 122, 'JOINED', '2020-09-07 00:15:00.000000', '2020-09-07 16:14:02.400000'),
(16337, 659, 123, 'JOINED', '2020-09-07 00:15:00.000000', '2020-09-12 09:51:00.000000'),
(16338, 659, 124, 'JOINED', '2020-09-07 00:15:00.000000', '2020-09-07 21:07:48.000000'),
(16339, 659, 125, 'JOINED', '2020-09-07 00:15:00.000000', '2020-09-12 09:51:00.000000'),
(16340, 659, 126, 'JOINED', '2020-09-07 00:15:00.000000', '2020-09-07 01:24:07.200000'),
(16341, 659, 127, 'JOINED', '2020-09-07 00:15:00.000000', '2020-09-07 06:35:09.600000'),
(16342, 659, 128, 'JOINED', '2020-09-07 00:15:00.000000', '2020-09-12 09:51:00.000000'),
(16343, 659, 129, 'JOINED', '2020-09-07 00:15:00.000000', '2020-09-07 08:36:07.200000'),
(16344, 659, 130, 'JOINED', '2020-09-07 00:15:00.000000', '2020-09-08 06:59:38.400000'),
(16345, 659, 131, 'JOINED', '2020-09-07 00:15:00.000000', '2020-09-07 14:30:21.600000'),
(16346, 659, 132, 'JOINED', '2020-09-07 00:15:00.000000', '2020-09-08 19:27:00.000000'),
(16347, 659, 133, 'JOINED', '2020-09-07 00:15:00.000000', '2020-09-08 16:51:28.800000'),
(16348, 659, 134, 'JOINED', '2020-09-07 00:15:00.000000', '2020-09-08 00:35:09.600000'),
(16349, 659, 135, 'JOINED', '2020-09-07 00:15:00.000000', '2020-09-12 09:51:00.000000'),
(16350, 659, 137, 'JOINED', '2020-09-07 00:15:00.000000', '2020-09-08 02:27:28.800000'),
(16351, 659, 138, 'JOINED', '2020-09-07 00:15:00.000000', '2020-09-11 06:55:19.200000');
INSERT INTO report (id, created_by_id, title, content, rejected_reason, report_status, created_time, updated_time, reviewed_time)
VALUES
(DEFAULT, 16330, 'Employee 116 submit Report', 'Completed Task.', NULL, 'APPROVED', '2020-09-27 01:47:09.600000', '2020-09-27 01:47:09.600000', '2020-09-27 01:52:09.600000'),
(DEFAULT, 16331, 'Employee 117 submit Report', 'Completed Task.', NULL, 'APPROVED', '2020-09-26 11:57:43.200000', '2020-09-26 11:57:43.200000', '2020-09-26 12:02:43.200000'),
(DEFAULT, 16332, 'Employee 118 submit Report', 'Completed Task.', NULL, 'APPROVED', '2020-09-10 07:18:21.600000', '2020-09-10 07:18:21.600000', '2020-09-10 07:23:21.600000'),
(DEFAULT, 16333, 'Employee 119 submit Report', 'Completed Task.', NULL, 'APPROVED', '2020-09-11 12:32:16.800000', '2020-09-11 12:32:16.800000', '2020-09-11 12:37:16.800000'),
(DEFAULT, 16334, 'Employee 120 submit Report', 'Completed Task.', NULL, 'APPROVED', '2020-09-09 17:37:33.600000', '2020-09-09 17:37:33.600000', '2020-09-09 17:42:33.600000'),
(DEFAULT, 16335, 'Employee 121 submit Report', 'Completed Task.', NULL, 'APPROVED', '2020-09-29 20:44:45.600000', '2020-09-29 20:44:45.600000', '2020-09-29 20:49:45.600000'),
(DEFAULT, 16336, 'Employee 122 submit Report', 'Completed Task.', NULL, 'APPROVED', '2020-09-10 21:25:04.800000', '2020-09-10 21:25:04.800000', '2020-09-10 21:30:04.800000'),
(DEFAULT, 16337, 'Employee 123 submit Report', 'Completed Task.', NULL, 'APPROVED', '2020-09-27 15:02:02.400000', '2020-09-27 15:02:02.400000', '2020-09-27 15:07:02.400000'),
(DEFAULT, 16338, 'Employee 124 submit Report', 'Completed Task.', NULL, 'APPROVED', '2020-09-10 00:15:00.000000', '2020-09-10 00:15:00.000000', '2020-09-10 00:20:00.000000'),
(DEFAULT, 16339, 'Employee 125 submit Report', 'Completed Task.', NULL, 'APPROVED', '2020-09-30 06:49:33.600000', '2020-09-30 06:49:33.600000', '2020-09-30 06:54:33.600000'),
(DEFAULT, 16340, 'Employee 126 submit Report', 'Completed Task.', NULL, 'APPROVED', '2020-09-11 15:51:00.000000', '2020-09-11 15:51:00.000000', '2020-09-11 15:56:00.000000'),
(DEFAULT, 16341, 'Employee 127 submit Report', 'Completed Task.', NULL, 'APPROVED', '2020-09-09 08:15:57.600000', '2020-09-09 08:15:57.600000', '2020-09-09 08:20:57.600000'),
(DEFAULT, 16342, 'Employee 128 submit Report', 'Completed Task.', NULL, 'APPROVED', '2020-09-28 23:51:57.600000', '2020-09-28 23:51:57.600000', '2020-09-28 23:56:57.600000'),
(DEFAULT, 16343, 'Employee 129 submit Report', 'Completed Task.', NULL, 'APPROVED', '2020-09-11 00:52:26.400000', '2020-09-11 00:52:26.400000', '2020-09-11 00:57:26.400000'),
(DEFAULT, 16344, 'Employee 130 submit Report', 'Completed Task.', NULL, 'APPROVED', '2020-09-17 17:30:21.600000', '2020-09-17 17:30:21.600000', '2020-09-17 17:35:21.600000'),
(DEFAULT, 16345, 'Employee 131 submit Report', 'Completed Task.', NULL, 'APPROVED', '2020-09-09 17:03:00.000000', '2020-09-09 17:03:00.000000', '2020-09-09 17:08:00.000000'),
(DEFAULT, 16346, 'Employee 132 submit Report', 'Completed Task.', NULL, 'APPROVED', '2020-09-11 10:31:19.200000', '2020-09-11 10:31:19.200000', '2020-09-11 10:36:19.200000'),
(DEFAULT, 16347, 'Employee 133 submit Report', 'Completed Task.', NULL, 'APPROVED', '2020-09-11 00:09:14.400000', '2020-09-11 00:09:14.400000', '2020-09-11 00:14:14.400000'),
(DEFAULT, 16348, 'Employee 134 submit Report', 'Completed Task.', NULL, 'APPROVED', '2020-09-12 06:49:33.600000', '2020-09-12 06:49:33.600000', '2020-09-12 06:54:33.600000'),
(DEFAULT, 16349, 'Employee 135 submit Report', 'Completed Task.', NULL, 'APPROVED', '2020-09-28 01:58:40.800000', '2020-09-28 01:58:40.800000', '2020-09-28 02:03:40.800000'),
(DEFAULT, 16350, 'Employee 137 submit Report', 'Completed Task.', NULL, 'APPROVED', '2020-09-17 22:02:31.200000', '2020-09-17 22:02:31.200000', '2020-09-17 22:07:31.200000'),
(DEFAULT, 16351, 'Employee 138 submit Report', 'Completed Task.', NULL, 'APPROVED', '2020-09-12 12:35:09.600000', '2020-09-12 12:35:09.600000', '2020-09-12 12:40:09.600000');

-- 2020-09-14 00:15:00.000000
-- 2020-09-14
INSERT INTO task (id, collection_id, created_by_id, root_task_id, name, description, report_format, level, task_type, priority, is_locked, start_date, end_date, deadline, created_time, updated_time)
VALUES (660, 56, 151, NULL, 'Test Invalid Token Handling', 'This is Test Invalid Token Handling', NULL, 'ADVANCED', 'TEST', 'HIGH', FALSE, '2020-09-14', '2020-10-06', '2020-09-20', '2020-09-14 00:15:00.000000', '2020-09-14 00:15:00.000000');

INSERT INTO task_for_users (id, task_id, assigned_to_id, user_task_status, updated_time, started_time)
VALUES
(16353, 660, 116, 'JOINED', '2020-09-14 00:15:00.000000', '2020-09-19 09:51:00.000000'),
(16354, 660, 117, 'JOINED', '2020-09-14 00:15:00.000000', '2020-09-14 01:06:50.400000'),
(16355, 660, 118, 'JOINED', '2020-09-14 00:15:00.000000', '2020-09-15 12:15:00.000000'),
(16356, 660, 119, 'JOINED', '2020-09-14 00:15:00.000000', '2020-09-14 02:24:36.000000'),
(16357, 660, 120, 'JOINED', '2020-09-14 00:15:00.000000', '2020-09-19 09:51:00.000000'),
(16358, 660, 121, 'JOINED', '2020-09-14 00:15:00.000000', '2020-09-19 09:51:00.000000'),
(16359, 660, 122, 'JOINED', '2020-09-14 00:15:00.000000', '2020-09-15 06:46:40.800000'),
(16360, 660, 123, 'JOINED', '2020-09-14 00:15:00.000000', '2020-09-15 16:34:12.000000'),
(16361, 660, 124, 'JOINED', '2020-09-14 00:15:00.000000', '2020-09-14 06:13:33.600000'),
(16362, 660, 125, 'JOINED', '2020-09-14 00:15:00.000000', '2020-09-14 16:05:24.000000'),
(16363, 660, 126, 'JOINED', '2020-09-14 00:15:00.000000', '2020-09-14 06:17:52.800000'),
(16364, 660, 127, 'JOINED', '2020-09-14 00:15:00.000000', '2020-09-15 09:30:50.400000'),
(16365, 660, 128, 'JOINED', '2020-09-14 00:15:00.000000', '2020-09-15 17:43:19.200000'),
(16366, 660, 129, 'JOINED', '2020-09-14 00:15:00.000000', '2020-09-19 09:51:00.000000'),
(16367, 660, 130, 'JOINED', '2020-09-14 00:15:00.000000', '2020-09-17 16:57:14.400000'),
(16368, 660, 131, 'JOINED', '2020-09-14 00:15:00.000000', '2020-09-16 03:56:45.600000'),
(16369, 660, 132, 'JOINED', '2020-09-14 00:15:00.000000', '2020-09-16 09:59:38.400000'),
(16370, 660, 133, 'JOINED', '2020-09-14 00:15:00.000000', '2020-09-14 00:15:00.000000'),
(16371, 660, 134, 'JOINED', '2020-09-14 00:15:00.000000', '2020-09-19 09:51:00.000000'),
(16372, 660, 135, 'JOINED', '2020-09-14 00:15:00.000000', '2020-09-19 09:51:00.000000'),
(16373, 660, 137, 'JOINED', '2020-09-14 00:15:00.000000', '2020-09-14 07:01:04.800000'),
(16374, 660, 138, 'JOINED', '2020-09-14 00:15:00.000000', '2020-09-14 12:20:45.600000');
INSERT INTO report (id, created_by_id, title, content, rejected_reason, report_status, created_time, updated_time, reviewed_time)
VALUES
(DEFAULT, 16353, 'Employee 116 submit Report', 'Completed Task.', NULL, 'APPROVED', '2020-10-04 13:09:43.200000', '2020-10-04 13:09:43.200000', '2020-10-04 13:14:43.200000'),
(DEFAULT, 16354, 'Employee 117 submit Report', 'Completed Task.', NULL, 'APPROVED', '2020-09-15 23:54:50.400000', '2020-09-15 23:54:50.400000', '2020-09-15 23:59:50.400000'),
(DEFAULT, 16355, 'Employee 118 submit Report', 'Completed Task.', NULL, 'APPROVED', '2020-09-24 12:15:00.000000', '2020-09-24 12:15:00.000000', '2020-09-24 12:20:00.000000'),
(DEFAULT, 16356, 'Employee 119 submit Report', 'Completed Task.', NULL, 'APPROVED', '2020-09-15 22:11:09.600000', '2020-09-15 22:11:09.600000', '2020-09-15 22:16:09.600000'),
(DEFAULT, 16357, 'Employee 120 submit Report', 'Completed Task.', NULL, 'APPROVED', '2020-10-06 23:37:33.600000', '2020-10-06 23:37:33.600000', '2020-10-06 23:42:33.600000'),
(DEFAULT, 16358, 'Employee 121 submit Report', 'Completed Task.', NULL, 'APPROVED', '2020-10-05 03:07:48.000000', '2020-10-05 03:07:48.000000', '2020-10-05 03:12:48.000000'),
(DEFAULT, 16359, 'Employee 122 submit Report', 'Completed Task.', NULL, 'APPROVED', '2020-09-24 17:43:19.200000', '2020-09-24 17:43:19.200000', '2020-09-24 17:48:19.200000'),
(DEFAULT, 16360, 'Employee 123 submit Report', 'Completed Task.', NULL, 'APPROVED', '2020-09-24 07:55:48.000000', '2020-09-24 07:55:48.000000', '2020-09-24 08:00:48.000000'),
(DEFAULT, 16361, 'Employee 124 submit Report', 'Completed Task.', NULL, 'APPROVED', '2020-09-25 18:16:26.400000', '2020-09-25 18:16:26.400000', '2020-09-25 18:21:26.400000'),
(DEFAULT, 16362, 'Employee 125 submit Report', 'Completed Task.', NULL, 'APPROVED', '2020-09-16 14:27:28.800000', '2020-09-16 14:27:28.800000', '2020-09-16 14:32:28.800000'),
(DEFAULT, 16363, 'Employee 126 submit Report', 'Completed Task.', NULL, 'APPROVED', '2020-09-17 03:59:38.400000', '2020-09-17 03:59:38.400000', '2020-09-17 04:04:38.400000'),
(DEFAULT, 16364, 'Employee 127 submit Report', 'Completed Task.', NULL, 'APPROVED', '2020-09-18 14:33:14.400000', '2020-09-18 14:33:14.400000', '2020-09-18 14:38:14.400000'),
(DEFAULT, 16365, 'Employee 128 submit Report', 'Completed Task.', NULL, 'APPROVED', '2020-09-18 00:17:52.800000', '2020-09-18 00:17:52.800000', '2020-09-18 00:22:52.800000'),
(DEFAULT, 16366, 'Employee 129 submit Report', 'Completed Task.', NULL, 'APPROVED', '2020-10-06 01:35:38.400000', '2020-10-06 01:35:38.400000', '2020-10-06 01:40:38.400000'),
(DEFAULT, 16367, 'Employee 130 submit Report', 'Completed Task.', NULL, 'APPROVED', '2020-09-19 22:22:40.800000', '2020-09-19 22:22:40.800000', '2020-09-19 22:27:40.800000'),
(DEFAULT, 16368, 'Employee 131 submit Report', 'Completed Task.', NULL, 'APPROVED', '2020-09-19 04:39:57.600000', '2020-09-19 04:39:57.600000', '2020-09-19 04:44:57.600000'),
(DEFAULT, 16369, 'Employee 132 submit Report', 'Completed Task.', NULL, 'APPROVED', '2020-09-19 11:17:24.000000', '2020-09-19 11:17:24.000000', '2020-09-19 11:22:24.000000'),
(DEFAULT, 16370, 'Employee 133 submit Report', 'Completed Task.', NULL, 'APPROVED', '2020-09-15 19:44:16.800000', '2020-09-15 19:44:16.800000', '2020-09-15 19:49:16.800000'),
(DEFAULT, 16371, 'Employee 134 submit Report', 'Completed Task.', NULL, 'APPROVED', '2020-10-03 11:31:48.000000', '2020-10-03 11:31:48.000000', '2020-10-03 11:36:48.000000'),
(DEFAULT, 16372, 'Employee 135 submit Report', 'Completed Task.', NULL, 'APPROVED', '2020-10-01 15:45:14.400000', '2020-10-01 15:45:14.400000', '2020-10-01 15:50:14.400000'),
(DEFAULT, 16373, 'Employee 137 submit Report', 'Completed Task.', NULL, 'APPROVED', '2020-09-19 07:06:50.400000', '2020-09-19 07:06:50.400000', '2020-09-19 07:11:50.400000'),
(DEFAULT, 16374, 'Employee 138 submit Report', 'Completed Task.', NULL, 'APPROVED', '2020-09-18 07:29:52.800000', '2020-09-18 07:29:52.800000', '2020-09-18 07:34:52.800000');

-- 2020-09-21 00:15:00.000000
-- 2020-09-21
INSERT INTO task (id, collection_id, created_by_id, root_task_id, name, description, report_format, level, task_type, priority, is_locked, start_date, end_date, deadline, created_time, updated_time)
VALUES (661, 56, 151, NULL, 'Test Session Expiry Handling', 'This is Test Session Expiry Handling', NULL, 'ADVANCED', 'TEST', 'NORMAL', FALSE, '2020-09-21', '2020-10-07', '2020-09-26', '2020-09-21 00:15:00.000000', '2020-09-21 00:15:00.000000');

INSERT INTO task_for_users (id, task_id, assigned_to_id, user_task_status, updated_time, started_time)
VALUES
(16376, 661, 116, 'JOINED', '2020-09-21 00:15:00.000000', '2020-09-23 14:17:24.000000'),
(16377, 661, 117, 'JOINED', '2020-09-21 00:15:00.000000', '2020-09-21 03:29:24.000000'),
(16378, 661, 118, 'JOINED', '2020-09-21 00:15:00.000000', '2020-09-24 20:31:48.000000'),
(16379, 661, 119, 'JOINED', '2020-09-21 00:15:00.000000', '2020-09-22 07:12:36.000000'),
(16380, 661, 120, 'JOINED', '2020-09-21 00:15:00.000000', '2020-09-22 20:17:24.000000'),
(16381, 661, 121, 'JOINED', '2020-09-21 00:15:00.000000', '2020-09-21 07:19:48.000000'),
(16382, 661, 122, 'JOINED', '2020-09-21 00:15:00.000000', '2020-09-21 06:07:48.000000'),
(16383, 661, 123, 'JOINED', '2020-09-21 00:15:00.000000', '2020-09-22 09:07:48.000000'),
(16384, 661, 124, 'JOINED', '2020-09-21 00:15:00.000000', '2020-09-21 19:19:48.000000'),
(16385, 661, 125, 'JOINED', '2020-09-21 00:15:00.000000', '2020-09-21 02:24:36.000000'),
(16386, 661, 126, 'JOINED', '2020-09-21 00:15:00.000000', '2020-09-21 01:34:12.000000'),
(16387, 661, 127, 'JOINED', '2020-09-21 00:15:00.000000', '2020-09-25 12:15:00.000000'),
(16388, 661, 128, 'JOINED', '2020-09-21 00:15:00.000000', '2020-09-21 05:31:48.000000'),
(16389, 661, 129, 'JOINED', '2020-09-21 00:15:00.000000', '2020-09-22 12:15:00.000000'),
(16390, 661, 130, 'JOINED', '2020-09-21 00:15:00.000000', '2020-09-21 06:36:36.000000'),
(16391, 661, 131, 'JOINED', '2020-09-21 00:15:00.000000', '2020-09-23 04:19:48.000000'),
(16392, 661, 132, 'JOINED', '2020-09-21 00:15:00.000000', '2020-09-21 02:17:24.000000'),
(16393, 661, 133, 'JOINED', '2020-09-21 00:15:00.000000', '2020-09-21 10:41:24.000000'),
(16394, 661, 134, 'JOINED', '2020-09-21 00:15:00.000000', '2020-09-21 12:58:12.000000'),
(16395, 661, 135, 'JOINED', '2020-09-21 00:15:00.000000', '2020-09-25 12:15:00.000000'),
(16396, 661, 137, 'JOINED', '2020-09-21 00:15:00.000000', '2020-09-22 05:17:24.000000'),
(16397, 661, 138, 'JOINED', '2020-09-21 00:15:00.000000', '2020-09-22 21:29:24.000000');
INSERT INTO report (id, created_by_id, title, content, rejected_reason, report_status, created_time, updated_time, reviewed_time)
VALUES
(DEFAULT, 16376, 'Employee 116 submit Report', 'Completed Task.', NULL, 'APPROVED', '2020-09-25 13:48:36.000000', '2020-09-25 13:48:36.000000', '2020-09-25 13:53:36.000000'),
(DEFAULT, 16377, 'Employee 117 submit Report', 'Completed Task.', NULL, 'APPROVED', '2020-09-25 14:17:24.000000', '2020-09-25 14:17:24.000000', '2020-09-25 14:22:24.000000'),
(DEFAULT, 16378, 'Employee 118 submit Report', 'Completed Task.', NULL, 'APPROVED', '2020-09-25 18:00:36.000000', '2020-09-25 18:00:36.000000', '2020-09-25 18:05:36.000000'),
(DEFAULT, 16379, 'Employee 119 submit Report', 'Completed Task.', NULL, 'APPROVED', '2020-09-24 13:55:48.000000', '2020-09-24 13:55:48.000000', '2020-09-24 14:00:48.000000'),
(DEFAULT, 16380, 'Employee 120 submit Report', 'Completed Task.', NULL, 'APPROVED', '2020-09-23 23:31:48.000000', '2020-09-23 23:31:48.000000', '2020-09-23 23:36:48.000000'),
(DEFAULT, 16381, 'Employee 121 submit Report', 'Completed Task.', NULL, 'APPROVED', '2020-09-22 18:15:00.000000', '2020-09-22 18:15:00.000000', '2020-09-22 18:20:00.000000'),
(DEFAULT, 16382, 'Employee 122 submit Report', 'Completed Task.', NULL, 'APPROVED', '2020-09-30 18:22:12.000000', '2020-09-30 18:22:12.000000', '2020-09-30 18:27:12.000000'),
(DEFAULT, 16383, 'Employee 123 submit Report', 'Completed Task.', NULL, 'APPROVED', '2020-09-25 14:03:00.000000', '2020-09-25 14:03:00.000000', '2020-09-25 14:08:00.000000'),
(DEFAULT, 16384, 'Employee 124 submit Report', 'Completed Task.', NULL, 'APPROVED', '2020-09-24 18:43:48.000000', '2020-09-24 18:43:48.000000', '2020-09-24 18:48:48.000000'),
(DEFAULT, 16385, 'Employee 125 submit Report', 'Completed Task.', NULL, 'APPROVED', '2020-09-23 07:41:24.000000', '2020-09-23 07:41:24.000000', '2020-09-23 07:46:24.000000'),
(DEFAULT, 16386, 'Employee 126 submit Report', 'Completed Task.', NULL, 'APPROVED', '2020-09-25 16:55:48.000000', '2020-09-25 16:55:48.000000', '2020-09-25 17:00:48.000000'),
(DEFAULT, 16387, 'Employee 127 submit Report', 'Completed Task.', NULL, 'APPROVED', '2020-10-07 21:51:00.000000', '2020-10-07 21:51:00.000000', '2020-10-07 21:56:00.000000'),
(DEFAULT, 16388, 'Employee 128 submit Report', 'Completed Task.', NULL, 'APPROVED', '2020-09-23 06:36:36.000000', '2020-09-23 06:36:36.000000', '2020-09-23 06:41:36.000000'),
(DEFAULT, 16389, 'Employee 129 submit Report', 'Completed Task.', NULL, 'APPROVED', '2020-09-29 12:15:00.000000', '2020-09-29 12:15:00.000000', '2020-09-29 12:20:00.000000'),
(DEFAULT, 16390, 'Employee 130 submit Report', 'Completed Task.', NULL, 'APPROVED', '2020-09-22 22:41:24.000000', '2020-09-22 22:41:24.000000', '2020-09-22 22:46:24.000000'),
(DEFAULT, 16391, 'Employee 131 submit Report', 'Completed Task.', NULL, 'APPROVED', '2020-09-25 18:00:36.000000', '2020-09-25 18:00:36.000000', '2020-09-25 18:05:36.000000'),
(DEFAULT, 16392, 'Employee 132 submit Report', 'Completed Task.', NULL, 'APPROVED', '2020-09-22 21:43:48.000000', '2020-09-22 21:43:48.000000', '2020-09-22 21:48:48.000000'),
(DEFAULT, 16393, 'Employee 133 submit Report', 'Completed Task.', NULL, 'APPROVED', '2020-09-22 11:53:24.000000', '2020-09-22 11:53:24.000000', '2020-09-22 11:58:24.000000'),
(DEFAULT, 16394, 'Employee 134 submit Report', 'Completed Task.', NULL, 'APPROVED', '2020-09-23 04:19:48.000000', '2020-09-23 04:19:48.000000', '2020-09-23 04:24:48.000000'),
(DEFAULT, 16395, 'Employee 135 submit Report', 'Completed Task.', NULL, 'APPROVED', '2020-10-07 01:41:24.000000', '2020-10-07 01:41:24.000000', '2020-10-07 01:46:24.000000'),
(DEFAULT, 16396, 'Employee 137 submit Report', 'Completed Task.', NULL, 'APPROVED', '2020-09-24 01:05:24.000000', '2020-09-24 01:05:24.000000', '2020-09-24 01:10:24.000000'),
(DEFAULT, 16397, 'Employee 138 submit Report', 'Completed Task.', NULL, 'APPROVED', '2020-09-25 16:48:36.000000', '2020-09-25 16:48:36.000000', '2020-09-25 16:53:36.000000');

-- 2020-09-27 00:15:00.000000
-- 2020-09-27
INSERT INTO task (id, collection_id, created_by_id, root_task_id, name, description, report_format, level, task_type, priority, is_locked, start_date, end_date, deadline, created_time, updated_time)
VALUES (662, 56, 151, NULL, 'Sign Off Functional Testing', 'This is Sign Off Functional Testing', NULL, 'ADVANCED', 'TEST', 'NORMAL', FALSE, '2020-09-27', '2020-10-15', '2020-10-02', '2020-09-27 00:15:00.000000', '2020-09-27 00:15:00.000000');

INSERT INTO task_for_users (id, task_id, assigned_to_id, user_task_status, updated_time, started_time)
VALUES
(16399, 662, 116, 'JOINED', '2020-09-27 00:15:00.000000', '2020-09-27 02:39:00.000000'),
(16400, 662, 117, 'JOINED', '2020-09-27 00:15:00.000000', '2020-09-28 15:43:48.000000'),
(16401, 662, 118, 'JOINED', '2020-09-27 00:15:00.000000', '2020-09-27 20:53:24.000000'),
(16402, 662, 119, 'JOINED', '2020-09-27 00:15:00.000000', '2020-09-27 15:51:00.000000'),
(16403, 662, 120, 'JOINED', '2020-09-27 00:15:00.000000', '2020-09-30 02:24:36.000000'),
(16404, 662, 121, 'JOINED', '2020-09-27 00:15:00.000000', '2020-09-29 02:13:48.000000'),
(16405, 662, 122, 'JOINED', '2020-09-27 00:15:00.000000', '2020-09-29 23:03:00.000000'),
(16406, 662, 123, 'JOINED', '2020-09-27 00:15:00.000000', '2020-09-27 04:05:24.000000'),
(16407, 662, 124, 'JOINED', '2020-09-27 00:15:00.000000', '2020-09-27 19:27:00.000000'),
(16408, 662, 125, 'JOINED', '2020-09-27 00:15:00.000000', '2020-09-28 18:40:12.000000'),
(16409, 662, 126, 'JOINED', '2020-09-27 00:15:00.000000', '2020-10-01 12:15:00.000000'),
(16410, 662, 127, 'JOINED', '2020-09-27 00:15:00.000000', '2020-09-28 19:27:00.000000'),
(16411, 662, 128, 'JOINED', '2020-09-27 00:15:00.000000', '2020-09-27 12:36:36.000000'),
(16412, 662, 129, 'JOINED', '2020-09-27 00:15:00.000000', '2020-09-29 14:46:12.000000'),
(16413, 662, 130, 'JOINED', '2020-09-27 00:15:00.000000', '2020-09-27 00:22:12.000000'),
(16414, 662, 131, 'JOINED', '2020-09-27 00:15:00.000000', '2020-09-30 00:15:00.000000'),
(16415, 662, 132, 'JOINED', '2020-09-27 00:15:00.000000', '2020-09-27 15:58:12.000000'),
(16416, 662, 133, 'JOINED', '2020-09-27 00:15:00.000000', '2020-09-27 10:55:48.000000'),
(16417, 662, 134, 'JOINED', '2020-09-27 00:15:00.000000', '2020-09-27 09:36:36.000000'),
(16418, 662, 135, 'JOINED', '2020-09-27 00:15:00.000000', '2020-09-27 06:22:12.000000'),
(16419, 662, 136, 'JOINED', '2020-09-27 00:15:00.000000', '2020-10-01 12:15:00.000000'),
(16420, 662, 140, 'JOINED', '2020-09-27 00:15:00.000000', '2020-09-28 02:17:24.000000');
INSERT INTO report (id, created_by_id, title, content, rejected_reason, report_status, created_time, updated_time, reviewed_time)
VALUES
(DEFAULT, 16399, 'Employee 116 submit Report', 'Completed Task.', NULL, 'APPROVED', '2020-09-30 19:34:12.000000', '2020-09-30 19:34:12.000000', '2020-09-30 19:39:12.000000'),
(DEFAULT, 16400, 'Employee 117 submit Report', 'Completed Task.', NULL, 'APPROVED', '2020-10-05 08:46:12.000000', '2020-10-05 08:46:12.000000', '2020-10-05 08:51:12.000000'),
(DEFAULT, 16401, 'Employee 118 submit Report', 'Completed Task.', NULL, 'APPROVED', '2020-09-28 15:36:36.000000', '2020-09-28 15:36:36.000000', '2020-09-28 15:41:36.000000'),
(DEFAULT, 16402, 'Employee 119 submit Report', 'Completed Task.', NULL, 'APPROVED', '2020-09-29 18:15:00.000000', '2020-09-29 18:15:00.000000', '2020-09-29 18:20:00.000000'),
(DEFAULT, 16403, 'Employee 120 submit Report', 'Completed Task.', NULL, 'APPROVED', '2020-10-01 03:07:48.000000', '2020-10-01 03:07:48.000000', '2020-10-01 03:12:48.000000'),
(DEFAULT, 16404, 'Employee 121 submit Report', 'Completed Task.', NULL, 'APPROVED', '2020-10-04 22:16:12.000000', '2020-10-04 22:16:12.000000', '2020-10-04 22:21:12.000000'),
(DEFAULT, 16405, 'Employee 122 submit Report', 'Completed Task.', NULL, 'APPROVED', '2020-10-01 23:31:48.000000', '2020-10-01 23:31:48.000000', '2020-10-01 23:36:48.000000'),
(DEFAULT, 16406, 'Employee 123 submit Report', 'Completed Task.', NULL, 'APPROVED', '2020-09-28 19:55:48.000000', '2020-09-28 19:55:48.000000', '2020-09-28 20:00:48.000000'),
(DEFAULT, 16407, 'Employee 124 submit Report', 'Completed Task.', NULL, 'APPROVED', '2020-10-01 12:43:48.000000', '2020-10-01 12:43:48.000000', '2020-10-01 12:48:48.000000'),
(DEFAULT, 16408, 'Employee 125 submit Report', 'Completed Task.', NULL, 'APPROVED', '2020-10-05 05:49:48.000000', '2020-10-05 05:49:48.000000', '2020-10-05 05:54:48.000000'),
(DEFAULT, 16409, 'Employee 126 submit Report', 'Completed Task.', NULL, 'APPROVED', '2020-10-15 02:46:12.000000', '2020-10-15 02:46:12.000000', '2020-10-15 02:51:12.000000'),
(DEFAULT, 16410, 'Employee 127 submit Report', 'Completed Task.', NULL, 'APPROVED', '2020-09-30 23:03:00.000000', '2020-09-30 23:03:00.000000', '2020-09-30 23:08:00.000000'),
(DEFAULT, 16411, 'Employee 128 submit Report', 'Completed Task.', NULL, 'APPROVED', '2020-09-28 19:27:00.000000', '2020-09-28 19:27:00.000000', '2020-09-28 19:32:00.000000'),
(DEFAULT, 16412, 'Employee 129 submit Report', 'Completed Task.', NULL, 'APPROVED', '2020-10-01 11:03:00.000000', '2020-10-01 11:03:00.000000', '2020-10-01 11:08:00.000000'),
(DEFAULT, 16413, 'Employee 130 submit Report', 'Completed Task.', NULL, 'APPROVED', '2020-09-28 10:34:12.000000', '2020-09-28 10:34:12.000000', '2020-09-28 10:39:12.000000'),
(DEFAULT, 16414, 'Employee 131 submit Report', 'Completed Task.', NULL, 'APPROVED', '2020-10-01 06:51:00.000000', '2020-10-01 06:51:00.000000', '2020-10-01 06:56:00.000000'),
(DEFAULT, 16415, 'Employee 132 submit Report', 'Completed Task.', NULL, 'APPROVED', '2020-09-28 18:00:36.000000', '2020-09-28 18:00:36.000000', '2020-09-28 18:05:36.000000'),
(DEFAULT, 16416, 'Employee 133 submit Report', 'Completed Task.', NULL, 'APPROVED', '2020-09-30 08:39:00.000000', '2020-09-30 08:39:00.000000', '2020-09-30 08:44:00.000000'),
(DEFAULT, 16417, 'Employee 134 submit Report', 'Completed Task.', NULL, 'APPROVED', '2020-09-28 13:34:12.000000', '2020-09-28 13:34:12.000000', '2020-09-28 13:39:12.000000'),
(DEFAULT, 16418, 'Employee 135 submit Report', 'Completed Task.', NULL, 'APPROVED', '2020-10-06 18:07:48.000000', '2020-10-06 18:07:48.000000', '2020-10-06 18:12:48.000000'),
(DEFAULT, 16419, 'Employee 136 submit Report', 'Completed Task.', NULL, 'APPROVED', '2020-10-12 20:17:24.000000', '2020-10-12 20:17:24.000000', '2020-10-12 20:22:24.000000'),
(DEFAULT, 16420, 'Employee 140 submit Report', 'Completed Task.', NULL, 'APPROVED', '2020-09-29 22:05:24.000000', '2020-09-29 22:05:24.000000', '2020-09-29 22:10:24.000000');

INSERT INTO collection (`id`, `created_time`, `description`, `due_date`, `start_date`, `name`, `updated_time`, `phase_id`, `created_by_id`)
VALUES (57, '2020-10-02 00:15:00.000000', 'This is Integration & API Testing', '2021-06-14', '2020-10-02', 'Integration & API Testing', '2020-10-02 00:15:00.000000', 9, 154);


-- 2020-10-03 00:20:00.000000
-- 2020-10-03
INSERT INTO task (id, collection_id, created_by_id, root_task_id, name, description, report_format, level, task_type, priority, is_locked, start_date, end_date, deadline, created_time, updated_time)
VALUES (663, 57, 151, NULL, 'Test BEFE API Connectivity', 'This is Test BEFE API Connectivity', NULL, 'ADVANCED', 'TEST', 'NORMAL', FALSE, '2020-10-03', '2020-10-20', '2020-10-08', '2020-10-03 00:20:00.000000', '2020-10-03 00:20:00.000000');

INSERT INTO task_for_users (id, task_id, assigned_to_id, user_task_status, updated_time, started_time)
VALUES
(16422, 663, 116, 'JOINED', '2020-10-03 00:20:00.000000', '2020-10-04 19:10:24.000000'),
(16423, 663, 117, 'JOINED', '2020-10-03 00:20:00.000000', '2020-10-04 03:05:36.000000'),
(16424, 663, 118, 'JOINED', '2020-10-03 00:20:00.000000', '2020-10-04 05:54:48.000000'),
(16425, 663, 119, 'JOINED', '2020-10-03 00:20:00.000000', '2020-10-04 13:03:12.000000'),
(16426, 663, 120, 'JOINED', '2020-10-03 00:20:00.000000', '2020-10-03 14:29:36.000000'),
(16427, 663, 121, 'JOINED', '2020-10-03 00:20:00.000000', '2020-10-03 03:56:00.000000'),
(16428, 663, 122, 'JOINED', '2020-10-03 00:20:00.000000', '2020-10-03 05:15:12.000000'),
(16429, 663, 123, 'JOINED', '2020-10-03 00:20:00.000000', '2020-10-04 10:53:36.000000'),
(16430, 663, 124, 'JOINED', '2020-10-03 00:20:00.000000', '2020-10-03 21:34:24.000000'),
(16431, 663, 125, 'JOINED', '2020-10-03 00:20:00.000000', '2020-10-07 12:20:00.000000'),
(16432, 663, 126, 'JOINED', '2020-10-03 00:20:00.000000', '2020-10-03 00:56:00.000000'),
(16433, 663, 127, 'JOINED', '2020-10-03 00:20:00.000000', '2020-10-05 01:46:24.000000'),
(16434, 663, 128, 'JOINED', '2020-10-03 00:20:00.000000', '2020-10-03 12:56:00.000000'),
(16435, 663, 129, 'JOINED', '2020-10-03 00:20:00.000000', '2020-10-05 03:34:24.000000'),
(16436, 663, 130, 'JOINED', '2020-10-03 00:20:00.000000', '2020-10-03 22:10:24.000000'),
(16437, 663, 131, 'JOINED', '2020-10-03 00:20:00.000000', '2020-10-03 07:17:36.000000'),
(16438, 663, 132, 'JOINED', '2020-10-03 00:20:00.000000', '2020-10-03 19:03:12.000000'),
(16439, 663, 133, 'JOINED', '2020-10-03 00:20:00.000000', '2020-10-05 20:29:36.000000'),
(16440, 663, 134, 'JOINED', '2020-10-03 00:20:00.000000', '2020-10-06 21:12:48.000000'),
(16441, 663, 135, 'JOINED', '2020-10-03 00:20:00.000000', '2020-10-03 10:39:12.000000'),
(16442, 663, 136, 'JOINED', '2020-10-03 00:20:00.000000', '2020-10-06 05:58:24.000000'),
(16443, 663, 140, 'JOINED', '2020-10-03 00:20:00.000000', '2020-10-05 15:48:48.000000');
INSERT INTO report (id, created_by_id, title, content, rejected_reason, report_status, created_time, updated_time, reviewed_time)
VALUES
(DEFAULT, 16422, 'Employee 116 submit Report', 'Completed Task.', NULL, 'APPROVED', '2020-10-06 14:08:00.000000', '2020-10-06 14:08:00.000000', '2020-10-06 14:13:00.000000'),
(DEFAULT, 16423, 'Employee 117 submit Report', 'Completed Task.', NULL, 'APPROVED', '2020-10-11 21:34:24.000000', '2020-10-11 21:34:24.000000', '2020-10-11 21:39:24.000000'),
(DEFAULT, 16424, 'Employee 118 submit Report', 'Completed Task.', NULL, 'APPROVED', '2020-10-11 18:45:12.000000', '2020-10-11 18:45:12.000000', '2020-10-11 18:50:12.000000'),
(DEFAULT, 16425, 'Employee 119 submit Report', 'Completed Task.', NULL, 'APPROVED', '2020-10-05 21:12:48.000000', '2020-10-05 21:12:48.000000', '2020-10-05 21:17:48.000000'),
(DEFAULT, 16426, 'Employee 120 submit Report', 'Completed Task.', NULL, 'APPROVED', '2020-10-04 08:36:48.000000', '2020-10-04 08:36:48.000000', '2020-10-04 08:41:48.000000'),
(DEFAULT, 16427, 'Employee 121 submit Report', 'Completed Task.', NULL, 'APPROVED', '2020-10-04 03:27:12.000000', '2020-10-04 03:27:12.000000', '2020-10-04 03:32:12.000000'),
(DEFAULT, 16428, 'Employee 122 submit Report', 'Completed Task.', NULL, 'APPROVED', '2020-10-06 12:27:12.000000', '2020-10-06 12:27:12.000000', '2020-10-06 12:32:12.000000'),
(DEFAULT, 16429, 'Employee 123 submit Report', 'Completed Task.', NULL, 'APPROVED', '2020-10-06 08:36:48.000000', '2020-10-06 08:36:48.000000', '2020-10-06 08:41:48.000000'),
(DEFAULT, 16430, 'Employee 124 submit Report', 'Completed Task.', NULL, 'APPROVED', '2020-10-04 20:00:48.000000', '2020-10-04 20:00:48.000000', '2020-10-04 20:05:48.000000'),
(DEFAULT, 16431, 'Employee 125 submit Report', 'Completed Task.', NULL, 'APPROVED', '2020-10-20 05:29:36.000000', '2020-10-20 05:29:36.000000', '2020-10-20 05:34:36.000000'),
(DEFAULT, 16432, 'Employee 126 submit Report', 'Completed Task.', NULL, 'APPROVED', '2020-10-05 09:34:24.000000', '2020-10-05 09:34:24.000000', '2020-10-05 09:39:24.000000'),
(DEFAULT, 16433, 'Employee 127 submit Report', 'Completed Task.', NULL, 'APPROVED', '2020-10-07 19:24:48.000000', '2020-10-07 19:24:48.000000', '2020-10-07 19:29:48.000000'),
(DEFAULT, 16434, 'Employee 128 submit Report', 'Completed Task.', NULL, 'APPROVED', '2020-10-04 21:12:48.000000', '2020-10-04 21:12:48.000000', '2020-10-04 21:17:48.000000'),
(DEFAULT, 16435, 'Employee 129 submit Report', 'Completed Task.', NULL, 'APPROVED', '2020-10-06 21:12:48.000000', '2020-10-06 21:12:48.000000', '2020-10-06 21:17:48.000000'),
(DEFAULT, 16436, 'Employee 130 submit Report', 'Completed Task.', NULL, 'APPROVED', '2020-10-06 06:34:24.000000', '2020-10-06 06:34:24.000000', '2020-10-06 06:39:24.000000'),
(DEFAULT, 16437, 'Employee 131 submit Report', 'Completed Task.', NULL, 'APPROVED', '2020-10-06 14:58:24.000000', '2020-10-06 14:58:24.000000', '2020-10-06 15:03:24.000000'),
(DEFAULT, 16438, 'Employee 132 submit Report', 'Completed Task.', NULL, 'APPROVED', '2020-10-06 04:24:48.000000', '2020-10-06 04:24:48.000000', '2020-10-06 04:29:48.000000'),
(DEFAULT, 16439, 'Employee 133 submit Report', 'Completed Task.', NULL, 'APPROVED', '2020-10-07 18:27:12.000000', '2020-10-07 18:27:12.000000', '2020-10-07 18:32:12.000000'),
(DEFAULT, 16440, 'Employee 134 submit Report', 'Completed Task.', NULL, 'APPROVED', '2020-10-07 21:34:24.000000', '2020-10-07 21:34:24.000000', '2020-10-07 21:39:24.000000'),
(DEFAULT, 16441, 'Employee 135 submit Report', 'Completed Task.', NULL, 'APPROVED', '2020-10-07 04:53:36.000000', '2020-10-07 04:53:36.000000', '2020-10-07 04:58:36.000000'),
(DEFAULT, 16442, 'Employee 136 submit Report', 'Completed Task.', NULL, 'APPROVED', '2020-10-07 23:00:48.000000', '2020-10-07 23:00:48.000000', '2020-10-07 23:05:48.000000'),
(DEFAULT, 16443, 'Employee 140 submit Report', 'Completed Task.', NULL, 'APPROVED', '2020-10-07 09:48:48.000000', '2020-10-07 09:48:48.000000', '2020-10-07 09:53:48.000000');

-- 2020-10-09 00:20:00.000000
-- 2020-10-09
INSERT INTO task (id, collection_id, created_by_id, root_task_id, name, description, report_format, level, task_type, priority, is_locked, start_date, end_date, deadline, created_time, updated_time)
VALUES (664, 57, 151, NULL, 'Test API Authentication Headers', 'This is Test API Authentication Headers', NULL, 'NORMAL', 'TEST', 'URGENT', FALSE, '2020-10-09', '2020-11-01', '2020-10-15', '2020-10-09 00:20:00.000000', '2020-10-09 00:20:00.000000');

INSERT INTO task_for_users (id, task_id, assigned_to_id, user_task_status, updated_time, started_time)
VALUES
(16445, 664, 116, 'JOINED', '2020-10-09 00:20:00.000000', '2020-10-09 07:57:55.200000'),
(16446, 664, 117, 'JOINED', '2020-10-09 00:20:00.000000', '2020-10-11 16:07:31.200000'),
(16447, 664, 118, 'JOINED', '2020-10-09 00:20:00.000000', '2020-10-09 02:51:12.000000'),
(16448, 664, 119, 'JOINED', '2020-10-09 00:20:00.000000', '2020-10-14 09:56:00.000000'),
(16449, 664, 120, 'JOINED', '2020-10-09 00:20:00.000000', '2020-10-10 13:55:02.400000'),
(16450, 664, 121, 'JOINED', '2020-10-09 00:20:00.000000', '2020-10-09 07:06:04.800000'),
(16451, 664, 122, 'JOINED', '2020-10-09 00:20:00.000000', '2020-10-14 09:56:00.000000'),
(16452, 664, 123, 'JOINED', '2020-10-09 00:20:00.000000', '2020-10-11 01:17:36.000000'),
(16453, 664, 124, 'JOINED', '2020-10-09 00:20:00.000000', '2020-10-14 09:56:00.000000'),
(16454, 664, 125, 'JOINED', '2020-10-09 00:20:00.000000', '2020-10-09 01:46:24.000000'),
(16455, 664, 126, 'JOINED', '2020-10-09 00:20:00.000000', '2020-10-14 09:56:00.000000'),
(16456, 664, 127, 'JOINED', '2020-10-09 00:20:00.000000', '2020-10-09 16:53:36.000000'),
(16457, 664, 128, 'JOINED', '2020-10-09 00:20:00.000000', '2020-10-09 02:55:31.200000'),
(16458, 664, 129, 'JOINED', '2020-10-09 00:20:00.000000', '2020-10-11 03:18:33.600000'),
(16459, 664, 130, 'JOINED', '2020-10-09 00:20:00.000000', '2020-10-14 09:56:00.000000'),
(16460, 664, 131, 'JOINED', '2020-10-09 00:20:00.000000', '2020-10-10 22:07:31.200000'),
(16461, 664, 132, 'JOINED', '2020-10-09 00:20:00.000000', '2020-10-10 01:53:36.000000'),
(16462, 664, 134, 'JOINED', '2020-10-09 00:20:00.000000', '2020-10-10 15:30:04.800000'),
(16463, 664, 135, 'JOINED', '2020-10-09 00:20:00.000000', '2020-10-14 09:56:00.000000'),
(16464, 664, 136, 'JOINED', '2020-10-09 00:20:00.000000', '2020-10-14 09:56:00.000000'),
(16465, 664, 111, 'JOINED', '2020-10-09 00:20:00.000000', '2020-10-10 17:39:40.800000'),
(16466, 664, 114, 'JOINED', '2020-10-09 00:20:00.000000', '2020-10-10 15:47:21.600000');
INSERT INTO report (id, created_by_id, title, content, rejected_reason, report_status, created_time, updated_time, reviewed_time)
VALUES
(DEFAULT, 16445, 'Employee 116 submit Report', 'Completed Task.', NULL, 'APPROVED', '2020-10-11 14:41:07.200000', '2020-10-11 14:41:07.200000', '2020-10-11 14:46:07.200000'),
(DEFAULT, 16446, 'Employee 117 submit Report', 'Completed Task.', NULL, 'APPROVED', '2020-10-13 17:05:07.200000', '2020-10-13 17:05:07.200000', '2020-10-13 17:10:07.200000'),
(DEFAULT, 16447, 'Employee 118 submit Report', 'Completed Task.', NULL, 'APPROVED', '2020-10-20 21:48:48.000000', '2020-10-20 21:48:48.000000', '2020-10-20 21:53:48.000000'),
(DEFAULT, 16448, 'Employee 119 submit Report', 'Completed Task.', NULL, 'APPROVED', '2020-10-27 08:41:07.200000', '2020-10-27 08:41:07.200000', '2020-10-27 08:46:07.200000'),
(DEFAULT, 16449, 'Employee 120 submit Report', 'Completed Task.', NULL, 'APPROVED', '2020-10-13 05:33:55.200000', '2020-10-13 05:33:55.200000', '2020-10-13 05:38:55.200000'),
(DEFAULT, 16450, 'Employee 121 submit Report', 'Completed Task.', NULL, 'APPROVED', '2020-10-11 13:06:04.800000', '2020-10-11 13:06:04.800000', '2020-10-11 13:11:04.800000'),
(DEFAULT, 16451, 'Employee 122 submit Report', 'Completed Task.', NULL, 'APPROVED', '2020-10-30 09:41:36.000000', '2020-10-30 09:41:36.000000', '2020-10-30 09:46:36.000000'),
(DEFAULT, 16452, 'Employee 123 submit Report', 'Completed Task.', NULL, 'APPROVED', '2020-10-13 06:17:07.200000', '2020-10-13 06:17:07.200000', '2020-10-13 06:22:07.200000'),
(DEFAULT, 16453, 'Employee 124 submit Report', 'Completed Task.', NULL, 'APPROVED', '2020-11-01 07:37:45.600000', '2020-11-01 07:37:45.600000', '2020-11-01 07:42:45.600000'),
(DEFAULT, 16454, 'Employee 125 submit Report', 'Completed Task.', NULL, 'APPROVED', '2020-10-10 23:42:33.600000', '2020-10-10 23:42:33.600000', '2020-10-10 23:47:33.600000'),
(DEFAULT, 16455, 'Employee 126 submit Report', 'Completed Task.', NULL, 'APPROVED', '2020-10-26 17:51:12.000000', '2020-10-26 17:51:12.000000', '2020-10-26 17:56:12.000000'),
(DEFAULT, 16456, 'Employee 127 submit Report', 'Completed Task.', NULL, 'APPROVED', '2020-10-11 14:23:50.400000', '2020-10-11 14:23:50.400000', '2020-10-11 14:28:50.400000'),
(DEFAULT, 16457, 'Employee 128 submit Report', 'Completed Task.', NULL, 'APPROVED', '2020-10-11 02:09:26.400000', '2020-10-11 02:09:26.400000', '2020-10-11 02:14:26.400000'),
(DEFAULT, 16458, 'Employee 129 submit Report', 'Completed Task.', NULL, 'APPROVED', '2020-10-13 05:42:33.600000', '2020-10-13 05:42:33.600000', '2020-10-13 05:47:33.600000'),
(DEFAULT, 16459, 'Employee 130 submit Report', 'Completed Task.', NULL, 'APPROVED', '2020-10-30 10:16:09.600000', '2020-10-30 10:16:09.600000', '2020-10-30 10:21:09.600000'),
(DEFAULT, 16460, 'Employee 131 submit Report', 'Completed Task.', NULL, 'APPROVED', '2020-10-13 02:49:45.600000', '2020-10-13 02:49:45.600000', '2020-10-13 02:54:45.600000'),
(DEFAULT, 16461, 'Employee 132 submit Report', 'Completed Task.', NULL, 'APPROVED', '2020-10-19 22:46:24.000000', '2020-10-19 22:46:24.000000', '2020-10-19 22:51:24.000000'),
(DEFAULT, 16462, 'Employee 134 submit Report', 'Completed Task.', NULL, 'APPROVED', '2020-10-13 09:18:33.600000', '2020-10-13 09:18:33.600000', '2020-10-13 09:23:33.600000'),
(DEFAULT, 16463, 'Employee 135 submit Report', 'Completed Task.', NULL, 'APPROVED', '2020-10-30 03:56:00.000000', '2020-10-30 03:56:00.000000', '2020-10-30 04:01:00.000000'),
(DEFAULT, 16464, 'Employee 136 submit Report', 'Completed Task.', NULL, 'APPROVED', '2020-10-28 05:33:55.200000', '2020-10-28 05:33:55.200000', '2020-10-28 05:38:55.200000'),
(DEFAULT, 16465, 'Employee 111 submit Report', 'Completed Task.', NULL, 'APPROVED', '2020-10-12 15:09:55.200000', '2020-10-12 15:09:55.200000', '2020-10-12 15:14:55.200000'),
(DEFAULT, 16466, 'Employee 114 submit Report', 'Completed Task.', NULL, 'APPROVED', '2020-10-11 20:09:26.400000', '2020-10-11 20:09:26.400000', '2020-10-11 20:14:26.400000');

-- 2020-10-16 00:20:00.000000
-- 2020-10-16
INSERT INTO task (id, collection_id, created_by_id, root_task_id, name, description, report_format, level, task_type, priority, is_locked, start_date, end_date, deadline, created_time, updated_time)
VALUES (665, 57, 151, NULL, 'Test API Authorization Rules', 'This is Test API Authorization Rules', NULL, 'NORMAL', 'TEST', 'URGENT', FALSE, '2020-10-16', '2020-11-06', '2020-10-22', '2020-10-16 00:20:00.000000', '2020-10-16 00:20:00.000000');

INSERT INTO task_for_users (id, task_id, assigned_to_id, user_task_status, updated_time, started_time)
VALUES
(16468, 665, 116, 'JOINED', '2020-10-16 00:20:00.000000', '2020-10-17 19:40:38.400000'),
(16469, 665, 117, 'JOINED', '2020-10-16 00:20:00.000000', '2020-10-21 09:56:00.000000'),
(16470, 665, 118, 'JOINED', '2020-10-16 00:20:00.000000', '2020-10-16 05:05:07.200000'),
(16471, 665, 119, 'JOINED', '2020-10-16 00:20:00.000000', '2020-10-17 18:22:52.800000'),
(16472, 665, 120, 'JOINED', '2020-10-16 00:20:00.000000', '2020-10-16 08:32:28.800000'),
(16473, 665, 121, 'JOINED', '2020-10-16 00:20:00.000000', '2020-10-17 19:49:16.800000'),
(16474, 665, 122, 'JOINED', '2020-10-16 00:20:00.000000', '2020-10-16 22:39:12.000000'),
(16475, 665, 123, 'JOINED', '2020-10-16 00:20:00.000000', '2020-10-21 09:56:00.000000'),
(16476, 665, 124, 'JOINED', '2020-10-16 00:20:00.000000', '2020-10-17 09:09:55.200000'),
(16477, 665, 125, 'JOINED', '2020-10-16 00:20:00.000000', '2020-10-16 03:30:04.800000'),
(16478, 665, 126, 'JOINED', '2020-10-16 00:20:00.000000', '2020-10-17 18:31:31.200000'),
(16479, 665, 127, 'JOINED', '2020-10-16 00:20:00.000000', '2020-10-16 03:04:09.600000'),
(16480, 665, 128, 'JOINED', '2020-10-16 00:20:00.000000', '2020-10-19 03:47:21.600000'),
(16481, 665, 129, 'JOINED', '2020-10-16 00:20:00.000000', '2020-10-21 09:56:00.000000'),
(16482, 665, 130, 'JOINED', '2020-10-16 00:20:00.000000', '2020-10-21 09:56:00.000000'),
(16483, 665, 131, 'JOINED', '2020-10-16 00:20:00.000000', '2020-10-16 11:59:50.400000'),
(16484, 665, 132, 'JOINED', '2020-10-16 00:20:00.000000', '2020-10-21 09:56:00.000000'),
(16485, 665, 134, 'JOINED', '2020-10-16 00:20:00.000000', '2020-10-16 04:43:31.200000'),
(16486, 665, 135, 'JOINED', '2020-10-16 00:20:00.000000', '2020-10-19 19:55:02.400000'),
(16487, 665, 136, 'JOINED', '2020-10-16 00:20:00.000000', '2020-10-16 20:46:52.800000'),
(16488, 665, 111, 'JOINED', '2020-10-16 00:20:00.000000', '2020-10-18 14:06:33.600000'),
(16489, 665, 114, 'JOINED', '2020-10-16 00:20:00.000000', '2020-10-18 10:21:55.200000');
INSERT INTO report (id, created_by_id, title, content, rejected_reason, report_status, created_time, updated_time, reviewed_time)
VALUES
(DEFAULT, 16468, 'Employee 116 submit Report', 'Completed Task.', NULL, 'APPROVED', '2020-10-20 02:41:07.200000', '2020-10-20 02:41:07.200000', '2020-10-20 02:46:07.200000'),
(DEFAULT, 16469, 'Employee 117 submit Report', 'Completed Task.', NULL, 'APPROVED', '2020-11-06 00:45:55.200000', '2020-11-06 00:45:55.200000', '2020-11-06 00:50:55.200000'),
(DEFAULT, 16470, 'Employee 118 submit Report', 'Completed Task.', NULL, 'APPROVED', '2020-10-19 00:37:16.800000', '2020-10-19 00:37:16.800000', '2020-10-19 00:42:16.800000'),
(DEFAULT, 16471, 'Employee 119 submit Report', 'Completed Task.', NULL, 'APPROVED', '2020-10-20 02:15:12.000000', '2020-10-20 02:15:12.000000', '2020-10-20 02:20:12.000000'),
(DEFAULT, 16472, 'Employee 120 submit Report', 'Completed Task.', NULL, 'APPROVED', '2020-10-18 03:53:07.200000', '2020-10-18 03:53:07.200000', '2020-10-18 03:58:07.200000'),
(DEFAULT, 16473, 'Employee 121 submit Report', 'Completed Task.', NULL, 'APPROVED', '2020-10-20 17:22:24.000000', '2020-10-20 17:22:24.000000', '2020-10-20 17:27:24.000000'),
(DEFAULT, 16474, 'Employee 122 submit Report', 'Completed Task.', NULL, 'APPROVED', '2020-10-19 21:38:43.200000', '2020-10-19 21:38:43.200000', '2020-10-19 21:43:43.200000'),
(DEFAULT, 16475, 'Employee 123 submit Report', 'Completed Task.', NULL, 'APPROVED', '2020-11-03 16:10:24.000000', '2020-11-03 16:10:24.000000', '2020-11-03 16:15:24.000000'),
(DEFAULT, 16476, 'Employee 124 submit Report', 'Completed Task.', NULL, 'APPROVED', '2020-10-20 02:32:28.800000', '2020-10-20 02:32:28.800000', '2020-10-20 02:37:28.800000'),
(DEFAULT, 16477, 'Employee 125 submit Report', 'Completed Task.', NULL, 'APPROVED', '2020-10-18 11:22:24.000000', '2020-10-18 11:22:24.000000', '2020-10-18 11:27:24.000000'),
(DEFAULT, 16478, 'Employee 126 submit Report', 'Completed Task.', NULL, 'APPROVED', '2020-10-19 16:10:24.000000', '2020-10-19 16:10:24.000000', '2020-10-19 16:15:24.000000'),
(DEFAULT, 16479, 'Employee 127 submit Report', 'Completed Task.', NULL, 'APPROVED', '2020-10-18 13:23:21.600000', '2020-10-18 13:23:21.600000', '2020-10-18 13:28:21.600000'),
(DEFAULT, 16480, 'Employee 128 submit Report', 'Completed Task.', NULL, 'APPROVED', '2020-10-21 16:07:31.200000', '2020-10-21 16:07:31.200000', '2020-10-21 16:12:31.200000'),
(DEFAULT, 16481, 'Employee 129 submit Report', 'Completed Task.', NULL, 'APPROVED', '2020-11-05 11:05:07.200000', '2020-11-05 11:05:07.200000', '2020-11-05 11:10:07.200000'),
(DEFAULT, 16482, 'Employee 130 submit Report', 'Completed Task.', NULL, 'APPROVED', '2020-11-06 08:49:45.600000', '2020-11-06 08:49:45.600000', '2020-11-06 08:54:45.600000'),
(DEFAULT, 16483, 'Employee 131 submit Report', 'Completed Task.', NULL, 'APPROVED', '2020-10-27 12:40:09.600000', '2020-10-27 12:40:09.600000', '2020-10-27 12:45:09.600000'),
(DEFAULT, 16484, 'Employee 132 submit Report', 'Completed Task.', NULL, 'APPROVED', '2020-11-06 20:38:14.400000', '2020-11-06 20:38:14.400000', '2020-11-06 20:43:14.400000'),
(DEFAULT, 16485, 'Employee 134 submit Report', 'Completed Task.', NULL, 'APPROVED', '2020-10-27 19:56:28.800000', '2020-10-27 19:56:28.800000', '2020-10-27 20:01:28.800000'),
(DEFAULT, 16486, 'Employee 135 submit Report', 'Completed Task.', NULL, 'APPROVED', '2020-10-21 21:44:28.800000', '2020-10-21 21:44:28.800000', '2020-10-21 21:49:28.800000'),
(DEFAULT, 16487, 'Employee 136 submit Report', 'Completed Task.', NULL, 'APPROVED', '2020-10-27 03:53:07.200000', '2020-10-27 03:53:07.200000', '2020-10-27 03:58:07.200000'),
(DEFAULT, 16488, 'Employee 111 submit Report', 'Completed Task.', NULL, 'APPROVED', '2020-10-21 05:45:26.400000', '2020-10-21 05:45:26.400000', '2020-10-21 05:50:26.400000'),
(DEFAULT, 16489, 'Employee 114 submit Report', 'Completed Task.', NULL, 'APPROVED', '2020-10-19 19:37:45.600000', '2020-10-19 19:37:45.600000', '2020-10-19 19:42:45.600000');

-- 2020-10-23 00:20:00.000000
-- 2020-10-23
INSERT INTO task (id, collection_id, created_by_id, root_task_id, name, description, report_format, level, task_type, priority, is_locked, start_date, end_date, deadline, created_time, updated_time)
VALUES (666, 57, 151, NULL, 'Test API Contract Compliance', 'This is Test API Contract Compliance', NULL, 'NORMAL', 'TEST', 'HIGH', FALSE, '2020-10-23', '2020-11-08', '2020-10-28', '2020-10-23 00:20:00.000000', '2020-10-23 00:20:00.000000');

INSERT INTO task_for_users (id, task_id, assigned_to_id, user_task_status, updated_time, started_time)
VALUES
(16491, 666, 116, 'JOINED', '2020-10-23 00:20:00.000000', '2020-10-24 08:51:12.000000'),
(16492, 666, 117, 'JOINED', '2020-10-23 00:20:00.000000', '2020-10-24 19:53:36.000000'),
(16493, 666, 118, 'JOINED', '2020-10-23 00:20:00.000000', '2020-10-24 06:41:36.000000'),
(16494, 666, 119, 'JOINED', '2020-10-23 00:20:00.000000', '2020-10-23 19:53:36.000000'),
(16495, 666, 120, 'JOINED', '2020-10-23 00:20:00.000000', '2020-10-23 07:39:12.000000'),
(16496, 666, 121, 'JOINED', '2020-10-23 00:20:00.000000', '2020-10-23 22:53:36.000000'),
(16497, 666, 122, 'JOINED', '2020-10-23 00:20:00.000000', '2020-10-24 05:29:36.000000'),
(16498, 666, 123, 'JOINED', '2020-10-23 00:20:00.000000', '2020-10-27 12:20:00.000000'),
(16499, 666, 124, 'JOINED', '2020-10-23 00:20:00.000000', '2020-10-27 12:20:00.000000'),
(16500, 666, 125, 'JOINED', '2020-10-23 00:20:00.000000', '2020-10-25 17:44:00.000000'),
(16501, 666, 126, 'JOINED', '2020-10-23 00:20:00.000000', '2020-10-23 02:00:48.000000'),
(16502, 666, 127, 'JOINED', '2020-10-23 00:20:00.000000', '2020-10-23 03:27:12.000000'),
(16503, 666, 128, 'JOINED', '2020-10-23 00:20:00.000000', '2020-10-23 08:00:48.000000'),
(16504, 666, 129, 'JOINED', '2020-10-23 00:20:00.000000', '2020-10-25 02:58:24.000000'),
(16505, 666, 130, 'JOINED', '2020-10-23 00:20:00.000000', '2020-10-26 04:24:48.000000'),
(16506, 666, 131, 'JOINED', '2020-10-23 00:20:00.000000', '2020-10-23 01:03:12.000000'),
(16507, 666, 132, 'JOINED', '2020-10-23 00:20:00.000000', '2020-10-25 08:29:36.000000'),
(16508, 666, 133, 'JOINED', '2020-10-23 00:20:00.000000', '2020-10-26 11:58:24.000000'),
(16509, 666, 134, 'JOINED', '2020-10-23 00:20:00.000000', '2020-10-23 03:20:00.000000'),
(16510, 666, 135, 'JOINED', '2020-10-23 00:20:00.000000', '2020-10-23 14:44:00.000000'),
(16511, 666, 112, 'JOINED', '2020-10-23 00:20:00.000000', '2020-10-24 07:24:48.000000'),
(16512, 666, 114, 'JOINED', '2020-10-23 00:20:00.000000', '2020-10-27 12:20:00.000000');
INSERT INTO report (id, created_by_id, title, content, rejected_reason, report_status, created_time, updated_time, reviewed_time)
VALUES
(DEFAULT, 16491, 'Employee 116 submit Report', 'Completed Task.', NULL, 'APPROVED', '2020-10-25 09:12:48.000000', '2020-10-25 09:12:48.000000', '2020-10-25 09:17:48.000000'),
(DEFAULT, 16492, 'Employee 117 submit Report', 'Completed Task.', NULL, 'APPROVED', '2020-10-26 21:12:48.000000', '2020-10-26 21:12:48.000000', '2020-10-26 21:17:48.000000'),
(DEFAULT, 16493, 'Employee 118 submit Report', 'Completed Task.', NULL, 'APPROVED', '2020-10-25 17:58:24.000000', '2020-10-25 17:58:24.000000', '2020-10-25 18:03:24.000000'),
(DEFAULT, 16494, 'Employee 119 submit Report', 'Completed Task.', NULL, 'APPROVED', '2020-10-25 14:29:36.000000', '2020-10-25 14:29:36.000000', '2020-10-25 14:34:36.000000'),
(DEFAULT, 16495, 'Employee 120 submit Report', 'Completed Task.', NULL, 'APPROVED', '2020-10-24 16:03:12.000000', '2020-10-24 16:03:12.000000', '2020-10-24 16:08:12.000000'),
(DEFAULT, 16496, 'Employee 121 submit Report', 'Completed Task.', NULL, 'APPROVED', '2020-10-26 03:41:36.000000', '2020-10-26 03:41:36.000000', '2020-10-26 03:46:36.000000'),
(DEFAULT, 16497, 'Employee 122 submit Report', 'Completed Task.', NULL, 'APPROVED', '2020-10-26 06:41:36.000000', '2020-10-26 06:41:36.000000', '2020-10-26 06:46:36.000000'),
(DEFAULT, 16498, 'Employee 123 submit Report', 'Completed Task.', NULL, 'APPROVED', '2020-11-08 18:34:24.000000', '2020-11-08 18:34:24.000000', '2020-11-08 18:39:24.000000'),
(DEFAULT, 16499, 'Employee 124 submit Report', 'Completed Task.', NULL, 'APPROVED', '2020-11-08 05:51:12.000000', '2020-11-08 05:51:12.000000', '2020-11-08 05:56:12.000000'),
(DEFAULT, 16500, 'Employee 125 submit Report', 'Completed Task.', NULL, 'APPROVED', '2020-10-27 04:17:36.000000', '2020-10-27 04:17:36.000000', '2020-10-27 04:22:36.000000'),
(DEFAULT, 16501, 'Employee 126 submit Report', 'Completed Task.', NULL, 'APPROVED', '2020-10-24 06:27:12.000000', '2020-10-24 06:27:12.000000', '2020-10-24 06:32:12.000000'),
(DEFAULT, 16502, 'Employee 127 submit Report', 'Completed Task.', NULL, 'APPROVED', '2020-10-24 05:44:00.000000', '2020-10-24 05:44:00.000000', '2020-10-24 05:49:00.000000'),
(DEFAULT, 16503, 'Employee 128 submit Report', 'Completed Task.', NULL, 'APPROVED', '2020-10-24 19:17:36.000000', '2020-10-24 19:17:36.000000', '2020-10-24 19:22:36.000000'),
(DEFAULT, 16504, 'Employee 129 submit Report', 'Completed Task.', NULL, 'APPROVED', '2020-10-26 15:41:36.000000', '2020-10-26 15:41:36.000000', '2020-10-26 15:46:36.000000'),
(DEFAULT, 16505, 'Employee 130 submit Report', 'Completed Task.', NULL, 'APPROVED', '2020-10-27 18:20:00.000000', '2020-10-27 18:20:00.000000', '2020-10-27 18:25:00.000000'),
(DEFAULT, 16506, 'Employee 131 submit Report', 'Completed Task.', NULL, 'APPROVED', '2020-10-25 00:20:00.000000', '2020-10-25 00:20:00.000000', '2020-10-25 00:25:00.000000'),
(DEFAULT, 16507, 'Employee 132 submit Report', 'Completed Task.', NULL, 'APPROVED', '2020-10-27 05:51:12.000000', '2020-10-27 05:51:12.000000', '2020-10-27 05:56:12.000000'),
(DEFAULT, 16508, 'Employee 133 submit Report', 'Completed Task.', NULL, 'APPROVED', '2020-10-27 13:10:24.000000', '2020-10-27 13:10:24.000000', '2020-10-27 13:15:24.000000'),
(DEFAULT, 16509, 'Employee 134 submit Report', 'Completed Task.', NULL, 'APPROVED', '2020-10-24 16:03:12.000000', '2020-10-24 16:03:12.000000', '2020-10-24 16:08:12.000000'),
(DEFAULT, 16510, 'Employee 135 submit Report', 'Completed Task.', NULL, 'APPROVED', '2020-10-25 19:03:12.000000', '2020-10-25 19:03:12.000000', '2020-10-25 19:08:12.000000'),
(DEFAULT, 16511, 'Employee 112 submit Report', 'Completed Task.', NULL, 'APPROVED', '2020-10-25 04:32:00.000000', '2020-10-25 04:32:00.000000', '2020-10-25 04:37:00.000000'),
(DEFAULT, 16512, 'Employee 114 submit Report', 'Completed Task.', NULL, 'APPROVED', '2020-11-07 16:24:48.000000', '2020-11-07 16:24:48.000000', '2020-11-07 16:29:48.000000');

-- 2020-10-29 00:20:00.000000
-- 2020-10-29
INSERT INTO task (id, collection_id, created_by_id, root_task_id, name, description, report_format, level, task_type, priority, is_locked, start_date, end_date, deadline, created_time, updated_time)
VALUES (667, 57, 151, NULL, 'Test API Error Codes', 'This is Test API Error Codes', NULL, 'NORMAL', 'TEST', 'HIGH', FALSE, '2020-10-29', '2020-11-16', '2020-11-03', '2020-10-29 00:20:00.000000', '2020-10-29 00:20:00.000000');

INSERT INTO task_for_users (id, task_id, assigned_to_id, user_task_status, updated_time, started_time)
VALUES
(16514, 667, 116, 'JOINED', '2020-10-29 00:20:00.000000', '2020-10-29 02:58:24.000000'),
(16515, 667, 117, 'JOINED', '2020-10-29 00:20:00.000000', '2020-10-31 07:17:36.000000'),
(16516, 667, 118, 'JOINED', '2020-10-29 00:20:00.000000', '2020-10-29 21:27:12.000000'),
(16517, 667, 119, 'JOINED', '2020-10-29 00:20:00.000000', '2020-11-02 12:20:00.000000'),
(16518, 667, 120, 'JOINED', '2020-10-29 00:20:00.000000', '2020-10-29 19:03:12.000000'),
(16519, 667, 121, 'JOINED', '2020-10-29 00:20:00.000000', '2020-10-29 10:46:24.000000'),
(16520, 667, 122, 'JOINED', '2020-10-29 00:20:00.000000', '2020-10-30 00:34:24.000000'),
(16521, 667, 123, 'JOINED', '2020-10-29 00:20:00.000000', '2020-10-31 10:39:12.000000'),
(16522, 667, 124, 'JOINED', '2020-10-29 00:20:00.000000', '2020-10-30 14:58:24.000000'),
(16523, 667, 125, 'JOINED', '2020-10-29 00:20:00.000000', '2020-10-29 04:39:12.000000'),
(16524, 667, 126, 'JOINED', '2020-10-29 00:20:00.000000', '2020-10-31 00:05:36.000000'),
(16525, 667, 127, 'JOINED', '2020-10-29 00:20:00.000000', '2020-10-29 05:15:12.000000'),
(16526, 667, 128, 'JOINED', '2020-10-29 00:20:00.000000', '2020-10-31 03:48:48.000000'),
(16527, 667, 129, 'JOINED', '2020-10-29 00:20:00.000000', '2020-10-29 01:53:36.000000'),
(16528, 667, 130, 'JOINED', '2020-10-29 00:20:00.000000', '2020-10-30 05:00:48.000000'),
(16529, 667, 131, 'JOINED', '2020-10-29 00:20:00.000000', '2020-10-31 19:32:00.000000'),
(16530, 667, 132, 'JOINED', '2020-10-29 00:20:00.000000', '2020-10-29 23:00:48.000000'),
(16531, 667, 133, 'JOINED', '2020-10-29 00:20:00.000000', '2020-11-02 12:20:00.000000'),
(16532, 667, 134, 'JOINED', '2020-10-29 00:20:00.000000', '2020-10-29 01:10:24.000000'),
(16533, 667, 135, 'JOINED', '2020-10-29 00:20:00.000000', '2020-10-31 02:29:36.000000'),
(16534, 667, 112, 'JOINED', '2020-10-29 00:20:00.000000', '2020-11-02 12:20:00.000000'),
(16535, 667, 114, 'JOINED', '2020-10-29 00:20:00.000000', '2020-10-29 19:10:24.000000');
INSERT INTO report (id, created_by_id, title, content, rejected_reason, report_status, created_time, updated_time, reviewed_time)
VALUES
(DEFAULT, 16514, 'Employee 116 submit Report', 'Completed Task.', NULL, 'APPROVED', '2020-10-30 05:00:48.000000', '2020-10-30 05:00:48.000000', '2020-10-30 05:05:48.000000'),
(DEFAULT, 16515, 'Employee 117 submit Report', 'Completed Task.', NULL, 'APPROVED', '2020-11-02 01:39:12.000000', '2020-11-02 01:39:12.000000', '2020-11-02 01:44:12.000000'),
(DEFAULT, 16516, 'Employee 118 submit Report', 'Completed Task.', NULL, 'APPROVED', '2020-10-30 22:24:48.000000', '2020-10-30 22:24:48.000000', '2020-10-30 22:29:48.000000'),
(DEFAULT, 16517, 'Employee 119 submit Report', 'Completed Task.', NULL, 'APPROVED', '2020-11-13 23:58:24.000000', '2020-11-13 23:58:24.000000', '2020-11-14 00:03:24.000000'),
(DEFAULT, 16518, 'Employee 120 submit Report', 'Completed Task.', NULL, 'APPROVED', '2020-10-31 11:29:36.000000', '2020-10-31 11:29:36.000000', '2020-10-31 11:34:36.000000'),
(DEFAULT, 16519, 'Employee 121 submit Report', 'Completed Task.', NULL, 'APPROVED', '2020-10-30 22:17:36.000000', '2020-10-30 22:17:36.000000', '2020-10-30 22:22:36.000000'),
(DEFAULT, 16520, 'Employee 122 submit Report', 'Completed Task.', NULL, 'APPROVED', '2020-10-31 16:03:12.000000', '2020-10-31 16:03:12.000000', '2020-10-31 16:08:12.000000'),
(DEFAULT, 16521, 'Employee 123 submit Report', 'Completed Task.', NULL, 'APPROVED', '2020-11-02 20:22:24.000000', '2020-11-02 20:22:24.000000', '2020-11-02 20:27:24.000000'),
(DEFAULT, 16522, 'Employee 124 submit Report', 'Completed Task.', NULL, 'APPROVED', '2020-11-01 08:44:00.000000', '2020-11-01 08:44:00.000000', '2020-11-01 08:49:00.000000'),
(DEFAULT, 16523, 'Employee 125 submit Report', 'Completed Task.', NULL, 'APPROVED', '2020-10-31 04:10:24.000000', '2020-10-31 04:10:24.000000', '2020-10-31 04:15:24.000000'),
(DEFAULT, 16524, 'Employee 126 submit Report', 'Completed Task.', NULL, 'APPROVED', '2020-11-01 01:10:24.000000', '2020-11-01 01:10:24.000000', '2020-11-01 01:15:24.000000'),
(DEFAULT, 16525, 'Employee 127 submit Report', 'Completed Task.', NULL, 'APPROVED', '2020-10-30 20:44:00.000000', '2020-10-30 20:44:00.000000', '2020-10-30 20:49:00.000000'),
(DEFAULT, 16526, 'Employee 128 submit Report', 'Completed Task.', NULL, 'APPROVED', '2020-11-02 01:39:12.000000', '2020-11-02 01:39:12.000000', '2020-11-02 01:44:12.000000'),
(DEFAULT, 16527, 'Employee 129 submit Report', 'Completed Task.', NULL, 'APPROVED', '2020-10-30 19:32:00.000000', '2020-10-30 19:32:00.000000', '2020-10-30 19:37:00.000000'),
(DEFAULT, 16528, 'Employee 130 submit Report', 'Completed Task.', NULL, 'APPROVED', '2020-11-01 06:27:12.000000', '2020-11-01 06:27:12.000000', '2020-11-01 06:32:12.000000'),
(DEFAULT, 16529, 'Employee 131 submit Report', 'Completed Task.', NULL, 'APPROVED', '2020-11-02 10:10:24.000000', '2020-11-02 10:10:24.000000', '2020-11-02 10:15:24.000000'),
(DEFAULT, 16530, 'Employee 132 submit Report', 'Completed Task.', NULL, 'APPROVED', '2020-10-31 04:53:36.000000', '2020-10-31 04:53:36.000000', '2020-10-31 04:58:36.000000'),
(DEFAULT, 16531, 'Employee 133 submit Report', 'Completed Task.', NULL, 'APPROVED', '2020-11-16 09:05:36.000000', '2020-11-16 09:05:36.000000', '2020-11-16 09:10:36.000000'),
(DEFAULT, 16532, 'Employee 134 submit Report', 'Completed Task.', NULL, 'APPROVED', '2020-10-30 19:03:12.000000', '2020-10-30 19:03:12.000000', '2020-10-30 19:08:12.000000'),
(DEFAULT, 16533, 'Employee 135 submit Report', 'Completed Task.', NULL, 'APPROVED', '2020-11-02 04:24:48.000000', '2020-11-02 04:24:48.000000', '2020-11-02 04:29:48.000000'),
(DEFAULT, 16534, 'Employee 112 submit Report', 'Completed Task.', NULL, 'APPROVED', '2020-11-16 06:05:36.000000', '2020-11-16 06:05:36.000000', '2020-11-16 06:10:36.000000'),
(DEFAULT, 16535, 'Employee 114 submit Report', 'Completed Task.', NULL, 'APPROVED', '2020-10-31 16:46:24.000000', '2020-10-31 16:46:24.000000', '2020-10-31 16:51:24.000000');

-- 2020-11-04 00:20:00.000000
-- 2020-11-04
INSERT INTO task (id, collection_id, created_by_id, root_task_id, name, description, report_format, level, task_type, priority, is_locked, start_date, end_date, deadline, created_time, updated_time)
VALUES (668, 57, 151, NULL, 'Test API Timeout Handling', 'This is Test API Timeout Handling', NULL, 'NORMAL', 'TEST', 'NORMAL', FALSE, '2020-11-04', '2020-11-18', '2020-11-08', '2020-11-04 00:20:00.000000', '2020-11-04 00:20:00.000000');

INSERT INTO task_for_users (id, task_id, assigned_to_id, user_task_status, updated_time, started_time)
VALUES
(16537, 668, 116, 'JOINED', '2020-11-04 00:20:00.000000', '2020-11-06 11:10:52.800000'),
(16538, 668, 117, 'JOINED', '2020-11-04 00:20:00.000000', '2020-11-07 06:05:36.000000'),
(16539, 668, 118, 'JOINED', '2020-11-04 00:20:00.000000', '2020-11-04 07:14:43.200000'),
(16540, 668, 119, 'JOINED', '2020-11-04 00:20:00.000000', '2020-11-04 12:14:14.400000'),
(16541, 668, 120, 'JOINED', '2020-11-04 00:20:00.000000', '2020-11-04 18:22:52.800000'),
(16542, 668, 121, 'JOINED', '2020-11-04 00:20:00.000000', '2020-11-04 20:58:24.000000'),
(16543, 668, 122, 'JOINED', '2020-11-04 00:20:00.000000', '2020-11-06 12:54:33.600000'),
(16544, 668, 123, 'JOINED', '2020-11-04 00:20:00.000000', '2020-11-07 14:44:00.000000'),
(16545, 668, 124, 'JOINED', '2020-11-04 00:20:00.000000', '2020-11-06 10:36:19.200000'),
(16546, 668, 125, 'JOINED', '2020-11-04 00:20:00.000000', '2020-11-04 13:34:52.800000'),
(16547, 668, 126, 'JOINED', '2020-11-04 00:20:00.000000', '2020-11-06 11:51:12.000000'),
(16548, 668, 127, 'JOINED', '2020-11-04 00:20:00.000000', '2020-11-05 17:48:19.200000'),
(16549, 668, 128, 'JOINED', '2020-11-04 00:20:00.000000', '2020-11-05 20:23:50.400000'),
(16550, 668, 129, 'JOINED', '2020-11-04 00:20:00.000000', '2020-11-06 18:28:38.400000'),
(16551, 668, 130, 'JOINED', '2020-11-04 00:20:00.000000', '2020-11-04 09:09:55.200000'),
(16552, 668, 131, 'JOINED', '2020-11-04 00:20:00.000000', '2020-11-06 01:23:21.600000'),
(16553, 668, 132, 'JOINED', '2020-11-04 00:20:00.000000', '2020-11-07 14:44:00.000000'),
(16554, 668, 133, 'JOINED', '2020-11-04 00:20:00.000000', '2020-11-04 22:19:02.400000'),
(16555, 668, 134, 'JOINED', '2020-11-04 00:20:00.000000', '2020-11-06 16:10:24.000000'),
(16556, 668, 135, 'JOINED', '2020-11-04 00:20:00.000000', '2020-11-04 16:04:38.400000'),
(16557, 668, 112, 'JOINED', '2020-11-04 00:20:00.000000', '2020-11-05 01:52:09.600000'),
(16558, 668, 114, 'JOINED', '2020-11-04 00:20:00.000000', '2020-11-07 14:44:00.000000');
INSERT INTO report (id, created_by_id, title, content, rejected_reason, report_status, created_time, updated_time, reviewed_time)
VALUES
(DEFAULT, 16537, 'Employee 116 submit Report', 'Completed Task.', NULL, 'APPROVED', '2020-11-07 13:57:55.200000', '2020-11-07 13:57:55.200000', '2020-11-07 14:02:55.200000'),
(DEFAULT, 16538, 'Employee 117 submit Report', 'Completed Task.', NULL, 'APPROVED', '2020-11-07 21:04:09.600000', '2020-11-07 21:04:09.600000', '2020-11-07 21:09:09.600000'),
(DEFAULT, 16539, 'Employee 118 submit Report', 'Completed Task.', NULL, 'APPROVED', '2020-11-05 00:20:00.000000', '2020-11-05 00:20:00.000000', '2020-11-05 00:25:00.000000'),
(DEFAULT, 16540, 'Employee 119 submit Report', 'Completed Task.', NULL, 'APPROVED', '2020-11-06 11:16:38.400000', '2020-11-06 11:16:38.400000', '2020-11-06 11:21:38.400000'),
(DEFAULT, 16541, 'Employee 120 submit Report', 'Completed Task.', NULL, 'APPROVED', '2020-11-06 17:19:31.200000', '2020-11-06 17:19:31.200000', '2020-11-06 17:24:31.200000'),
(DEFAULT, 16542, 'Employee 121 submit Report', 'Completed Task.', NULL, 'APPROVED', '2020-11-05 14:32:28.800000', '2020-11-05 14:32:28.800000', '2020-11-05 14:37:28.800000'),
(DEFAULT, 16543, 'Employee 122 submit Report', 'Completed Task.', NULL, 'APPROVED', '2020-11-07 16:27:40.800000', '2020-11-07 16:27:40.800000', '2020-11-07 16:32:40.800000'),
(DEFAULT, 16544, 'Employee 123 submit Report', 'Completed Task.', NULL, 'APPROVED', '2020-11-16 15:01:16.800000', '2020-11-16 15:01:16.800000', '2020-11-16 15:06:16.800000'),
(DEFAULT, 16545, 'Employee 124 submit Report', 'Completed Task.', NULL, 'APPROVED', '2020-11-07 17:13:45.600000', '2020-11-07 17:13:45.600000', '2020-11-07 17:18:45.600000'),
(DEFAULT, 16546, 'Employee 125 submit Report', 'Completed Task.', NULL, 'APPROVED', '2020-11-06 04:16:09.600000', '2020-11-06 04:16:09.600000', '2020-11-06 04:21:09.600000'),
(DEFAULT, 16547, 'Employee 126 submit Report', 'Completed Task.', NULL, 'APPROVED', '2020-11-07 07:37:45.600000', '2020-11-07 07:37:45.600000', '2020-11-07 07:42:45.600000'),
(DEFAULT, 16548, 'Employee 127 submit Report', 'Completed Task.', NULL, 'APPROVED', '2020-11-07 10:30:33.600000', '2020-11-07 10:30:33.600000', '2020-11-07 10:35:33.600000'),
(DEFAULT, 16549, 'Employee 128 submit Report', 'Completed Task.', NULL, 'APPROVED', '2020-11-07 11:28:09.600000', '2020-11-07 11:28:09.600000', '2020-11-07 11:33:09.600000'),
(DEFAULT, 16550, 'Employee 129 submit Report', 'Completed Task.', NULL, 'APPROVED', '2020-11-07 13:17:36.000000', '2020-11-07 13:17:36.000000', '2020-11-07 13:22:36.000000'),
(DEFAULT, 16551, 'Employee 130 submit Report', 'Completed Task.', NULL, 'APPROVED', '2020-11-05 02:32:28.800000', '2020-11-05 02:32:28.800000', '2020-11-05 02:37:28.800000'),
(DEFAULT, 16552, 'Employee 131 submit Report', 'Completed Task.', NULL, 'APPROVED', '2020-11-06 22:19:02.400000', '2020-11-06 22:19:02.400000', '2020-11-06 22:24:02.400000'),
(DEFAULT, 16553, 'Employee 132 submit Report', 'Completed Task.', NULL, 'APPROVED', '2020-11-18 15:18:33.600000', '2020-11-18 15:18:33.600000', '2020-11-18 15:23:33.600000'),
(DEFAULT, 16554, 'Employee 133 submit Report', 'Completed Task.', NULL, 'APPROVED', '2020-11-06 07:55:02.400000', '2020-11-06 07:55:02.400000', '2020-11-06 08:00:02.400000'),
(DEFAULT, 16555, 'Employee 134 submit Report', 'Completed Task.', NULL, 'APPROVED', '2020-11-07 07:55:02.400000', '2020-11-07 07:55:02.400000', '2020-11-07 08:00:02.400000'),
(DEFAULT, 16556, 'Employee 135 submit Report', 'Completed Task.', NULL, 'APPROVED', '2020-11-05 15:30:04.800000', '2020-11-05 15:30:04.800000', '2020-11-05 15:35:04.800000'),
(DEFAULT, 16557, 'Employee 112 submit Report', 'Completed Task.', NULL, 'APPROVED', '2020-11-06 09:56:00.000000', '2020-11-06 09:56:00.000000', '2020-11-06 10:01:00.000000'),
(DEFAULT, 16558, 'Employee 114 submit Report', 'Completed Task.', NULL, 'APPROVED', '2020-11-18 15:07:02.400000', '2020-11-18 15:07:02.400000', '2020-11-18 15:12:02.400000');

-- 2020-11-09 00:20:00.000000
-- 2020-11-09
INSERT INTO task (id, collection_id, created_by_id, root_task_id, name, description, report_format, level, task_type, priority, is_locked, start_date, end_date, deadline, created_time, updated_time)
VALUES (669, 57, 151, NULL, 'Test Retry Mechanism', 'This is Test Retry Mechanism', NULL, 'NORMAL', 'TEST', 'LOW', FALSE, '2020-11-09', '2020-11-14', '2020-11-12', '2020-11-09 00:20:00.000000', '2020-11-09 00:20:00.000000');

INSERT INTO task_for_users (id, task_id, assigned_to_id, user_task_status, updated_time, started_time)
VALUES
(16560, 669, 116, 'JOINED', '2020-11-09 00:20:00.000000', '2020-11-10 22:20:28.800000'),
(16561, 669, 117, 'JOINED', '2020-11-09 00:20:00.000000', '2020-11-11 01:04:38.400000'),
(16562, 669, 119, 'JOINED', '2020-11-09 00:20:00.000000', '2020-11-09 10:07:31.200000'),
(16563, 669, 120, 'JOINED', '2020-11-09 00:20:00.000000', '2020-11-09 01:24:48.000000'),
(16564, 669, 121, 'JOINED', '2020-11-09 00:20:00.000000', '2020-11-09 22:47:50.400000'),
(16565, 669, 122, 'JOINED', '2020-11-09 00:20:00.000000', '2020-11-09 12:21:26.400000'),
(16566, 669, 123, 'JOINED', '2020-11-09 00:20:00.000000', '2020-11-09 11:51:12.000000'),
(16567, 669, 124, 'JOINED', '2020-11-09 00:20:00.000000', '2020-11-10 04:29:07.200000'),
(16568, 669, 125, 'JOINED', '2020-11-09 00:20:00.000000', '2020-11-10 05:59:50.400000'),
(16569, 669, 126, 'JOINED', '2020-11-09 00:20:00.000000', '2020-11-10 14:38:14.400000'),
(16570, 669, 127, 'JOINED', '2020-11-09 00:20:00.000000', '2020-11-10 16:00:19.200000'),
(16571, 669, 128, 'JOINED', '2020-11-09 00:20:00.000000', '2020-11-10 11:32:28.800000'),
(16572, 669, 129, 'JOINED', '2020-11-09 00:20:00.000000', '2020-11-10 14:42:33.600000'),
(16573, 669, 130, 'JOINED', '2020-11-09 00:20:00.000000', '2020-11-09 01:59:21.600000'),
(16574, 669, 131, 'JOINED', '2020-11-09 00:20:00.000000', '2020-11-09 09:50:14.400000'),
(16575, 669, 132, 'JOINED', '2020-11-09 00:20:00.000000', '2020-11-09 09:58:52.800000'),
(16576, 669, 133, 'JOINED', '2020-11-09 00:20:00.000000', '2020-11-09 17:49:45.600000'),
(16577, 669, 134, 'JOINED', '2020-11-09 00:20:00.000000', '2020-11-09 17:28:09.600000'),
(16578, 669, 135, 'JOINED', '2020-11-09 00:20:00.000000', '2020-11-09 01:16:09.600000'),
(16579, 669, 136, 'JOINED', '2020-11-09 00:20:00.000000', '2020-11-09 09:13:31.200000'),
(16580, 669, 112, 'JOINED', '2020-11-09 00:20:00.000000', '2020-11-09 00:32:57.600000'),
(16581, 669, 114, 'JOINED', '2020-11-09 00:20:00.000000', '2020-11-09 07:44:57.600000');
INSERT INTO report (id, created_by_id, title, content, rejected_reason, report_status, created_time, updated_time, reviewed_time)
VALUES
(DEFAULT, 16560, 'Employee 116 submit Report', 'Completed Task.', NULL, 'APPROVED', '2020-11-11 15:07:02.400000', '2020-11-11 15:07:02.400000', '2020-11-11 15:12:02.400000'),
(DEFAULT, 16561, 'Employee 117 submit Report', 'Completed Task.', NULL, 'APPROVED', '2020-11-11 19:34:52.800000', '2020-11-11 19:34:52.800000', '2020-11-11 19:39:52.800000'),
(DEFAULT, 16562, 'Employee 119 submit Report', 'Completed Task.', NULL, 'APPROVED', '2020-11-10 10:01:45.600000', '2020-11-10 10:01:45.600000', '2020-11-10 10:06:45.600000'),
(DEFAULT, 16563, 'Employee 120 submit Report', 'Completed Task.', NULL, 'APPROVED', '2020-11-10 05:29:36.000000', '2020-11-10 05:29:36.000000', '2020-11-10 05:34:36.000000'),
(DEFAULT, 16564, 'Employee 121 submit Report', 'Completed Task.', NULL, 'APPROVED', '2020-11-11 07:37:45.600000', '2020-11-11 07:37:45.600000', '2020-11-11 07:42:45.600000'),
(DEFAULT, 16565, 'Employee 122 submit Report', 'Completed Task.', NULL, 'APPROVED', '2020-11-10 00:48:48.000000', '2020-11-10 00:48:48.000000', '2020-11-10 00:53:48.000000'),
(DEFAULT, 16566, 'Employee 123 submit Report', 'Completed Task.', NULL, 'APPROVED', '2020-11-10 08:05:07.200000', '2020-11-10 08:05:07.200000', '2020-11-10 08:10:07.200000'),
(DEFAULT, 16567, 'Employee 124 submit Report', 'Completed Task.', NULL, 'APPROVED', '2020-11-11 15:41:36.000000', '2020-11-11 15:41:36.000000', '2020-11-11 15:46:36.000000'),
(DEFAULT, 16568, 'Employee 125 submit Report', 'Completed Task.', NULL, 'APPROVED', '2020-11-10 22:55:02.400000', '2020-11-10 22:55:02.400000', '2020-11-10 23:00:02.400000'),
(DEFAULT, 16569, 'Employee 126 submit Report', 'Completed Task.', NULL, 'APPROVED', '2020-11-11 07:33:26.400000', '2020-11-11 07:33:26.400000', '2020-11-11 07:38:26.400000'),
(DEFAULT, 16570, 'Employee 127 submit Report', 'Completed Task.', NULL, 'APPROVED', '2020-11-11 08:51:12.000000', '2020-11-11 08:51:12.000000', '2020-11-11 08:56:12.000000'),
(DEFAULT, 16571, 'Employee 128 submit Report', 'Completed Task.', NULL, 'APPROVED', '2020-11-10 23:08:00.000000', '2020-11-10 23:08:00.000000', '2020-11-10 23:13:00.000000'),
(DEFAULT, 16572, 'Employee 129 submit Report', 'Completed Task.', NULL, 'APPROVED', '2020-11-11 22:44:57.600000', '2020-11-11 22:44:57.600000', '2020-11-11 22:49:57.600000'),
(DEFAULT, 16573, 'Employee 130 submit Report', 'Completed Task.', NULL, 'APPROVED', '2020-11-09 18:28:38.400000', '2020-11-09 18:28:38.400000', '2020-11-09 18:33:38.400000'),
(DEFAULT, 16574, 'Employee 131 submit Report', 'Completed Task.', NULL, 'APPROVED', '2020-11-10 21:41:36.000000', '2020-11-10 21:41:36.000000', '2020-11-10 21:46:36.000000'),
(DEFAULT, 16575, 'Employee 132 submit Report', 'Completed Task.', NULL, 'APPROVED', '2020-11-10 03:24:19.200000', '2020-11-10 03:24:19.200000', '2020-11-10 03:29:19.200000'),
(DEFAULT, 16576, 'Employee 133 submit Report', 'Completed Task.', NULL, 'APPROVED', '2020-11-11 03:05:36.000000', '2020-11-11 03:05:36.000000', '2020-11-11 03:10:36.000000'),
(DEFAULT, 16577, 'Employee 134 submit Report', 'Completed Task.', NULL, 'APPROVED', '2020-11-10 21:54:33.600000', '2020-11-10 21:54:33.600000', '2020-11-10 21:59:33.600000'),
(DEFAULT, 16578, 'Employee 135 submit Report', 'Completed Task.', NULL, 'APPROVED', '2020-11-09 16:44:57.600000', '2020-11-09 16:44:57.600000', '2020-11-09 16:49:57.600000'),
(DEFAULT, 16579, 'Employee 136 submit Report', 'Completed Task.', NULL, 'APPROVED', '2020-11-14 15:26:28.800000', '2020-11-14 15:26:28.800000', '2020-11-14 15:31:28.800000'),
(DEFAULT, 16580, 'Employee 112 submit Report', 'Completed Task.', NULL, 'APPROVED', '2020-11-10 06:25:45.600000', '2020-11-10 06:25:45.600000', '2020-11-10 06:30:45.600000'),
(DEFAULT, 16581, 'Employee 114 submit Report', 'Completed Task.', NULL, 'APPROVED', '2020-11-10 05:55:31.200000', '2020-11-10 05:55:31.200000', '2020-11-10 06:00:31.200000');

-- 2020-11-13 00:20:00.000000
-- 2020-11-13
INSERT INTO task (id, collection_id, created_by_id, root_task_id, name, description, report_format, level, task_type, priority, is_locked, start_date, end_date, deadline, created_time, updated_time)
VALUES (670, 57, 151, NULL, 'Test API Rate Limiting', 'This is Test API Rate Limiting', NULL, 'ADVANCED', 'TEST', 'URGENT', FALSE, '2020-11-13', '2020-12-10', '2020-11-20', '2020-11-13 00:20:00.000000', '2020-11-13 00:20:00.000000');

INSERT INTO task_for_users (id, task_id, assigned_to_id, user_task_status, updated_time, started_time)
VALUES
(16583, 670, 116, 'JOINED', '2020-11-13 00:20:00.000000', '2020-11-14 17:19:31.200000'),
(16584, 670, 117, 'JOINED', '2020-11-13 00:20:00.000000', '2020-11-13 08:03:40.800000'),
(16585, 670, 118, 'JOINED', '2020-11-13 00:20:00.000000', '2020-11-19 07:32:00.000000'),
(16586, 670, 119, 'JOINED', '2020-11-13 00:20:00.000000', '2020-11-13 01:00:19.200000'),
(16587, 670, 120, 'JOINED', '2020-11-13 00:20:00.000000', '2020-11-13 11:55:31.200000'),
(16588, 670, 121, 'JOINED', '2020-11-13 00:20:00.000000', '2020-11-19 07:32:00.000000'),
(16589, 670, 122, 'JOINED', '2020-11-13 00:20:00.000000', '2020-11-13 22:10:24.000000'),
(16590, 670, 124, 'JOINED', '2020-11-13 00:20:00.000000', '2020-11-14 16:14:00.000000'),
(16591, 670, 125, 'JOINED', '2020-11-13 00:20:00.000000', '2020-11-19 07:32:00.000000'),
(16592, 670, 126, 'JOINED', '2020-11-13 00:20:00.000000', '2020-11-14 14:28:09.600000'),
(16593, 670, 127, 'JOINED', '2020-11-13 00:20:00.000000', '2020-11-19 07:32:00.000000'),
(16594, 670, 128, 'JOINED', '2020-11-13 00:20:00.000000', '2020-11-13 15:27:12.000000'),
(16595, 670, 129, 'JOINED', '2020-11-13 00:20:00.000000', '2020-11-13 07:43:31.200000'),
(16596, 670, 130, 'JOINED', '2020-11-13 00:20:00.000000', '2020-11-14 09:20:43.200000'),
(16597, 670, 131, 'JOINED', '2020-11-13 00:20:00.000000', '2020-11-19 07:32:00.000000'),
(16598, 670, 132, 'JOINED', '2020-11-13 00:20:00.000000', '2020-11-14 10:16:09.600000'),
(16599, 670, 133, 'JOINED', '2020-11-13 00:20:00.000000', '2020-11-14 16:34:09.600000'),
(16600, 670, 134, 'JOINED', '2020-11-13 00:20:00.000000', '2020-11-13 23:51:12.000000'),
(16601, 670, 135, 'JOINED', '2020-11-13 00:20:00.000000', '2020-11-13 07:23:21.600000'),
(16602, 670, 111, 'JOINED', '2020-11-13 00:20:00.000000', '2020-11-13 02:00:48.000000'),
(16603, 670, 115, 'JOINED', '2020-11-13 00:20:00.000000', '2020-11-13 00:30:04.800000');
INSERT INTO report (id, created_by_id, title, content, rejected_reason, report_status, created_time, updated_time, reviewed_time)
VALUES
(DEFAULT, 16583, 'Employee 116 submit Report', 'Completed Task.', NULL, 'APPROVED', '2020-11-25 07:20:28.800000', '2020-11-25 07:20:28.800000', '2020-11-25 07:25:28.800000'),
(DEFAULT, 16584, 'Employee 117 submit Report', 'Completed Task.', NULL, 'APPROVED', '2020-11-18 19:06:04.800000', '2020-11-18 19:06:04.800000', '2020-11-18 19:11:04.800000'),
(DEFAULT, 16585, 'Employee 118 submit Report', 'Completed Task.', NULL, 'APPROVED', '2020-12-09 19:16:09.600000', '2020-12-09 19:16:09.600000', '2020-12-09 19:21:09.600000'),
(DEFAULT, 16586, 'Employee 119 submit Report', 'Completed Task.', NULL, 'APPROVED', '2020-11-17 01:06:04.800000', '2020-11-17 01:06:04.800000', '2020-11-17 01:11:04.800000'),
(DEFAULT, 16587, 'Employee 120 submit Report', 'Completed Task.', NULL, 'APPROVED', '2020-11-19 03:40:09.600000', '2020-11-19 03:40:09.600000', '2020-11-19 03:45:09.600000'),
(DEFAULT, 16588, 'Employee 121 submit Report', 'Completed Task.', NULL, 'APPROVED', '2020-12-05 04:53:36.000000', '2020-12-05 04:53:36.000000', '2020-12-05 04:58:36.000000'),
(DEFAULT, 16589, 'Employee 122 submit Report', 'Completed Task.', NULL, 'APPROVED', '2020-11-17 14:22:24.000000', '2020-11-17 14:22:24.000000', '2020-11-17 14:27:24.000000'),
(DEFAULT, 16590, 'Employee 124 submit Report', 'Completed Task.', NULL, 'APPROVED', '2020-11-25 08:26:00.000000', '2020-11-25 08:26:00.000000', '2020-11-25 08:31:00.000000'),
(DEFAULT, 16591, 'Employee 125 submit Report', 'Completed Task.', NULL, 'APPROVED', '2020-12-04 20:19:31.200000', '2020-12-04 20:19:31.200000', '2020-12-04 20:24:31.200000'),
(DEFAULT, 16592, 'Employee 126 submit Report', 'Completed Task.', NULL, 'APPROVED', '2020-11-25 10:11:50.400000', '2020-11-25 10:11:50.400000', '2020-11-25 10:16:50.400000'),
(DEFAULT, 16593, 'Employee 127 submit Report', 'Completed Task.', NULL, 'APPROVED', '2020-12-08 18:34:24.000000', '2020-12-08 18:34:24.000000', '2020-12-08 18:39:24.000000'),
(DEFAULT, 16594, 'Employee 128 submit Report', 'Completed Task.', NULL, 'APPROVED', '2020-11-19 05:00:48.000000', '2020-11-19 05:00:48.000000', '2020-11-19 05:05:48.000000'),
(DEFAULT, 16595, 'Employee 129 submit Report', 'Completed Task.', NULL, 'APPROVED', '2020-11-26 16:56:28.800000', '2020-11-26 16:56:28.800000', '2020-11-26 17:01:28.800000'),
(DEFAULT, 16596, 'Employee 130 submit Report', 'Completed Task.', NULL, 'APPROVED', '2020-11-25 15:19:16.800000', '2020-11-25 15:19:16.800000', '2020-11-25 15:24:16.800000'),
(DEFAULT, 16597, 'Employee 131 submit Report', 'Completed Task.', NULL, 'APPROVED', '2020-12-10 04:30:33.600000', '2020-12-10 04:30:33.600000', '2020-12-10 04:35:33.600000'),
(DEFAULT, 16598, 'Employee 132 submit Report', 'Completed Task.', NULL, 'APPROVED', '2020-11-25 14:23:50.400000', '2020-11-25 14:23:50.400000', '2020-11-25 14:28:50.400000'),
(DEFAULT, 16599, 'Employee 133 submit Report', 'Completed Task.', NULL, 'APPROVED', '2020-11-25 08:05:50.400000', '2020-11-25 08:05:50.400000', '2020-11-25 08:10:50.400000'),
(DEFAULT, 16600, 'Employee 134 submit Report', 'Completed Task.', NULL, 'APPROVED', '2020-11-18 12:32:57.600000', '2020-11-18 12:32:57.600000', '2020-11-18 12:37:57.600000'),
(DEFAULT, 16601, 'Employee 135 submit Report', 'Completed Task.', NULL, 'APPROVED', '2020-11-17 10:30:33.600000', '2020-11-17 10:30:33.600000', '2020-11-17 10:35:33.600000'),
(DEFAULT, 16602, 'Employee 111 submit Report', 'Completed Task.', NULL, 'APPROVED', '2020-11-26 22:39:12.000000', '2020-11-26 22:39:12.000000', '2020-11-26 22:44:12.000000'),
(DEFAULT, 16603, 'Employee 115 submit Report', 'Completed Task.', NULL, 'APPROVED', '2020-11-16 13:00:19.200000', '2020-11-16 13:00:19.200000', '2020-11-16 13:05:19.200000');

-- 2020-11-21 00:20:00.000000
-- 2020-11-21
INSERT INTO task (id, collection_id, created_by_id, root_task_id, name, description, report_format, level, task_type, priority, is_locked, start_date, end_date, deadline, created_time, updated_time)
VALUES (671, 57, 151, NULL, 'Test API Pagination Data', 'This is Test API Pagination Data', NULL, 'ADVANCED', 'TEST', 'HIGH', FALSE, '2020-11-21', '2020-12-14', '2020-11-27', '2020-11-21 00:20:00.000000', '2020-11-21 00:20:00.000000');

INSERT INTO task_for_users (id, task_id, assigned_to_id, user_task_status, updated_time, started_time)
VALUES
(16605, 671, 116, 'JOINED', '2020-11-21 00:20:00.000000', '2020-11-21 02:55:31.200000'),
(16606, 671, 117, 'JOINED', '2020-11-21 00:20:00.000000', '2020-11-26 09:56:00.000000'),
(16607, 671, 118, 'JOINED', '2020-11-21 00:20:00.000000', '2020-11-22 08:44:00.000000'),
(16608, 671, 119, 'JOINED', '2020-11-21 00:20:00.000000', '2020-11-21 00:28:38.400000'),
(16609, 671, 121, 'JOINED', '2020-11-21 00:20:00.000000', '2020-11-22 04:07:31.200000'),
(16610, 671, 122, 'JOINED', '2020-11-21 00:20:00.000000', '2020-11-26 09:56:00.000000'),
(16611, 671, 123, 'JOINED', '2020-11-21 00:20:00.000000', '2020-11-21 01:03:12.000000'),
(16612, 671, 124, 'JOINED', '2020-11-21 00:20:00.000000', '2020-11-21 00:50:14.400000'),
(16613, 671, 125, 'JOINED', '2020-11-21 00:20:00.000000', '2020-11-26 09:56:00.000000'),
(16614, 671, 126, 'JOINED', '2020-11-21 00:20:00.000000', '2020-11-21 06:22:52.800000'),
(16615, 671, 127, 'JOINED', '2020-11-21 00:20:00.000000', '2020-11-21 02:29:36.000000'),
(16616, 671, 128, 'JOINED', '2020-11-21 00:20:00.000000', '2020-11-22 01:01:45.600000'),
(16617, 671, 129, 'JOINED', '2020-11-21 00:20:00.000000', '2020-11-26 09:56:00.000000'),
(16618, 671, 130, 'JOINED', '2020-11-21 00:20:00.000000', '2020-11-21 20:12:19.200000'),
(16619, 671, 131, 'JOINED', '2020-11-21 00:20:00.000000', '2020-11-21 08:06:33.600000'),
(16620, 671, 132, 'JOINED', '2020-11-21 00:20:00.000000', '2020-11-22 01:10:24.000000'),
(16621, 671, 133, 'JOINED', '2020-11-21 00:20:00.000000', '2020-11-26 09:56:00.000000'),
(16622, 671, 134, 'JOINED', '2020-11-21 00:20:00.000000', '2020-11-22 08:44:00.000000'),
(16623, 671, 135, 'JOINED', '2020-11-21 00:20:00.000000', '2020-11-21 07:49:16.800000'),
(16624, 671, 136, 'JOINED', '2020-11-21 00:20:00.000000', '2020-11-24 15:35:50.400000'),
(16625, 671, 138, 'JOINED', '2020-11-21 00:20:00.000000', '2020-11-21 21:47:21.600000'),
(16626, 671, 139, 'JOINED', '2020-11-21 00:20:00.000000', '2020-11-26 09:56:00.000000');
INSERT INTO report (id, created_by_id, title, content, rejected_reason, report_status, created_time, updated_time, reviewed_time)
VALUES
(DEFAULT, 16605, 'Employee 116 submit Report', 'Completed Task.', NULL, 'APPROVED', '2020-11-26 05:10:52.800000', '2020-11-26 05:10:52.800000', '2020-11-26 05:15:52.800000'),
(DEFAULT, 16606, 'Employee 117 submit Report', 'Completed Task.', NULL, 'APPROVED', '2020-12-12 03:47:21.600000', '2020-12-12 03:47:21.600000', '2020-12-12 03:52:21.600000'),
(DEFAULT, 16607, 'Employee 118 submit Report', 'Completed Task.', NULL, 'APPROVED', '2020-12-01 15:56:00.000000', '2020-12-01 15:56:00.000000', '2020-12-01 16:01:00.000000'),
(DEFAULT, 16608, 'Employee 119 submit Report', 'Completed Task.', NULL, 'APPROVED', '2020-11-24 01:55:02.400000', '2020-11-24 01:55:02.400000', '2020-11-24 02:00:02.400000'),
(DEFAULT, 16609, 'Employee 121 submit Report', 'Completed Task.', NULL, 'APPROVED', '2020-11-26 10:21:55.200000', '2020-11-26 10:21:55.200000', '2020-11-26 10:26:55.200000'),
(DEFAULT, 16610, 'Employee 122 submit Report', 'Completed Task.', NULL, 'APPROVED', '2020-12-09 03:47:21.600000', '2020-12-09 03:47:21.600000', '2020-12-09 03:52:21.600000'),
(DEFAULT, 16611, 'Employee 123 submit Report', 'Completed Task.', NULL, 'APPROVED', '2020-11-22 20:23:50.400000', '2020-11-22 20:23:50.400000', '2020-11-22 20:28:50.400000'),
(DEFAULT, 16612, 'Employee 124 submit Report', 'Completed Task.', NULL, 'APPROVED', '2020-12-02 23:49:45.600000', '2020-12-02 23:49:45.600000', '2020-12-02 23:54:45.600000'),
(DEFAULT, 16613, 'Employee 125 submit Report', 'Completed Task.', NULL, 'APPROVED', '2020-12-10 03:07:02.400000', '2020-12-10 03:07:02.400000', '2020-12-10 03:12:02.400000'),
(DEFAULT, 16614, 'Employee 126 submit Report', 'Completed Task.', NULL, 'APPROVED', '2020-11-25 02:49:45.600000', '2020-11-25 02:49:45.600000', '2020-11-25 02:54:45.600000'),
(DEFAULT, 16615, 'Employee 127 submit Report', 'Completed Task.', NULL, 'APPROVED', '2020-12-02 22:10:24.000000', '2020-12-02 22:10:24.000000', '2020-12-02 22:15:24.000000'),
(DEFAULT, 16616, 'Employee 128 submit Report', 'Completed Task.', NULL, 'APPROVED', '2020-12-01 23:38:14.400000', '2020-12-01 23:38:14.400000', '2020-12-01 23:43:14.400000'),
(DEFAULT, 16617, 'Employee 129 submit Report', 'Completed Task.', NULL, 'APPROVED', '2020-12-13 18:22:52.800000', '2020-12-13 18:22:52.800000', '2020-12-13 18:27:52.800000'),
(DEFAULT, 16618, 'Employee 130 submit Report', 'Completed Task.', NULL, 'APPROVED', '2020-12-02 04:27:40.800000', '2020-12-02 04:27:40.800000', '2020-12-02 04:32:40.800000'),
(DEFAULT, 16619, 'Employee 131 submit Report', 'Completed Task.', NULL, 'APPROVED', '2020-11-24 07:49:16.800000', '2020-11-24 07:49:16.800000', '2020-11-24 07:54:16.800000'),
(DEFAULT, 16620, 'Employee 132 submit Report', 'Completed Task.', NULL, 'APPROVED', '2020-12-01 23:29:36.000000', '2020-12-01 23:29:36.000000', '2020-12-01 23:34:36.000000'),
(DEFAULT, 16621, 'Employee 133 submit Report', 'Completed Task.', NULL, 'APPROVED', '2020-12-10 08:00:48.000000', '2020-12-10 08:00:48.000000', '2020-12-10 08:05:48.000000'),
(DEFAULT, 16622, 'Employee 134 submit Report', 'Completed Task.', NULL, 'APPROVED', '2020-12-01 15:56:00.000000', '2020-12-01 15:56:00.000000', '2020-12-01 16:01:00.000000'),
(DEFAULT, 16623, 'Employee 135 submit Report', 'Completed Task.', NULL, 'APPROVED', '2020-11-24 14:09:26.400000', '2020-11-24 14:09:26.400000', '2020-11-24 14:14:26.400000'),
(DEFAULT, 16624, 'Employee 136 submit Report', 'Completed Task.', NULL, 'APPROVED', '2020-11-26 02:09:26.400000', '2020-11-26 02:09:26.400000', '2020-11-26 02:14:26.400000'),
(DEFAULT, 16625, 'Employee 138 submit Report', 'Completed Task.', NULL, 'APPROVED', '2020-11-23 21:27:12.000000', '2020-11-23 21:27:12.000000', '2020-11-23 21:32:12.000000'),
(DEFAULT, 16626, 'Employee 139 submit Report', 'Completed Task.', NULL, 'APPROVED', '2020-12-14 03:09:55.200000', '2020-12-14 03:09:55.200000', '2020-12-14 03:14:55.200000');

-- 2020-11-28 00:20:00.000000
-- 2020-11-28
INSERT INTO task (id, collection_id, created_by_id, root_task_id, name, description, report_format, level, task_type, priority, is_locked, start_date, end_date, deadline, created_time, updated_time)
VALUES (672, 57, 151, NULL, 'Test API Sorting Parameters', 'This is Test API Sorting Parameters', NULL, 'ADVANCED', 'TEST', 'HIGH', FALSE, '2020-11-28', '2020-12-20', '2020-12-04', '2020-11-28 00:20:00.000000', '2020-11-28 00:20:00.000000');

INSERT INTO task_for_users (id, task_id, assigned_to_id, user_task_status, updated_time, started_time)
VALUES
(16628, 672, 116, 'JOINED', '2020-11-28 00:20:00.000000', '2020-11-28 04:21:55.200000'),
(16629, 672, 117, 'JOINED', '2020-11-28 00:20:00.000000', '2020-11-28 13:43:31.200000'),
(16630, 672, 118, 'JOINED', '2020-11-28 00:20:00.000000', '2020-11-29 02:41:07.200000'),
(16631, 672, 119, 'JOINED', '2020-11-28 00:20:00.000000', '2020-11-28 12:25:45.600000'),
(16632, 672, 121, 'JOINED', '2020-11-28 00:20:00.000000', '2020-12-01 00:11:21.600000'),
(16633, 672, 122, 'JOINED', '2020-11-28 00:20:00.000000', '2020-11-28 00:45:55.200000'),
(16634, 672, 123, 'JOINED', '2020-11-28 00:20:00.000000', '2020-11-28 01:03:12.000000'),
(16635, 672, 124, 'JOINED', '2020-11-28 00:20:00.000000', '2020-12-01 12:25:45.600000'),
(16636, 672, 125, 'JOINED', '2020-11-28 00:20:00.000000', '2020-11-28 06:48:48.000000'),
(16637, 672, 126, 'JOINED', '2020-11-28 00:20:00.000000', '2020-11-28 03:12:48.000000'),
(16638, 672, 127, 'JOINED', '2020-11-28 00:20:00.000000', '2020-12-03 09:56:00.000000'),
(16639, 672, 128, 'JOINED', '2020-11-28 00:20:00.000000', '2020-11-29 17:52:38.400000'),
(16640, 672, 129, 'JOINED', '2020-11-28 00:20:00.000000', '2020-11-28 07:32:00.000000'),
(16641, 672, 130, 'JOINED', '2020-11-28 00:20:00.000000', '2020-12-03 09:56:00.000000'),
(16642, 672, 131, 'JOINED', '2020-11-28 00:20:00.000000', '2020-12-03 09:56:00.000000'),
(16643, 672, 132, 'JOINED', '2020-11-28 00:20:00.000000', '2020-11-30 02:09:26.400000'),
(16644, 672, 133, 'JOINED', '2020-11-28 00:20:00.000000', '2020-11-30 08:55:31.200000'),
(16645, 672, 134, 'JOINED', '2020-11-28 00:20:00.000000', '2020-12-03 09:56:00.000000'),
(16646, 672, 135, 'JOINED', '2020-11-28 00:20:00.000000', '2020-11-29 00:40:09.600000'),
(16647, 672, 136, 'JOINED', '2020-11-28 00:20:00.000000', '2020-11-30 21:35:50.400000'),
(16648, 672, 138, 'JOINED', '2020-11-28 00:20:00.000000', '2020-12-03 09:56:00.000000'),
(16649, 672, 139, 'JOINED', '2020-11-28 00:20:00.000000', '2020-12-03 09:56:00.000000');
INSERT INTO report (id, created_by_id, title, content, rejected_reason, report_status, created_time, updated_time, reviewed_time)
VALUES
(DEFAULT, 16628, 'Employee 116 submit Report', 'Completed Task.', NULL, 'APPROVED', '2020-11-30 06:45:55.200000', '2020-11-30 06:45:55.200000', '2020-11-30 06:50:55.200000'),
(DEFAULT, 16629, 'Employee 117 submit Report', 'Completed Task.', NULL, 'APPROVED', '2020-12-03 15:24:19.200000', '2020-12-03 15:24:19.200000', '2020-12-03 15:29:19.200000'),
(DEFAULT, 16630, 'Employee 118 submit Report', 'Completed Task.', NULL, 'APPROVED', '2020-12-01 18:11:21.600000', '2020-12-01 18:11:21.600000', '2020-12-01 18:16:21.600000'),
(DEFAULT, 16631, 'Employee 119 submit Report', 'Completed Task.', NULL, 'APPROVED', '2020-12-02 03:07:02.400000', '2020-12-02 03:07:02.400000', '2020-12-02 03:12:02.400000'),
(DEFAULT, 16632, 'Employee 121 submit Report', 'Completed Task.', NULL, 'APPROVED', '2020-12-03 11:56:57.600000', '2020-12-03 11:56:57.600000', '2020-12-03 12:01:57.600000'),
(DEFAULT, 16633, 'Employee 122 submit Report', 'Completed Task.', NULL, 'APPROVED', '2020-11-30 00:43:02.400000', '2020-11-30 00:43:02.400000', '2020-11-30 00:48:02.400000'),
(DEFAULT, 16634, 'Employee 123 submit Report', 'Completed Task.', NULL, 'APPROVED', '2020-11-29 21:58:52.800000', '2020-11-29 21:58:52.800000', '2020-11-29 22:03:52.800000'),
(DEFAULT, 16635, 'Employee 124 submit Report', 'Completed Task.', NULL, 'APPROVED', '2020-12-03 08:03:40.800000', '2020-12-03 08:03:40.800000', '2020-12-03 08:08:40.800000'),
(DEFAULT, 16636, 'Employee 125 submit Report', 'Completed Task.', NULL, 'APPROVED', '2020-12-09 17:51:12.000000', '2020-12-09 17:51:12.000000', '2020-12-09 17:56:12.000000'),
(DEFAULT, 16637, 'Employee 126 submit Report', 'Completed Task.', NULL, 'APPROVED', '2020-12-09 21:27:12.000000', '2020-12-09 21:27:12.000000', '2020-12-09 21:32:12.000000'),
(DEFAULT, 16638, 'Employee 127 submit Report', 'Completed Task.', NULL, 'APPROVED', '2020-12-15 22:19:02.400000', '2020-12-15 22:19:02.400000', '2020-12-15 22:24:02.400000'),
(DEFAULT, 16639, 'Employee 128 submit Report', 'Completed Task.', NULL, 'APPROVED', '2020-12-08 06:47:21.600000', '2020-12-08 06:47:21.600000', '2020-12-08 06:52:21.600000'),
(DEFAULT, 16640, 'Employee 129 submit Report', 'Completed Task.', NULL, 'APPROVED', '2020-11-30 19:17:36.000000', '2020-11-30 19:17:36.000000', '2020-11-30 19:22:36.000000'),
(DEFAULT, 16641, 'Employee 130 submit Report', 'Completed Task.', NULL, 'APPROVED', '2020-12-16 13:34:52.800000', '2020-12-16 13:34:52.800000', '2020-12-16 13:39:52.800000'),
(DEFAULT, 16642, 'Employee 131 submit Report', 'Completed Task.', NULL, 'APPROVED', '2020-12-15 12:40:09.600000', '2020-12-15 12:40:09.600000', '2020-12-15 12:45:09.600000'),
(DEFAULT, 16643, 'Employee 132 submit Report', 'Completed Task.', NULL, 'APPROVED', '2020-12-02 04:33:26.400000', '2020-12-02 04:33:26.400000', '2020-12-02 04:38:26.400000'),
(DEFAULT, 16644, 'Employee 133 submit Report', 'Completed Task.', NULL, 'APPROVED', '2020-12-03 07:11:50.400000', '2020-12-03 07:11:50.400000', '2020-12-03 07:16:50.400000'),
(DEFAULT, 16645, 'Employee 134 submit Report', 'Completed Task.', NULL, 'APPROVED', '2020-12-20 10:01:45.600000', '2020-12-20 10:01:45.600000', '2020-12-20 10:06:45.600000'),
(DEFAULT, 16646, 'Employee 135 submit Report', 'Completed Task.', NULL, 'APPROVED', '2020-12-08 23:59:50.400000', '2020-12-08 23:59:50.400000', '2020-12-09 00:04:50.400000'),
(DEFAULT, 16647, 'Employee 136 submit Report', 'Completed Task.', NULL, 'APPROVED', '2020-12-02 05:51:12.000000', '2020-12-02 05:51:12.000000', '2020-12-02 05:56:12.000000'),
(DEFAULT, 16648, 'Employee 138 submit Report', 'Completed Task.', NULL, 'APPROVED', '2020-12-20 05:59:50.400000', '2020-12-20 05:59:50.400000', '2020-12-20 06:04:50.400000'),
(DEFAULT, 16649, 'Employee 139 submit Report', 'Completed Task.', NULL, 'APPROVED', '2020-12-20 11:45:26.400000', '2020-12-20 11:45:26.400000', '2020-12-20 11:50:26.400000');

-- 2020-12-05 00:20:00.000000
-- 2020-12-05
INSERT INTO task (id, collection_id, created_by_id, root_task_id, name, description, report_format, level, task_type, priority, is_locked, start_date, end_date, deadline, created_time, updated_time)
VALUES (673, 57, 151, NULL, 'Test API Filtering Parameters', 'This is Test API Filtering Parameters', NULL, 'ADVANCED', 'TEST', 'HIGH', FALSE, '2020-12-05', '2020-12-27', '2020-12-11', '2020-12-05 00:20:00.000000', '2020-12-05 00:20:00.000000');

INSERT INTO task_for_users (id, task_id, assigned_to_id, user_task_status, updated_time, started_time)
VALUES
(16651, 673, 116, 'JOINED', '2020-12-05 00:20:00.000000', '2020-12-05 22:52:09.600000'),
(16652, 673, 117, 'JOINED', '2020-12-05 00:20:00.000000', '2020-12-06 07:26:14.400000'),
(16653, 673, 118, 'JOINED', '2020-12-05 00:20:00.000000', '2020-12-06 16:30:33.600000'),
(16654, 673, 119, 'JOINED', '2020-12-05 00:20:00.000000', '2020-12-10 09:56:00.000000'),
(16655, 673, 121, 'JOINED', '2020-12-05 00:20:00.000000', '2020-12-07 15:15:40.800000'),
(16656, 673, 122, 'JOINED', '2020-12-05 00:20:00.000000', '2020-12-10 09:56:00.000000'),
(16657, 673, 123, 'JOINED', '2020-12-05 00:20:00.000000', '2020-12-05 17:02:14.400000'),
(16658, 673, 124, 'JOINED', '2020-12-05 00:20:00.000000', '2020-12-05 23:09:26.400000'),
(16659, 673, 125, 'JOINED', '2020-12-05 00:20:00.000000', '2020-12-07 08:12:19.200000'),
(16660, 673, 126, 'JOINED', '2020-12-05 00:20:00.000000', '2020-12-05 01:55:02.400000'),
(16661, 673, 127, 'JOINED', '2020-12-05 00:20:00.000000', '2020-12-10 09:56:00.000000'),
(16662, 673, 128, 'JOINED', '2020-12-05 00:20:00.000000', '2020-12-10 09:56:00.000000'),
(16663, 673, 129, 'JOINED', '2020-12-05 00:20:00.000000', '2020-12-10 09:56:00.000000'),
(16664, 673, 130, 'JOINED', '2020-12-05 00:20:00.000000', '2020-12-06 07:43:31.200000'),
(16665, 673, 131, 'JOINED', '2020-12-05 00:20:00.000000', '2020-12-06 13:24:48.000000'),
(16666, 673, 132, 'JOINED', '2020-12-05 00:20:00.000000', '2020-12-06 14:38:14.400000'),
(16667, 673, 133, 'JOINED', '2020-12-05 00:20:00.000000', '2020-12-05 11:59:50.400000'),
(16668, 673, 134, 'JOINED', '2020-12-05 00:20:00.000000', '2020-12-05 05:48:19.200000'),
(16669, 673, 135, 'JOINED', '2020-12-05 00:20:00.000000', '2020-12-10 09:56:00.000000'),
(16670, 673, 136, 'JOINED', '2020-12-05 00:20:00.000000', '2020-12-07 08:55:31.200000'),
(16671, 673, 138, 'JOINED', '2020-12-05 00:20:00.000000', '2020-12-06 00:31:31.200000'),
(16672, 673, 139, 'JOINED', '2020-12-05 00:20:00.000000', '2020-12-07 14:49:45.600000');
INSERT INTO report (id, created_by_id, title, content, rejected_reason, report_status, created_time, updated_time, reviewed_time)
VALUES
(DEFAULT, 16651, 'Employee 116 submit Report', 'Completed Task.', NULL, 'APPROVED', '2020-12-16 01:47:50.400000', '2020-12-16 01:47:50.400000', '2020-12-16 01:52:50.400000'),
(DEFAULT, 16652, 'Employee 117 submit Report', 'Completed Task.', NULL, 'APPROVED', '2020-12-09 12:54:33.600000', '2020-12-09 12:54:33.600000', '2020-12-09 12:59:33.600000'),
(DEFAULT, 16653, 'Employee 118 submit Report', 'Completed Task.', NULL, 'APPROVED', '2020-12-08 18:54:33.600000', '2020-12-08 18:54:33.600000', '2020-12-08 18:59:33.600000'),
(DEFAULT, 16654, 'Employee 119 submit Report', 'Completed Task.', NULL, 'APPROVED', '2020-12-27 03:50:14.400000', '2020-12-27 03:50:14.400000', '2020-12-27 03:55:14.400000'),
(DEFAULT, 16655, 'Employee 121 submit Report', 'Completed Task.', NULL, 'APPROVED', '2020-12-10 10:47:50.400000', '2020-12-10 10:47:50.400000', '2020-12-10 10:52:50.400000'),
(DEFAULT, 16656, 'Employee 122 submit Report', 'Completed Task.', NULL, 'APPROVED', '2020-12-25 16:33:26.400000', '2020-12-25 16:33:26.400000', '2020-12-25 16:38:26.400000'),
(DEFAULT, 16657, 'Employee 123 submit Report', 'Completed Task.', NULL, 'APPROVED', '2020-12-16 07:37:45.600000', '2020-12-16 07:37:45.600000', '2020-12-16 07:42:45.600000'),
(DEFAULT, 16658, 'Employee 124 submit Report', 'Completed Task.', NULL, 'APPROVED', '2020-12-16 01:30:33.600000', '2020-12-16 01:30:33.600000', '2020-12-16 01:35:33.600000'),
(DEFAULT, 16659, 'Employee 125 submit Report', 'Completed Task.', NULL, 'APPROVED', '2020-12-10 04:53:36.000000', '2020-12-10 04:53:36.000000', '2020-12-10 04:58:36.000000'),
(DEFAULT, 16660, 'Employee 126 submit Report', 'Completed Task.', NULL, 'APPROVED', '2020-12-07 02:09:26.400000', '2020-12-07 02:09:26.400000', '2020-12-07 02:14:26.400000'),
(DEFAULT, 16661, 'Employee 127 submit Report', 'Completed Task.', NULL, 'APPROVED', '2020-12-26 19:55:02.400000', '2020-12-26 19:55:02.400000', '2020-12-26 20:00:02.400000'),
(DEFAULT, 16662, 'Employee 128 submit Report', 'Completed Task.', NULL, 'APPROVED', '2020-12-24 14:20:57.600000', '2020-12-24 14:20:57.600000', '2020-12-24 14:25:57.600000'),
(DEFAULT, 16663, 'Employee 129 submit Report', 'Completed Task.', NULL, 'APPROVED', '2020-12-27 06:43:02.400000', '2020-12-27 06:43:02.400000', '2020-12-27 06:48:02.400000'),
(DEFAULT, 16664, 'Employee 130 submit Report', 'Completed Task.', NULL, 'APPROVED', '2020-12-10 20:09:26.400000', '2020-12-10 20:09:26.400000', '2020-12-10 20:14:26.400000'),
(DEFAULT, 16665, 'Employee 131 submit Report', 'Completed Task.', NULL, 'APPROVED', '2020-12-15 11:15:12.000000', '2020-12-15 11:15:12.000000', '2020-12-15 11:20:12.000000'),
(DEFAULT, 16666, 'Employee 132 submit Report', 'Completed Task.', NULL, 'APPROVED', '2020-12-08 21:21:26.400000', '2020-12-08 21:21:26.400000', '2020-12-08 21:26:26.400000'),
(DEFAULT, 16667, 'Employee 133 submit Report', 'Completed Task.', NULL, 'APPROVED', '2020-12-07 10:56:28.800000', '2020-12-07 10:56:28.800000', '2020-12-07 11:01:28.800000'),
(DEFAULT, 16668, 'Employee 134 submit Report', 'Completed Task.', NULL, 'APPROVED', '2020-12-07 03:01:16.800000', '2020-12-07 03:01:16.800000', '2020-12-07 03:06:16.800000'),
(DEFAULT, 16669, 'Employee 135 submit Report', 'Completed Task.', NULL, 'APPROVED', '2020-12-22 11:39:40.800000', '2020-12-22 11:39:40.800000', '2020-12-22 11:44:40.800000'),
(DEFAULT, 16670, 'Employee 136 submit Report', 'Completed Task.', NULL, 'APPROVED', '2020-12-08 15:18:33.600000', '2020-12-08 15:18:33.600000', '2020-12-08 15:23:33.600000'),
(DEFAULT, 16671, 'Employee 138 submit Report', 'Completed Task.', NULL, 'APPROVED', '2020-12-16 00:08:28.800000', '2020-12-16 00:08:28.800000', '2020-12-16 00:13:28.800000'),
(DEFAULT, 16672, 'Employee 139 submit Report', 'Completed Task.', NULL, 'APPROVED', '2020-12-10 00:08:28.800000', '2020-12-10 00:08:28.800000', '2020-12-10 00:13:28.800000');

-- 2020-12-12 00:20:00.000000
-- 2020-12-12
INSERT INTO task (id, collection_id, created_by_id, root_task_id, name, description, report_format, level, task_type, priority, is_locked, start_date, end_date, deadline, created_time, updated_time)
VALUES (674, 57, 151, NULL, 'Test API Payload Validation', 'This is Test API Payload Validation', NULL, 'ADVANCED', 'TEST', 'HIGH', FALSE, '2020-12-12', '2021-01-02', '2020-12-18', '2020-12-12 00:20:00.000000', '2020-12-12 00:20:00.000000');

INSERT INTO task_for_users (id, task_id, assigned_to_id, user_task_status, updated_time, started_time)
VALUES
(16674, 674, 116, 'JOINED', '2020-12-12 00:20:00.000000', '2020-12-13 20:49:45.600000'),
(16675, 674, 117, 'JOINED', '2020-12-12 00:20:00.000000', '2020-12-17 09:56:00.000000'),
(16676, 674, 118, 'JOINED', '2020-12-12 00:20:00.000000', '2020-12-13 15:47:21.600000'),
(16677, 674, 119, 'JOINED', '2020-12-12 00:20:00.000000', '2020-12-17 09:56:00.000000'),
(16678, 674, 121, 'JOINED', '2020-12-12 00:20:00.000000', '2020-12-13 07:30:33.600000'),
(16679, 674, 122, 'JOINED', '2020-12-12 00:20:00.000000', '2020-12-12 17:28:09.600000'),
(16680, 674, 123, 'JOINED', '2020-12-12 00:20:00.000000', '2020-12-13 23:25:16.800000'),
(16681, 674, 124, 'JOINED', '2020-12-12 00:20:00.000000', '2020-12-13 23:55:31.200000'),
(16682, 674, 125, 'JOINED', '2020-12-12 00:20:00.000000', '2020-12-13 15:12:48.000000'),
(16683, 674, 126, 'JOINED', '2020-12-12 00:20:00.000000', '2020-12-13 03:41:36.000000'),
(16684, 674, 127, 'JOINED', '2020-12-12 00:20:00.000000', '2020-12-13 02:32:28.800000'),
(16685, 674, 128, 'JOINED', '2020-12-12 00:20:00.000000', '2020-12-12 21:43:02.400000'),
(16686, 674, 129, 'JOINED', '2020-12-12 00:20:00.000000', '2020-12-12 09:32:57.600000'),
(16687, 674, 130, 'JOINED', '2020-12-12 00:20:00.000000', '2020-12-12 12:25:45.600000'),
(16688, 674, 131, 'JOINED', '2020-12-12 00:20:00.000000', '2020-12-12 00:37:16.800000'),
(16689, 674, 132, 'JOINED', '2020-12-12 00:20:00.000000', '2020-12-13 21:58:52.800000'),
(16690, 674, 133, 'JOINED', '2020-12-12 00:20:00.000000', '2020-12-17 09:56:00.000000'),
(16691, 674, 134, 'JOINED', '2020-12-12 00:20:00.000000', '2020-12-14 10:21:55.200000'),
(16692, 674, 135, 'JOINED', '2020-12-12 00:20:00.000000', '2020-12-17 09:56:00.000000'),
(16693, 674, 136, 'JOINED', '2020-12-12 00:20:00.000000', '2020-12-13 15:56:00.000000'),
(16694, 674, 138, 'JOINED', '2020-12-12 00:20:00.000000', '2020-12-12 15:09:55.200000'),
(16695, 674, 140, 'JOINED', '2020-12-12 00:20:00.000000', '2020-12-12 11:38:14.400000');
INSERT INTO report (id, created_by_id, title, content, rejected_reason, report_status, created_time, updated_time, reviewed_time)
VALUES
(DEFAULT, 16674, 'Employee 116 submit Report', 'Completed Task.', NULL, 'APPROVED', '2020-12-17 15:41:36.000000', '2020-12-17 15:41:36.000000', '2020-12-17 15:46:36.000000'),
(DEFAULT, 16675, 'Employee 117 submit Report', 'Completed Task.', NULL, 'APPROVED', '2021-01-02 01:46:24.000000', '2021-01-02 01:46:24.000000', '2021-01-02 01:51:24.000000'),
(DEFAULT, 16676, 'Employee 118 submit Report', 'Completed Task.', NULL, 'APPROVED', '2020-12-17 16:16:09.600000', '2020-12-17 16:16:09.600000', '2020-12-17 16:21:09.600000'),
(DEFAULT, 16677, 'Employee 119 submit Report', 'Completed Task.', NULL, 'APPROVED', '2021-01-01 08:46:52.800000', '2021-01-01 08:46:52.800000', '2021-01-01 08:51:52.800000'),
(DEFAULT, 16678, 'Employee 121 submit Report', 'Completed Task.', NULL, 'APPROVED', '2020-12-22 17:09:26.400000', '2020-12-22 17:09:26.400000', '2020-12-22 17:14:26.400000'),
(DEFAULT, 16679, 'Employee 122 submit Report', 'Completed Task.', NULL, 'APPROVED', '2020-12-14 16:24:48.000000', '2020-12-14 16:24:48.000000', '2020-12-14 16:29:48.000000'),
(DEFAULT, 16680, 'Employee 123 submit Report', 'Completed Task.', NULL, 'APPROVED', '2020-12-16 23:25:16.800000', '2020-12-16 23:25:16.800000', '2020-12-16 23:30:16.800000'),
(DEFAULT, 16681, 'Employee 124 submit Report', 'Completed Task.', NULL, 'APPROVED', '2020-12-22 00:44:28.800000', '2020-12-22 00:44:28.800000', '2020-12-22 00:49:28.800000'),
(DEFAULT, 16682, 'Employee 125 submit Report', 'Completed Task.', NULL, 'APPROVED', '2020-12-18 00:20:00.000000', '2020-12-18 00:20:00.000000', '2020-12-18 00:25:00.000000'),
(DEFAULT, 16683, 'Employee 126 submit Report', 'Completed Task.', NULL, 'APPROVED', '2020-12-16 13:46:24.000000', '2020-12-16 13:46:24.000000', '2020-12-16 13:51:24.000000'),
(DEFAULT, 16684, 'Employee 127 submit Report', 'Completed Task.', NULL, 'APPROVED', '2020-12-15 12:43:02.400000', '2020-12-15 12:43:02.400000', '2020-12-15 12:48:02.400000'),
(DEFAULT, 16685, 'Employee 128 submit Report', 'Completed Task.', NULL, 'APPROVED', '2020-12-23 02:56:57.600000', '2020-12-23 02:56:57.600000', '2020-12-23 03:01:57.600000'),
(DEFAULT, 16686, 'Employee 129 submit Report', 'Completed Task.', NULL, 'APPROVED', '2020-12-17 23:45:26.400000', '2020-12-17 23:45:26.400000', '2020-12-17 23:50:26.400000'),
(DEFAULT, 16687, 'Employee 130 submit Report', 'Completed Task.', NULL, 'APPROVED', '2020-12-15 07:14:43.200000', '2020-12-15 07:14:43.200000', '2020-12-15 07:19:43.200000'),
(DEFAULT, 16688, 'Employee 131 submit Report', 'Completed Task.', NULL, 'APPROVED', '2020-12-13 23:25:16.800000', '2020-12-13 23:25:16.800000', '2020-12-13 23:30:16.800000'),
(DEFAULT, 16689, 'Employee 132 submit Report', 'Completed Task.', NULL, 'APPROVED', '2020-12-15 20:38:14.400000', '2020-12-15 20:38:14.400000', '2020-12-15 20:43:14.400000'),
(DEFAULT, 16690, 'Employee 133 submit Report', 'Completed Task.', NULL, 'APPROVED', '2020-12-31 09:18:33.600000', '2020-12-31 09:18:33.600000', '2020-12-31 09:23:33.600000'),
(DEFAULT, 16691, 'Employee 134 submit Report', 'Completed Task.', NULL, 'APPROVED', '2020-12-17 00:51:40.800000', '2020-12-17 00:51:40.800000', '2020-12-17 00:56:40.800000'),
(DEFAULT, 16692, 'Employee 135 submit Report', 'Completed Task.', NULL, 'APPROVED', '2020-12-31 18:57:26.400000', '2020-12-31 18:57:26.400000', '2020-12-31 19:02:26.400000'),
(DEFAULT, 16693, 'Employee 136 submit Report', 'Completed Task.', NULL, 'APPROVED', '2020-12-16 10:10:24.000000', '2020-12-16 10:10:24.000000', '2020-12-16 10:15:24.000000'),
(DEFAULT, 16694, 'Employee 138 submit Report', 'Completed Task.', NULL, 'APPROVED', '2020-12-14 12:57:26.400000', '2020-12-14 12:57:26.400000', '2020-12-14 13:02:26.400000'),
(DEFAULT, 16695, 'Employee 140 submit Report', 'Completed Task.', NULL, 'APPROVED', '2020-12-23 13:01:45.600000', '2020-12-23 13:01:45.600000', '2020-12-23 13:06:45.600000');

-- 2020-12-19 00:20:00.000000
-- 2020-12-19
INSERT INTO task (id, collection_id, created_by_id, root_task_id, name, description, report_format, level, task_type, priority, is_locked, start_date, end_date, deadline, created_time, updated_time)
VALUES (675, 57, 151, NULL, 'Test CV Upload API', 'This is Test CV Upload API', NULL, 'ADVANCED', 'TEST', 'NORMAL', FALSE, '2020-12-19', '2021-01-06', '2020-12-24', '2020-12-19 00:20:00.000000', '2020-12-19 00:20:00.000000');

INSERT INTO task_for_users (id, task_id, assigned_to_id, user_task_status, updated_time, started_time)
VALUES
(16697, 675, 116, 'JOINED', '2020-12-19 00:20:00.000000', '2020-12-19 19:24:48.000000'),
(16698, 675, 117, 'JOINED', '2020-12-19 00:20:00.000000', '2020-12-20 22:32:00.000000'),
(16699, 675, 118, 'JOINED', '2020-12-19 00:20:00.000000', '2020-12-21 20:15:12.000000'),
(16700, 675, 119, 'JOINED', '2020-12-19 00:20:00.000000', '2020-12-20 07:24:48.000000'),
(16701, 675, 120, 'JOINED', '2020-12-19 00:20:00.000000', '2020-12-21 16:32:00.000000'),
(16702, 675, 121, 'JOINED', '2020-12-19 00:20:00.000000', '2020-12-20 17:22:24.000000'),
(16703, 675, 122, 'JOINED', '2020-12-19 00:20:00.000000', '2020-12-20 06:56:00.000000'),
(16704, 675, 123, 'JOINED', '2020-12-19 00:20:00.000000', '2020-12-19 05:51:12.000000'),
(16705, 675, 124, 'JOINED', '2020-12-19 00:20:00.000000', '2020-12-19 00:48:48.000000'),
(16706, 675, 125, 'JOINED', '2020-12-19 00:20:00.000000', '2020-12-22 12:48:48.000000'),
(16707, 675, 127, 'JOINED', '2020-12-19 00:20:00.000000', '2020-12-20 05:08:00.000000'),
(16708, 675, 128, 'JOINED', '2020-12-19 00:20:00.000000', '2020-12-19 15:48:48.000000'),
(16709, 675, 129, 'JOINED', '2020-12-19 00:20:00.000000', '2020-12-19 06:34:24.000000'),
(16710, 675, 130, 'JOINED', '2020-12-19 00:20:00.000000', '2020-12-19 21:05:36.000000'),
(16711, 675, 131, 'JOINED', '2020-12-19 00:20:00.000000', '2020-12-19 05:22:24.000000'),
(16712, 675, 132, 'JOINED', '2020-12-19 00:20:00.000000', '2020-12-19 08:51:12.000000'),
(16713, 675, 133, 'JOINED', '2020-12-19 00:20:00.000000', '2020-12-20 07:10:24.000000'),
(16714, 675, 134, 'JOINED', '2020-12-19 00:20:00.000000', '2020-12-20 22:53:36.000000'),
(16715, 675, 135, 'JOINED', '2020-12-19 00:20:00.000000', '2020-12-19 07:03:12.000000'),
(16716, 675, 137, 'JOINED', '2020-12-19 00:20:00.000000', '2020-12-23 12:20:00.000000'),
(16717, 675, 138, 'JOINED', '2020-12-19 00:20:00.000000', '2020-12-23 12:20:00.000000'),
(16718, 675, 139, 'JOINED', '2020-12-19 00:20:00.000000', '2020-12-23 12:20:00.000000');
INSERT INTO report (id, created_by_id, title, content, rejected_reason, report_status, created_time, updated_time, reviewed_time)
VALUES
(DEFAULT, 16697, 'Employee 116 submit Report', 'Completed Task.', NULL, 'APPROVED', '2020-12-21 05:08:00.000000', '2020-12-21 05:08:00.000000', '2020-12-21 05:13:00.000000'),
(DEFAULT, 16698, 'Employee 117 submit Report', 'Completed Task.', NULL, 'APPROVED', '2020-12-21 20:58:24.000000', '2020-12-21 20:58:24.000000', '2020-12-21 21:03:24.000000'),
(DEFAULT, 16699, 'Employee 118 submit Report', 'Completed Task.', NULL, 'APPROVED', '2020-12-23 05:36:48.000000', '2020-12-23 05:36:48.000000', '2020-12-23 05:41:48.000000'),
(DEFAULT, 16700, 'Employee 119 submit Report', 'Completed Task.', NULL, 'APPROVED', '2020-12-21 08:22:24.000000', '2020-12-21 08:22:24.000000', '2020-12-21 08:27:24.000000'),
(DEFAULT, 16701, 'Employee 120 submit Report', 'Completed Task.', NULL, 'APPROVED', '2020-12-23 19:32:00.000000', '2020-12-23 19:32:00.000000', '2020-12-23 19:37:00.000000'),
(DEFAULT, 16702, 'Employee 121 submit Report', 'Completed Task.', NULL, 'APPROVED', '2020-12-22 19:17:36.000000', '2020-12-22 19:17:36.000000', '2020-12-22 19:22:36.000000'),
(DEFAULT, 16703, 'Employee 122 submit Report', 'Completed Task.', NULL, 'APPROVED', '2020-12-21 23:00:48.000000', '2020-12-21 23:00:48.000000', '2020-12-21 23:05:48.000000'),
(DEFAULT, 16704, 'Employee 123 submit Report', 'Completed Task.', NULL, 'APPROVED', '2020-12-20 02:08:00.000000', '2020-12-20 02:08:00.000000', '2020-12-20 02:13:00.000000'),
(DEFAULT, 16705, 'Employee 124 submit Report', 'Completed Task.', NULL, 'APPROVED', '2020-12-20 20:22:24.000000', '2020-12-20 20:22:24.000000', '2020-12-20 20:27:24.000000'),
(DEFAULT, 16706, 'Employee 125 submit Report', 'Completed Task.', NULL, 'APPROVED', '2020-12-24 00:05:36.000000', '2020-12-24 00:05:36.000000', '2020-12-24 00:10:36.000000'),
(DEFAULT, 16707, 'Employee 127 submit Report', 'Completed Task.', NULL, 'APPROVED', '2020-12-22 00:48:48.000000', '2020-12-22 00:48:48.000000', '2020-12-22 00:53:48.000000'),
(DEFAULT, 16708, 'Employee 128 submit Report', 'Completed Task.', NULL, 'APPROVED', '2020-12-22 14:15:12.000000', '2020-12-22 14:15:12.000000', '2020-12-22 14:20:12.000000'),
(DEFAULT, 16709, 'Employee 129 submit Report', 'Completed Task.', NULL, 'APPROVED', '2020-12-23 23:36:48.000000', '2020-12-23 23:36:48.000000', '2020-12-23 23:41:48.000000'),
(DEFAULT, 16710, 'Employee 130 submit Report', 'Completed Task.', NULL, 'APPROVED', '2020-12-20 16:10:24.000000', '2020-12-20 16:10:24.000000', '2020-12-20 16:15:24.000000'),
(DEFAULT, 16711, 'Employee 131 submit Report', 'Completed Task.', NULL, 'APPROVED', '2020-12-20 17:00:48.000000', '2020-12-20 17:00:48.000000', '2020-12-20 17:05:48.000000'),
(DEFAULT, 16712, 'Employee 132 submit Report', 'Completed Task.', NULL, 'APPROVED', '2020-12-23 06:12:48.000000', '2020-12-23 06:12:48.000000', '2020-12-23 06:17:48.000000'),
(DEFAULT, 16713, 'Employee 133 submit Report', 'Completed Task.', NULL, 'APPROVED', '2020-12-21 17:00:48.000000', '2020-12-21 17:00:48.000000', '2020-12-21 17:05:48.000000'),
(DEFAULT, 16714, 'Employee 134 submit Report', 'Completed Task.', NULL, 'APPROVED', '2020-12-23 03:56:00.000000', '2020-12-23 03:56:00.000000', '2020-12-23 04:01:00.000000'),
(DEFAULT, 16715, 'Employee 135 submit Report', 'Completed Task.', NULL, 'APPROVED', '2020-12-21 07:24:48.000000', '2020-12-21 07:24:48.000000', '2020-12-21 07:29:48.000000'),
(DEFAULT, 16716, 'Employee 137 submit Report', 'Completed Task.', NULL, 'APPROVED', '2021-01-06 22:24:48.000000', '2021-01-06 22:24:48.000000', '2021-01-06 22:29:48.000000'),
(DEFAULT, 16717, 'Employee 138 submit Report', 'Completed Task.', NULL, 'APPROVED', '2021-01-06 19:53:36.000000', '2021-01-06 19:53:36.000000', '2021-01-06 19:58:36.000000'),
(DEFAULT, 16718, 'Employee 139 submit Report', 'Completed Task.', NULL, 'APPROVED', '2021-01-03 11:15:12.000000', '2021-01-03 11:15:12.000000', '2021-01-03 11:20:12.000000');

-- 2020-12-25 00:20:00.000000
-- 2020-12-25
INSERT INTO task (id, collection_id, created_by_id, root_task_id, name, description, report_format, level, task_type, priority, is_locked, start_date, end_date, deadline, created_time, updated_time)
VALUES (676, 57, 151, NULL, 'Test CV Parsing Integration', 'This is Test CV Parsing Integration', NULL, 'ADVANCED', 'TEST', 'NORMAL', FALSE, '2020-12-25', '2021-01-02', '2020-12-30', '2020-12-25 00:20:00.000000', '2020-12-25 00:20:00.000000');

INSERT INTO task_for_users (id, task_id, assigned_to_id, user_task_status, updated_time, started_time)
VALUES
(16720, 676, 116, 'JOINED', '2020-12-25 00:20:00.000000', '2020-12-25 05:08:00.000000'),
(16721, 676, 118, 'JOINED', '2020-12-25 00:20:00.000000', '2020-12-25 00:41:36.000000'),
(16722, 676, 119, 'JOINED', '2020-12-25 00:20:00.000000', '2020-12-26 14:36:48.000000'),
(16723, 676, 120, 'JOINED', '2020-12-25 00:20:00.000000', '2020-12-27 22:32:00.000000'),
(16724, 676, 121, 'JOINED', '2020-12-25 00:20:00.000000', '2020-12-26 04:57:12.000000'),
(16725, 676, 122, 'JOINED', '2020-12-25 00:20:00.000000', '2020-12-25 14:22:24.000000'),
(16726, 676, 123, 'JOINED', '2020-12-25 00:20:00.000000', '2020-12-28 05:15:12.000000'),
(16727, 676, 124, 'JOINED', '2020-12-25 00:20:00.000000', '2020-12-25 02:15:12.000000'),
(16728, 676, 125, 'JOINED', '2020-12-25 00:20:00.000000', '2020-12-25 09:41:36.000000'),
(16729, 676, 127, 'JOINED', '2020-12-25 00:20:00.000000', '2020-12-27 13:39:12.000000'),
(16730, 676, 128, 'JOINED', '2020-12-25 00:20:00.000000', '2020-12-25 06:27:12.000000'),
(16731, 676, 129, 'JOINED', '2020-12-25 00:20:00.000000', '2020-12-26 20:51:12.000000'),
(16732, 676, 130, 'JOINED', '2020-12-25 00:20:00.000000', '2020-12-26 12:27:12.000000'),
(16733, 676, 131, 'JOINED', '2020-12-25 00:20:00.000000', '2020-12-25 00:48:48.000000'),
(16734, 676, 132, 'JOINED', '2020-12-25 00:20:00.000000', '2020-12-25 09:41:36.000000'),
(16735, 676, 133, 'JOINED', '2020-12-25 00:20:00.000000', '2020-12-25 02:36:48.000000'),
(16736, 676, 134, 'JOINED', '2020-12-25 00:20:00.000000', '2020-12-27 06:41:36.000000'),
(16737, 676, 135, 'JOINED', '2020-12-25 00:20:00.000000', '2020-12-26 14:44:00.000000'),
(16738, 676, 111, 'JOINED', '2020-12-25 00:20:00.000000', '2020-12-25 18:12:48.000000'),
(16739, 676, 113, 'JOINED', '2020-12-25 00:20:00.000000', '2020-12-26 21:20:00.000000'),
(16740, 676, 114, 'JOINED', '2020-12-25 00:20:00.000000', '2020-12-25 09:05:36.000000');
INSERT INTO report (id, created_by_id, title, content, rejected_reason, report_status, created_time, updated_time, reviewed_time)
VALUES
(DEFAULT, 16720, 'Employee 116 submit Report', 'Completed Task.', NULL, 'APPROVED', '2020-12-26 14:29:36.000000', '2020-12-26 14:29:36.000000', '2020-12-26 14:34:36.000000'),
(DEFAULT, 16721, 'Employee 118 submit Report', 'Completed Task.', NULL, 'APPROVED', '2020-12-26 07:46:24.000000', '2020-12-26 07:46:24.000000', '2020-12-26 07:51:24.000000'),
(DEFAULT, 16722, 'Employee 119 submit Report', 'Completed Task.', NULL, 'APPROVED', '2020-12-28 12:56:00.000000', '2020-12-28 12:56:00.000000', '2020-12-28 13:01:00.000000'),
(DEFAULT, 16723, 'Employee 120 submit Report', 'Completed Task.', NULL, 'APPROVED', '2021-01-01 02:08:00.000000', '2021-01-01 02:08:00.000000', '2021-01-01 02:13:00.000000'),
(DEFAULT, 16724, 'Employee 121 submit Report', 'Completed Task.', NULL, 'APPROVED', '2021-01-02 19:42:48.000000', '2021-01-02 19:42:48.000000', '2021-01-02 19:47:48.000000'),
(DEFAULT, 16725, 'Employee 122 submit Report', 'Completed Task.', NULL, 'APPROVED', '2020-12-26 23:36:48.000000', '2020-12-26 23:36:48.000000', '2020-12-26 23:41:48.000000'),
(DEFAULT, 16726, 'Employee 123 submit Report', 'Completed Task.', NULL, 'APPROVED', '2020-12-29 06:12:48.000000', '2020-12-29 06:12:48.000000', '2020-12-29 06:17:48.000000'),
(DEFAULT, 16727, 'Employee 124 submit Report', 'Completed Task.', NULL, 'APPROVED', '2020-12-26 17:00:48.000000', '2020-12-26 17:00:48.000000', '2020-12-26 17:05:48.000000'),
(DEFAULT, 16728, 'Employee 125 submit Report', 'Completed Task.', NULL, 'APPROVED', '2020-12-26 18:05:36.000000', '2020-12-26 18:05:36.000000', '2020-12-26 18:10:36.000000'),
(DEFAULT, 16729, 'Employee 127 submit Report', 'Completed Task.', NULL, 'APPROVED', '2020-12-28 09:34:24.000000', '2020-12-28 09:34:24.000000', '2020-12-28 09:39:24.000000'),
(DEFAULT, 16730, 'Employee 128 submit Report', 'Completed Task.', NULL, 'APPROVED', '2020-12-26 21:27:12.000000', '2020-12-26 21:27:12.000000', '2020-12-26 21:32:12.000000'),
(DEFAULT, 16731, 'Employee 129 submit Report', 'Completed Task.', NULL, 'APPROVED', '2020-12-27 23:15:12.000000', '2020-12-27 23:15:12.000000', '2020-12-27 23:20:12.000000'),
(DEFAULT, 16732, 'Employee 130 submit Report', 'Completed Task.', NULL, 'APPROVED', '2020-12-29 10:03:12.000000', '2020-12-29 10:03:12.000000', '2020-12-29 10:08:12.000000'),
(DEFAULT, 16733, 'Employee 131 submit Report', 'Completed Task.', NULL, 'APPROVED', '2020-12-28 18:20:00.000000', '2020-12-28 18:20:00.000000', '2020-12-28 18:25:00.000000'),
(DEFAULT, 16734, 'Employee 132 submit Report', 'Completed Task.', NULL, 'APPROVED', '2020-12-28 05:58:24.000000', '2020-12-28 05:58:24.000000', '2020-12-28 06:03:24.000000'),
(DEFAULT, 16735, 'Employee 133 submit Report', 'Completed Task.', NULL, 'APPROVED', '2020-12-28 11:08:00.000000', '2020-12-28 11:08:00.000000', '2020-12-28 11:13:00.000000'),
(DEFAULT, 16736, 'Employee 134 submit Report', 'Completed Task.', NULL, 'APPROVED', '2020-12-28 08:29:36.000000', '2020-12-28 08:29:36.000000', '2020-12-28 08:34:36.000000'),
(DEFAULT, 16737, 'Employee 135 submit Report', 'Completed Task.', NULL, 'APPROVED', '2020-12-29 10:17:36.000000', '2020-12-29 10:17:36.000000', '2020-12-29 10:22:36.000000'),
(DEFAULT, 16738, 'Employee 111 submit Report', 'Completed Task.', NULL, 'APPROVED', '2020-12-27 16:10:24.000000', '2020-12-27 16:10:24.000000', '2020-12-27 16:15:24.000000'),
(DEFAULT, 16739, 'Employee 113 submit Report', 'Completed Task.', NULL, 'APPROVED', '2020-12-29 17:15:12.000000', '2020-12-29 17:15:12.000000', '2020-12-29 17:20:12.000000'),
(DEFAULT, 16740, 'Employee 114 submit Report', 'Completed Task.', NULL, 'APPROVED', '2020-12-29 04:32:00.000000', '2020-12-29 04:32:00.000000', '2020-12-29 04:37:00.000000');

-- 2020-12-31 00:20:00.000000
-- 2020-12-31
INSERT INTO task (id, collection_id, created_by_id, root_task_id, name, description, report_format, level, task_type, priority, is_locked, start_date, end_date, deadline, created_time, updated_time)
VALUES (677, 57, 151, NULL, 'Test CV Scoring Integration', 'This is Test CV Scoring Integration', NULL, 'NORMAL', 'TEST', 'URGENT', FALSE, '2020-12-31', '2021-01-19', '2021-01-06', '2020-12-31 00:20:00.000000', '2020-12-31 00:20:00.000000');

INSERT INTO task_for_users (id, task_id, assigned_to_id, user_task_status, updated_time, started_time)
VALUES
(16742, 677, 116, 'JOINED', '2020-12-31 00:20:00.000000', '2021-01-02 06:02:43.200000'),
(16743, 677, 117, 'JOINED', '2020-12-31 00:20:00.000000', '2021-01-05 09:56:00.000000'),
(16744, 677, 118, 'JOINED', '2020-12-31 00:20:00.000000', '2021-01-02 02:26:43.200000'),
(16745, 677, 119, 'JOINED', '2020-12-31 00:20:00.000000', '2021-01-05 09:56:00.000000'),
(16746, 677, 120, 'JOINED', '2020-12-31 00:20:00.000000', '2021-01-05 09:56:00.000000'),
(16747, 677, 121, 'JOINED', '2020-12-31 00:20:00.000000', '2020-12-31 12:47:21.600000'),
(16748, 677, 122, 'JOINED', '2020-12-31 00:20:00.000000', '2021-01-02 10:30:33.600000'),
(16749, 677, 123, 'JOINED', '2020-12-31 00:20:00.000000', '2021-01-01 21:07:02.400000'),
(16750, 677, 124, 'JOINED', '2020-12-31 00:20:00.000000', '2021-01-02 20:52:38.400000'),
(16751, 677, 125, 'JOINED', '2020-12-31 00:20:00.000000', '2020-12-31 14:52:38.400000'),
(16752, 677, 126, 'JOINED', '2020-12-31 00:20:00.000000', '2021-01-02 10:39:12.000000'),
(16753, 677, 127, 'JOINED', '2020-12-31 00:20:00.000000', '2021-01-03 14:35:21.600000'),
(16754, 677, 128, 'JOINED', '2020-12-31 00:20:00.000000', '2021-01-05 09:56:00.000000'),
(16755, 677, 129, 'JOINED', '2020-12-31 00:20:00.000000', '2021-01-02 08:12:19.200000'),
(16756, 677, 130, 'JOINED', '2020-12-31 00:20:00.000000', '2020-12-31 18:02:43.200000'),
(16757, 677, 132, 'JOINED', '2020-12-31 00:20:00.000000', '2020-12-31 23:56:57.600000'),
(16758, 677, 134, 'JOINED', '2020-12-31 00:20:00.000000', '2021-01-02 12:40:09.600000'),
(16759, 677, 135, 'JOINED', '2020-12-31 00:20:00.000000', '2021-01-01 03:50:14.400000'),
(16760, 677, 111, 'JOINED', '2020-12-31 00:20:00.000000', '2020-12-31 14:00:48.000000'),
(16761, 677, 113, 'JOINED', '2020-12-31 00:20:00.000000', '2021-01-01 19:14:43.200000'),
(16762, 677, 114, 'JOINED', '2020-12-31 00:20:00.000000', '2020-12-31 21:56:00.000000');
INSERT INTO report (id, created_by_id, title, content, rejected_reason, report_status, created_time, updated_time, reviewed_time)
VALUES
(DEFAULT, 16742, 'Employee 116 submit Report', 'Completed Task.', NULL, 'APPROVED', '2021-01-04 22:07:31.200000', '2021-01-04 22:07:31.200000', '2021-01-04 22:12:31.200000'),
(DEFAULT, 16743, 'Employee 117 submit Report', 'Completed Task.', NULL, 'APPROVED', '2021-01-19 13:55:02.400000', '2021-01-19 13:55:02.400000', '2021-01-19 14:00:02.400000'),
(DEFAULT, 16744, 'Employee 118 submit Report', 'Completed Task.', NULL, 'APPROVED', '2021-01-04 07:34:52.800000', '2021-01-04 07:34:52.800000', '2021-01-04 07:39:52.800000'),
(DEFAULT, 16745, 'Employee 119 submit Report', 'Completed Task.', NULL, 'APPROVED', '2021-01-17 22:01:45.600000', '2021-01-17 22:01:45.600000', '2021-01-17 22:06:45.600000'),
(DEFAULT, 16746, 'Employee 120 submit Report', 'Completed Task.', NULL, 'APPROVED', '2021-01-18 05:48:19.200000', '2021-01-18 05:48:19.200000', '2021-01-18 05:53:19.200000'),
(DEFAULT, 16747, 'Employee 121 submit Report', 'Completed Task.', NULL, 'APPROVED', '2021-01-11 11:52:38.400000', '2021-01-11 11:52:38.400000', '2021-01-11 11:57:38.400000'),
(DEFAULT, 16748, 'Employee 122 submit Report', 'Completed Task.', NULL, 'APPROVED', '2021-01-05 04:01:45.600000', '2021-01-05 04:01:45.600000', '2021-01-05 04:06:45.600000'),
(DEFAULT, 16749, 'Employee 123 submit Report', 'Completed Task.', NULL, 'APPROVED', '2021-01-04 03:50:14.400000', '2021-01-04 03:50:14.400000', '2021-01-04 03:55:14.400000'),
(DEFAULT, 16750, 'Employee 124 submit Report', 'Completed Task.', NULL, 'APPROVED', '2021-01-04 16:30:33.600000', '2021-01-04 16:30:33.600000', '2021-01-04 16:35:33.600000'),
(DEFAULT, 16751, 'Employee 125 submit Report', 'Completed Task.', NULL, 'APPROVED', '2021-01-03 00:20:00.000000', '2021-01-03 00:20:00.000000', '2021-01-03 00:25:00.000000'),
(DEFAULT, 16752, 'Employee 126 submit Report', 'Completed Task.', NULL, 'APPROVED', '2021-01-04 08:52:38.400000', '2021-01-04 08:52:38.400000', '2021-01-04 08:57:38.400000'),
(DEFAULT, 16753, 'Employee 127 submit Report', 'Completed Task.', NULL, 'APPROVED', '2021-01-05 21:01:16.800000', '2021-01-05 21:01:16.800000', '2021-01-05 21:06:16.800000'),
(DEFAULT, 16754, 'Employee 128 submit Report', 'Completed Task.', NULL, 'APPROVED', '2021-01-18 01:20:28.800000', '2021-01-18 01:20:28.800000', '2021-01-18 01:25:28.800000'),
(DEFAULT, 16755, 'Employee 129 submit Report', 'Completed Task.', NULL, 'APPROVED', '2021-01-05 05:28:09.600000', '2021-01-05 05:28:09.600000', '2021-01-05 05:33:09.600000'),
(DEFAULT, 16756, 'Employee 130 submit Report', 'Completed Task.', NULL, 'APPROVED', '2021-01-03 02:03:40.800000', '2021-01-03 02:03:40.800000', '2021-01-03 02:08:40.800000'),
(DEFAULT, 16757, 'Employee 132 submit Report', 'Completed Task.', NULL, 'APPROVED', '2021-01-02 20:44:00.000000', '2021-01-02 20:44:00.000000', '2021-01-02 20:49:00.000000'),
(DEFAULT, 16758, 'Employee 134 submit Report', 'Completed Task.', NULL, 'APPROVED', '2021-01-04 09:44:28.800000', '2021-01-04 09:44:28.800000', '2021-01-04 09:49:28.800000'),
(DEFAULT, 16759, 'Employee 135 submit Report', 'Completed Task.', NULL, 'APPROVED', '2021-01-03 05:39:40.800000', '2021-01-03 05:39:40.800000', '2021-01-03 05:44:40.800000'),
(DEFAULT, 16760, 'Employee 111 submit Report', 'Completed Task.', NULL, 'APPROVED', '2021-01-02 06:28:38.400000', '2021-01-02 06:28:38.400000', '2021-01-02 06:33:38.400000'),
(DEFAULT, 16761, 'Employee 113 submit Report', 'Completed Task.', NULL, 'APPROVED', '2021-01-04 20:23:50.400000', '2021-01-04 20:23:50.400000', '2021-01-04 20:28:50.400000'),
(DEFAULT, 16762, 'Employee 114 submit Report', 'Completed Task.', NULL, 'APPROVED', '2021-01-02 02:18:04.800000', '2021-01-02 02:18:04.800000', '2021-01-02 02:23:04.800000');

-- 2021-01-07 00:20:00.000000
-- 2021-01-07
INSERT INTO task (id, collection_id, created_by_id, root_task_id, name, description, report_format, level, task_type, priority, is_locked, start_date, end_date, deadline, created_time, updated_time)
VALUES (678, 57, 151, NULL, 'Test Recommendation API Integration', 'This is Test Recommendation API Integration', NULL, 'NORMAL', 'TEST', 'HIGH', FALSE, '2021-01-07', '2021-01-25', '2021-01-12', '2021-01-07 00:20:00.000000', '2021-01-07 00:20:00.000000');

INSERT INTO task_for_users (id, task_id, assigned_to_id, user_task_status, updated_time, started_time)
VALUES
(16764, 678, 116, 'JOINED', '2021-01-07 00:20:00.000000', '2021-01-09 21:12:48.000000'),
(16765, 678, 118, 'JOINED', '2021-01-07 00:20:00.000000', '2021-01-09 11:44:00.000000'),
(16766, 678, 119, 'JOINED', '2021-01-07 00:20:00.000000', '2021-01-11 12:20:00.000000'),
(16767, 678, 120, 'JOINED', '2021-01-07 00:20:00.000000', '2021-01-09 01:32:00.000000'),
(16768, 678, 121, 'JOINED', '2021-01-07 00:20:00.000000', '2021-01-08 07:17:36.000000'),
(16769, 678, 122, 'JOINED', '2021-01-07 00:20:00.000000', '2021-01-07 07:24:48.000000'),
(16770, 678, 124, 'JOINED', '2021-01-07 00:20:00.000000', '2021-01-09 04:03:12.000000'),
(16771, 678, 125, 'JOINED', '2021-01-07 00:20:00.000000', '2021-01-10 04:24:48.000000'),
(16772, 678, 126, 'JOINED', '2021-01-07 00:20:00.000000', '2021-01-09 03:41:36.000000'),
(16773, 678, 127, 'JOINED', '2021-01-07 00:20:00.000000', '2021-01-07 03:20:00.000000'),
(16774, 678, 128, 'JOINED', '2021-01-07 00:20:00.000000', '2021-01-07 07:24:48.000000'),
(16775, 678, 129, 'JOINED', '2021-01-07 00:20:00.000000', '2021-01-07 14:29:36.000000'),
(16776, 678, 130, 'JOINED', '2021-01-07 00:20:00.000000', '2021-01-07 21:56:00.000000'),
(16777, 678, 131, 'JOINED', '2021-01-07 00:20:00.000000', '2021-01-07 10:46:24.000000'),
(16778, 678, 132, 'JOINED', '2021-01-07 00:20:00.000000', '2021-01-08 18:12:48.000000'),
(16779, 678, 133, 'JOINED', '2021-01-07 00:20:00.000000', '2021-01-08 15:20:00.000000'),
(16780, 678, 134, 'JOINED', '2021-01-07 00:20:00.000000', '2021-01-07 21:20:00.000000'),
(16781, 678, 135, 'JOINED', '2021-01-07 00:20:00.000000', '2021-01-08 23:22:24.000000'),
(16782, 678, 111, 'JOINED', '2021-01-07 00:20:00.000000', '2021-01-08 16:24:48.000000'),
(16783, 678, 113, 'JOINED', '2021-01-07 00:20:00.000000', '2021-01-10 18:27:12.000000'),
(16784, 678, 114, 'JOINED', '2021-01-07 00:20:00.000000', '2021-01-11 12:20:00.000000');
INSERT INTO report (id, created_by_id, title, content, rejected_reason, report_status, created_time, updated_time, reviewed_time)
VALUES
(DEFAULT, 16764, 'Employee 116 submit Report', 'Completed Task.', NULL, 'APPROVED', '2021-01-11 00:34:24.000000', '2021-01-11 00:34:24.000000', '2021-01-11 00:39:24.000000'),
(DEFAULT, 16765, 'Employee 118 submit Report', 'Completed Task.', NULL, 'APPROVED', '2021-01-11 08:15:12.000000', '2021-01-11 08:15:12.000000', '2021-01-11 08:20:12.000000'),
(DEFAULT, 16766, 'Employee 119 submit Report', 'Completed Task.', NULL, 'APPROVED', '2021-01-22 06:56:00.000000', '2021-01-22 06:56:00.000000', '2021-01-22 07:01:00.000000'),
(DEFAULT, 16767, 'Employee 120 submit Report', 'Completed Task.', NULL, 'APPROVED', '2021-01-11 10:24:48.000000', '2021-01-11 10:24:48.000000', '2021-01-11 10:29:48.000000'),
(DEFAULT, 16768, 'Employee 121 submit Report', 'Completed Task.', NULL, 'APPROVED', '2021-01-10 09:48:48.000000', '2021-01-10 09:48:48.000000', '2021-01-10 09:53:48.000000'),
(DEFAULT, 16769, 'Employee 122 submit Report', 'Completed Task.', NULL, 'APPROVED', '2021-01-08 18:12:48.000000', '2021-01-08 18:12:48.000000', '2021-01-08 18:17:48.000000'),
(DEFAULT, 16770, 'Employee 124 submit Report', 'Completed Task.', NULL, 'APPROVED', '2021-01-10 18:05:36.000000', '2021-01-10 18:05:36.000000', '2021-01-10 18:10:36.000000'),
(DEFAULT, 16771, 'Employee 125 submit Report', 'Completed Task.', NULL, 'APPROVED', '2021-01-11 19:03:12.000000', '2021-01-11 19:03:12.000000', '2021-01-11 19:08:12.000000'),
(DEFAULT, 16772, 'Employee 126 submit Report', 'Completed Task.', NULL, 'APPROVED', '2021-01-11 07:53:36.000000', '2021-01-11 07:53:36.000000', '2021-01-11 07:58:36.000000'),
(DEFAULT, 16773, 'Employee 127 submit Report', 'Completed Task.', NULL, 'APPROVED', '2021-01-08 21:05:36.000000', '2021-01-08 21:05:36.000000', '2021-01-08 21:10:36.000000'),
(DEFAULT, 16774, 'Employee 128 submit Report', 'Completed Task.', NULL, 'APPROVED', '2021-01-08 18:41:36.000000', '2021-01-08 18:41:36.000000', '2021-01-08 18:46:36.000000'),
(DEFAULT, 16775, 'Employee 129 submit Report', 'Completed Task.', NULL, 'APPROVED', '2021-01-09 13:32:00.000000', '2021-01-09 13:32:00.000000', '2021-01-09 13:37:00.000000'),
(DEFAULT, 16776, 'Employee 130 submit Report', 'Completed Task.', NULL, 'APPROVED', '2021-01-09 03:56:00.000000', '2021-01-09 03:56:00.000000', '2021-01-09 04:01:00.000000'),
(DEFAULT, 16777, 'Employee 131 submit Report', 'Completed Task.', NULL, 'APPROVED', '2021-01-09 11:00:48.000000', '2021-01-09 11:00:48.000000', '2021-01-09 11:05:48.000000'),
(DEFAULT, 16778, 'Employee 132 submit Report', 'Completed Task.', NULL, 'APPROVED', '2021-01-10 07:53:36.000000', '2021-01-10 07:53:36.000000', '2021-01-10 07:58:36.000000'),
(DEFAULT, 16779, 'Employee 133 submit Report', 'Completed Task.', NULL, 'APPROVED', '2021-01-10 02:15:12.000000', '2021-01-10 02:15:12.000000', '2021-01-10 02:20:12.000000'),
(DEFAULT, 16780, 'Employee 134 submit Report', 'Completed Task.', NULL, 'APPROVED', '2021-01-09 01:39:12.000000', '2021-01-09 01:39:12.000000', '2021-01-09 01:44:12.000000'),
(DEFAULT, 16781, 'Employee 135 submit Report', 'Completed Task.', NULL, 'APPROVED', '2021-01-10 03:56:00.000000', '2021-01-10 03:56:00.000000', '2021-01-10 04:01:00.000000'),
(DEFAULT, 16782, 'Employee 111 submit Report', 'Completed Task.', NULL, 'APPROVED', '2021-01-10 11:00:48.000000', '2021-01-10 11:00:48.000000', '2021-01-10 11:05:48.000000'),
(DEFAULT, 16783, 'Employee 113 submit Report', 'Completed Task.', NULL, 'APPROVED', '2021-01-11 23:51:12.000000', '2021-01-11 23:51:12.000000', '2021-01-11 23:56:12.000000'),
(DEFAULT, 16784, 'Employee 114 submit Report', 'Completed Task.', NULL, 'APPROVED', '2021-01-25 18:12:48.000000', '2021-01-25 18:12:48.000000', '2021-01-25 18:17:48.000000');

-- 2021-01-13 00:20:00.000000
-- 2021-01-13
INSERT INTO task (id, collection_id, created_by_id, root_task_id, name, description, report_format, level, task_type, priority, is_locked, start_date, end_date, deadline, created_time, updated_time)
VALUES (679, 57, 151, NULL, 'Test External Service Failures', 'This is Test External Service Failures', NULL, 'NORMAL', 'TEST', 'HIGH', FALSE, '2021-01-13', '2021-01-31', '2021-01-18', '2021-01-13 00:20:00.000000', '2021-01-13 00:20:00.000000');

INSERT INTO task_for_users (id, task_id, assigned_to_id, user_task_status, updated_time, started_time)
VALUES
(16786, 679, 116, 'JOINED', '2021-01-13 00:20:00.000000', '2021-01-15 05:58:24.000000'),
(16787, 679, 118, 'JOINED', '2021-01-13 00:20:00.000000', '2021-01-15 20:51:12.000000'),
(16788, 679, 119, 'JOINED', '2021-01-13 00:20:00.000000', '2021-01-14 22:17:36.000000'),
(16789, 679, 120, 'JOINED', '2021-01-13 00:20:00.000000', '2021-01-14 03:41:36.000000'),
(16790, 679, 121, 'JOINED', '2021-01-13 00:20:00.000000', '2021-01-13 00:41:36.000000'),
(16791, 679, 122, 'JOINED', '2021-01-13 00:20:00.000000', '2021-01-15 14:29:36.000000'),
(16792, 679, 124, 'JOINED', '2021-01-13 00:20:00.000000', '2021-01-13 12:41:36.000000'),
(16793, 679, 125, 'JOINED', '2021-01-13 00:20:00.000000', '2021-01-13 04:03:12.000000'),
(16794, 679, 126, 'JOINED', '2021-01-13 00:20:00.000000', '2021-01-16 02:29:36.000000'),
(16795, 679, 127, 'JOINED', '2021-01-13 00:20:00.000000', '2021-01-13 14:58:24.000000'),
(16796, 679, 128, 'JOINED', '2021-01-13 00:20:00.000000', '2021-01-14 02:29:36.000000'),
(16797, 679, 129, 'JOINED', '2021-01-13 00:20:00.000000', '2021-01-16 02:36:48.000000'),
(16798, 679, 130, 'JOINED', '2021-01-13 00:20:00.000000', '2021-01-14 15:05:36.000000'),
(16799, 679, 131, 'JOINED', '2021-01-13 00:20:00.000000', '2021-01-15 02:15:12.000000'),
(16800, 679, 132, 'JOINED', '2021-01-13 00:20:00.000000', '2021-01-13 18:20:00.000000'),
(16801, 679, 133, 'JOINED', '2021-01-13 00:20:00.000000', '2021-01-13 15:34:24.000000'),
(16802, 679, 134, 'JOINED', '2021-01-13 00:20:00.000000', '2021-01-14 19:17:36.000000'),
(16803, 679, 135, 'JOINED', '2021-01-13 00:20:00.000000', '2021-01-13 06:12:48.000000'),
(16804, 679, 111, 'JOINED', '2021-01-13 00:20:00.000000', '2021-01-14 15:45:12.000000'),
(16805, 679, 112, 'JOINED', '2021-01-13 00:20:00.000000', '2021-01-17 12:20:00.000000'),
(16806, 679, 114, 'JOINED', '2021-01-13 00:20:00.000000', '2021-01-15 02:00:48.000000');
INSERT INTO report (id, created_by_id, title, content, rejected_reason, report_status, created_time, updated_time, reviewed_time)
VALUES
(DEFAULT, 16786, 'Employee 116 submit Report', 'Completed Task.', NULL, 'APPROVED', '2021-01-17 12:27:12.000000', '2021-01-17 12:27:12.000000', '2021-01-17 12:32:12.000000'),
(DEFAULT, 16787, 'Employee 118 submit Report', 'Completed Task.', NULL, 'APPROVED', '2021-01-17 20:00:48.000000', '2021-01-17 20:00:48.000000', '2021-01-17 20:05:48.000000'),
(DEFAULT, 16788, 'Employee 119 submit Report', 'Completed Task.', NULL, 'APPROVED', '2021-01-17 03:34:24.000000', '2021-01-17 03:34:24.000000', '2021-01-17 03:39:24.000000'),
(DEFAULT, 16789, 'Employee 120 submit Report', 'Completed Task.', NULL, 'APPROVED', '2021-01-16 15:20:00.000000', '2021-01-16 15:20:00.000000', '2021-01-16 15:25:00.000000'),
(DEFAULT, 16790, 'Employee 121 submit Report', 'Completed Task.', NULL, 'APPROVED', '2021-01-14 01:03:12.000000', '2021-01-14 01:03:12.000000', '2021-01-14 01:08:12.000000'),
(DEFAULT, 16791, 'Employee 122 submit Report', 'Completed Task.', NULL, 'APPROVED', '2021-01-17 04:32:00.000000', '2021-01-17 04:32:00.000000', '2021-01-17 04:37:00.000000'),
(DEFAULT, 16792, 'Employee 124 submit Report', 'Completed Task.', NULL, 'APPROVED', '2021-01-14 13:53:36.000000', '2021-01-14 13:53:36.000000', '2021-01-14 13:58:36.000000'),
(DEFAULT, 16793, 'Employee 125 submit Report', 'Completed Task.', NULL, 'APPROVED', '2021-01-14 07:03:12.000000', '2021-01-14 07:03:12.000000', '2021-01-14 07:08:12.000000'),
(DEFAULT, 16794, 'Employee 126 submit Report', 'Completed Task.', NULL, 'APPROVED', '2021-01-17 21:05:36.000000', '2021-01-17 21:05:36.000000', '2021-01-17 21:10:36.000000'),
(DEFAULT, 16795, 'Employee 127 submit Report', 'Completed Task.', NULL, 'APPROVED', '2021-01-15 00:48:48.000000', '2021-01-15 00:48:48.000000', '2021-01-15 00:53:48.000000'),
(DEFAULT, 16796, 'Employee 128 submit Report', 'Completed Task.', NULL, 'APPROVED', '2021-01-21 22:10:24.000000', '2021-01-21 22:10:24.000000', '2021-01-21 22:15:24.000000'),
(DEFAULT, 16797, 'Employee 129 submit Report', 'Completed Task.', NULL, 'APPROVED', '2021-01-17 16:32:00.000000', '2021-01-17 16:32:00.000000', '2021-01-17 16:37:00.000000'),
(DEFAULT, 16798, 'Employee 130 submit Report', 'Completed Task.', NULL, 'APPROVED', '2021-01-16 17:00:48.000000', '2021-01-16 17:00:48.000000', '2021-01-16 17:05:48.000000'),
(DEFAULT, 16799, 'Employee 131 submit Report', 'Completed Task.', NULL, 'APPROVED', '2021-01-17 09:48:48.000000', '2021-01-17 09:48:48.000000', '2021-01-17 09:53:48.000000'),
(DEFAULT, 16800, 'Employee 132 submit Report', 'Completed Task.', NULL, 'APPROVED', '2021-01-14 23:08:00.000000', '2021-01-14 23:08:00.000000', '2021-01-14 23:13:00.000000'),
(DEFAULT, 16801, 'Employee 133 submit Report', 'Completed Task.', NULL, 'APPROVED', '2021-01-15 08:00:48.000000', '2021-01-15 08:00:48.000000', '2021-01-15 08:05:48.000000'),
(DEFAULT, 16802, 'Employee 134 submit Report', 'Completed Task.', NULL, 'APPROVED', '2021-01-16 19:32:00.000000', '2021-01-16 19:32:00.000000', '2021-01-16 19:37:00.000000'),
(DEFAULT, 16803, 'Employee 135 submit Report', 'Completed Task.', NULL, 'APPROVED', '2021-01-14 16:46:24.000000', '2021-01-14 16:46:24.000000', '2021-01-14 16:51:24.000000'),
(DEFAULT, 16804, 'Employee 111 submit Report', 'Completed Task.', NULL, 'APPROVED', '2021-01-21 08:54:48.000000', '2021-01-21 08:54:48.000000', '2021-01-21 08:59:48.000000'),
(DEFAULT, 16805, 'Employee 112 submit Report', 'Completed Task.', NULL, 'APPROVED', '2021-01-31 15:20:00.000000', '2021-01-31 15:20:00.000000', '2021-01-31 15:25:00.000000'),
(DEFAULT, 16806, 'Employee 114 submit Report', 'Completed Task.', NULL, 'APPROVED', '2021-01-16 05:36:48.000000', '2021-01-16 05:36:48.000000', '2021-01-16 05:41:48.000000');

-- 2021-01-19 00:20:00.000000
-- 2021-01-19
INSERT INTO task (id, collection_id, created_by_id, root_task_id, name, description, report_format, level, task_type, priority, is_locked, start_date, end_date, deadline, created_time, updated_time)
VALUES (680, 57, 151, NULL, 'Test Partial API Failure Scenarios', 'This is Test Partial API Failure Scenarios', NULL, 'ADVANCED', 'TEST', 'LOW', FALSE, '2021-01-19', '2021-02-02', '2021-01-23', '2021-01-19 00:20:00.000000', '2021-01-19 00:20:00.000000');

INSERT INTO task_for_users (id, task_id, assigned_to_id, user_task_status, updated_time, started_time)
VALUES
(16808, 680, 116, 'JOINED', '2021-01-19 00:20:00.000000', '2021-01-19 19:23:21.600000'),
(16809, 680, 117, 'JOINED', '2021-01-19 00:20:00.000000', '2021-01-19 13:46:24.000000'),
(16810, 680, 118, 'JOINED', '2021-01-19 00:20:00.000000', '2021-01-20 04:04:38.400000'),
(16811, 680, 119, 'JOINED', '2021-01-19 00:20:00.000000', '2021-01-19 02:26:43.200000'),
(16812, 680, 120, 'JOINED', '2021-01-19 00:20:00.000000', '2021-01-19 09:32:57.600000'),
(16813, 680, 121, 'JOINED', '2021-01-19 00:20:00.000000', '2021-01-19 23:05:07.200000'),
(16814, 680, 122, 'JOINED', '2021-01-19 00:20:00.000000', '2021-01-19 23:39:40.800000'),
(16815, 680, 123, 'JOINED', '2021-01-19 00:20:00.000000', '2021-01-22 14:44:00.000000'),
(16816, 680, 124, 'JOINED', '2021-01-19 00:20:00.000000', '2021-01-19 12:48:48.000000'),
(16817, 680, 125, 'JOINED', '2021-01-19 00:20:00.000000', '2021-01-19 08:00:48.000000'),
(16818, 680, 126, 'JOINED', '2021-01-19 00:20:00.000000', '2021-01-19 06:20:00.000000'),
(16819, 680, 127, 'JOINED', '2021-01-19 00:20:00.000000', '2021-01-20 03:12:48.000000'),
(16820, 680, 129, 'JOINED', '2021-01-19 00:20:00.000000', '2021-01-19 08:03:40.800000'),
(16821, 680, 131, 'JOINED', '2021-01-19 00:20:00.000000', '2021-01-19 04:50:43.200000'),
(16822, 680, 132, 'JOINED', '2021-01-19 00:20:00.000000', '2021-01-19 00:37:16.800000'),
(16823, 680, 133, 'JOINED', '2021-01-19 00:20:00.000000', '2021-01-20 12:48:48.000000'),
(16824, 680, 134, 'JOINED', '2021-01-19 00:20:00.000000', '2021-01-21 09:21:26.400000'),
(16825, 680, 112, 'JOINED', '2021-01-19 00:20:00.000000', '2021-01-19 21:21:26.400000'),
(16826, 680, 113, 'JOINED', '2021-01-19 00:20:00.000000', '2021-01-22 14:44:00.000000'),
(16827, 680, 114, 'JOINED', '2021-01-19 00:20:00.000000', '2021-01-22 14:44:00.000000');
INSERT INTO report (id, created_by_id, title, content, rejected_reason, report_status, created_time, updated_time, reviewed_time)
VALUES
(DEFAULT, 16808, 'Employee 116 submit Report', 'Completed Task.', NULL, 'APPROVED', '2021-01-26 05:16:38.400000', '2021-01-26 05:16:38.400000', '2021-01-26 05:21:38.400000'),
(DEFAULT, 16809, 'Employee 117 submit Report', 'Completed Task.', NULL, 'APPROVED', '2021-01-22 19:03:12.000000', '2021-01-22 19:03:12.000000', '2021-01-22 19:08:12.000000'),
(DEFAULT, 16810, 'Employee 118 submit Report', 'Completed Task.', NULL, 'APPROVED', '2021-01-21 10:19:02.400000', '2021-01-21 10:19:02.400000', '2021-01-21 10:24:02.400000'),
(DEFAULT, 16811, 'Employee 119 submit Report', 'Completed Task.', NULL, 'APPROVED', '2021-01-20 13:23:21.600000', '2021-01-20 13:23:21.600000', '2021-01-20 13:28:21.600000'),
(DEFAULT, 16812, 'Employee 120 submit Report', 'Completed Task.', NULL, 'APPROVED', '2021-01-20 16:39:12.000000', '2021-01-20 16:39:12.000000', '2021-01-20 16:44:12.000000'),
(DEFAULT, 16813, 'Employee 121 submit Report', 'Completed Task.', NULL, 'APPROVED', '2021-01-21 19:20:28.800000', '2021-01-21 19:20:28.800000', '2021-01-21 19:25:28.800000'),
(DEFAULT, 16814, 'Employee 122 submit Report', 'Completed Task.', NULL, 'APPROVED', '2021-01-22 14:20:57.600000', '2021-01-22 14:20:57.600000', '2021-01-22 14:25:57.600000'),
(DEFAULT, 16815, 'Employee 123 submit Report', 'Completed Task.', NULL, 'APPROVED', '2021-02-01 13:23:21.600000', '2021-02-01 13:23:21.600000', '2021-02-01 13:28:21.600000'),
(DEFAULT, 16816, 'Employee 124 submit Report', 'Completed Task.', NULL, 'APPROVED', '2021-01-20 22:13:16.800000', '2021-01-20 22:13:16.800000', '2021-01-20 22:18:16.800000'),
(DEFAULT, 16817, 'Employee 125 submit Report', 'Completed Task.', NULL, 'APPROVED', '2021-01-19 22:30:33.600000', '2021-01-19 22:30:33.600000', '2021-01-19 22:35:33.600000'),
(DEFAULT, 16818, 'Employee 126 submit Report', 'Completed Task.', NULL, 'APPROVED', '2021-01-26 18:20:00.000000', '2021-01-26 18:20:00.000000', '2021-01-26 18:25:00.000000'),
(DEFAULT, 16819, 'Employee 127 submit Report', 'Completed Task.', NULL, 'APPROVED', '2021-01-21 00:25:45.600000', '2021-01-21 00:25:45.600000', '2021-01-21 00:30:45.600000'),
(DEFAULT, 16820, 'Employee 129 submit Report', 'Completed Task.', NULL, 'APPROVED', '2021-01-26 16:36:19.200000', '2021-01-26 16:36:19.200000', '2021-01-26 16:41:19.200000'),
(DEFAULT, 16821, 'Employee 131 submit Report', 'Completed Task.', NULL, 'APPROVED', '2021-01-20 00:54:33.600000', '2021-01-20 00:54:33.600000', '2021-01-20 00:59:33.600000'),
(DEFAULT, 16822, 'Employee 132 submit Report', 'Completed Task.', NULL, 'APPROVED', '2021-01-22 17:59:50.400000', '2021-01-22 17:59:50.400000', '2021-01-22 18:04:50.400000'),
(DEFAULT, 16823, 'Employee 133 submit Report', 'Completed Task.', NULL, 'APPROVED', '2021-01-22 11:28:09.600000', '2021-01-22 11:28:09.600000', '2021-01-22 11:33:09.600000'),
(DEFAULT, 16824, 'Employee 134 submit Report', 'Completed Task.', NULL, 'APPROVED', '2021-01-22 11:51:12.000000', '2021-01-22 11:51:12.000000', '2021-01-22 11:56:12.000000'),
(DEFAULT, 16825, 'Employee 112 submit Report', 'Completed Task.', NULL, 'APPROVED', '2021-01-21 04:10:24.000000', '2021-01-21 04:10:24.000000', '2021-01-21 04:15:24.000000'),
(DEFAULT, 16826, 'Employee 113 submit Report', 'Completed Task.', NULL, 'APPROVED', '2021-02-02 21:38:43.200000', '2021-02-02 21:38:43.200000', '2021-02-02 21:43:43.200000'),
(DEFAULT, 16827, 'Employee 114 submit Report', 'Completed Task.', NULL, 'APPROVED', '2021-02-02 08:46:52.800000', '2021-02-02 08:46:52.800000', '2021-02-02 08:51:52.800000');

-- 2021-01-24 00:20:00.000000
-- 2021-01-24
INSERT INTO task (id, collection_id, created_by_id, root_task_id, name, description, report_format, level, task_type, priority, is_locked, start_date, end_date, deadline, created_time, updated_time)
VALUES (681, 57, 151, NULL, 'Test Data Consistency Across Services', 'This is Test Data Consistency Across Services', NULL, 'NORMAL', 'TEST', 'HIGH', FALSE, '2021-01-24', '2021-02-10', '2021-01-29', '2021-01-24 00:20:00.000000', '2021-01-24 00:20:00.000000');

INSERT INTO task_for_users (id, task_id, assigned_to_id, user_task_status, updated_time, started_time)
VALUES
(16829, 681, 116, 'JOINED', '2021-01-24 00:20:00.000000', '2021-01-25 08:44:00.000000'),
(16830, 681, 119, 'JOINED', '2021-01-24 00:20:00.000000', '2021-01-24 13:10:24.000000'),
(16831, 681, 120, 'JOINED', '2021-01-24 00:20:00.000000', '2021-01-25 18:48:48.000000'),
(16832, 681, 121, 'JOINED', '2021-01-24 00:20:00.000000', '2021-01-24 11:15:12.000000'),
(16833, 681, 122, 'JOINED', '2021-01-24 00:20:00.000000', '2021-01-26 02:58:24.000000'),
(16834, 681, 124, 'JOINED', '2021-01-24 00:20:00.000000', '2021-01-26 00:27:12.000000'),
(16835, 681, 125, 'JOINED', '2021-01-24 00:20:00.000000', '2021-01-25 08:51:12.000000'),
(16836, 681, 126, 'JOINED', '2021-01-24 00:20:00.000000', '2021-01-26 07:03:12.000000'),
(16837, 681, 127, 'JOINED', '2021-01-24 00:20:00.000000', '2021-01-24 08:29:36.000000'),
(16838, 681, 128, 'JOINED', '2021-01-24 00:20:00.000000', '2021-01-24 03:20:00.000000'),
(16839, 681, 129, 'JOINED', '2021-01-24 00:20:00.000000', '2021-01-27 01:46:24.000000'),
(16840, 681, 130, 'JOINED', '2021-01-24 00:20:00.000000', '2021-01-25 16:53:36.000000'),
(16841, 681, 131, 'JOINED', '2021-01-24 00:20:00.000000', '2021-01-25 00:20:00.000000'),
(16842, 681, 132, 'JOINED', '2021-01-24 00:20:00.000000', '2021-01-24 11:51:12.000000'),
(16843, 681, 133, 'JOINED', '2021-01-24 00:20:00.000000', '2021-01-24 04:17:36.000000'),
(16844, 681, 134, 'JOINED', '2021-01-24 00:20:00.000000', '2021-01-25 23:22:24.000000'),
(16845, 681, 135, 'JOINED', '2021-01-24 00:20:00.000000', '2021-01-25 04:10:24.000000'),
(16846, 681, 112, 'JOINED', '2021-01-24 00:20:00.000000', '2021-01-24 03:48:48.000000'),
(16847, 681, 113, 'JOINED', '2021-01-24 00:20:00.000000', '2021-01-28 12:20:00.000000'),
(16848, 681, 114, 'JOINED', '2021-01-24 00:20:00.000000', '2021-01-24 02:00:48.000000');
INSERT INTO report (id, created_by_id, title, content, rejected_reason, report_status, created_time, updated_time, reviewed_time)
VALUES
(DEFAULT, 16829, 'Employee 116 submit Report', 'Completed Task.', NULL, 'APPROVED', '2021-01-26 15:56:00.000000', '2021-01-26 15:56:00.000000', '2021-01-26 16:01:00.000000'),
(DEFAULT, 16830, 'Employee 119 submit Report', 'Completed Task.', NULL, 'APPROVED', '2021-01-26 11:00:48.000000', '2021-01-26 11:00:48.000000', '2021-01-26 11:05:48.000000'),
(DEFAULT, 16831, 'Employee 120 submit Report', 'Completed Task.', NULL, 'APPROVED', '2021-01-27 19:46:24.000000', '2021-01-27 19:46:24.000000', '2021-01-27 19:51:24.000000'),
(DEFAULT, 16832, 'Employee 121 submit Report', 'Completed Task.', NULL, 'APPROVED', '2021-01-25 22:17:36.000000', '2021-01-25 22:17:36.000000', '2021-01-25 22:22:36.000000'),
(DEFAULT, 16833, 'Employee 122 submit Report', 'Completed Task.', NULL, 'APPROVED', '2021-01-27 17:51:12.000000', '2021-01-27 17:51:12.000000', '2021-01-27 17:56:12.000000'),
(DEFAULT, 16834, 'Employee 124 submit Report', 'Completed Task.', NULL, 'APPROVED', '2021-01-28 01:03:12.000000', '2021-01-28 01:03:12.000000', '2021-01-28 01:08:12.000000'),
(DEFAULT, 16835, 'Employee 125 submit Report', 'Completed Task.', NULL, 'APPROVED', '2021-01-27 11:44:00.000000', '2021-01-27 11:44:00.000000', '2021-01-27 11:49:00.000000'),
(DEFAULT, 16836, 'Employee 126 submit Report', 'Completed Task.', NULL, 'APPROVED', '2021-01-28 09:41:36.000000', '2021-01-28 09:41:36.000000', '2021-01-28 09:46:36.000000'),
(DEFAULT, 16837, 'Employee 127 submit Report', 'Completed Task.', NULL, 'APPROVED', '2021-01-26 08:51:12.000000', '2021-01-26 08:51:12.000000', '2021-01-26 08:56:12.000000'),
(DEFAULT, 16838, 'Employee 128 submit Report', 'Completed Task.', NULL, 'APPROVED', '2021-01-25 10:32:00.000000', '2021-01-25 10:32:00.000000', '2021-01-25 10:37:00.000000'),
(DEFAULT, 16839, 'Employee 129 submit Report', 'Completed Task.', NULL, 'APPROVED', '2021-01-28 18:20:00.000000', '2021-01-28 18:20:00.000000', '2021-01-28 18:25:00.000000'),
(DEFAULT, 16840, 'Employee 130 submit Report', 'Completed Task.', NULL, 'APPROVED', '2021-01-26 19:17:36.000000', '2021-01-26 19:17:36.000000', '2021-01-26 19:22:36.000000'),
(DEFAULT, 16841, 'Employee 131 submit Report', 'Completed Task.', NULL, 'APPROVED', '2021-01-26 01:03:12.000000', '2021-01-26 01:03:12.000000', '2021-01-26 01:08:12.000000'),
(DEFAULT, 16842, 'Employee 132 submit Report', 'Completed Task.', NULL, 'APPROVED', '2021-01-26 19:46:24.000000', '2021-01-26 19:46:24.000000', '2021-01-26 19:51:24.000000'),
(DEFAULT, 16843, 'Employee 133 submit Report', 'Completed Task.', NULL, 'APPROVED', '2021-01-25 04:39:12.000000', '2021-01-25 04:39:12.000000', '2021-01-25 04:44:12.000000'),
(DEFAULT, 16844, 'Employee 134 submit Report', 'Completed Task.', NULL, 'APPROVED', '2021-01-27 01:32:00.000000', '2021-01-27 01:32:00.000000', '2021-01-27 01:37:00.000000'),
(DEFAULT, 16845, 'Employee 135 submit Report', 'Completed Task.', NULL, 'APPROVED', '2021-01-26 12:27:12.000000', '2021-01-26 12:27:12.000000', '2021-01-26 12:32:12.000000'),
(DEFAULT, 16846, 'Employee 112 submit Report', 'Completed Task.', NULL, 'APPROVED', '2021-01-25 18:05:36.000000', '2021-01-25 18:05:36.000000', '2021-01-25 18:10:36.000000'),
(DEFAULT, 16847, 'Employee 113 submit Report', 'Completed Task.', NULL, 'APPROVED', '2021-02-10 05:00:48.000000', '2021-02-10 05:00:48.000000', '2021-02-10 05:05:48.000000'),
(DEFAULT, 16848, 'Employee 114 submit Report', 'Completed Task.', NULL, 'APPROVED', '2021-01-28 09:27:12.000000', '2021-01-28 09:27:12.000000', '2021-01-28 09:32:12.000000');

-- 2021-01-30 00:20:00.000000
-- 2021-01-30
INSERT INTO task (id, collection_id, created_by_id, root_task_id, name, description, report_format, level, task_type, priority, is_locked, start_date, end_date, deadline, created_time, updated_time)
VALUES (682, 57, 151, NULL, 'Test Transaction Rollback Scenarios', 'This is Test Transaction Rollback Scenarios', NULL, 'NORMAL', 'TEST', 'NORMAL', FALSE, '2021-01-30', '2021-02-10', '2021-02-03', '2021-01-30 00:20:00.000000', '2021-01-30 00:20:00.000000');

INSERT INTO task_for_users (id, task_id, assigned_to_id, user_task_status, updated_time, started_time)
VALUES
(16850, 682, 116, 'JOINED', '2021-01-30 00:20:00.000000', '2021-02-01 01:40:38.400000'),
(16851, 682, 117, 'JOINED', '2021-01-30 00:20:00.000000', '2021-02-01 08:52:38.400000'),
(16852, 682, 118, 'JOINED', '2021-01-30 00:20:00.000000', '2021-01-30 11:28:09.600000'),
(16853, 682, 119, 'JOINED', '2021-01-30 00:20:00.000000', '2021-02-01 13:34:52.800000'),
(16854, 682, 120, 'JOINED', '2021-01-30 00:20:00.000000', '2021-01-31 19:14:43.200000'),
(16855, 682, 121, 'JOINED', '2021-01-30 00:20:00.000000', '2021-01-30 15:24:19.200000'),
(16856, 682, 122, 'JOINED', '2021-01-30 00:20:00.000000', '2021-01-31 09:38:43.200000'),
(16857, 682, 124, 'JOINED', '2021-01-30 00:20:00.000000', '2021-01-31 10:01:45.600000'),
(16858, 682, 125, 'JOINED', '2021-01-30 00:20:00.000000', '2021-01-30 02:15:12.000000'),
(16859, 682, 126, 'JOINED', '2021-01-30 00:20:00.000000', '2021-01-31 19:32:00.000000'),
(16860, 682, 128, 'JOINED', '2021-01-30 00:20:00.000000', '2021-01-30 21:32:57.600000'),
(16861, 682, 129, 'JOINED', '2021-01-30 00:20:00.000000', '2021-02-02 00:31:31.200000'),
(16862, 682, 131, 'JOINED', '2021-01-30 00:20:00.000000', '2021-01-31 20:41:07.200000'),
(16863, 682, 132, 'JOINED', '2021-01-30 00:20:00.000000', '2021-01-30 08:18:04.800000'),
(16864, 682, 133, 'JOINED', '2021-01-30 00:20:00.000000', '2021-01-31 19:49:16.800000'),
(16865, 682, 134, 'JOINED', '2021-01-30 00:20:00.000000', '2021-01-30 02:55:31.200000'),
(16866, 682, 135, 'JOINED', '2021-01-30 00:20:00.000000', '2021-01-30 15:01:16.800000'),
(16867, 682, 112, 'JOINED', '2021-01-30 00:20:00.000000', '2021-01-30 01:29:07.200000'),
(16868, 682, 113, 'JOINED', '2021-01-30 00:20:00.000000', '2021-01-31 08:55:31.200000'),
(16869, 682, 114, 'JOINED', '2021-01-30 00:20:00.000000', '2021-02-02 14:44:00.000000');
INSERT INTO report (id, created_by_id, title, content, rejected_reason, report_status, created_time, updated_time, reviewed_time)
VALUES
(DEFAULT, 16850, 'Employee 116 submit Report', 'Completed Task.', NULL, 'APPROVED', '2021-02-02 21:32:57.600000', '2021-02-02 21:32:57.600000', '2021-02-02 21:37:57.600000'),
(DEFAULT, 16851, 'Employee 117 submit Report', 'Completed Task.', NULL, 'APPROVED', '2021-02-02 04:50:43.200000', '2021-02-02 04:50:43.200000', '2021-02-02 04:55:43.200000'),
(DEFAULT, 16852, 'Employee 118 submit Report', 'Completed Task.', NULL, 'APPROVED', '2021-01-31 03:53:07.200000', '2021-01-31 03:53:07.200000', '2021-01-31 03:58:07.200000'),
(DEFAULT, 16853, 'Employee 119 submit Report', 'Completed Task.', NULL, 'APPROVED', '2021-02-02 04:56:28.800000', '2021-02-02 04:56:28.800000', '2021-02-02 05:01:28.800000'),
(DEFAULT, 16854, 'Employee 120 submit Report', 'Completed Task.', NULL, 'APPROVED', '2021-02-01 20:00:48.000000', '2021-02-01 20:00:48.000000', '2021-02-01 20:05:48.000000'),
(DEFAULT, 16855, 'Employee 121 submit Report', 'Completed Task.', NULL, 'APPROVED', '2021-02-01 06:11:21.600000', '2021-02-01 06:11:21.600000', '2021-02-01 06:16:21.600000'),
(DEFAULT, 16856, 'Employee 122 submit Report', 'Completed Task.', NULL, 'APPROVED', '2021-02-01 10:24:48.000000', '2021-02-01 10:24:48.000000', '2021-02-01 10:29:48.000000'),
(DEFAULT, 16857, 'Employee 124 submit Report', 'Completed Task.', NULL, 'APPROVED', '2021-02-01 05:54:04.800000', '2021-02-01 05:54:04.800000', '2021-02-01 05:59:04.800000'),
(DEFAULT, 16858, 'Employee 125 submit Report', 'Completed Task.', NULL, 'APPROVED', '2021-01-31 07:08:57.600000', '2021-01-31 07:08:57.600000', '2021-01-31 07:13:57.600000'),
(DEFAULT, 16859, 'Employee 126 submit Report', 'Completed Task.', NULL, 'APPROVED', '2021-02-01 12:14:14.400000', '2021-02-01 12:14:14.400000', '2021-02-01 12:19:14.400000'),
(DEFAULT, 16860, 'Employee 128 submit Report', 'Completed Task.', NULL, 'APPROVED', '2021-02-01 12:14:14.400000', '2021-02-01 12:14:14.400000', '2021-02-01 12:19:14.400000'),
(DEFAULT, 16861, 'Employee 129 submit Report', 'Completed Task.', NULL, 'APPROVED', '2021-02-02 17:31:02.400000', '2021-02-02 17:31:02.400000', '2021-02-02 17:36:02.400000'),
(DEFAULT, 16862, 'Employee 131 submit Report', 'Completed Task.', NULL, 'APPROVED', '2021-02-01 23:56:57.600000', '2021-02-01 23:56:57.600000', '2021-02-02 00:01:57.600000'),
(DEFAULT, 16863, 'Employee 132 submit Report', 'Completed Task.', NULL, 'APPROVED', '2021-01-31 04:50:43.200000', '2021-01-31 04:50:43.200000', '2021-01-31 04:55:43.200000'),
(DEFAULT, 16864, 'Employee 133 submit Report', 'Completed Task.', NULL, 'APPROVED', '2021-02-01 19:03:12.000000', '2021-02-01 19:03:12.000000', '2021-02-01 19:08:12.000000'),
(DEFAULT, 16865, 'Employee 134 submit Report', 'Completed Task.', NULL, 'APPROVED', '2021-01-31 05:31:02.400000', '2021-01-31 05:31:02.400000', '2021-01-31 05:36:02.400000'),
(DEFAULT, 16866, 'Employee 135 submit Report', 'Completed Task.', NULL, 'APPROVED', '2021-02-06 09:38:43.200000', '2021-02-06 09:38:43.200000', '2021-02-06 09:43:43.200000'),
(DEFAULT, 16867, 'Employee 112 submit Report', 'Completed Task.', NULL, 'APPROVED', '2021-01-31 16:50:43.200000', '2021-01-31 16:50:43.200000', '2021-01-31 16:55:43.200000'),
(DEFAULT, 16868, 'Employee 113 submit Report', 'Completed Task.', NULL, 'APPROVED', '2021-02-05 15:44:28.800000', '2021-02-05 15:44:28.800000', '2021-02-05 15:49:28.800000'),
(DEFAULT, 16869, 'Employee 114 submit Report', 'Completed Task.', NULL, 'APPROVED', '2021-02-10 20:06:33.600000', '2021-02-10 20:06:33.600000', '2021-02-10 20:11:33.600000');

-- 2021-02-04 00:20:00.000000
-- 2021-02-04
INSERT INTO task (id, collection_id, created_by_id, root_task_id, name, description, report_format, level, task_type, priority, is_locked, start_date, end_date, deadline, created_time, updated_time)
VALUES (683, 57, 151, NULL, 'Test Concurrent API Requests', 'This is Test Concurrent API Requests', NULL, 'NORMAL', 'TEST', 'LOW', FALSE, '2021-02-04', '2021-02-15', '2021-02-07', '2021-02-04 00:20:00.000000', '2021-02-04 00:20:00.000000');

INSERT INTO task_for_users (id, task_id, assigned_to_id, user_task_status, updated_time, started_time)
VALUES
(16871, 683, 116, 'JOINED', '2021-02-04 00:20:00.000000', '2021-02-04 13:39:12.000000'),
(16872, 683, 117, 'JOINED', '2021-02-04 00:20:00.000000', '2021-02-06 17:08:00.000000'),
(16873, 683, 119, 'JOINED', '2021-02-04 00:20:00.000000', '2021-02-04 15:31:31.200000'),
(16874, 683, 121, 'JOINED', '2021-02-04 00:20:00.000000', '2021-02-05 09:27:12.000000'),
(16875, 683, 122, 'JOINED', '2021-02-04 00:20:00.000000', '2021-02-05 14:33:55.200000'),
(16876, 683, 123, 'JOINED', '2021-02-04 00:20:00.000000', '2021-02-05 01:01:45.600000'),
(16877, 683, 124, 'JOINED', '2021-02-04 00:20:00.000000', '2021-02-05 00:01:16.800000'),
(16878, 683, 126, 'JOINED', '2021-02-04 00:20:00.000000', '2021-02-05 03:28:38.400000'),
(16879, 683, 127, 'JOINED', '2021-02-04 00:20:00.000000', '2021-02-04 12:34:24.000000'),
(16880, 683, 128, 'JOINED', '2021-02-04 00:20:00.000000', '2021-02-04 01:11:50.400000'),
(16881, 683, 129, 'JOINED', '2021-02-04 00:20:00.000000', '2021-02-04 02:59:50.400000'),
(16882, 683, 130, 'JOINED', '2021-02-04 00:20:00.000000', '2021-02-04 13:47:50.400000'),
(16883, 683, 131, 'JOINED', '2021-02-04 00:20:00.000000', '2021-02-05 02:28:09.600000'),
(16884, 683, 132, 'JOINED', '2021-02-04 00:20:00.000000', '2021-02-04 05:05:07.200000'),
(16885, 683, 133, 'JOINED', '2021-02-04 00:20:00.000000', '2021-02-05 11:32:28.800000'),
(16886, 683, 134, 'JOINED', '2021-02-04 00:20:00.000000', '2021-02-04 02:59:50.400000'),
(16887, 683, 135, 'JOINED', '2021-02-04 00:20:00.000000', '2021-02-05 07:52:09.600000'),
(16888, 683, 111, 'JOINED', '2021-02-04 00:20:00.000000', '2021-02-04 14:00:48.000000'),
(16889, 683, 113, 'JOINED', '2021-02-04 00:20:00.000000', '2021-02-04 17:06:33.600000'),
(16890, 683, 115, 'JOINED', '2021-02-04 00:20:00.000000', '2021-02-06 17:08:00.000000');
INSERT INTO report (id, created_by_id, title, content, rejected_reason, report_status, created_time, updated_time, reviewed_time)
VALUES
(DEFAULT, 16871, 'Employee 116 submit Report', 'Completed Task.', NULL, 'APPROVED', '2021-02-05 16:08:57.600000', '2021-02-05 16:08:57.600000', '2021-02-05 16:13:57.600000'),
(DEFAULT, 16872, 'Employee 117 submit Report', 'Completed Task.', NULL, 'APPROVED', '2021-02-14 22:03:12.000000', '2021-02-14 22:03:12.000000', '2021-02-14 22:08:12.000000'),
(DEFAULT, 16873, 'Employee 119 submit Report', 'Completed Task.', NULL, 'APPROVED', '2021-02-05 19:14:43.200000', '2021-02-05 19:14:43.200000', '2021-02-05 19:19:43.200000'),
(DEFAULT, 16874, 'Employee 121 submit Report', 'Completed Task.', NULL, 'APPROVED', '2021-02-06 01:26:14.400000', '2021-02-06 01:26:14.400000', '2021-02-06 01:31:14.400000'),
(DEFAULT, 16875, 'Employee 122 submit Report', 'Completed Task.', NULL, 'APPROVED', '2021-02-06 07:50:43.200000', '2021-02-06 07:50:43.200000', '2021-02-06 07:55:43.200000'),
(DEFAULT, 16876, 'Employee 123 submit Report', 'Completed Task.', NULL, 'APPROVED', '2021-02-05 13:46:24.000000', '2021-02-05 13:46:24.000000', '2021-02-05 13:51:24.000000'),
(DEFAULT, 16877, 'Employee 124 submit Report', 'Completed Task.', NULL, 'APPROVED', '2021-02-05 14:42:33.600000', '2021-02-05 14:42:33.600000', '2021-02-05 14:47:33.600000'),
(DEFAULT, 16878, 'Employee 126 submit Report', 'Completed Task.', NULL, 'APPROVED', '2021-02-06 00:08:28.800000', '2021-02-06 00:08:28.800000', '2021-02-06 00:13:28.800000'),
(DEFAULT, 16879, 'Employee 127 submit Report', 'Completed Task.', NULL, 'APPROVED', '2021-02-05 18:05:36.000000', '2021-02-05 18:05:36.000000', '2021-02-05 18:10:36.000000'),
(DEFAULT, 16880, 'Employee 128 submit Report', 'Completed Task.', NULL, 'APPROVED', '2021-02-04 20:16:38.400000', '2021-02-04 20:16:38.400000', '2021-02-04 20:21:38.400000'),
(DEFAULT, 16881, 'Employee 129 submit Report', 'Completed Task.', NULL, 'APPROVED', '2021-02-05 03:20:00.000000', '2021-02-05 03:20:00.000000', '2021-02-05 03:25:00.000000'),
(DEFAULT, 16882, 'Employee 130 submit Report', 'Completed Task.', NULL, 'APPROVED', '2021-02-05 16:34:52.800000', '2021-02-05 16:34:52.800000', '2021-02-05 16:39:52.800000'),
(DEFAULT, 16883, 'Employee 131 submit Report', 'Completed Task.', NULL, 'APPROVED', '2021-02-05 13:55:02.400000', '2021-02-05 13:55:02.400000', '2021-02-05 14:00:02.400000'),
(DEFAULT, 16884, 'Employee 132 submit Report', 'Completed Task.', NULL, 'APPROVED', '2021-02-04 15:57:26.400000', '2021-02-04 15:57:26.400000', '2021-02-04 16:02:26.400000'),
(DEFAULT, 16885, 'Employee 133 submit Report', 'Completed Task.', NULL, 'APPROVED', '2021-02-06 18:56:00.000000', '2021-02-06 18:56:00.000000', '2021-02-06 19:01:00.000000'),
(DEFAULT, 16886, 'Employee 134 submit Report', 'Completed Task.', NULL, 'APPROVED', '2021-02-04 15:22:52.800000', '2021-02-04 15:22:52.800000', '2021-02-04 15:27:52.800000'),
(DEFAULT, 16887, 'Employee 135 submit Report', 'Completed Task.', NULL, 'APPROVED', '2021-02-06 12:01:16.800000', '2021-02-06 12:01:16.800000', '2021-02-06 12:06:16.800000'),
(DEFAULT, 16888, 'Employee 111 submit Report', 'Completed Task.', NULL, 'APPROVED', '2021-02-06 05:10:52.800000', '2021-02-06 05:10:52.800000', '2021-02-06 05:15:52.800000'),
(DEFAULT, 16889, 'Employee 113 submit Report', 'Completed Task.', NULL, 'APPROVED', '2021-02-06 17:59:50.400000', '2021-02-06 17:59:50.400000', '2021-02-06 18:04:50.400000'),
(DEFAULT, 16890, 'Employee 115 submit Report', 'Completed Task.', NULL, 'APPROVED', '2021-02-15 07:03:12.000000', '2021-02-15 07:03:12.000000', '2021-02-15 07:08:12.000000');

-- 2021-02-08 00:20:00.000000
-- 2021-02-08
INSERT INTO task (id, collection_id, created_by_id, root_task_id, name, description, report_format, level, task_type, priority, is_locked, start_date, end_date, deadline, created_time, updated_time)
VALUES (684, 57, 151, NULL, 'Test API Idempotency', 'This is Test API Idempotency', NULL, 'ADVANCED', 'TEST', 'URGENT', FALSE, '2021-02-08', '2021-03-07', '2021-02-15', '2021-02-08 00:20:00.000000', '2021-02-08 00:20:00.000000');

INSERT INTO task_for_users (id, task_id, assigned_to_id, user_task_status, updated_time, started_time)
VALUES
(16892, 684, 116, 'JOINED', '2021-02-08 00:20:00.000000', '2021-02-14 07:32:00.000000'),
(16893, 684, 117, 'JOINED', '2021-02-08 00:20:00.000000', '2021-02-08 01:10:24.000000'),
(16894, 684, 118, 'JOINED', '2021-02-08 00:20:00.000000', '2021-02-09 05:44:00.000000'),
(16895, 684, 120, 'JOINED', '2021-02-08 00:20:00.000000', '2021-02-08 10:24:48.000000'),
(16896, 684, 121, 'JOINED', '2021-02-08 00:20:00.000000', '2021-02-14 07:32:00.000000'),
(16897, 684, 122, 'JOINED', '2021-02-08 00:20:00.000000', '2021-02-08 00:40:09.600000'),
(16898, 684, 124, 'JOINED', '2021-02-08 00:20:00.000000', '2021-02-14 07:32:00.000000'),
(16899, 684, 125, 'JOINED', '2021-02-08 00:20:00.000000', '2021-02-14 07:32:00.000000'),
(16900, 684, 126, 'JOINED', '2021-02-08 00:20:00.000000', '2021-02-14 07:32:00.000000'),
(16901, 684, 127, 'JOINED', '2021-02-08 00:20:00.000000', '2021-02-14 07:32:00.000000'),
(16902, 684, 128, 'JOINED', '2021-02-08 00:20:00.000000', '2021-02-08 20:49:45.600000'),
(16903, 684, 129, 'JOINED', '2021-02-08 00:20:00.000000', '2021-02-09 00:51:40.800000'),
(16904, 684, 130, 'JOINED', '2021-02-08 00:20:00.000000', '2021-02-14 07:32:00.000000'),
(16905, 684, 131, 'JOINED', '2021-02-08 00:20:00.000000', '2021-02-08 11:25:16.800000'),
(16906, 684, 133, 'JOINED', '2021-02-08 00:20:00.000000', '2021-02-08 09:44:28.800000'),
(16907, 684, 134, 'JOINED', '2021-02-08 00:20:00.000000', '2021-02-14 07:32:00.000000'),
(16908, 684, 111, 'JOINED', '2021-02-08 00:20:00.000000', '2021-02-09 07:39:55.200000'),
(16909, 684, 113, 'JOINED', '2021-02-08 00:20:00.000000', '2021-02-08 10:09:40.800000'),
(16910, 684, 115, 'JOINED', '2021-02-08 00:20:00.000000', '2021-02-14 07:32:00.000000');
INSERT INTO report (id, created_by_id, title, content, rejected_reason, report_status, created_time, updated_time, reviewed_time)
VALUES
(DEFAULT, 16892, 'Employee 116 submit Report', 'Completed Task.', NULL, 'APPROVED', '2021-03-06 03:28:38.400000', '2021-03-06 03:28:38.400000', '2021-03-06 03:33:38.400000'),
(DEFAULT, 16893, 'Employee 117 submit Report', 'Completed Task.', NULL, 'APPROVED', '2021-02-11 16:42:04.800000', '2021-02-11 16:42:04.800000', '2021-02-11 16:47:04.800000'),
(DEFAULT, 16894, 'Employee 118 submit Report', 'Completed Task.', NULL, 'APPROVED', '2021-02-14 11:23:50.400000', '2021-02-14 11:23:50.400000', '2021-02-14 11:28:50.400000'),
(DEFAULT, 16895, 'Employee 120 submit Report', 'Completed Task.', NULL, 'APPROVED', '2021-02-11 23:15:12.000000', '2021-02-11 23:15:12.000000', '2021-02-11 23:20:12.000000'),
(DEFAULT, 16896, 'Employee 121 submit Report', 'Completed Task.', NULL, 'APPROVED', '2021-03-03 23:03:40.800000', '2021-03-03 23:03:40.800000', '2021-03-03 23:08:40.800000'),
(DEFAULT, 16897, 'Employee 122 submit Report', 'Completed Task.', NULL, 'APPROVED', '2021-02-12 10:40:38.400000', '2021-02-12 10:40:38.400000', '2021-02-12 10:45:38.400000'),
(DEFAULT, 16898, 'Employee 124 submit Report', 'Completed Task.', NULL, 'APPROVED', '2021-03-02 22:52:09.600000', '2021-03-02 22:52:09.600000', '2021-03-02 22:57:09.600000'),
(DEFAULT, 16899, 'Employee 125 submit Report', 'Completed Task.', NULL, 'APPROVED', '2021-03-02 19:30:33.600000', '2021-03-02 19:30:33.600000', '2021-03-02 19:35:33.600000'),
(DEFAULT, 16900, 'Employee 126 submit Report', 'Completed Task.', NULL, 'APPROVED', '2021-02-28 22:59:21.600000', '2021-02-28 22:59:21.600000', '2021-02-28 23:04:21.600000'),
(DEFAULT, 16901, 'Employee 127 submit Report', 'Completed Task.', NULL, 'APPROVED', '2021-03-07 00:58:52.800000', '2021-03-07 00:58:52.800000', '2021-03-07 01:03:52.800000'),
(DEFAULT, 16902, 'Employee 128 submit Report', 'Completed Task.', NULL, 'APPROVED', '2021-02-21 03:50:14.400000', '2021-02-21 03:50:14.400000', '2021-02-21 03:55:14.400000'),
(DEFAULT, 16903, 'Employee 129 submit Report', 'Completed Task.', NULL, 'APPROVED', '2021-02-20 23:48:19.200000', '2021-02-20 23:48:19.200000', '2021-02-20 23:53:19.200000'),
(DEFAULT, 16904, 'Employee 130 submit Report', 'Completed Task.', NULL, 'APPROVED', '2021-03-03 06:25:45.600000', '2021-03-03 06:25:45.600000', '2021-03-03 06:30:45.600000'),
(DEFAULT, 16905, 'Employee 131 submit Report', 'Completed Task.', NULL, 'APPROVED', '2021-02-12 03:57:26.400000', '2021-02-12 03:57:26.400000', '2021-02-12 04:02:26.400000'),
(DEFAULT, 16906, 'Employee 133 submit Report', 'Completed Task.', NULL, 'APPROVED', '2021-02-21 14:55:31.200000', '2021-02-21 14:55:31.200000', '2021-02-21 15:00:31.200000'),
(DEFAULT, 16907, 'Employee 134 submit Report', 'Completed Task.', NULL, 'APPROVED', '2021-03-03 04:55:02.400000', '2021-03-03 04:55:02.400000', '2021-03-03 05:00:02.400000'),
(DEFAULT, 16908, 'Employee 111 submit Report', 'Completed Task.', NULL, 'APPROVED', '2021-02-20 17:00:04.800000', '2021-02-20 17:00:04.800000', '2021-02-20 17:05:04.800000'),
(DEFAULT, 16909, 'Employee 113 submit Report', 'Completed Task.', NULL, 'APPROVED', '2021-02-21 14:30:19.200000', '2021-02-21 14:30:19.200000', '2021-02-21 14:35:19.200000'),
(DEFAULT, 16910, 'Employee 115 submit Report', 'Completed Task.', NULL, 'APPROVED', '2021-02-28 09:43:02.400000', '2021-02-28 09:43:02.400000', '2021-02-28 09:48:02.400000');

-- 2021-02-16 00:20:00.000000
-- 2021-02-16
INSERT INTO task (id, collection_id, created_by_id, root_task_id, name, description, report_format, level, task_type, priority, is_locked, start_date, end_date, deadline, created_time, updated_time)
VALUES (685, 57, 151, NULL, 'Test Message Ordering', 'This is Test Message Ordering', NULL, 'ADVANCED', 'TEST', 'HIGH', FALSE, '2021-02-16', '2021-03-11', '2021-02-22', '2021-02-16 00:20:00.000000', '2021-02-16 00:20:00.000000');

INSERT INTO task_for_users (id, task_id, assigned_to_id, user_task_status, updated_time, started_time)
VALUES
(16912, 685, 116, 'JOINED', '2021-02-16 00:20:00.000000', '2021-02-21 09:56:00.000000'),
(16913, 685, 117, 'JOINED', '2021-02-16 00:20:00.000000', '2021-02-16 06:48:48.000000'),
(16914, 685, 118, 'JOINED', '2021-02-16 00:20:00.000000', '2021-02-16 09:58:52.800000'),
(16915, 685, 119, 'JOINED', '2021-02-16 00:20:00.000000', '2021-02-19 23:22:24.000000'),
(16916, 685, 121, 'JOINED', '2021-02-16 00:20:00.000000', '2021-02-21 09:56:00.000000'),
(16917, 685, 122, 'JOINED', '2021-02-16 00:20:00.000000', '2021-02-17 01:14:43.200000'),
(16918, 685, 123, 'JOINED', '2021-02-16 00:20:00.000000', '2021-02-17 14:38:14.400000'),
(16919, 685, 125, 'JOINED', '2021-02-16 00:20:00.000000', '2021-02-17 03:32:57.600000'),
(16920, 685, 127, 'JOINED', '2021-02-16 00:20:00.000000', '2021-02-21 09:56:00.000000'),
(16921, 685, 128, 'JOINED', '2021-02-16 00:20:00.000000', '2021-02-17 05:16:38.400000'),
(16922, 685, 130, 'JOINED', '2021-02-16 00:20:00.000000', '2021-02-21 09:56:00.000000'),
(16923, 685, 131, 'JOINED', '2021-02-16 00:20:00.000000', '2021-02-17 22:42:04.800000'),
(16924, 685, 132, 'JOINED', '2021-02-16 00:20:00.000000', '2021-02-16 07:06:04.800000'),
(16925, 685, 133, 'JOINED', '2021-02-16 00:20:00.000000', '2021-02-17 23:51:12.000000'),
(16926, 685, 134, 'JOINED', '2021-02-16 00:20:00.000000', '2021-02-16 11:16:38.400000'),
(16927, 685, 135, 'JOINED', '2021-02-16 00:20:00.000000', '2021-02-17 14:20:57.600000'),
(16928, 685, 136, 'JOINED', '2021-02-16 00:20:00.000000', '2021-02-16 21:38:43.200000'),
(16929, 685, 138, 'JOINED', '2021-02-16 00:20:00.000000', '2021-02-20 02:32:28.800000'),
(16930, 685, 139, 'JOINED', '2021-02-16 00:20:00.000000', '2021-02-16 18:37:16.800000'),
(16931, 685, 140, 'JOINED', '2021-02-16 00:20:00.000000', '2021-02-16 04:34:52.800000');
INSERT INTO report (id, created_by_id, title, content, rejected_reason, report_status, created_time, updated_time, reviewed_time)
VALUES
(DEFAULT, 16912, 'Employee 116 submit Report', 'Completed Task.', NULL, 'APPROVED', '2021-03-08 17:16:38.400000', '2021-03-08 17:16:38.400000', '2021-03-08 17:21:38.400000'),
(DEFAULT, 16913, 'Employee 117 submit Report', 'Completed Task.', NULL, 'APPROVED', '2021-02-19 17:10:52.800000', '2021-02-19 17:10:52.800000', '2021-02-19 17:15:52.800000'),
(DEFAULT, 16914, 'Employee 118 submit Report', 'Completed Task.', NULL, 'APPROVED', '2021-02-18 16:42:04.800000', '2021-02-18 16:42:04.800000', '2021-02-18 16:47:04.800000'),
(DEFAULT, 16915, 'Employee 119 submit Report', 'Completed Task.', NULL, 'APPROVED', '2021-02-21 18:34:24.000000', '2021-02-21 18:34:24.000000', '2021-02-21 18:39:24.000000'),
(DEFAULT, 16916, 'Employee 121 submit Report', 'Completed Task.', NULL, 'APPROVED', '2021-03-06 19:37:45.600000', '2021-03-06 19:37:45.600000', '2021-03-06 19:42:45.600000'),
(DEFAULT, 16917, 'Employee 122 submit Report', 'Completed Task.', NULL, 'APPROVED', '2021-02-19 02:46:52.800000', '2021-02-19 02:46:52.800000', '2021-02-19 02:51:52.800000'),
(DEFAULT, 16918, 'Employee 123 submit Report', 'Completed Task.', NULL, 'APPROVED', '2021-02-20 05:33:55.200000', '2021-02-20 05:33:55.200000', '2021-02-20 05:38:55.200000'),
(DEFAULT, 16919, 'Employee 125 submit Report', 'Completed Task.', NULL, 'APPROVED', '2021-02-19 13:17:36.000000', '2021-02-19 13:17:36.000000', '2021-02-19 13:22:36.000000'),
(DEFAULT, 16920, 'Employee 127 submit Report', 'Completed Task.', NULL, 'APPROVED', '2021-03-06 12:43:02.400000', '2021-03-06 12:43:02.400000', '2021-03-06 12:48:02.400000'),
(DEFAULT, 16921, 'Employee 128 submit Report', 'Completed Task.', NULL, 'APPROVED', '2021-02-19 04:21:55.200000', '2021-02-19 04:21:55.200000', '2021-02-19 04:26:55.200000'),
(DEFAULT, 16922, 'Employee 130 submit Report', 'Completed Task.', NULL, 'APPROVED', '2021-03-11 06:11:21.600000', '2021-03-11 06:11:21.600000', '2021-03-11 06:16:21.600000'),
(DEFAULT, 16923, 'Employee 131 submit Report', 'Completed Task.', NULL, 'APPROVED', '2021-02-20 13:03:12.000000', '2021-02-20 13:03:12.000000', '2021-02-20 13:08:12.000000'),
(DEFAULT, 16924, 'Employee 132 submit Report', 'Completed Task.', NULL, 'APPROVED', '2021-02-18 09:12:48.000000', '2021-02-18 09:12:48.000000', '2021-02-18 09:17:48.000000'),
(DEFAULT, 16925, 'Employee 133 submit Report', 'Completed Task.', NULL, 'APPROVED', '2021-02-26 00:48:48.000000', '2021-02-26 00:48:48.000000', '2021-02-26 00:53:48.000000'),
(DEFAULT, 16926, 'Employee 134 submit Report', 'Completed Task.', NULL, 'APPROVED', '2021-02-19 10:50:43.200000', '2021-02-19 10:50:43.200000', '2021-02-19 10:55:43.200000'),
(DEFAULT, 16927, 'Employee 135 submit Report', 'Completed Task.', NULL, 'APPROVED', '2021-02-21 02:52:38.400000', '2021-02-21 02:52:38.400000', '2021-02-21 02:57:38.400000'),
(DEFAULT, 16928, 'Employee 136 submit Report', 'Completed Task.', NULL, 'APPROVED', '2021-02-27 03:01:16.800000', '2021-02-27 03:01:16.800000', '2021-02-27 03:06:16.800000'),
(DEFAULT, 16929, 'Employee 138 submit Report', 'Completed Task.', NULL, 'APPROVED', '2021-02-21 12:31:31.200000', '2021-02-21 12:31:31.200000', '2021-02-21 12:36:31.200000'),
(DEFAULT, 16930, 'Employee 139 submit Report', 'Completed Task.', NULL, 'APPROVED', '2021-02-20 14:12:19.200000', '2021-02-20 14:12:19.200000', '2021-02-20 14:17:19.200000'),
(DEFAULT, 16931, 'Employee 140 submit Report', 'Completed Task.', NULL, 'APPROVED', '2021-02-27 20:05:07.200000', '2021-02-27 20:05:07.200000', '2021-02-27 20:10:07.200000');

-- 2021-02-23 00:20:00.000000
-- 2021-02-23
INSERT INTO task (id, collection_id, created_by_id, root_task_id, name, description, report_format, level, task_type, priority, is_locked, start_date, end_date, deadline, created_time, updated_time)
VALUES (686, 57, 151, NULL, 'Test API Versioning Support', 'This is Test API Versioning Support', NULL, 'ADVANCED', 'TEST', 'NORMAL', FALSE, '2021-02-23', '2021-03-12', '2021-02-28', '2021-02-23 00:20:00.000000', '2021-02-23 00:20:00.000000');

INSERT INTO task_for_users (id, task_id, assigned_to_id, user_task_status, updated_time, started_time)
VALUES
(16933, 686, 116, 'JOINED', '2021-02-23 00:20:00.000000', '2021-02-24 00:12:48.000000'),
(16934, 686, 118, 'JOINED', '2021-02-23 00:20:00.000000', '2021-02-27 12:20:00.000000'),
(16935, 686, 119, 'JOINED', '2021-02-23 00:20:00.000000', '2021-02-23 19:39:12.000000'),
(16936, 686, 120, 'JOINED', '2021-02-23 00:20:00.000000', '2021-02-23 21:45:12.000000'),
(16937, 686, 121, 'JOINED', '2021-02-23 00:20:00.000000', '2021-02-24 04:46:24.000000'),
(16938, 686, 122, 'JOINED', '2021-02-23 00:20:00.000000', '2021-02-24 08:29:36.000000'),
(16939, 686, 124, 'JOINED', '2021-02-23 00:20:00.000000', '2021-02-24 01:32:00.000000'),
(16940, 686, 125, 'JOINED', '2021-02-23 00:20:00.000000', '2021-02-27 12:20:00.000000'),
(16941, 686, 127, 'JOINED', '2021-02-23 00:20:00.000000', '2021-02-23 01:24:48.000000'),
(16942, 686, 128, 'JOINED', '2021-02-23 00:20:00.000000', '2021-02-24 01:53:36.000000'),
(16943, 686, 129, 'JOINED', '2021-02-23 00:20:00.000000', '2021-02-27 12:20:00.000000'),
(16944, 686, 131, 'JOINED', '2021-02-23 00:20:00.000000', '2021-02-26 15:41:36.000000'),
(16945, 686, 132, 'JOINED', '2021-02-23 00:20:00.000000', '2021-02-24 19:03:12.000000'),
(16946, 686, 133, 'JOINED', '2021-02-23 00:20:00.000000', '2021-02-24 17:44:00.000000'),
(16947, 686, 134, 'JOINED', '2021-02-23 00:20:00.000000', '2021-02-23 23:15:12.000000'),
(16948, 686, 135, 'JOINED', '2021-02-23 00:20:00.000000', '2021-02-24 15:48:48.000000'),
(16949, 686, 136, 'JOINED', '2021-02-23 00:20:00.000000', '2021-02-24 14:29:36.000000'),
(16950, 686, 138, 'JOINED', '2021-02-23 00:20:00.000000', '2021-02-27 12:20:00.000000'),
(16951, 686, 139, 'JOINED', '2021-02-23 00:20:00.000000', '2021-02-25 14:04:24.000000'),
(16952, 686, 140, 'JOINED', '2021-02-23 00:20:00.000000', '2021-02-23 07:24:48.000000');
INSERT INTO report (id, created_by_id, title, content, rejected_reason, report_status, created_time, updated_time, reviewed_time)
VALUES
(DEFAULT, 16933, 'Employee 116 submit Report', 'Completed Task.', NULL, 'APPROVED', '2021-02-26 21:05:36.000000', '2021-02-26 21:05:36.000000', '2021-02-26 21:10:36.000000'),
(DEFAULT, 16934, 'Employee 118 submit Report', 'Completed Task.', NULL, 'APPROVED', '2021-03-10 16:24:48.000000', '2021-03-10 16:24:48.000000', '2021-03-10 16:29:48.000000'),
(DEFAULT, 16935, 'Employee 119 submit Report', 'Completed Task.', NULL, 'APPROVED', '2021-02-24 20:15:12.000000', '2021-02-24 20:15:12.000000', '2021-02-24 20:20:12.000000'),
(DEFAULT, 16936, 'Employee 120 submit Report', 'Completed Task.', NULL, 'APPROVED', '2021-03-04 02:54:48.000000', '2021-03-04 02:54:48.000000', '2021-03-04 02:59:48.000000'),
(DEFAULT, 16937, 'Employee 121 submit Report', 'Completed Task.', NULL, 'APPROVED', '2021-02-27 20:51:12.000000', '2021-02-27 20:51:12.000000', '2021-02-27 20:56:12.000000'),
(DEFAULT, 16938, 'Employee 122 submit Report', 'Completed Task.', NULL, 'APPROVED', '2021-02-26 18:56:00.000000', '2021-02-26 18:56:00.000000', '2021-02-26 19:01:00.000000'),
(DEFAULT, 16939, 'Employee 124 submit Report', 'Completed Task.', NULL, 'APPROVED', '2021-02-26 03:05:36.000000', '2021-02-26 03:05:36.000000', '2021-02-26 03:10:36.000000'),
(DEFAULT, 16940, 'Employee 125 submit Report', 'Completed Task.', NULL, 'APPROVED', '2021-03-10 07:17:36.000000', '2021-03-10 07:17:36.000000', '2021-03-10 07:22:36.000000'),
(DEFAULT, 16941, 'Employee 127 submit Report', 'Completed Task.', NULL, 'APPROVED', '2021-02-25 06:27:12.000000', '2021-02-25 06:27:12.000000', '2021-02-25 06:32:12.000000'),
(DEFAULT, 16942, 'Employee 128 submit Report', 'Completed Task.', NULL, 'APPROVED', '2021-02-26 21:27:12.000000', '2021-02-26 21:27:12.000000', '2021-02-26 21:32:12.000000'),
(DEFAULT, 16943, 'Employee 129 submit Report', 'Completed Task.', NULL, 'APPROVED', '2021-03-12 21:05:36.000000', '2021-03-12 21:05:36.000000', '2021-03-12 21:10:36.000000'),
(DEFAULT, 16944, 'Employee 131 submit Report', 'Completed Task.', NULL, 'APPROVED', '2021-02-27 09:41:36.000000', '2021-02-27 09:41:36.000000', '2021-02-27 09:46:36.000000'),
(DEFAULT, 16945, 'Employee 132 submit Report', 'Completed Task.', NULL, 'APPROVED', '2021-03-03 05:36:48.000000', '2021-03-03 05:36:48.000000', '2021-03-03 05:41:48.000000'),
(DEFAULT, 16946, 'Employee 133 submit Report', 'Completed Task.', NULL, 'APPROVED', '2021-02-27 04:53:36.000000', '2021-02-27 04:53:36.000000', '2021-02-27 04:58:36.000000'),
(DEFAULT, 16947, 'Employee 134 submit Report', 'Completed Task.', NULL, 'APPROVED', '2021-02-26 18:48:48.000000', '2021-02-26 18:48:48.000000', '2021-02-26 18:53:48.000000'),
(DEFAULT, 16948, 'Employee 135 submit Report', 'Completed Task.', NULL, 'APPROVED', '2021-02-26 06:05:36.000000', '2021-02-26 06:05:36.000000', '2021-02-26 06:10:36.000000'),
(DEFAULT, 16949, 'Employee 136 submit Report', 'Completed Task.', NULL, 'APPROVED', '2021-02-27 05:15:12.000000', '2021-02-27 05:15:12.000000', '2021-02-27 05:20:12.000000'),
(DEFAULT, 16950, 'Employee 138 submit Report', 'Completed Task.', NULL, 'APPROVED', '2021-03-11 23:00:48.000000', '2021-03-11 23:00:48.000000', '2021-03-11 23:05:48.000000'),
(DEFAULT, 16951, 'Employee 139 submit Report', 'Completed Task.', NULL, 'APPROVED', '2021-03-02 10:35:36.000000', '2021-03-02 10:35:36.000000', '2021-03-02 10:40:36.000000'),
(DEFAULT, 16952, 'Employee 140 submit Report', 'Completed Task.', NULL, 'APPROVED', '2021-02-24 11:15:12.000000', '2021-02-24 11:15:12.000000', '2021-02-24 11:20:12.000000');

-- 2021-03-01 00:20:00.000000
-- 2021-03-01
INSERT INTO task (id, collection_id, created_by_id, root_task_id, name, description, report_format, level, task_type, priority, is_locked, start_date, end_date, deadline, created_time, updated_time)
VALUES (687, 57, 151, NULL, 'Test Deprecated API Behavior', 'This is Test Deprecated API Behavior', NULL, 'ADVANCED', 'TEST', 'LOW', FALSE, '2021-03-01', '2021-03-14', '2021-03-05', '2021-03-01 00:20:00.000000', '2021-03-01 00:20:00.000000');

INSERT INTO task_for_users (id, task_id, assigned_to_id, user_task_status, updated_time, started_time)
VALUES
(16954, 687, 116, 'JOINED', '2021-03-01 00:20:00.000000', '2021-03-01 16:44:57.600000'),
(16955, 687, 117, 'JOINED', '2021-03-01 00:20:00.000000', '2021-03-01 16:21:55.200000'),
(16956, 687, 118, 'JOINED', '2021-03-01 00:20:00.000000', '2021-03-03 03:12:48.000000'),
(16957, 687, 119, 'JOINED', '2021-03-01 00:20:00.000000', '2021-03-02 16:42:04.800000'),
(16958, 687, 120, 'JOINED', '2021-03-01 00:20:00.000000', '2021-03-01 14:49:45.600000'),
(16959, 687, 121, 'JOINED', '2021-03-01 00:20:00.000000', '2021-03-01 12:43:02.400000'),
(16960, 687, 122, 'JOINED', '2021-03-01 00:20:00.000000', '2021-03-01 22:07:31.200000'),
(16961, 687, 123, 'JOINED', '2021-03-01 00:20:00.000000', '2021-03-03 09:30:04.800000'),
(16962, 687, 124, 'JOINED', '2021-03-01 00:20:00.000000', '2021-03-01 05:36:48.000000'),
(16963, 687, 125, 'JOINED', '2021-03-01 00:20:00.000000', '2021-03-01 01:34:52.800000'),
(16964, 687, 126, 'JOINED', '2021-03-01 00:20:00.000000', '2021-03-02 20:23:50.400000'),
(16965, 687, 127, 'JOINED', '2021-03-01 00:20:00.000000', '2021-03-02 11:33:55.200000'),
(16966, 687, 129, 'JOINED', '2021-03-01 00:20:00.000000', '2021-03-01 11:36:48.000000'),
(16967, 687, 132, 'JOINED', '2021-03-01 00:20:00.000000', '2021-03-01 22:53:36.000000'),
(16968, 687, 133, 'JOINED', '2021-03-01 00:20:00.000000', '2021-03-01 01:17:36.000000'),
(16969, 687, 134, 'JOINED', '2021-03-01 00:20:00.000000', '2021-03-02 09:07:02.400000'),
(16970, 687, 136, 'JOINED', '2021-03-01 00:20:00.000000', '2021-03-04 14:44:00.000000'),
(16971, 687, 138, 'JOINED', '2021-03-01 00:20:00.000000', '2021-03-01 20:15:12.000000'),
(16972, 687, 139, 'JOINED', '2021-03-01 00:20:00.000000', '2021-03-01 02:15:12.000000'),
(16973, 687, 140, 'JOINED', '2021-03-01 00:20:00.000000', '2021-03-01 08:35:21.600000');
INSERT INTO report (id, created_by_id, title, content, rejected_reason, report_status, created_time, updated_time, reviewed_time)
VALUES
(DEFAULT, 16954, 'Employee 116 submit Report', 'Completed Task.', NULL, 'APPROVED', '2021-03-04 08:41:07.200000', '2021-03-04 08:41:07.200000', '2021-03-04 08:46:07.200000'),
(DEFAULT, 16955, 'Employee 117 submit Report', 'Completed Task.', NULL, 'APPROVED', '2021-03-03 22:42:04.800000', '2021-03-03 22:42:04.800000', '2021-03-03 22:47:04.800000'),
(DEFAULT, 16956, 'Employee 118 submit Report', 'Completed Task.', NULL, 'APPROVED', '2021-03-04 05:25:16.800000', '2021-03-04 05:25:16.800000', '2021-03-04 05:30:16.800000'),
(DEFAULT, 16957, 'Employee 119 submit Report', 'Completed Task.', NULL, 'APPROVED', '2021-03-07 07:57:55.200000', '2021-03-07 07:57:55.200000', '2021-03-07 08:02:55.200000'),
(DEFAULT, 16958, 'Employee 120 submit Report', 'Completed Task.', NULL, 'APPROVED', '2021-03-02 19:55:02.400000', '2021-03-02 19:55:02.400000', '2021-03-02 20:00:02.400000'),
(DEFAULT, 16959, 'Employee 121 submit Report', 'Completed Task.', NULL, 'APPROVED', '2021-03-02 13:23:21.600000', '2021-03-02 13:23:21.600000', '2021-03-02 13:28:21.600000'),
(DEFAULT, 16960, 'Employee 122 submit Report', 'Completed Task.', NULL, 'APPROVED', '2021-03-02 14:20:57.600000', '2021-03-02 14:20:57.600000', '2021-03-02 14:25:57.600000'),
(DEFAULT, 16961, 'Employee 123 submit Report', 'Completed Task.', NULL, 'APPROVED', '2021-03-06 15:09:55.200000', '2021-03-06 15:09:55.200000', '2021-03-06 15:14:55.200000'),
(DEFAULT, 16962, 'Employee 124 submit Report', 'Completed Task.', NULL, 'APPROVED', '2021-03-01 21:15:40.800000', '2021-03-01 21:15:40.800000', '2021-03-01 21:20:40.800000'),
(DEFAULT, 16963, 'Employee 125 submit Report', 'Completed Task.', NULL, 'APPROVED', '2021-03-02 20:35:21.600000', '2021-03-02 20:35:21.600000', '2021-03-02 20:40:21.600000'),
(DEFAULT, 16964, 'Employee 126 submit Report', 'Completed Task.', NULL, 'APPROVED', '2021-03-07 04:16:09.600000', '2021-03-07 04:16:09.600000', '2021-03-07 04:21:09.600000'),
(DEFAULT, 16965, 'Employee 127 submit Report', 'Completed Task.', NULL, 'APPROVED', '2021-03-04 02:20:57.600000', '2021-03-04 02:20:57.600000', '2021-03-04 02:25:57.600000'),
(DEFAULT, 16966, 'Employee 129 submit Report', 'Completed Task.', NULL, 'APPROVED', '2021-03-08 13:03:12.000000', '2021-03-08 13:03:12.000000', '2021-03-08 13:08:12.000000'),
(DEFAULT, 16967, 'Employee 132 submit Report', 'Completed Task.', NULL, 'APPROVED', '2021-03-03 02:26:43.200000', '2021-03-03 02:26:43.200000', '2021-03-03 02:31:43.200000'),
(DEFAULT, 16968, 'Employee 133 submit Report', 'Completed Task.', NULL, 'APPROVED', '2021-03-03 18:57:26.400000', '2021-03-03 18:57:26.400000', '2021-03-03 19:02:26.400000'),
(DEFAULT, 16969, 'Employee 134 submit Report', 'Completed Task.', NULL, 'APPROVED', '2021-03-07 15:32:57.600000', '2021-03-07 15:32:57.600000', '2021-03-07 15:37:57.600000'),
(DEFAULT, 16970, 'Employee 136 submit Report', 'Completed Task.', NULL, 'APPROVED', '2021-03-14 05:54:04.800000', '2021-03-14 05:54:04.800000', '2021-03-14 05:59:04.800000'),
(DEFAULT, 16971, 'Employee 138 submit Report', 'Completed Task.', NULL, 'APPROVED', '2021-03-08 04:24:48.000000', '2021-03-08 04:24:48.000000', '2021-03-08 04:29:48.000000'),
(DEFAULT, 16972, 'Employee 139 submit Report', 'Completed Task.', NULL, 'APPROVED', '2021-03-01 22:19:02.400000', '2021-03-01 22:19:02.400000', '2021-03-01 22:24:02.400000'),
(DEFAULT, 16973, 'Employee 140 submit Report', 'Completed Task.', NULL, 'APPROVED', '2021-03-02 01:00:19.200000', '2021-03-02 01:00:19.200000', '2021-03-02 01:05:19.200000');

-- 2021-03-06 00:20:00.000000
-- 2021-03-06
INSERT INTO task (id, collection_id, created_by_id, root_task_id, name, description, report_format, level, task_type, priority, is_locked, start_date, end_date, deadline, created_time, updated_time)
VALUES (688, 57, 151, NULL, 'Test Logging of API Errors', 'This is Test Logging of API Errors', NULL, 'ADVANCED', 'TEST', 'LOW', FALSE, '2021-03-06', '2021-03-20', '2021-03-10', '2021-03-06 00:20:00.000000', '2021-03-06 00:20:00.000000');

INSERT INTO task_for_users (id, task_id, assigned_to_id, user_task_status, updated_time, started_time)
VALUES
(16975, 688, 116, 'JOINED', '2021-03-06 00:20:00.000000', '2021-03-09 14:44:00.000000'),
(16976, 688, 117, 'JOINED', '2021-03-06 00:20:00.000000', '2021-03-06 05:02:14.400000'),
(16977, 688, 118, 'JOINED', '2021-03-06 00:20:00.000000', '2021-03-06 13:46:24.000000'),
(16978, 688, 119, 'JOINED', '2021-03-06 00:20:00.000000', '2021-03-07 20:29:36.000000'),
(16979, 688, 120, 'JOINED', '2021-03-06 00:20:00.000000', '2021-03-09 14:44:00.000000'),
(16980, 688, 121, 'JOINED', '2021-03-06 00:20:00.000000', '2021-03-06 10:53:36.000000'),
(16981, 688, 122, 'JOINED', '2021-03-06 00:20:00.000000', '2021-03-07 03:58:52.800000'),
(16982, 688, 123, 'JOINED', '2021-03-06 00:20:00.000000', '2021-03-06 07:37:45.600000'),
(16983, 688, 124, 'JOINED', '2021-03-06 00:20:00.000000', '2021-03-09 14:44:00.000000'),
(16984, 688, 125, 'JOINED', '2021-03-06 00:20:00.000000', '2021-03-07 13:29:07.200000'),
(16985, 688, 126, 'JOINED', '2021-03-06 00:20:00.000000', '2021-03-07 11:28:09.600000'),
(16986, 688, 127, 'JOINED', '2021-03-06 00:20:00.000000', '2021-03-06 21:38:43.200000'),
(16987, 688, 129, 'JOINED', '2021-03-06 00:20:00.000000', '2021-03-07 10:01:45.600000'),
(16988, 688, 132, 'JOINED', '2021-03-06 00:20:00.000000', '2021-03-06 08:41:07.200000'),
(16989, 688, 133, 'JOINED', '2021-03-06 00:20:00.000000', '2021-03-06 11:45:26.400000'),
(16990, 688, 134, 'JOINED', '2021-03-06 00:20:00.000000', '2021-03-09 14:44:00.000000'),
(16991, 688, 137, 'JOINED', '2021-03-06 00:20:00.000000', '2021-03-07 03:18:33.600000'),
(16992, 688, 138, 'JOINED', '2021-03-06 00:20:00.000000', '2021-03-08 17:25:16.800000'),
(16993, 688, 139, 'JOINED', '2021-03-06 00:20:00.000000', '2021-03-06 04:16:09.600000'),
(16994, 688, 140, 'JOINED', '2021-03-06 00:20:00.000000', '2021-03-09 14:44:00.000000');
INSERT INTO report (id, created_by_id, title, content, rejected_reason, report_status, created_time, updated_time, reviewed_time)
VALUES
(DEFAULT, 16975, 'Employee 116 submit Report', 'Completed Task.', NULL, 'APPROVED', '2021-03-19 09:32:57.600000', '2021-03-19 09:32:57.600000', '2021-03-19 09:37:57.600000'),
(DEFAULT, 16976, 'Employee 117 submit Report', 'Completed Task.', NULL, 'APPROVED', '2021-03-09 21:15:40.800000', '2021-03-09 21:15:40.800000', '2021-03-09 21:20:40.800000'),
(DEFAULT, 16977, 'Employee 118 submit Report', 'Completed Task.', NULL, 'APPROVED', '2021-03-07 14:32:28.800000', '2021-03-07 14:32:28.800000', '2021-03-07 14:37:28.800000'),
(DEFAULT, 16978, 'Employee 119 submit Report', 'Completed Task.', NULL, 'APPROVED', '2021-03-09 10:19:02.400000', '2021-03-09 10:19:02.400000', '2021-03-09 10:24:02.400000'),
(DEFAULT, 16979, 'Employee 120 submit Report', 'Completed Task.', NULL, 'APPROVED', '2021-03-19 00:54:33.600000', '2021-03-19 00:54:33.600000', '2021-03-19 00:59:33.600000'),
(DEFAULT, 16980, 'Employee 121 submit Report', 'Completed Task.', NULL, 'APPROVED', '2021-03-13 13:46:24.000000', '2021-03-13 13:46:24.000000', '2021-03-13 13:51:24.000000'),
(DEFAULT, 16981, 'Employee 122 submit Report', 'Completed Task.', NULL, 'APPROVED', '2021-03-08 00:14:14.400000', '2021-03-08 00:14:14.400000', '2021-03-08 00:19:14.400000'),
(DEFAULT, 16982, 'Employee 123 submit Report', 'Completed Task.', NULL, 'APPROVED', '2021-03-07 18:17:07.200000', '2021-03-07 18:17:07.200000', '2021-03-07 18:22:07.200000'),
(DEFAULT, 16983, 'Employee 124 submit Report', 'Completed Task.', NULL, 'APPROVED', '2021-03-18 20:58:24.000000', '2021-03-18 20:58:24.000000', '2021-03-18 21:03:24.000000'),
(DEFAULT, 16984, 'Employee 125 submit Report', 'Completed Task.', NULL, 'APPROVED', '2021-03-12 11:10:52.800000', '2021-03-12 11:10:52.800000', '2021-03-12 11:15:52.800000'),
(DEFAULT, 16985, 'Employee 126 submit Report', 'Completed Task.', NULL, 'APPROVED', '2021-03-08 02:09:26.400000', '2021-03-08 02:09:26.400000', '2021-03-08 02:14:26.400000'),
(DEFAULT, 16986, 'Employee 127 submit Report', 'Completed Task.', NULL, 'APPROVED', '2021-03-08 12:25:45.600000', '2021-03-08 12:25:45.600000', '2021-03-08 12:30:45.600000'),
(DEFAULT, 16987, 'Employee 129 submit Report', 'Completed Task.', NULL, 'APPROVED', '2021-03-09 08:58:24.000000', '2021-03-09 08:58:24.000000', '2021-03-09 09:03:24.000000'),
(DEFAULT, 16988, 'Employee 132 submit Report', 'Completed Task.', NULL, 'APPROVED', '2021-03-07 01:17:36.000000', '2021-03-07 01:17:36.000000', '2021-03-07 01:22:36.000000'),
(DEFAULT, 16989, 'Employee 133 submit Report', 'Completed Task.', NULL, 'APPROVED', '2021-03-09 19:49:16.800000', '2021-03-09 19:49:16.800000', '2021-03-09 19:54:16.800000'),
(DEFAULT, 16990, 'Employee 134 submit Report', 'Completed Task.', NULL, 'APPROVED', '2021-03-20 07:32:00.000000', '2021-03-20 07:32:00.000000', '2021-03-20 07:37:00.000000'),
(DEFAULT, 16991, 'Employee 137 submit Report', 'Completed Task.', NULL, 'APPROVED', '2021-03-09 03:35:50.400000', '2021-03-09 03:35:50.400000', '2021-03-09 03:40:50.400000'),
(DEFAULT, 16992, 'Employee 138 submit Report', 'Completed Task.', NULL, 'APPROVED', '2021-03-09 18:57:26.400000', '2021-03-09 18:57:26.400000', '2021-03-09 19:02:26.400000'),
(DEFAULT, 16993, 'Employee 139 submit Report', 'Completed Task.', NULL, 'APPROVED', '2021-03-07 06:22:52.800000', '2021-03-07 06:22:52.800000', '2021-03-07 06:27:52.800000'),
(DEFAULT, 16994, 'Employee 140 submit Report', 'Completed Task.', NULL, 'APPROVED', '2021-03-18 17:54:04.800000', '2021-03-18 17:54:04.800000', '2021-03-18 17:59:04.800000');

-- 2021-03-11 00:20:00.000000
-- 2021-03-11
INSERT INTO task (id, collection_id, created_by_id, root_task_id, name, description, report_format, level, task_type, priority, is_locked, start_date, end_date, deadline, created_time, updated_time)
VALUES (689, 57, 151, NULL, 'Test Monitoring Hooks', 'This is Test Monitoring Hooks', NULL, 'ADVANCED', 'TEST', 'URGENT', FALSE, '2021-03-11', '2021-04-05', '2021-03-18', '2021-03-11 00:20:00.000000', '2021-03-11 00:20:00.000000');

INSERT INTO task_for_users (id, task_id, assigned_to_id, user_task_status, updated_time, started_time)
VALUES
(16996, 689, 116, 'JOINED', '2021-03-11 00:20:00.000000', '2021-03-17 07:32:00.000000'),
(16997, 689, 117, 'JOINED', '2021-03-11 00:20:00.000000', '2021-03-11 08:44:00.000000'),
(16998, 689, 118, 'JOINED', '2021-03-11 00:20:00.000000', '2021-03-11 08:13:45.600000'),
(16999, 689, 120, 'JOINED', '2021-03-11 00:20:00.000000', '2021-03-11 22:10:24.000000'),
(17000, 689, 121, 'JOINED', '2021-03-11 00:20:00.000000', '2021-03-12 15:08:28.800000'),
(17001, 689, 122, 'JOINED', '2021-03-11 00:20:00.000000', '2021-03-17 07:32:00.000000'),
(17002, 689, 124, 'JOINED', '2021-03-11 00:20:00.000000', '2021-03-11 13:56:28.800000'),
(17003, 689, 125, 'JOINED', '2021-03-11 00:20:00.000000', '2021-03-12 16:08:57.600000'),
(17004, 689, 126, 'JOINED', '2021-03-11 00:20:00.000000', '2021-03-11 22:00:19.200000'),
(17005, 689, 127, 'JOINED', '2021-03-11 00:20:00.000000', '2021-03-11 06:53:07.200000'),
(17006, 689, 128, 'JOINED', '2021-03-11 00:20:00.000000', '2021-03-12 16:29:07.200000'),
(17007, 689, 129, 'JOINED', '2021-03-11 00:20:00.000000', '2021-03-12 08:50:28.800000'),
(17008, 689, 130, 'JOINED', '2021-03-11 00:20:00.000000', '2021-03-11 08:13:45.600000'),
(17009, 689, 131, 'JOINED', '2021-03-11 00:20:00.000000', '2021-03-17 07:32:00.000000'),
(17010, 689, 133, 'JOINED', '2021-03-11 00:20:00.000000', '2021-03-17 07:32:00.000000'),
(17011, 689, 137, 'JOINED', '2021-03-11 00:20:00.000000', '2021-03-11 16:47:50.400000'),
(17012, 689, 138, 'JOINED', '2021-03-11 00:20:00.000000', '2021-03-17 07:32:00.000000'),
(17013, 689, 139, 'JOINED', '2021-03-11 00:20:00.000000', '2021-03-13 02:54:04.800000'),
(17014, 689, 140, 'JOINED', '2021-03-11 00:20:00.000000', '2021-03-12 10:56:28.800000');
INSERT INTO report (id, created_by_id, title, content, rejected_reason, report_status, created_time, updated_time, reviewed_time)
VALUES
(DEFAULT, 16996, 'Employee 116 submit Report', 'Completed Task.', NULL, 'APPROVED', '2021-04-03 14:29:36.000000', '2021-04-03 14:29:36.000000', '2021-04-03 14:34:36.000000'),
(DEFAULT, 16997, 'Employee 117 submit Report', 'Completed Task.', NULL, 'APPROVED', '2021-03-15 14:22:24.000000', '2021-03-15 14:22:24.000000', '2021-03-15 14:27:24.000000'),
(DEFAULT, 16998, 'Employee 118 submit Report', 'Completed Task.', NULL, 'APPROVED', '2021-03-15 08:19:31.200000', '2021-03-15 08:19:31.200000', '2021-03-15 08:24:31.200000'),
(DEFAULT, 16999, 'Employee 120 submit Report', 'Completed Task.', NULL, 'APPROVED', '2021-03-15 14:02:14.400000', '2021-03-15 14:02:14.400000', '2021-03-15 14:07:14.400000'),
(DEFAULT, 17000, 'Employee 121 submit Report', 'Completed Task.', NULL, 'APPROVED', '2021-03-16 08:20:57.600000', '2021-03-16 08:20:57.600000', '2021-03-16 08:25:57.600000'),
(DEFAULT, 17001, 'Employee 122 submit Report', 'Completed Task.', NULL, 'APPROVED', '2021-04-03 13:39:12.000000', '2021-04-03 13:39:12.000000', '2021-04-03 13:44:12.000000'),
(DEFAULT, 17002, 'Employee 124 submit Report', 'Completed Task.', NULL, 'APPROVED', '2021-03-15 19:44:57.600000', '2021-03-15 19:44:57.600000', '2021-03-15 19:49:57.600000'),
(DEFAULT, 17003, 'Employee 125 submit Report', 'Completed Task.', NULL, 'APPROVED', '2021-03-17 06:31:31.200000', '2021-03-17 06:31:31.200000', '2021-03-17 06:36:31.200000'),
(DEFAULT, 17004, 'Employee 126 submit Report', 'Completed Task.', NULL, 'APPROVED', '2021-03-16 19:16:09.600000', '2021-03-16 19:16:09.600000', '2021-03-16 19:21:09.600000'),
(DEFAULT, 17005, 'Employee 127 submit Report', 'Completed Task.', NULL, 'APPROVED', '2021-03-15 07:49:16.800000', '2021-03-15 07:49:16.800000', '2021-03-15 07:54:16.800000'),
(DEFAULT, 17006, 'Employee 128 submit Report', 'Completed Task.', NULL, 'APPROVED', '2021-03-17 10:53:36.000000', '2021-03-17 10:53:36.000000', '2021-03-17 10:58:36.000000'),
(DEFAULT, 17007, 'Employee 129 submit Report', 'Completed Task.', NULL, 'APPROVED', '2021-03-23 15:49:31.200000', '2021-03-23 15:49:31.200000', '2021-03-23 15:54:31.200000'),
(DEFAULT, 17008, 'Employee 130 submit Report', 'Completed Task.', NULL, 'APPROVED', '2021-03-16 21:37:16.800000', '2021-03-16 21:37:16.800000', '2021-03-16 21:42:16.800000'),
(DEFAULT, 17009, 'Employee 131 submit Report', 'Completed Task.', NULL, 'APPROVED', '2021-04-04 02:05:07.200000', '2021-04-04 02:05:07.200000', '2021-04-04 02:10:07.200000'),
(DEFAULT, 17010, 'Employee 133 submit Report', 'Completed Task.', NULL, 'APPROVED', '2021-04-02 01:11:50.400000', '2021-04-02 01:11:50.400000', '2021-04-02 01:16:50.400000'),
(DEFAULT, 17011, 'Employee 137 submit Report', 'Completed Task.', NULL, 'APPROVED', '2021-03-13 04:55:02.400000', '2021-03-13 04:55:02.400000', '2021-03-13 05:00:02.400000'),
(DEFAULT, 17012, 'Employee 138 submit Report', 'Completed Task.', NULL, 'APPROVED', '2021-04-05 03:57:26.400000', '2021-04-05 03:57:26.400000', '2021-04-05 04:02:26.400000'),
(DEFAULT, 17013, 'Employee 139 submit Report', 'Completed Task.', NULL, 'APPROVED', '2021-03-15 00:35:50.400000', '2021-03-15 00:35:50.400000', '2021-03-15 00:40:50.400000'),
(DEFAULT, 17014, 'Employee 140 submit Report', 'Completed Task.', NULL, 'APPROVED', '2021-03-23 13:43:31.200000', '2021-03-23 13:43:31.200000', '2021-03-23 13:48:31.200000');

-- 2021-03-19 00:20:00.000000
-- 2021-03-19
INSERT INTO task (id, collection_id, created_by_id, root_task_id, name, description, report_format, level, task_type, priority, is_locked, start_date, end_date, deadline, created_time, updated_time)
VALUES (690, 57, 151, NULL, 'Test API Security Vulnerabilities', 'This is Test API Security Vulnerabilities', NULL, 'ADVANCED', 'TEST', 'URGENT', FALSE, '2021-03-19', '2021-04-14', '2021-03-26', '2021-03-19 00:20:00.000000', '2021-03-19 00:20:00.000000');

INSERT INTO task_for_users (id, task_id, assigned_to_id, user_task_status, updated_time, started_time)
VALUES
(17016, 690, 116, 'JOINED', '2021-03-19 00:20:00.000000', '2021-03-25 07:32:00.000000'),
(17017, 690, 117, 'JOINED', '2021-03-19 00:20:00.000000', '2021-03-21 20:02:14.400000'),
(17018, 690, 118, 'JOINED', '2021-03-19 00:20:00.000000', '2021-03-19 07:03:12.000000'),
(17019, 690, 120, 'JOINED', '2021-03-19 00:20:00.000000', '2021-03-25 07:32:00.000000'),
(17020, 690, 121, 'JOINED', '2021-03-19 00:20:00.000000', '2021-03-19 09:29:21.600000'),
(17021, 690, 122, 'JOINED', '2021-03-19 00:20:00.000000', '2021-03-19 22:50:43.200000'),
(17022, 690, 124, 'JOINED', '2021-03-19 00:20:00.000000', '2021-03-25 07:32:00.000000'),
(17023, 690, 125, 'JOINED', '2021-03-19 00:20:00.000000', '2021-03-25 07:32:00.000000'),
(17024, 690, 126, 'JOINED', '2021-03-19 00:20:00.000000', '2021-03-21 13:29:07.200000'),
(17025, 690, 127, 'JOINED', '2021-03-19 00:20:00.000000', '2021-03-25 07:32:00.000000'),
(17026, 690, 128, 'JOINED', '2021-03-19 00:20:00.000000', '2021-03-20 09:35:50.400000'),
(17027, 690, 129, 'JOINED', '2021-03-19 00:20:00.000000', '2021-03-25 07:32:00.000000'),
(17028, 690, 130, 'JOINED', '2021-03-19 00:20:00.000000', '2021-03-25 07:32:00.000000'),
(17029, 690, 131, 'JOINED', '2021-03-19 00:20:00.000000', '2021-03-19 22:55:45.600000'),
(17030, 690, 133, 'JOINED', '2021-03-19 00:20:00.000000', '2021-03-19 06:43:02.400000'),
(17031, 690, 136, 'JOINED', '2021-03-19 00:20:00.000000', '2021-03-19 00:50:14.400000'),
(17032, 690, 137, 'JOINED', '2021-03-19 00:20:00.000000', '2021-03-20 22:26:57.600000'),
(17033, 690, 138, 'JOINED', '2021-03-19 00:20:00.000000', '2021-03-21 03:44:28.800000'),
(17034, 690, 140, 'JOINED', '2021-03-19 00:20:00.000000', '2021-03-22 07:17:36.000000');
INSERT INTO report (id, created_by_id, title, content, rejected_reason, report_status, created_time, updated_time, reviewed_time)
VALUES
(DEFAULT, 17016, 'Employee 116 submit Report', 'Completed Task.', NULL, 'APPROVED', '2021-04-11 18:41:36.000000', '2021-04-11 18:41:36.000000', '2021-04-11 18:46:36.000000'),
(DEFAULT, 17017, 'Employee 117 submit Report', 'Completed Task.', NULL, 'APPROVED', '2021-03-25 12:54:33.600000', '2021-03-25 12:54:33.600000', '2021-03-25 12:59:33.600000'),
(DEFAULT, 17018, 'Employee 118 submit Report', 'Completed Task.', NULL, 'APPROVED', '2021-03-24 00:47:21.600000', '2021-03-24 00:47:21.600000', '2021-03-24 00:52:21.600000'),
(DEFAULT, 17019, 'Employee 120 submit Report', 'Completed Task.', NULL, 'APPROVED', '2021-04-12 06:57:26.400000', '2021-04-12 06:57:26.400000', '2021-04-12 07:02:26.400000'),
(DEFAULT, 17020, 'Employee 121 submit Report', 'Completed Task.', NULL, 'APPROVED', '2021-04-01 15:10:38.400000', '2021-04-01 15:10:38.400000', '2021-04-01 15:15:38.400000'),
(DEFAULT, 17021, 'Employee 122 submit Report', 'Completed Task.', NULL, 'APPROVED', '2021-04-01 01:49:16.800000', '2021-04-01 01:49:16.800000', '2021-04-01 01:54:16.800000'),
(DEFAULT, 17022, 'Employee 124 submit Report', 'Completed Task.', NULL, 'APPROVED', '2021-04-11 11:58:24.000000', '2021-04-11 11:58:24.000000', '2021-04-11 12:03:24.000000'),
(DEFAULT, 17023, 'Employee 125 submit Report', 'Completed Task.', NULL, 'APPROVED', '2021-04-14 01:57:55.200000', '2021-04-14 01:57:55.200000', '2021-04-14 02:02:55.200000'),
(DEFAULT, 17024, 'Employee 126 submit Report', 'Completed Task.', NULL, 'APPROVED', '2021-03-25 13:55:02.400000', '2021-03-25 13:55:02.400000', '2021-03-25 14:00:02.400000'),
(DEFAULT, 17025, 'Employee 127 submit Report', 'Completed Task.', NULL, 'APPROVED', '2021-04-14 01:47:50.400000', '2021-04-14 01:47:50.400000', '2021-04-14 01:52:50.400000'),
(DEFAULT, 17026, 'Employee 128 submit Report', 'Completed Task.', NULL, 'APPROVED', '2021-03-31 15:04:09.600000', '2021-03-31 15:04:09.600000', '2021-03-31 15:09:09.600000'),
(DEFAULT, 17027, 'Employee 129 submit Report', 'Completed Task.', NULL, 'APPROVED', '2021-04-10 12:47:21.600000', '2021-04-10 12:47:21.600000', '2021-04-10 12:52:21.600000'),
(DEFAULT, 17028, 'Employee 130 submit Report', 'Completed Task.', NULL, 'APPROVED', '2021-04-12 16:52:09.600000', '2021-04-12 16:52:09.600000', '2021-04-12 16:57:09.600000'),
(DEFAULT, 17029, 'Employee 131 submit Report', 'Completed Task.', NULL, 'APPROVED', '2021-04-01 01:44:14.400000', '2021-04-01 01:44:14.400000', '2021-04-01 01:49:14.400000'),
(DEFAULT, 17030, 'Employee 133 submit Report', 'Completed Task.', NULL, 'APPROVED', '2021-03-23 00:25:45.600000', '2021-03-23 00:25:45.600000', '2021-03-23 00:30:45.600000'),
(DEFAULT, 17031, 'Employee 136 submit Report', 'Completed Task.', NULL, 'APPROVED', '2021-04-01 23:49:45.600000', '2021-04-01 23:49:45.600000', '2021-04-01 23:54:45.600000'),
(DEFAULT, 17032, 'Employee 137 submit Report', 'Completed Task.', NULL, 'APPROVED', '2021-03-31 02:13:02.400000', '2021-03-31 02:13:02.400000', '2021-03-31 02:18:02.400000'),
(DEFAULT, 17033, 'Employee 138 submit Report', 'Completed Task.', NULL, 'APPROVED', '2021-03-25 02:19:31.200000', '2021-03-25 02:19:31.200000', '2021-03-25 02:24:31.200000'),
(DEFAULT, 17034, 'Employee 140 submit Report', 'Completed Task.', NULL, 'APPROVED', '2021-03-25 04:30:33.600000', '2021-03-25 04:30:33.600000', '2021-03-25 04:35:33.600000');

-- 2021-03-27 00:20:00.000000
-- 2021-03-27
INSERT INTO task (id, collection_id, created_by_id, root_task_id, name, description, report_format, level, task_type, priority, is_locked, start_date, end_date, deadline, created_time, updated_time)
VALUES (691, 57, 151, NULL, 'Test Injection Attack Protection', 'This is Test Injection Attack Protection', NULL, 'ADVANCED', 'TEST', 'NORMAL', FALSE, '2021-03-27', '2021-04-15', '2021-04-01', '2021-03-27 00:20:00.000000', '2021-03-27 00:20:00.000000');

INSERT INTO task_for_users (id, task_id, assigned_to_id, user_task_status, updated_time, started_time)
VALUES
(17036, 691, 116, 'JOINED', '2021-03-27 00:20:00.000000', '2021-03-27 09:41:36.000000'),
(17037, 691, 118, 'JOINED', '2021-03-27 00:20:00.000000', '2021-03-28 14:36:48.000000'),
(17038, 691, 119, 'JOINED', '2021-03-27 00:20:00.000000', '2021-03-28 07:39:12.000000'),
(17039, 691, 120, 'JOINED', '2021-03-27 00:20:00.000000', '2021-03-27 20:08:00.000000'),
(17040, 691, 121, 'JOINED', '2021-03-27 00:20:00.000000', '2021-03-27 19:39:12.000000'),
(17041, 691, 122, 'JOINED', '2021-03-27 00:20:00.000000', '2021-03-29 23:36:48.000000'),
(17042, 691, 124, 'JOINED', '2021-03-27 00:20:00.000000', '2021-03-29 18:48:48.000000'),
(17043, 691, 125, 'JOINED', '2021-03-27 00:20:00.000000', '2021-03-31 12:20:00.000000'),
(17044, 691, 127, 'JOINED', '2021-03-27 00:20:00.000000', '2021-03-29 01:17:36.000000'),
(17045, 691, 128, 'JOINED', '2021-03-27 00:20:00.000000', '2021-03-31 12:20:00.000000'),
(17046, 691, 131, 'JOINED', '2021-03-27 00:20:00.000000', '2021-03-27 02:15:12.000000'),
(17047, 691, 132, 'JOINED', '2021-03-27 00:20:00.000000', '2021-03-31 12:20:00.000000'),
(17048, 691, 133, 'JOINED', '2021-03-27 00:20:00.000000', '2021-03-28 18:27:12.000000'),
(17049, 691, 134, 'JOINED', '2021-03-27 00:20:00.000000', '2021-03-28 11:29:36.000000'),
(17050, 691, 135, 'JOINED', '2021-03-27 00:20:00.000000', '2021-03-27 08:51:12.000000'),
(17051, 691, 136, 'JOINED', '2021-03-27 00:20:00.000000', '2021-03-31 12:20:00.000000'),
(17052, 691, 137, 'JOINED', '2021-03-27 00:20:00.000000', '2021-03-31 12:20:00.000000'),
(17053, 691, 138, 'JOINED', '2021-03-27 00:20:00.000000', '2021-03-27 03:56:00.000000'),
(17054, 691, 140, 'JOINED', '2021-03-27 00:20:00.000000', '2021-03-27 05:15:12.000000');
INSERT INTO report (id, created_by_id, title, content, rejected_reason, report_status, created_time, updated_time, reviewed_time)
VALUES
(DEFAULT, 17036, 'Employee 116 submit Report', 'Completed Task.', NULL, 'APPROVED', '2021-03-30 18:12:48.000000', '2021-03-30 18:12:48.000000', '2021-03-30 18:17:48.000000'),
(DEFAULT, 17037, 'Employee 118 submit Report', 'Completed Task.', NULL, 'APPROVED', '2021-03-29 19:46:24.000000', '2021-03-29 19:46:24.000000', '2021-03-29 19:51:24.000000'),
(DEFAULT, 17038, 'Employee 119 submit Report', 'Completed Task.', NULL, 'APPROVED', '2021-03-29 03:12:48.000000', '2021-03-29 03:12:48.000000', '2021-03-29 03:17:48.000000'),
(DEFAULT, 17039, 'Employee 120 submit Report', 'Completed Task.', NULL, 'APPROVED', '2021-03-30 13:53:36.000000', '2021-03-30 13:53:36.000000', '2021-03-30 13:58:36.000000'),
(DEFAULT, 17040, 'Employee 121 submit Report', 'Completed Task.', NULL, 'APPROVED', '2021-03-29 23:08:00.000000', '2021-03-29 23:08:00.000000', '2021-03-29 23:13:00.000000'),
(DEFAULT, 17041, 'Employee 122 submit Report', 'Completed Task.', NULL, 'APPROVED', '2021-04-03 01:03:12.000000', '2021-04-03 01:03:12.000000', '2021-04-03 01:08:12.000000'),
(DEFAULT, 17042, 'Employee 124 submit Report', 'Completed Task.', NULL, 'APPROVED', '2021-03-31 06:12:48.000000', '2021-03-31 06:12:48.000000', '2021-03-31 06:17:48.000000'),
(DEFAULT, 17043, 'Employee 125 submit Report', 'Completed Task.', NULL, 'APPROVED', '2021-04-15 07:17:36.000000', '2021-04-15 07:17:36.000000', '2021-04-15 07:22:36.000000'),
(DEFAULT, 17044, 'Employee 127 submit Report', 'Completed Task.', NULL, 'APPROVED', '2021-03-31 00:34:24.000000', '2021-03-31 00:34:24.000000', '2021-03-31 00:39:24.000000'),
(DEFAULT, 17045, 'Employee 128 submit Report', 'Completed Task.', NULL, 'APPROVED', '2021-04-11 11:58:24.000000', '2021-04-11 11:58:24.000000', '2021-04-11 12:03:24.000000'),
(DEFAULT, 17046, 'Employee 131 submit Report', 'Completed Task.', NULL, 'APPROVED', '2021-03-28 22:39:12.000000', '2021-03-28 22:39:12.000000', '2021-03-28 22:44:12.000000'),
(DEFAULT, 17047, 'Employee 132 submit Report', 'Completed Task.', NULL, 'APPROVED', '2021-04-10 19:39:12.000000', '2021-04-10 19:39:12.000000', '2021-04-10 19:44:12.000000'),
(DEFAULT, 17048, 'Employee 133 submit Report', 'Completed Task.', NULL, 'APPROVED', '2021-03-31 09:27:12.000000', '2021-03-31 09:27:12.000000', '2021-03-31 09:32:12.000000'),
(DEFAULT, 17049, 'Employee 134 submit Report', 'Completed Task.', NULL, 'APPROVED', '2021-03-29 23:44:00.000000', '2021-03-29 23:44:00.000000', '2021-03-29 23:49:00.000000'),
(DEFAULT, 17050, 'Employee 135 submit Report', 'Completed Task.', NULL, 'APPROVED', '2021-03-28 07:17:36.000000', '2021-03-28 07:17:36.000000', '2021-03-28 07:22:36.000000'),
(DEFAULT, 17051, 'Employee 136 submit Report', 'Completed Task.', NULL, 'APPROVED', '2021-04-14 03:12:48.000000', '2021-04-14 03:12:48.000000', '2021-04-14 03:17:48.000000'),
(DEFAULT, 17052, 'Employee 137 submit Report', 'Completed Task.', NULL, 'APPROVED', '2021-04-10 18:05:36.000000', '2021-04-10 18:05:36.000000', '2021-04-10 18:10:36.000000'),
(DEFAULT, 17053, 'Employee 138 submit Report', 'Completed Task.', NULL, 'APPROVED', '2021-03-30 21:20:00.000000', '2021-03-30 21:20:00.000000', '2021-03-30 21:25:00.000000'),
(DEFAULT, 17054, 'Employee 140 submit Report', 'Completed Task.', NULL, 'APPROVED', '2021-03-29 12:12:48.000000', '2021-03-29 12:12:48.000000', '2021-03-29 12:17:48.000000');

-- 2021-04-02 00:20:00.000000
-- 2021-04-02
INSERT INTO task (id, collection_id, created_by_id, root_task_id, name, description, report_format, level, task_type, priority, is_locked, start_date, end_date, deadline, created_time, updated_time)
VALUES (692, 57, 151, NULL, 'Test Authorization Bypass Attempts', 'This is Test Authorization Bypass Attempts', NULL, 'ADVANCED', 'TEST', 'NORMAL', FALSE, '2021-04-02', '2021-04-20', '2021-04-07', '2021-04-02 00:20:00.000000', '2021-04-02 00:20:00.000000');

INSERT INTO task_for_users (id, task_id, assigned_to_id, user_task_status, updated_time, started_time)
VALUES
(17056, 692, 116, 'JOINED', '2021-04-02 00:20:00.000000', '2021-04-03 11:22:24.000000'),
(17057, 692, 118, 'JOINED', '2021-04-02 00:20:00.000000', '2021-04-02 17:33:12.000000'),
(17058, 692, 119, 'JOINED', '2021-04-02 00:20:00.000000', '2021-04-02 05:51:12.000000'),
(17059, 692, 120, 'JOINED', '2021-04-02 00:20:00.000000', '2021-04-03 11:18:48.000000'),
(17060, 692, 121, 'JOINED', '2021-04-02 00:20:00.000000', '2021-04-04 05:29:36.000000'),
(17061, 692, 122, 'JOINED', '2021-04-02 00:20:00.000000', '2021-04-03 02:29:36.000000'),
(17062, 692, 124, 'JOINED', '2021-04-02 00:20:00.000000', '2021-04-06 12:20:00.000000'),
(17063, 692, 125, 'JOINED', '2021-04-02 00:20:00.000000', '2021-04-02 21:12:48.000000'),
(17064, 692, 127, 'JOINED', '2021-04-02 00:20:00.000000', '2021-04-04 11:15:12.000000'),
(17065, 692, 128, 'JOINED', '2021-04-02 00:20:00.000000', '2021-04-03 18:27:12.000000'),
(17066, 692, 131, 'JOINED', '2021-04-02 00:20:00.000000', '2021-04-03 01:17:36.000000'),
(17067, 692, 132, 'JOINED', '2021-04-02 00:20:00.000000', '2021-04-06 12:20:00.000000'),
(17068, 692, 133, 'JOINED', '2021-04-02 00:20:00.000000', '2021-04-02 05:58:24.000000'),
(17069, 692, 134, 'JOINED', '2021-04-02 00:20:00.000000', '2021-04-03 22:53:36.000000'),
(17070, 692, 135, 'JOINED', '2021-04-02 00:20:00.000000', '2021-04-06 12:20:00.000000'),
(17071, 692, 136, 'JOINED', '2021-04-02 00:20:00.000000', '2021-04-02 03:20:00.000000'),
(17072, 692, 137, 'JOINED', '2021-04-02 00:20:00.000000', '2021-04-02 08:36:48.000000'),
(17073, 692, 138, 'JOINED', '2021-04-02 00:20:00.000000', '2021-04-03 15:34:24.000000'),
(17074, 692, 140, 'JOINED', '2021-04-02 00:20:00.000000', '2021-04-06 12:20:00.000000');
INSERT INTO report (id, created_by_id, title, content, rejected_reason, report_status, created_time, updated_time, reviewed_time)
VALUES
(DEFAULT, 17056, 'Employee 116 submit Report', 'Completed Task.', NULL, 'APPROVED', '2021-04-04 09:05:36.000000', '2021-04-04 09:05:36.000000', '2021-04-04 09:10:36.000000'),
(DEFAULT, 17057, 'Employee 118 submit Report', 'Completed Task.', NULL, 'APPROVED', '2021-04-11 07:06:48.000000', '2021-04-11 07:06:48.000000', '2021-04-11 07:11:48.000000'),
(DEFAULT, 17058, 'Employee 119 submit Report', 'Completed Task.', NULL, 'APPROVED', '2021-04-11 18:48:48.000000', '2021-04-11 18:48:48.000000', '2021-04-11 18:53:48.000000'),
(DEFAULT, 17059, 'Employee 120 submit Report', 'Completed Task.', NULL, 'APPROVED', '2021-04-10 13:21:12.000000', '2021-04-10 13:21:12.000000', '2021-04-10 13:26:12.000000'),
(DEFAULT, 17060, 'Employee 121 submit Report', 'Completed Task.', NULL, 'APPROVED', '2021-04-06 01:53:36.000000', '2021-04-06 01:53:36.000000', '2021-04-06 01:58:36.000000'),
(DEFAULT, 17061, 'Employee 122 submit Report', 'Completed Task.', NULL, 'APPROVED', '2021-04-04 04:10:24.000000', '2021-04-04 04:10:24.000000', '2021-04-04 04:15:24.000000'),
(DEFAULT, 17062, 'Employee 124 submit Report', 'Completed Task.', NULL, 'APPROVED', '2021-04-17 02:22:24.000000', '2021-04-17 02:22:24.000000', '2021-04-17 02:27:24.000000'),
(DEFAULT, 17063, 'Employee 125 submit Report', 'Completed Task.', NULL, 'APPROVED', '2021-04-05 14:15:12.000000', '2021-04-05 14:15:12.000000', '2021-04-05 14:20:12.000000'),
(DEFAULT, 17064, 'Employee 127 submit Report', 'Completed Task.', NULL, 'APPROVED', '2021-04-06 11:08:00.000000', '2021-04-06 11:08:00.000000', '2021-04-06 11:13:00.000000'),
(DEFAULT, 17065, 'Employee 128 submit Report', 'Completed Task.', NULL, 'APPROVED', '2021-04-05 20:44:00.000000', '2021-04-05 20:44:00.000000', '2021-04-05 20:49:00.000000'),
(DEFAULT, 17066, 'Employee 131 submit Report', 'Completed Task.', NULL, 'APPROVED', '2021-04-04 16:03:12.000000', '2021-04-04 16:03:12.000000', '2021-04-04 16:08:12.000000'),
(DEFAULT, 17067, 'Employee 132 submit Report', 'Completed Task.', NULL, 'APPROVED', '2021-04-20 12:12:48.000000', '2021-04-20 12:12:48.000000', '2021-04-20 12:17:48.000000'),
(DEFAULT, 17068, 'Employee 133 submit Report', 'Completed Task.', NULL, 'APPROVED', '2021-04-06 17:51:12.000000', '2021-04-06 17:51:12.000000', '2021-04-06 17:56:12.000000'),
(DEFAULT, 17069, 'Employee 134 submit Report', 'Completed Task.', NULL, 'APPROVED', '2021-04-10 01:46:24.000000', '2021-04-10 01:46:24.000000', '2021-04-10 01:51:24.000000'),
(DEFAULT, 17070, 'Employee 135 submit Report', 'Completed Task.', NULL, 'APPROVED', '2021-04-18 08:44:00.000000', '2021-04-18 08:44:00.000000', '2021-04-18 08:49:00.000000'),
(DEFAULT, 17071, 'Employee 136 submit Report', 'Completed Task.', NULL, 'APPROVED', '2021-04-03 16:39:12.000000', '2021-04-03 16:39:12.000000', '2021-04-03 16:44:12.000000'),
(DEFAULT, 17072, 'Employee 137 submit Report', 'Completed Task.', NULL, 'APPROVED', '2021-04-04 14:08:00.000000', '2021-04-04 14:08:00.000000', '2021-04-04 14:13:00.000000'),
(DEFAULT, 17073, 'Employee 138 submit Report', 'Completed Task.', NULL, 'APPROVED', '2021-04-05 23:08:00.000000', '2021-04-05 23:08:00.000000', '2021-04-05 23:13:00.000000'),
(DEFAULT, 17074, 'Employee 140 submit Report', 'Completed Task.', NULL, 'APPROVED', '2021-04-19 23:15:12.000000', '2021-04-19 23:15:12.000000', '2021-04-19 23:20:12.000000');

-- 2021-04-08 00:20:00.000000
-- 2021-04-08
INSERT INTO task (id, collection_id, created_by_id, root_task_id, name, description, report_format, level, task_type, priority, is_locked, start_date, end_date, deadline, created_time, updated_time)
VALUES (693, 57, 151, NULL, 'Test API Load Under Stress', 'This is Test API Load Under Stress', NULL, 'NORMAL', 'TEST', 'NORMAL', FALSE, '2021-04-08', '2021-04-21', '2021-04-12', '2021-04-08 00:20:00.000000', '2021-04-08 00:20:00.000000');

INSERT INTO task_for_users (id, task_id, assigned_to_id, user_task_status, updated_time, started_time)
VALUES
(17076, 693, 117, 'JOINED', '2021-04-08 00:20:00.000000', '2021-04-09 20:35:21.600000'),
(17077, 693, 118, 'JOINED', '2021-04-08 00:20:00.000000', '2021-04-09 10:59:21.600000'),
(17078, 693, 119, 'JOINED', '2021-04-08 00:20:00.000000', '2021-04-08 02:38:14.400000'),
(17079, 693, 120, 'JOINED', '2021-04-08 00:20:00.000000', '2021-04-10 01:23:21.600000'),
(17080, 693, 121, 'JOINED', '2021-04-08 00:20:00.000000', '2021-04-10 19:08:57.600000'),
(17081, 693, 122, 'JOINED', '2021-04-08 00:20:00.000000', '2021-04-08 14:26:43.200000'),
(17082, 693, 124, 'JOINED', '2021-04-08 00:20:00.000000', '2021-04-10 05:02:14.400000'),
(17083, 693, 126, 'JOINED', '2021-04-08 00:20:00.000000', '2021-04-10 16:04:38.400000'),
(17084, 693, 128, 'JOINED', '2021-04-08 00:20:00.000000', '2021-04-09 21:21:26.400000'),
(17085, 693, 129, 'JOINED', '2021-04-08 00:20:00.000000', '2021-04-10 02:20:57.600000'),
(17086, 693, 131, 'JOINED', '2021-04-08 00:20:00.000000', '2021-04-09 06:11:21.600000'),
(17087, 693, 132, 'JOINED', '2021-04-08 00:20:00.000000', '2021-04-08 12:14:14.400000'),
(17088, 693, 133, 'JOINED', '2021-04-08 00:20:00.000000', '2021-04-09 04:16:09.600000'),
(17089, 693, 134, 'JOINED', '2021-04-08 00:20:00.000000', '2021-04-10 07:08:57.600000'),
(17090, 693, 135, 'JOINED', '2021-04-08 00:20:00.000000', '2021-04-08 09:27:12.000000'),
(17091, 693, 136, 'JOINED', '2021-04-08 00:20:00.000000', '2021-04-09 12:31:31.200000'),
(17092, 693, 137, 'JOINED', '2021-04-08 00:20:00.000000', '2021-04-09 09:38:43.200000'),
(17093, 693, 138, 'JOINED', '2021-04-08 00:20:00.000000', '2021-04-11 14:44:00.000000'),
(17094, 693, 140, 'JOINED', '2021-04-08 00:20:00.000000', '2021-04-08 01:00:19.200000');
INSERT INTO report (id, created_by_id, title, content, rejected_reason, report_status, created_time, updated_time, reviewed_time)
VALUES
(DEFAULT, 17076, 'Employee 117 submit Report', 'Completed Task.', NULL, 'APPROVED', '2021-04-11 04:39:12.000000', '2021-04-11 04:39:12.000000', '2021-04-11 04:44:12.000000'),
(DEFAULT, 17077, 'Employee 118 submit Report', 'Completed Task.', NULL, 'APPROVED', '2021-04-10 09:15:40.800000', '2021-04-10 09:15:40.800000', '2021-04-10 09:20:40.800000'),
(DEFAULT, 17078, 'Employee 119 submit Report', 'Completed Task.', NULL, 'APPROVED', '2021-04-09 11:28:09.600000', '2021-04-09 11:28:09.600000', '2021-04-09 11:33:09.600000'),
(DEFAULT, 17079, 'Employee 120 submit Report', 'Completed Task.', NULL, 'APPROVED', '2021-04-10 15:58:52.800000', '2021-04-10 15:58:52.800000', '2021-04-10 16:03:52.800000'),
(DEFAULT, 17080, 'Employee 121 submit Report', 'Completed Task.', NULL, 'APPROVED', '2021-04-11 13:34:52.800000', '2021-04-11 13:34:52.800000', '2021-04-11 13:39:52.800000'),
(DEFAULT, 17081, 'Employee 122 submit Report', 'Completed Task.', NULL, 'APPROVED', '2021-04-10 00:37:16.800000', '2021-04-10 00:37:16.800000', '2021-04-10 00:42:16.800000'),
(DEFAULT, 17082, 'Employee 124 submit Report', 'Completed Task.', NULL, 'APPROVED', '2021-04-11 05:36:48.000000', '2021-04-11 05:36:48.000000', '2021-04-11 05:41:48.000000'),
(DEFAULT, 17083, 'Employee 126 submit Report', 'Completed Task.', NULL, 'APPROVED', '2021-04-11 09:09:55.200000', '2021-04-11 09:09:55.200000', '2021-04-11 09:14:55.200000'),
(DEFAULT, 17084, 'Employee 128 submit Report', 'Completed Task.', NULL, 'APPROVED', '2021-04-11 10:53:36.000000', '2021-04-11 10:53:36.000000', '2021-04-11 10:58:36.000000'),
(DEFAULT, 17085, 'Employee 129 submit Report', 'Completed Task.', NULL, 'APPROVED', '2021-04-11 12:48:48.000000', '2021-04-11 12:48:48.000000', '2021-04-11 12:53:48.000000'),
(DEFAULT, 17086, 'Employee 131 submit Report', 'Completed Task.', NULL, 'APPROVED', '2021-04-10 00:14:14.400000', '2021-04-10 00:14:14.400000', '2021-04-10 00:19:14.400000'),
(DEFAULT, 17087, 'Employee 132 submit Report', 'Completed Task.', NULL, 'APPROVED', '2021-04-09 04:04:38.400000', '2021-04-09 04:04:38.400000', '2021-04-09 04:09:38.400000'),
(DEFAULT, 17088, 'Employee 133 submit Report', 'Completed Task.', NULL, 'APPROVED', '2021-04-11 00:20:00.000000', '2021-04-11 00:20:00.000000', '2021-04-11 00:25:00.000000'),
(DEFAULT, 17089, 'Employee 134 submit Report', 'Completed Task.', NULL, 'APPROVED', '2021-04-11 16:50:43.200000', '2021-04-11 16:50:43.200000', '2021-04-11 16:55:43.200000'),
(DEFAULT, 17090, 'Employee 135 submit Report', 'Completed Task.', NULL, 'APPROVED', '2021-04-10 05:59:50.400000', '2021-04-10 05:59:50.400000', '2021-04-10 06:04:50.400000'),
(DEFAULT, 17091, 'Employee 136 submit Report', 'Completed Task.', NULL, 'APPROVED', '2021-04-11 03:41:36.000000', '2021-04-11 03:41:36.000000', '2021-04-11 03:46:36.000000'),
(DEFAULT, 17092, 'Employee 137 submit Report', 'Completed Task.', NULL, 'APPROVED', '2021-04-10 16:33:26.400000', '2021-04-10 16:33:26.400000', '2021-04-10 16:38:26.400000'),
(DEFAULT, 17093, 'Employee 138 submit Report', 'Completed Task.', NULL, 'APPROVED', '2021-04-21 01:29:07.200000', '2021-04-21 01:29:07.200000', '2021-04-21 01:34:07.200000'),
(DEFAULT, 17094, 'Employee 140 submit Report', 'Completed Task.', NULL, 'APPROVED', '2021-04-11 06:51:40.800000', '2021-04-11 06:51:40.800000', '2021-04-11 06:56:40.800000');

-- 2021-04-13 00:20:00.000000
-- 2021-04-13
INSERT INTO task (id, collection_id, created_by_id, root_task_id, name, description, report_format, level, task_type, priority, is_locked, start_date, end_date, deadline, created_time, updated_time)
VALUES (694, 57, 151, NULL, 'Test API Graceful Degradation', 'This is Test API Graceful Degradation', NULL, 'ADVANCED', 'TEST', 'HIGH', FALSE, '2021-04-13', '2021-05-05', '2021-04-19', '2021-04-13 00:20:00.000000', '2021-04-13 00:20:00.000000');

INSERT INTO task_for_users (id, task_id, assigned_to_id, user_task_status, updated_time, started_time)
VALUES
(17096, 694, 116, 'JOINED', '2021-04-13 00:20:00.000000', '2021-04-18 09:56:00.000000'),
(17097, 694, 117, 'JOINED', '2021-04-13 00:20:00.000000', '2021-04-15 23:28:09.600000'),
(17098, 694, 118, 'JOINED', '2021-04-13 00:20:00.000000', '2021-04-13 17:58:24.000000'),
(17099, 694, 119, 'JOINED', '2021-04-13 00:20:00.000000', '2021-04-13 14:18:04.800000'),
(17100, 694, 121, 'JOINED', '2021-04-13 00:20:00.000000', '2021-04-18 09:56:00.000000'),
(17101, 694, 122, 'JOINED', '2021-04-13 00:20:00.000000', '2021-04-18 09:56:00.000000'),
(17102, 694, 123, 'JOINED', '2021-04-13 00:20:00.000000', '2021-04-18 09:56:00.000000'),
(17103, 694, 125, 'JOINED', '2021-04-13 00:20:00.000000', '2021-04-13 13:08:57.600000'),
(17104, 694, 127, 'JOINED', '2021-04-13 00:20:00.000000', '2021-04-14 23:16:38.400000'),
(17105, 694, 130, 'JOINED', '2021-04-13 00:20:00.000000', '2021-04-18 09:56:00.000000'),
(17106, 694, 132, 'JOINED', '2021-04-13 00:20:00.000000', '2021-04-18 09:56:00.000000'),
(17107, 694, 133, 'JOINED', '2021-04-13 00:20:00.000000', '2021-04-13 14:35:21.600000'),
(17108, 694, 134, 'JOINED', '2021-04-13 00:20:00.000000', '2021-04-18 09:56:00.000000'),
(17109, 694, 135, 'JOINED', '2021-04-13 00:20:00.000000', '2021-04-18 09:56:00.000000'),
(17110, 694, 136, 'JOINED', '2021-04-13 00:20:00.000000', '2021-04-13 12:08:28.800000'),
(17111, 694, 137, 'JOINED', '2021-04-13 00:20:00.000000', '2021-04-13 04:04:38.400000'),
(17112, 694, 138, 'JOINED', '2021-04-13 00:20:00.000000', '2021-04-13 00:20:00.000000'),
(17113, 694, 140, 'JOINED', '2021-04-13 00:20:00.000000', '2021-04-14 00:05:36.000000');
INSERT INTO report (id, created_by_id, title, content, rejected_reason, report_status, created_time, updated_time, reviewed_time)
VALUES
(DEFAULT, 17096, 'Employee 116 submit Report', 'Completed Task.', NULL, 'APPROVED', '2021-05-02 05:08:00.000000', '2021-05-02 05:08:00.000000', '2021-05-02 05:13:00.000000'),
(DEFAULT, 17097, 'Employee 117 submit Report', 'Completed Task.', NULL, 'APPROVED', '2021-04-18 02:18:04.800000', '2021-04-18 02:18:04.800000', '2021-04-18 02:23:04.800000'),
(DEFAULT, 17098, 'Employee 118 submit Report', 'Completed Task.', NULL, 'APPROVED', '2021-04-24 06:41:36.000000', '2021-04-24 06:41:36.000000', '2021-04-24 06:46:36.000000'),
(DEFAULT, 17099, 'Employee 119 submit Report', 'Completed Task.', NULL, 'APPROVED', '2021-04-17 00:14:14.400000', '2021-04-17 00:14:14.400000', '2021-04-17 00:19:14.400000'),
(DEFAULT, 17100, 'Employee 121 submit Report', 'Completed Task.', NULL, 'APPROVED', '2021-05-05 13:20:28.800000', '2021-05-05 13:20:28.800000', '2021-05-05 13:25:28.800000'),
(DEFAULT, 17101, 'Employee 122 submit Report', 'Completed Task.', NULL, 'APPROVED', '2021-05-01 23:22:24.000000', '2021-05-01 23:22:24.000000', '2021-05-01 23:27:24.000000'),
(DEFAULT, 17102, 'Employee 123 submit Report', 'Completed Task.', NULL, 'APPROVED', '2021-05-01 21:47:21.600000', '2021-05-01 21:47:21.600000', '2021-05-01 21:52:21.600000'),
(DEFAULT, 17103, 'Employee 125 submit Report', 'Completed Task.', NULL, 'APPROVED', '2021-04-16 11:59:50.400000', '2021-04-16 11:59:50.400000', '2021-04-16 12:04:50.400000'),
(DEFAULT, 17104, 'Employee 127 submit Report', 'Completed Task.', NULL, 'APPROVED', '2021-04-23 01:23:21.600000', '2021-04-23 01:23:21.600000', '2021-04-23 01:28:21.600000'),
(DEFAULT, 17105, 'Employee 130 submit Report', 'Completed Task.', NULL, 'APPROVED', '2021-05-01 22:04:38.400000', '2021-05-01 22:04:38.400000', '2021-05-01 22:09:38.400000'),
(DEFAULT, 17106, 'Employee 132 submit Report', 'Completed Task.', NULL, 'APPROVED', '2021-04-30 23:10:52.800000', '2021-04-30 23:10:52.800000', '2021-04-30 23:15:52.800000'),
(DEFAULT, 17107, 'Employee 133 submit Report', 'Completed Task.', NULL, 'APPROVED', '2021-04-24 10:04:38.400000', '2021-04-24 10:04:38.400000', '2021-04-24 10:09:38.400000'),
(DEFAULT, 17108, 'Employee 134 submit Report', 'Completed Task.', NULL, 'APPROVED', '2021-05-03 17:16:38.400000', '2021-05-03 17:16:38.400000', '2021-05-03 17:21:38.400000'),
(DEFAULT, 17109, 'Employee 135 submit Report', 'Completed Task.', NULL, 'APPROVED', '2021-04-30 20:44:00.000000', '2021-04-30 20:44:00.000000', '2021-04-30 20:49:00.000000'),
(DEFAULT, 17110, 'Employee 136 submit Report', 'Completed Task.', NULL, 'APPROVED', '2021-04-16 01:46:24.000000', '2021-04-16 01:46:24.000000', '2021-04-16 01:51:24.000000'),
(DEFAULT, 17111, 'Employee 137 submit Report', 'Completed Task.', NULL, 'APPROVED', '2021-04-15 15:32:57.600000', '2021-04-15 15:32:57.600000', '2021-04-15 15:37:57.600000'),
(DEFAULT, 17112, 'Employee 138 submit Report', 'Completed Task.', NULL, 'APPROVED', '2021-04-17 01:23:21.600000', '2021-04-17 01:23:21.600000', '2021-04-17 01:28:21.600000'),
(DEFAULT, 17113, 'Employee 140 submit Report', 'Completed Task.', NULL, 'APPROVED', '2021-04-17 17:22:24.000000', '2021-04-17 17:22:24.000000', '2021-04-17 17:27:24.000000');

-- 2021-04-20 00:20:00.000000
-- 2021-04-20
INSERT INTO task (id, collection_id, created_by_id, root_task_id, name, description, report_format, level, task_type, priority, is_locked, start_date, end_date, deadline, created_time, updated_time)
VALUES (695, 57, 151, NULL, 'Test Integration with Analytics', 'This is Test Integration with Analytics', NULL, 'ADVANCED', 'TEST', 'NORMAL', FALSE, '2021-04-20', '2021-05-07', '2021-04-25', '2021-04-20 00:20:00.000000', '2021-04-20 00:20:00.000000');

INSERT INTO task_for_users (id, task_id, assigned_to_id, user_task_status, updated_time, started_time)
VALUES
(17115, 695, 116, 'JOINED', '2021-04-20 00:20:00.000000', '2021-04-20 09:56:00.000000'),
(17116, 695, 118, 'JOINED', '2021-04-20 00:20:00.000000', '2021-04-20 06:20:00.000000'),
(17117, 695, 119, 'JOINED', '2021-04-20 00:20:00.000000', '2021-04-21 09:34:24.000000'),
(17118, 695, 120, 'JOINED', '2021-04-20 00:20:00.000000', '2021-04-21 22:46:24.000000'),
(17119, 695, 122, 'JOINED', '2021-04-20 00:20:00.000000', '2021-04-20 01:03:12.000000'),
(17120, 695, 124, 'JOINED', '2021-04-20 00:20:00.000000', '2021-04-24 12:20:00.000000'),
(17121, 695, 125, 'JOINED', '2021-04-20 00:20:00.000000', '2021-04-24 12:20:00.000000'),
(17122, 695, 127, 'JOINED', '2021-04-20 00:20:00.000000', '2021-04-23 10:24:48.000000'),
(17123, 695, 128, 'JOINED', '2021-04-20 00:20:00.000000', '2021-04-22 23:51:12.000000'),
(17124, 695, 131, 'JOINED', '2021-04-20 00:20:00.000000', '2021-04-20 10:17:36.000000'),
(17125, 695, 132, 'JOINED', '2021-04-20 00:20:00.000000', '2021-04-20 01:46:24.000000'),
(17126, 695, 133, 'JOINED', '2021-04-20 00:20:00.000000', '2021-04-20 22:17:36.000000'),
(17127, 695, 134, 'JOINED', '2021-04-20 00:20:00.000000', '2021-04-21 08:00:48.000000'),
(17128, 695, 135, 'JOINED', '2021-04-20 00:20:00.000000', '2021-04-24 12:20:00.000000'),
(17129, 695, 136, 'JOINED', '2021-04-20 00:20:00.000000', '2021-04-24 12:20:00.000000'),
(17130, 695, 137, 'JOINED', '2021-04-20 00:20:00.000000', '2021-04-21 16:32:00.000000'),
(17131, 695, 138, 'JOINED', '2021-04-20 00:20:00.000000', '2021-04-20 18:56:00.000000'),
(17132, 695, 139, 'JOINED', '2021-04-20 00:20:00.000000', '2021-04-24 12:20:00.000000');
INSERT INTO report (id, created_by_id, title, content, rejected_reason, report_status, created_time, updated_time, reviewed_time)
VALUES
(DEFAULT, 17115, 'Employee 116 submit Report', 'Completed Task.', NULL, 'APPROVED', '2021-04-21 09:34:24.000000', '2021-04-21 09:34:24.000000', '2021-04-21 09:39:24.000000'),
(DEFAULT, 17116, 'Employee 118 submit Report', 'Completed Task.', NULL, 'APPROVED', '2021-04-21 06:12:48.000000', '2021-04-21 06:12:48.000000', '2021-04-21 06:17:48.000000'),
(DEFAULT, 17117, 'Employee 119 submit Report', 'Completed Task.', NULL, 'APPROVED', '2021-04-22 08:36:48.000000', '2021-04-22 08:36:48.000000', '2021-04-22 08:41:48.000000'),
(DEFAULT, 17118, 'Employee 120 submit Report', 'Completed Task.', NULL, 'APPROVED', '2021-04-23 07:39:12.000000', '2021-04-23 07:39:12.000000', '2021-04-23 07:44:12.000000'),
(DEFAULT, 17119, 'Employee 122 submit Report', 'Completed Task.', NULL, 'APPROVED', '2021-04-22 11:36:48.000000', '2021-04-22 11:36:48.000000', '2021-04-22 11:41:48.000000'),
(DEFAULT, 17120, 'Employee 124 submit Report', 'Completed Task.', NULL, 'APPROVED', '2021-05-06 02:08:00.000000', '2021-05-06 02:08:00.000000', '2021-05-06 02:13:00.000000'),
(DEFAULT, 17121, 'Employee 125 submit Report', 'Completed Task.', NULL, 'APPROVED', '2021-05-07 15:27:12.000000', '2021-05-07 15:27:12.000000', '2021-05-07 15:32:12.000000'),
(DEFAULT, 17122, 'Employee 127 submit Report', 'Completed Task.', NULL, 'APPROVED', '2021-04-24 14:15:12.000000', '2021-04-24 14:15:12.000000', '2021-04-24 14:20:12.000000'),
(DEFAULT, 17123, 'Employee 128 submit Report', 'Completed Task.', NULL, 'APPROVED', '2021-04-27 00:48:48.000000', '2021-04-27 00:48:48.000000', '2021-04-27 00:53:48.000000'),
(DEFAULT, 17124, 'Employee 131 submit Report', 'Completed Task.', NULL, 'APPROVED', '2021-04-21 15:20:00.000000', '2021-04-21 15:20:00.000000', '2021-04-21 15:25:00.000000'),
(DEFAULT, 17125, 'Employee 132 submit Report', 'Completed Task.', NULL, 'APPROVED', '2021-04-21 16:53:36.000000', '2021-04-21 16:53:36.000000', '2021-04-21 16:58:36.000000'),
(DEFAULT, 17126, 'Employee 133 submit Report', 'Completed Task.', NULL, 'APPROVED', '2021-04-29 02:22:24.000000', '2021-04-29 02:22:24.000000', '2021-04-29 02:27:24.000000'),
(DEFAULT, 17127, 'Employee 134 submit Report', 'Completed Task.', NULL, 'APPROVED', '2021-04-22 03:56:00.000000', '2021-04-22 03:56:00.000000', '2021-04-22 04:01:00.000000'),
(DEFAULT, 17128, 'Employee 135 submit Report', 'Completed Task.', NULL, 'APPROVED', '2021-05-07 04:32:00.000000', '2021-05-07 04:32:00.000000', '2021-05-07 04:37:00.000000'),
(DEFAULT, 17129, 'Employee 136 submit Report', 'Completed Task.', NULL, 'APPROVED', '2021-05-05 16:10:24.000000', '2021-05-05 16:10:24.000000', '2021-05-05 16:15:24.000000'),
(DEFAULT, 17130, 'Employee 137 submit Report', 'Completed Task.', NULL, 'APPROVED', '2021-04-24 23:36:48.000000', '2021-04-24 23:36:48.000000', '2021-04-24 23:41:48.000000'),
(DEFAULT, 17131, 'Employee 138 submit Report', 'Completed Task.', NULL, 'APPROVED', '2021-04-23 22:46:24.000000', '2021-04-23 22:46:24.000000', '2021-04-23 22:51:24.000000'),
(DEFAULT, 17132, 'Employee 139 submit Report', 'Completed Task.', NULL, 'APPROVED', '2021-05-06 22:46:24.000000', '2021-05-06 22:46:24.000000', '2021-05-06 22:51:24.000000');

-- 2021-04-26 00:20:00.000000
-- 2021-04-26
INSERT INTO task (id, collection_id, created_by_id, root_task_id, name, description, report_format, level, task_type, priority, is_locked, start_date, end_date, deadline, created_time, updated_time)
VALUES (696, 57, 151, NULL, 'Test Reporting API Accuracy', 'This is Test Reporting API Accuracy', NULL, 'ADVANCED', 'TEST', 'LOW', FALSE, '2021-04-26', '2021-05-11', '2021-04-30', '2021-04-26 00:20:00.000000', '2021-04-26 00:20:00.000000');

INSERT INTO task_for_users (id, task_id, assigned_to_id, user_task_status, updated_time, started_time)
VALUES
(17134, 696, 117, 'JOINED', '2021-04-26 00:20:00.000000', '2021-04-29 14:44:00.000000'),
(17135, 696, 118, 'JOINED', '2021-04-26 00:20:00.000000', '2021-04-26 07:08:57.600000'),
(17136, 696, 119, 'JOINED', '2021-04-26 00:20:00.000000', '2021-04-28 09:38:43.200000'),
(17137, 696, 120, 'JOINED', '2021-04-26 00:20:00.000000', '2021-04-27 23:33:55.200000'),
(17138, 696, 121, 'JOINED', '2021-04-26 00:20:00.000000', '2021-04-26 03:53:07.200000'),
(17139, 696, 122, 'JOINED', '2021-04-26 00:20:00.000000', '2021-04-27 08:46:52.800000'),
(17140, 696, 123, 'JOINED', '2021-04-26 00:20:00.000000', '2021-04-26 20:46:52.800000'),
(17141, 696, 124, 'JOINED', '2021-04-26 00:20:00.000000', '2021-04-26 03:47:21.600000'),
(17142, 696, 125, 'JOINED', '2021-04-26 00:20:00.000000', '2021-04-27 10:36:19.200000'),
(17143, 696, 126, 'JOINED', '2021-04-26 00:20:00.000000', '2021-04-26 08:00:48.000000'),
(17144, 696, 127, 'JOINED', '2021-04-26 00:20:00.000000', '2021-04-27 02:32:28.800000'),
(17145, 696, 129, 'JOINED', '2021-04-26 00:20:00.000000', '2021-04-26 01:40:38.400000'),
(17146, 696, 132, 'JOINED', '2021-04-26 00:20:00.000000', '2021-04-27 11:05:07.200000'),
(17147, 696, 133, 'JOINED', '2021-04-26 00:20:00.000000', '2021-04-26 18:28:38.400000'),
(17148, 696, 136, 'JOINED', '2021-04-26 00:20:00.000000', '2021-04-26 16:10:24.000000'),
(17149, 696, 137, 'JOINED', '2021-04-26 00:20:00.000000', '2021-04-26 13:40:38.400000'),
(17150, 696, 138, 'JOINED', '2021-04-26 00:20:00.000000', '2021-04-29 14:44:00.000000'),
(17151, 696, 139, 'JOINED', '2021-04-26 00:20:00.000000', '2021-04-29 14:44:00.000000');
INSERT INTO report (id, created_by_id, title, content, rejected_reason, report_status, created_time, updated_time, reviewed_time)
VALUES
(DEFAULT, 17134, 'Employee 117 submit Report', 'Completed Task.', NULL, 'APPROVED', '2021-05-08 10:30:33.600000', '2021-05-08 10:30:33.600000', '2021-05-08 10:35:33.600000'),
(DEFAULT, 17135, 'Employee 118 submit Report', 'Completed Task.', NULL, 'APPROVED', '2021-04-28 23:45:26.400000', '2021-04-28 23:45:26.400000', '2021-04-28 23:50:26.400000'),
(DEFAULT, 17136, 'Employee 119 submit Report', 'Completed Task.', NULL, 'APPROVED', '2021-05-01 15:01:16.800000', '2021-05-01 15:01:16.800000', '2021-05-01 15:06:16.800000'),
(DEFAULT, 17137, 'Employee 120 submit Report', 'Completed Task.', NULL, 'APPROVED', '2021-04-29 17:13:45.600000', '2021-04-29 17:13:45.600000', '2021-04-29 17:18:45.600000'),
(DEFAULT, 17138, 'Employee 121 submit Report', 'Completed Task.', NULL, 'APPROVED', '2021-04-27 05:42:33.600000', '2021-04-27 05:42:33.600000', '2021-04-27 05:47:33.600000'),
(DEFAULT, 17139, 'Employee 122 submit Report', 'Completed Task.', NULL, 'APPROVED', '2021-04-28 14:44:00.000000', '2021-04-28 14:44:00.000000', '2021-04-28 14:49:00.000000'),
(DEFAULT, 17140, 'Employee 123 submit Report', 'Completed Task.', NULL, 'APPROVED', '2021-04-27 16:16:09.600000', '2021-04-27 16:16:09.600000', '2021-04-27 16:21:09.600000'),
(DEFAULT, 17141, 'Employee 124 submit Report', 'Completed Task.', NULL, 'APPROVED', '2021-04-29 06:17:07.200000', '2021-04-29 06:17:07.200000', '2021-04-29 06:22:07.200000'),
(DEFAULT, 17142, 'Employee 125 submit Report', 'Completed Task.', NULL, 'APPROVED', '2021-04-29 07:32:00.000000', '2021-04-29 07:32:00.000000', '2021-04-29 07:37:00.000000'),
(DEFAULT, 17143, 'Employee 126 submit Report', 'Completed Task.', NULL, 'APPROVED', '2021-04-27 11:16:38.400000', '2021-04-27 11:16:38.400000', '2021-04-27 11:21:38.400000'),
(DEFAULT, 17144, 'Employee 127 submit Report', 'Completed Task.', NULL, 'APPROVED', '2021-04-27 17:02:14.400000', '2021-04-27 17:02:14.400000', '2021-04-27 17:07:14.400000'),
(DEFAULT, 17145, 'Employee 129 submit Report', 'Completed Task.', NULL, 'APPROVED', '2021-04-26 23:22:24.000000', '2021-04-26 23:22:24.000000', '2021-04-26 23:27:24.000000'),
(DEFAULT, 17146, 'Employee 132 submit Report', 'Completed Task.', NULL, 'APPROVED', '2021-04-29 02:03:40.800000', '2021-04-29 02:03:40.800000', '2021-04-29 02:08:40.800000'),
(DEFAULT, 17147, 'Employee 133 submit Report', 'Completed Task.', NULL, 'APPROVED', '2021-04-27 16:04:38.400000', '2021-04-27 16:04:38.400000', '2021-04-27 16:09:38.400000'),
(DEFAULT, 17148, 'Employee 136 submit Report', 'Completed Task.', NULL, 'APPROVED', '2021-04-29 16:39:12.000000', '2021-04-29 16:39:12.000000', '2021-04-29 16:44:12.000000'),
(DEFAULT, 17149, 'Employee 137 submit Report', 'Completed Task.', NULL, 'APPROVED', '2021-05-03 10:59:21.600000', '2021-05-03 10:59:21.600000', '2021-05-03 11:04:21.600000'),
(DEFAULT, 17150, 'Employee 138 submit Report', 'Completed Task.', NULL, 'APPROVED', '2021-05-11 06:34:24.000000', '2021-05-11 06:34:24.000000', '2021-05-11 06:39:24.000000'),
(DEFAULT, 17151, 'Employee 139 submit Report', 'Completed Task.', NULL, 'APPROVED', '2021-05-09 21:27:12.000000', '2021-05-09 21:27:12.000000', '2021-05-09 21:32:12.000000');

-- 2021-05-01 00:20:00.000000
-- 2021-05-01
INSERT INTO task (id, collection_id, created_by_id, root_task_id, name, description, report_format, level, task_type, priority, is_locked, start_date, end_date, deadline, created_time, updated_time)
VALUES (697, 57, 151, NULL, 'Test API Schema Validation', 'This is Test API Schema Validation', NULL, 'NORMAL', 'TEST', 'URGENT', FALSE, '2021-05-01', '2021-05-24', '2021-05-07', '2021-05-01 00:20:00.000000', '2021-05-01 00:20:00.000000');

INSERT INTO task_for_users (id, task_id, assigned_to_id, user_task_status, updated_time, started_time)
VALUES
(17153, 697, 116, 'JOINED', '2021-05-01 00:20:00.000000', '2021-05-06 09:56:00.000000'),
(17154, 697, 117, 'JOINED', '2021-05-01 00:20:00.000000', '2021-05-01 20:42:33.600000'),
(17155, 697, 118, 'JOINED', '2021-05-01 00:20:00.000000', '2021-05-04 02:55:31.200000'),
(17156, 697, 119, 'JOINED', '2021-05-01 00:20:00.000000', '2021-05-04 11:33:55.200000'),
(17157, 697, 120, 'JOINED', '2021-05-01 00:20:00.000000', '2021-05-03 02:00:48.000000'),
(17158, 697, 122, 'JOINED', '2021-05-01 00:20:00.000000', '2021-05-06 09:56:00.000000'),
(17159, 697, 124, 'JOINED', '2021-05-01 00:20:00.000000', '2021-05-06 09:56:00.000000'),
(17160, 697, 125, 'JOINED', '2021-05-01 00:20:00.000000', '2021-05-02 06:08:28.800000'),
(17161, 697, 126, 'JOINED', '2021-05-01 00:20:00.000000', '2021-05-06 09:56:00.000000'),
(17162, 697, 128, 'JOINED', '2021-05-01 00:20:00.000000', '2021-05-01 10:42:04.800000'),
(17163, 697, 129, 'JOINED', '2021-05-01 00:20:00.000000', '2021-05-02 10:49:16.800000'),
(17164, 697, 130, 'JOINED', '2021-05-01 00:20:00.000000', '2021-05-06 09:56:00.000000'),
(17165, 697, 132, 'JOINED', '2021-05-01 00:20:00.000000', '2021-05-02 01:57:55.200000'),
(17166, 697, 134, 'JOINED', '2021-05-01 00:20:00.000000', '2021-05-03 02:09:26.400000'),
(17167, 697, 136, 'JOINED', '2021-05-01 00:20:00.000000', '2021-05-01 09:58:52.800000'),
(17168, 697, 137, 'JOINED', '2021-05-01 00:20:00.000000', '2021-05-01 05:48:19.200000'),
(17169, 697, 138, 'JOINED', '2021-05-01 00:20:00.000000', '2021-05-01 11:59:50.400000'),
(17170, 697, 139, 'JOINED', '2021-05-01 00:20:00.000000', '2021-05-06 09:56:00.000000');
INSERT INTO report (id, created_by_id, title, content, rejected_reason, report_status, created_time, updated_time, reviewed_time)
VALUES
(DEFAULT, 17153, 'Employee 116 submit Report', 'Completed Task.', NULL, 'APPROVED', '2021-05-23 07:17:36.000000', '2021-05-23 07:17:36.000000', '2021-05-23 07:22:36.000000'),
(DEFAULT, 17154, 'Employee 117 submit Report', 'Completed Task.', NULL, 'APPROVED', '2021-05-12 03:57:26.400000', '2021-05-12 03:57:26.400000', '2021-05-12 04:02:26.400000'),
(DEFAULT, 17155, 'Employee 118 submit Report', 'Completed Task.', NULL, 'APPROVED', '2021-05-06 22:36:19.200000', '2021-05-06 22:36:19.200000', '2021-05-06 22:41:19.200000'),
(DEFAULT, 17156, 'Employee 119 submit Report', 'Completed Task.', NULL, 'APPROVED', '2021-05-06 22:27:40.800000', '2021-05-06 22:27:40.800000', '2021-05-06 22:32:40.800000'),
(DEFAULT, 17157, 'Employee 120 submit Report', 'Completed Task.', NULL, 'APPROVED', '2021-05-05 15:38:43.200000', '2021-05-05 15:38:43.200000', '2021-05-05 15:43:43.200000'),
(DEFAULT, 17158, 'Employee 122 submit Report', 'Completed Task.', NULL, 'APPROVED', '2021-05-21 05:36:48.000000', '2021-05-21 05:36:48.000000', '2021-05-21 05:41:48.000000'),
(DEFAULT, 17159, 'Employee 124 submit Report', 'Completed Task.', NULL, 'APPROVED', '2021-05-19 01:20:28.800000', '2021-05-19 01:20:28.800000', '2021-05-19 01:25:28.800000'),
(DEFAULT, 17160, 'Employee 125 submit Report', 'Completed Task.', NULL, 'APPROVED', '2021-05-05 02:58:24.000000', '2021-05-05 02:58:24.000000', '2021-05-05 03:03:24.000000'),
(DEFAULT, 17161, 'Employee 126 submit Report', 'Completed Task.', NULL, 'APPROVED', '2021-05-22 03:30:04.800000', '2021-05-22 03:30:04.800000', '2021-05-22 03:35:04.800000'),
(DEFAULT, 17162, 'Employee 128 submit Report', 'Completed Task.', NULL, 'APPROVED', '2021-05-03 11:48:19.200000', '2021-05-03 11:48:19.200000', '2021-05-03 11:53:19.200000'),
(DEFAULT, 17163, 'Employee 129 submit Report', 'Completed Task.', NULL, 'APPROVED', '2021-05-11 13:50:43.200000', '2021-05-11 13:50:43.200000', '2021-05-11 13:55:43.200000'),
(DEFAULT, 17164, 'Employee 130 submit Report', 'Completed Task.', NULL, 'APPROVED', '2021-05-24 01:52:09.600000', '2021-05-24 01:52:09.600000', '2021-05-24 01:57:09.600000'),
(DEFAULT, 17165, 'Employee 132 submit Report', 'Completed Task.', NULL, 'APPROVED', '2021-05-04 11:59:50.400000', '2021-05-04 11:59:50.400000', '2021-05-04 12:04:50.400000'),
(DEFAULT, 17166, 'Employee 134 submit Report', 'Completed Task.', NULL, 'APPROVED', '2021-05-05 19:49:16.800000', '2021-05-05 19:49:16.800000', '2021-05-05 19:54:16.800000'),
(DEFAULT, 17167, 'Employee 136 submit Report', 'Completed Task.', NULL, 'APPROVED', '2021-05-12 14:41:07.200000', '2021-05-12 14:41:07.200000', '2021-05-12 14:46:07.200000'),
(DEFAULT, 17168, 'Employee 137 submit Report', 'Completed Task.', NULL, 'APPROVED', '2021-05-04 10:50:43.200000', '2021-05-04 10:50:43.200000', '2021-05-04 10:55:43.200000'),
(DEFAULT, 17169, 'Employee 138 submit Report', 'Completed Task.', NULL, 'APPROVED', '2021-05-04 18:45:55.200000', '2021-05-04 18:45:55.200000', '2021-05-04 18:50:55.200000'),
(DEFAULT, 17170, 'Employee 139 submit Report', 'Completed Task.', NULL, 'APPROVED', '2021-05-19 10:07:31.200000', '2021-05-19 10:07:31.200000', '2021-05-19 10:12:31.200000');

-- 2021-05-08 00:20:00.000000
-- 2021-05-08
INSERT INTO task (id, collection_id, created_by_id, root_task_id, name, description, report_format, level, task_type, priority, is_locked, start_date, end_date, deadline, created_time, updated_time)
VALUES (698, 57, 151, NULL, 'Test API Backward Compatibility', 'This is Test API Backward Compatibility', NULL, 'NORMAL', 'TEST', 'LOW', FALSE, '2021-05-08', '2021-05-19', '2021-05-11', '2021-05-08 00:20:00.000000', '2021-05-08 00:20:00.000000');

INSERT INTO task_for_users (id, task_id, assigned_to_id, user_task_status, updated_time, started_time)
VALUES
(17172, 698, 116, 'JOINED', '2021-05-08 00:20:00.000000', '2021-05-08 08:49:45.600000'),
(17173, 698, 119, 'JOINED', '2021-05-08 00:20:00.000000', '2021-05-08 21:12:48.000000'),
(17174, 698, 121, 'JOINED', '2021-05-08 00:20:00.000000', '2021-05-08 21:30:04.800000'),
(17175, 698, 122, 'JOINED', '2021-05-08 00:20:00.000000', '2021-05-08 01:46:24.000000'),
(17176, 698, 123, 'JOINED', '2021-05-08 00:20:00.000000', '2021-05-08 20:25:16.800000'),
(17177, 698, 126, 'JOINED', '2021-05-08 00:20:00.000000', '2021-05-09 14:46:52.800000'),
(17178, 698, 127, 'JOINED', '2021-05-08 00:20:00.000000', '2021-05-08 10:50:43.200000'),
(17179, 698, 128, 'JOINED', '2021-05-08 00:20:00.000000', '2021-05-09 15:45:12.000000'),
(17180, 698, 129, 'JOINED', '2021-05-08 00:20:00.000000', '2021-05-10 00:08:28.800000'),
(17181, 698, 130, 'JOINED', '2021-05-08 00:20:00.000000', '2021-05-08 08:19:31.200000'),
(17182, 698, 131, 'JOINED', '2021-05-08 00:20:00.000000', '2021-05-08 16:27:40.800000'),
(17183, 698, 132, 'JOINED', '2021-05-08 00:20:00.000000', '2021-05-09 07:56:28.800000'),
(17184, 698, 133, 'JOINED', '2021-05-08 00:20:00.000000', '2021-05-08 00:41:36.000000'),
(17185, 698, 134, 'JOINED', '2021-05-08 00:20:00.000000', '2021-05-08 15:05:36.000000'),
(17186, 698, 136, 'JOINED', '2021-05-08 00:20:00.000000', '2021-05-08 11:20:57.600000'),
(17187, 698, 137, 'JOINED', '2021-05-08 00:20:00.000000', '2021-05-10 17:08:00.000000'),
(17188, 698, 138, 'JOINED', '2021-05-08 00:20:00.000000', '2021-05-08 06:55:16.800000'),
(17189, 698, 139, 'JOINED', '2021-05-08 00:20:00.000000', '2021-05-10 17:08:00.000000');
INSERT INTO report (id, created_by_id, title, content, rejected_reason, report_status, created_time, updated_time, reviewed_time)
VALUES
(DEFAULT, 17172, 'Employee 116 submit Report', 'Completed Task.', NULL, 'APPROVED', '2021-05-09 04:16:09.600000', '2021-05-09 04:16:09.600000', '2021-05-09 04:21:09.600000'),
(DEFAULT, 17173, 'Employee 119 submit Report', 'Completed Task.', NULL, 'APPROVED', '2021-05-10 06:07:02.400000', '2021-05-10 06:07:02.400000', '2021-05-10 06:12:02.400000'),
(DEFAULT, 17174, 'Employee 121 submit Report', 'Completed Task.', NULL, 'APPROVED', '2021-05-10 06:07:02.400000', '2021-05-10 06:07:02.400000', '2021-05-10 06:12:02.400000'),
(DEFAULT, 17175, 'Employee 122 submit Report', 'Completed Task.', NULL, 'APPROVED', '2021-05-08 21:30:04.800000', '2021-05-08 21:30:04.800000', '2021-05-08 21:35:04.800000'),
(DEFAULT, 17176, 'Employee 123 submit Report', 'Completed Task.', NULL, 'APPROVED', '2021-05-10 06:20:00.000000', '2021-05-10 06:20:00.000000', '2021-05-10 06:25:00.000000'),
(DEFAULT, 17177, 'Employee 126 submit Report', 'Completed Task.', NULL, 'APPROVED', '2021-05-10 17:25:16.800000', '2021-05-10 17:25:16.800000', '2021-05-10 17:30:16.800000'),
(DEFAULT, 17178, 'Employee 127 submit Report', 'Completed Task.', NULL, 'APPROVED', '2021-05-09 15:43:02.400000', '2021-05-09 15:43:02.400000', '2021-05-09 15:48:02.400000'),
(DEFAULT, 17179, 'Employee 128 submit Report', 'Completed Task.', NULL, 'APPROVED', '2021-05-12 08:54:48.000000', '2021-05-12 08:54:48.000000', '2021-05-12 08:59:48.000000'),
(DEFAULT, 17180, 'Employee 129 submit Report', 'Completed Task.', NULL, 'APPROVED', '2021-05-10 10:56:28.800000', '2021-05-10 10:56:28.800000', '2021-05-10 11:01:28.800000'),
(DEFAULT, 17181, 'Employee 130 submit Report', 'Completed Task.', NULL, 'APPROVED', '2021-05-09 08:31:02.400000', '2021-05-09 08:31:02.400000', '2021-05-09 08:36:02.400000'),
(DEFAULT, 17182, 'Employee 131 submit Report', 'Completed Task.', NULL, 'APPROVED', '2021-05-09 05:25:16.800000', '2021-05-09 05:25:16.800000', '2021-05-09 05:30:16.800000'),
(DEFAULT, 17183, 'Employee 132 submit Report', 'Completed Task.', NULL, 'APPROVED', '2021-05-12 16:43:31.200000', '2021-05-12 16:43:31.200000', '2021-05-12 16:48:31.200000'),
(DEFAULT, 17184, 'Employee 133 submit Report', 'Completed Task.', NULL, 'APPROVED', '2021-05-08 15:31:31.200000', '2021-05-08 15:31:31.200000', '2021-05-08 15:36:31.200000'),
(DEFAULT, 17185, 'Employee 134 submit Report', 'Completed Task.', NULL, 'APPROVED', '2021-05-09 21:11:21.600000', '2021-05-09 21:11:21.600000', '2021-05-09 21:16:21.600000'),
(DEFAULT, 17186, 'Employee 136 submit Report', 'Completed Task.', NULL, 'APPROVED', '2021-05-13 13:19:02.400000', '2021-05-13 13:19:02.400000', '2021-05-13 13:24:02.400000'),
(DEFAULT, 17187, 'Employee 137 submit Report', 'Completed Task.', NULL, 'APPROVED', '2021-05-19 05:32:28.800000', '2021-05-19 05:32:28.800000', '2021-05-19 05:37:28.800000'),
(DEFAULT, 17188, 'Employee 138 submit Report', 'Completed Task.', NULL, 'APPROVED', '2021-05-13 17:44:43.200000', '2021-05-13 17:44:43.200000', '2021-05-13 17:49:43.200000'),
(DEFAULT, 17189, 'Employee 139 submit Report', 'Completed Task.', NULL, 'APPROVED', '2021-05-19 08:12:19.200000', '2021-05-19 08:12:19.200000', '2021-05-19 08:17:19.200000');

-- 2021-05-12 00:20:00.000000
-- 2021-05-12
INSERT INTO task (id, collection_id, created_by_id, root_task_id, name, description, report_format, level, task_type, priority, is_locked, start_date, end_date, deadline, created_time, updated_time)
VALUES (699, 57, 151, NULL, 'Test End-to-End API Flow', 'This is Test End-to-End API Flow', NULL, 'ADVANCED', 'TEST', 'HIGH', FALSE, '2021-05-12', '2021-06-03', '2021-05-18', '2021-05-12 00:20:00.000000', '2021-05-12 00:20:00.000000');

INSERT INTO task_for_users (id, task_id, assigned_to_id, user_task_status, updated_time, started_time)
VALUES
(17191, 699, 116, 'JOINED', '2021-05-12 00:20:00.000000', '2021-05-12 10:33:26.400000'),
(17192, 699, 117, 'JOINED', '2021-05-12 00:20:00.000000', '2021-05-17 09:56:00.000000'),
(17193, 699, 118, 'JOINED', '2021-05-12 00:20:00.000000', '2021-05-17 09:56:00.000000'),
(17194, 699, 121, 'JOINED', '2021-05-12 00:20:00.000000', '2021-05-13 02:32:28.800000'),
(17195, 699, 122, 'JOINED', '2021-05-12 00:20:00.000000', '2021-05-17 09:56:00.000000'),
(17196, 699, 123, 'JOINED', '2021-05-12 00:20:00.000000', '2021-05-17 09:56:00.000000'),
(17197, 699, 125, 'JOINED', '2021-05-12 00:20:00.000000', '2021-05-17 09:56:00.000000'),
(17198, 699, 127, 'JOINED', '2021-05-12 00:20:00.000000', '2021-05-17 09:56:00.000000'),
(17199, 699, 130, 'JOINED', '2021-05-12 00:20:00.000000', '2021-05-17 09:56:00.000000'),
(17200, 699, 132, 'JOINED', '2021-05-12 00:20:00.000000', '2021-05-12 03:25:45.600000'),
(17201, 699, 133, 'JOINED', '2021-05-12 00:20:00.000000', '2021-05-17 09:56:00.000000'),
(17202, 699, 134, 'JOINED', '2021-05-12 00:20:00.000000', '2021-05-17 09:56:00.000000'),
(17203, 699, 135, 'JOINED', '2021-05-12 00:20:00.000000', '2021-05-17 09:56:00.000000'),
(17204, 699, 136, 'JOINED', '2021-05-12 00:20:00.000000', '2021-05-12 15:09:55.200000'),
(17205, 699, 137, 'JOINED', '2021-05-12 00:20:00.000000', '2021-05-12 19:11:50.400000'),
(17206, 699, 138, 'JOINED', '2021-05-12 00:20:00.000000', '2021-05-12 03:21:26.400000'),
(17207, 699, 139, 'JOINED', '2021-05-12 00:20:00.000000', '2021-05-17 09:56:00.000000');
INSERT INTO report (id, created_by_id, title, content, rejected_reason, report_status, created_time, updated_time, reviewed_time)
VALUES
(DEFAULT, 17191, 'Employee 116 submit Report', 'Completed Task.', NULL, 'APPROVED', '2021-05-15 12:43:02.400000', '2021-05-15 12:43:02.400000', '2021-05-15 12:48:02.400000'),
(DEFAULT, 17192, 'Employee 117 submit Report', 'Completed Task.', NULL, 'APPROVED', '2021-06-03 15:21:26.400000', '2021-06-03 15:21:26.400000', '2021-06-03 15:26:26.400000'),
(DEFAULT, 17193, 'Employee 118 submit Report', 'Completed Task.', NULL, 'APPROVED', '2021-05-30 19:55:02.400000', '2021-05-30 19:55:02.400000', '2021-05-30 20:00:02.400000'),
(DEFAULT, 17194, 'Employee 121 submit Report', 'Completed Task.', NULL, 'APPROVED', '2021-05-15 08:23:50.400000', '2021-05-15 08:23:50.400000', '2021-05-15 08:28:50.400000'),
(DEFAULT, 17195, 'Employee 122 submit Report', 'Completed Task.', NULL, 'APPROVED', '2021-06-03 05:25:16.800000', '2021-06-03 05:25:16.800000', '2021-06-03 05:30:16.800000'),
(DEFAULT, 17196, 'Employee 123 submit Report', 'Completed Task.', NULL, 'APPROVED', '2021-05-30 06:40:09.600000', '2021-05-30 06:40:09.600000', '2021-05-30 06:45:09.600000'),
(DEFAULT, 17197, 'Employee 125 submit Report', 'Completed Task.', NULL, 'APPROVED', '2021-06-03 13:20:28.800000', '2021-06-03 13:20:28.800000', '2021-06-03 13:25:28.800000'),
(DEFAULT, 17198, 'Employee 127 submit Report', 'Completed Task.', NULL, 'APPROVED', '2021-05-30 11:25:16.800000', '2021-05-30 11:25:16.800000', '2021-05-30 11:30:16.800000'),
(DEFAULT, 17199, 'Employee 130 submit Report', 'Completed Task.', NULL, 'APPROVED', '2021-05-29 10:21:55.200000', '2021-05-29 10:21:55.200000', '2021-05-29 10:26:55.200000'),
(DEFAULT, 17200, 'Employee 132 submit Report', 'Completed Task.', NULL, 'APPROVED', '2021-05-23 21:14:14.400000', '2021-05-23 21:14:14.400000', '2021-05-23 21:19:14.400000'),
(DEFAULT, 17201, 'Employee 133 submit Report', 'Completed Task.', NULL, 'APPROVED', '2021-05-31 12:54:33.600000', '2021-05-31 12:54:33.600000', '2021-05-31 12:59:33.600000'),
(DEFAULT, 17202, 'Employee 134 submit Report', 'Completed Task.', NULL, 'APPROVED', '2021-06-02 21:12:48.000000', '2021-06-02 21:12:48.000000', '2021-06-02 21:17:48.000000'),
(DEFAULT, 17203, 'Employee 135 submit Report', 'Completed Task.', NULL, 'APPROVED', '2021-06-01 12:31:31.200000', '2021-06-01 12:31:31.200000', '2021-06-01 12:36:31.200000'),
(DEFAULT, 17204, 'Employee 136 submit Report', 'Completed Task.', NULL, 'APPROVED', '2021-05-16 23:16:38.400000', '2021-05-16 23:16:38.400000', '2021-05-16 23:21:38.400000'),
(DEFAULT, 17205, 'Employee 137 submit Report', 'Completed Task.', NULL, 'APPROVED', '2021-05-15 21:04:09.600000', '2021-05-15 21:04:09.600000', '2021-05-15 21:09:09.600000'),
(DEFAULT, 17206, 'Employee 138 submit Report', 'Completed Task.', NULL, 'APPROVED', '2021-05-23 21:18:33.600000', '2021-05-23 21:18:33.600000', '2021-05-23 21:23:33.600000'),
(DEFAULT, 17207, 'Employee 139 submit Report', 'Completed Task.', NULL, 'APPROVED', '2021-05-29 16:59:21.600000', '2021-05-29 16:59:21.600000', '2021-05-29 17:04:21.600000');

-- 2021-05-19 00:20:00.000000
-- 2021-05-19
INSERT INTO task (id, collection_id, created_by_id, root_task_id, name, description, report_format, level, task_type, priority, is_locked, start_date, end_date, deadline, created_time, updated_time)
VALUES (700, 57, 151, NULL, 'Test Integration Regression', 'This is Test Integration Regression', NULL, 'ADVANCED', 'TEST', 'LOW', FALSE, '2021-05-19', '2021-05-30', '2021-05-23', '2021-05-19 00:20:00.000000', '2021-05-19 00:20:00.000000');

INSERT INTO task_for_users (id, task_id, assigned_to_id, user_task_status, updated_time, started_time)
VALUES
(17209, 700, 117, 'JOINED', '2021-05-19 00:20:00.000000', '2021-05-19 10:01:45.600000'),
(17210, 700, 118, 'JOINED', '2021-05-19 00:20:00.000000', '2021-05-20 05:13:45.600000'),
(17211, 700, 119, 'JOINED', '2021-05-19 00:20:00.000000', '2021-05-19 10:47:50.400000'),
(17212, 700, 120, 'JOINED', '2021-05-19 00:20:00.000000', '2021-05-19 15:30:04.800000'),
(17213, 700, 121, 'JOINED', '2021-05-19 00:20:00.000000', '2021-05-19 01:29:07.200000'),
(17214, 700, 123, 'JOINED', '2021-05-19 00:20:00.000000', '2021-05-20 08:35:21.600000'),
(17215, 700, 124, 'JOINED', '2021-05-19 00:20:00.000000', '2021-05-19 20:38:14.400000'),
(17216, 700, 125, 'JOINED', '2021-05-19 00:20:00.000000', '2021-05-19 09:09:55.200000'),
(17217, 700, 126, 'JOINED', '2021-05-19 00:20:00.000000', '2021-05-20 21:56:00.000000'),
(17218, 700, 127, 'JOINED', '2021-05-19 00:20:00.000000', '2021-05-20 09:41:36.000000'),
(17219, 700, 129, 'JOINED', '2021-05-19 00:20:00.000000', '2021-05-20 17:28:09.600000'),
(17220, 700, 132, 'JOINED', '2021-05-19 00:20:00.000000', '2021-05-20 08:18:04.800000'),
(17221, 700, 133, 'JOINED', '2021-05-19 00:20:00.000000', '2021-05-19 05:28:09.600000'),
(17222, 700, 136, 'JOINED', '2021-05-19 00:20:00.000000', '2021-05-22 14:44:00.000000'),
(17223, 700, 137, 'JOINED', '2021-05-19 00:20:00.000000', '2021-05-19 05:48:19.200000'),
(17224, 700, 138, 'JOINED', '2021-05-19 00:20:00.000000', '2021-05-19 21:27:12.000000'),
(17225, 700, 139, 'JOINED', '2021-05-19 00:20:00.000000', '2021-05-19 10:30:33.600000');
INSERT INTO report (id, created_by_id, title, content, rejected_reason, report_status, created_time, updated_time, reviewed_time)
VALUES
(DEFAULT, 17209, 'Employee 117 submit Report', 'Completed Task.', NULL, 'APPROVED', '2021-05-22 22:53:36.000000', '2021-05-22 22:53:36.000000', '2021-05-22 22:58:36.000000'),
(DEFAULT, 17210, 'Employee 118 submit Report', 'Completed Task.', NULL, 'APPROVED', '2021-05-22 03:07:02.400000', '2021-05-22 03:07:02.400000', '2021-05-22 03:12:02.400000'),
(DEFAULT, 17211, 'Employee 119 submit Report', 'Completed Task.', NULL, 'APPROVED', '2021-05-21 23:28:09.600000', '2021-05-21 23:28:09.600000', '2021-05-21 23:33:09.600000'),
(DEFAULT, 17212, 'Employee 120 submit Report', 'Completed Task.', NULL, 'APPROVED', '2021-05-20 09:50:14.400000', '2021-05-20 09:50:14.400000', '2021-05-20 09:55:14.400000'),
(DEFAULT, 17213, 'Employee 121 submit Report', 'Completed Task.', NULL, 'APPROVED', '2021-05-20 05:02:14.400000', '2021-05-20 05:02:14.400000', '2021-05-20 05:07:14.400000'),
(DEFAULT, 17214, 'Employee 123 submit Report', 'Completed Task.', NULL, 'APPROVED', '2021-05-25 16:04:38.400000', '2021-05-25 16:04:38.400000', '2021-05-25 16:09:38.400000'),
(DEFAULT, 17215, 'Employee 124 submit Report', 'Completed Task.', NULL, 'APPROVED', '2021-05-26 04:01:45.600000', '2021-05-26 04:01:45.600000', '2021-05-26 04:06:45.600000'),
(DEFAULT, 17216, 'Employee 125 submit Report', 'Completed Task.', NULL, 'APPROVED', '2021-05-26 15:30:04.800000', '2021-05-26 15:30:04.800000', '2021-05-26 15:35:04.800000'),
(DEFAULT, 17217, 'Employee 126 submit Report', 'Completed Task.', NULL, 'APPROVED', '2021-05-22 11:33:55.200000', '2021-05-22 11:33:55.200000', '2021-05-22 11:38:55.200000'),
(DEFAULT, 17218, 'Employee 127 submit Report', 'Completed Task.', NULL, 'APPROVED', '2021-05-25 14:58:24.000000', '2021-05-25 14:58:24.000000', '2021-05-25 15:03:24.000000'),
(DEFAULT, 17219, 'Employee 129 submit Report', 'Completed Task.', NULL, 'APPROVED', '2021-05-25 07:11:50.400000', '2021-05-25 07:11:50.400000', '2021-05-25 07:16:50.400000'),
(DEFAULT, 17220, 'Employee 132 submit Report', 'Completed Task.', NULL, 'APPROVED', '2021-05-22 17:19:31.200000', '2021-05-22 17:19:31.200000', '2021-05-22 17:24:31.200000'),
(DEFAULT, 17221, 'Employee 133 submit Report', 'Completed Task.', NULL, 'APPROVED', '2021-05-26 19:11:50.400000', '2021-05-26 19:11:50.400000', '2021-05-26 19:16:50.400000'),
(DEFAULT, 17222, 'Employee 136 submit Report', 'Completed Task.', NULL, 'APPROVED', '2021-05-30 23:16:38.400000', '2021-05-30 23:16:38.400000', '2021-05-30 23:21:38.400000'),
(DEFAULT, 17223, 'Employee 137 submit Report', 'Completed Task.', NULL, 'APPROVED', '2021-05-21 05:54:04.800000', '2021-05-21 05:54:04.800000', '2021-05-21 05:59:04.800000'),
(DEFAULT, 17224, 'Employee 138 submit Report', 'Completed Task.', NULL, 'APPROVED', '2021-05-22 16:21:55.200000', '2021-05-22 16:21:55.200000', '2021-05-22 16:26:55.200000'),
(DEFAULT, 17225, 'Employee 139 submit Report', 'Completed Task.', NULL, 'APPROVED', '2021-05-21 17:36:48.000000', '2021-05-21 17:36:48.000000', '2021-05-21 17:41:48.000000');

-- 2021-05-24 00:20:00.000000
-- 2021-05-24
INSERT INTO task (id, collection_id, created_by_id, root_task_id, name, description, report_format, level, task_type, priority, is_locked, start_date, end_date, deadline, created_time, updated_time)
VALUES (701, 57, 151, NULL, 'Sign Off Integration Testing', 'This is Sign Off Integration Testing', NULL, 'ADVANCED', 'TEST', 'NORMAL', FALSE, '2021-05-24', '2021-06-10', '2021-05-29', '2021-05-24 00:20:00.000000', '2021-05-24 00:20:00.000000');

INSERT INTO task_for_users (id, task_id, assigned_to_id, user_task_status, updated_time, started_time)
VALUES
(17227, 701, 116, 'JOINED', '2021-05-24 00:20:00.000000', '2021-05-24 06:27:12.000000'),
(17228, 701, 118, 'JOINED', '2021-05-24 00:20:00.000000', '2021-05-24 00:41:36.000000'),
(17229, 701, 122, 'JOINED', '2021-05-24 00:20:00.000000', '2021-05-26 21:05:36.000000'),
(17230, 701, 124, 'JOINED', '2021-05-24 00:20:00.000000', '2021-05-25 23:44:00.000000'),
(17231, 701, 125, 'JOINED', '2021-05-24 00:20:00.000000', '2021-05-24 06:20:00.000000'),
(17232, 701, 127, 'JOINED', '2021-05-24 00:20:00.000000', '2021-05-24 01:24:48.000000'),
(17233, 701, 128, 'JOINED', '2021-05-24 00:20:00.000000', '2021-05-26 15:12:48.000000'),
(17234, 701, 131, 'JOINED', '2021-05-24 00:20:00.000000', '2021-05-24 05:36:48.000000'),
(17235, 701, 132, 'JOINED', '2021-05-24 00:20:00.000000', '2021-05-24 03:34:24.000000'),
(17236, 701, 133, 'JOINED', '2021-05-24 00:20:00.000000', '2021-05-28 12:20:00.000000'),
(17237, 701, 134, 'JOINED', '2021-05-24 00:20:00.000000', '2021-05-25 01:32:00.000000'),
(17238, 701, 135, 'JOINED', '2021-05-24 00:20:00.000000', '2021-05-24 05:51:12.000000'),
(17239, 701, 111, 'JOINED', '2021-05-24 00:20:00.000000', '2021-05-24 09:12:48.000000'),
(17240, 701, 112, 'JOINED', '2021-05-24 00:20:00.000000', '2021-05-24 09:27:12.000000'),
(17241, 701, 113, 'JOINED', '2021-05-24 00:20:00.000000', '2021-05-26 12:20:00.000000'),
(17242, 701, 114, 'JOINED', '2021-05-24 00:20:00.000000', '2021-05-24 06:20:00.000000');
INSERT INTO report (id, created_by_id, title, content, rejected_reason, report_status, created_time, updated_time, reviewed_time)
VALUES
(DEFAULT, 17227, 'Employee 116 submit Report', 'Completed Task.', NULL, 'APPROVED', '2021-05-25 07:03:12.000000', '2021-05-25 07:03:12.000000', '2021-05-25 07:08:12.000000'),
(DEFAULT, 17228, 'Employee 118 submit Report', 'Completed Task.', NULL, 'APPROVED', '2021-05-25 06:41:36.000000', '2021-05-25 06:41:36.000000', '2021-05-25 06:46:36.000000'),
(DEFAULT, 17229, 'Employee 122 submit Report', 'Completed Task.', NULL, 'APPROVED', '2021-05-28 02:15:12.000000', '2021-05-28 02:15:12.000000', '2021-05-28 02:20:12.000000'),
(DEFAULT, 17230, 'Employee 124 submit Report', 'Completed Task.', NULL, 'APPROVED', '2021-05-27 10:10:24.000000', '2021-05-27 10:10:24.000000', '2021-05-27 10:15:24.000000'),
(DEFAULT, 17231, 'Employee 125 submit Report', 'Completed Task.', NULL, 'APPROVED', '2021-05-25 17:58:24.000000', '2021-05-25 17:58:24.000000', '2021-05-25 18:03:24.000000'),
(DEFAULT, 17232, 'Employee 127 submit Report', 'Completed Task.', NULL, 'APPROVED', '2021-05-25 10:24:48.000000', '2021-05-25 10:24:48.000000', '2021-05-25 10:29:48.000000'),
(DEFAULT, 17233, 'Employee 128 submit Report', 'Completed Task.', NULL, 'APPROVED', '2021-05-28 06:56:00.000000', '2021-05-28 06:56:00.000000', '2021-05-28 07:01:00.000000'),
(DEFAULT, 17234, 'Employee 131 submit Report', 'Completed Task.', NULL, 'APPROVED', '2021-05-27 07:10:24.000000', '2021-05-27 07:10:24.000000', '2021-05-27 07:15:24.000000'),
(DEFAULT, 17235, 'Employee 132 submit Report', 'Completed Task.', NULL, 'APPROVED', '2021-05-25 10:53:36.000000', '2021-05-25 10:53:36.000000', '2021-05-25 10:58:36.000000'),
(DEFAULT, 17236, 'Employee 133 submit Report', 'Completed Task.', NULL, 'APPROVED', '2021-06-10 02:58:24.000000', '2021-06-10 02:58:24.000000', '2021-06-10 03:03:24.000000'),
(DEFAULT, 17237, 'Employee 134 submit Report', 'Completed Task.', NULL, 'APPROVED', '2021-05-25 20:36:48.000000', '2021-05-25 20:36:48.000000', '2021-05-25 20:41:48.000000'),
(DEFAULT, 17238, 'Employee 135 submit Report', 'Completed Task.', NULL, 'APPROVED', '2021-05-25 05:44:00.000000', '2021-05-25 05:44:00.000000', '2021-05-25 05:49:00.000000'),
(DEFAULT, 17239, 'Employee 111 submit Report', 'Completed Task.', NULL, 'APPROVED', '2021-05-25 05:58:24.000000', '2021-05-25 05:58:24.000000', '2021-05-25 06:03:24.000000'),
(DEFAULT, 17240, 'Employee 112 submit Report', 'Completed Task.', NULL, 'APPROVED', '2021-05-25 03:34:24.000000', '2021-05-25 03:34:24.000000', '2021-05-25 03:39:24.000000'),
(DEFAULT, 17241, 'Employee 113 submit Report', 'Completed Task.', NULL, 'APPROVED', '2021-05-28 02:08:00.000000', '2021-05-28 02:08:00.000000', '2021-05-28 02:13:00.000000'),
(DEFAULT, 17242, 'Employee 114 submit Report', 'Completed Task.', NULL, 'APPROVED', '2021-05-26 18:34:24.000000', '2021-05-26 18:34:24.000000', '2021-05-26 18:39:24.000000');

-- 2021-05-30 00:20:00.000000
-- 2021-05-30
INSERT INTO task (id, collection_id, created_by_id, root_task_id, name, description, report_format, level, task_type, priority, is_locked, start_date, end_date, deadline, created_time, updated_time)
VALUES (702, 57, 151, NULL, 'Finalize API Test Report', 'This is Finalize API Test Report', NULL, 'ADVANCED', 'TEST', 'LOW', FALSE, '2021-05-30', '2021-06-14', '2021-06-03', '2021-05-30 00:20:00.000000', '2021-05-30 00:20:00.000000');

INSERT INTO task_for_users (id, task_id, assigned_to_id, user_task_status, updated_time, started_time)
VALUES
(17244, 702, 117, 'JOINED', '2021-05-30 00:20:00.000000', '2021-06-02 14:44:00.000000'),
(17245, 702, 118, 'JOINED', '2021-05-30 00:20:00.000000', '2021-05-30 04:56:28.800000'),
(17246, 702, 119, 'JOINED', '2021-05-30 00:20:00.000000', '2021-05-30 07:43:31.200000'),
(17247, 702, 120, 'JOINED', '2021-05-30 00:20:00.000000', '2021-06-02 14:44:00.000000'),
(17248, 702, 121, 'JOINED', '2021-05-30 00:20:00.000000', '2021-05-31 22:36:19.200000'),
(17249, 702, 123, 'JOINED', '2021-05-30 00:20:00.000000', '2021-06-02 14:44:00.000000'),
(17250, 702, 125, 'JOINED', '2021-05-30 00:20:00.000000', '2021-06-01 08:52:38.400000'),
(17251, 702, 126, 'JOINED', '2021-05-30 00:20:00.000000', '2021-06-01 03:47:21.600000'),
(17252, 702, 127, 'JOINED', '2021-05-30 00:20:00.000000', '2021-05-31 19:08:57.600000'),
(17253, 702, 129, 'JOINED', '2021-05-30 00:20:00.000000', '2021-05-30 22:24:48.000000'),
(17254, 702, 132, 'JOINED', '2021-05-30 00:20:00.000000', '2021-05-30 07:49:16.800000'),
(17255, 702, 133, 'JOINED', '2021-05-30 00:20:00.000000', '2021-05-30 01:11:50.400000'),
(17256, 702, 111, 'JOINED', '2021-05-30 00:20:00.000000', '2021-05-31 00:22:52.800000'),
(17257, 702, 112, 'JOINED', '2021-05-30 00:20:00.000000', '2021-05-30 06:51:40.800000'),
(17258, 702, 114, 'JOINED', '2021-05-30 00:20:00.000000', '2021-05-30 22:36:19.200000'),
(17259, 702, 115, 'JOINED', '2021-05-30 00:20:00.000000', '2021-05-30 04:04:38.400000');
INSERT INTO report (id, created_by_id, title, content, rejected_reason, report_status, created_time, updated_time, reviewed_time)
VALUES
(DEFAULT, 17244, 'Employee 117 submit Report', 'Completed Task.', NULL, 'APPROVED', '2021-06-14 12:25:45.600000', '2021-06-14 12:25:45.600000', '2021-06-14 12:30:45.600000'),
(DEFAULT, 17245, 'Employee 118 submit Report', 'Completed Task.', NULL, 'APPROVED', '2021-06-01 06:05:36.000000', '2021-06-01 06:05:36.000000', '2021-06-01 06:10:36.000000'),
(DEFAULT, 17246, 'Employee 119 submit Report', 'Completed Task.', NULL, 'APPROVED', '2021-06-06 16:56:28.800000', '2021-06-06 16:56:28.800000', '2021-06-06 17:01:28.800000'),
(DEFAULT, 17247, 'Employee 120 submit Report', 'Completed Task.', NULL, 'APPROVED', '2021-06-12 11:45:26.400000', '2021-06-12 11:45:26.400000', '2021-06-12 11:50:26.400000'),
(DEFAULT, 17248, 'Employee 121 submit Report', 'Completed Task.', NULL, 'APPROVED', '2021-06-01 13:17:36.000000', '2021-06-01 13:17:36.000000', '2021-06-01 13:22:36.000000'),
(DEFAULT, 17249, 'Employee 123 submit Report', 'Completed Task.', NULL, 'APPROVED', '2021-06-11 20:23:50.400000', '2021-06-11 20:23:50.400000', '2021-06-11 20:28:50.400000'),
(DEFAULT, 17250, 'Employee 125 submit Report', 'Completed Task.', NULL, 'APPROVED', '2021-06-02 20:00:48.000000', '2021-06-02 20:00:48.000000', '2021-06-02 20:05:48.000000'),
(DEFAULT, 17251, 'Employee 126 submit Report', 'Completed Task.', NULL, 'APPROVED', '2021-06-01 23:05:07.200000', '2021-06-01 23:05:07.200000', '2021-06-01 23:10:07.200000'),
(DEFAULT, 17252, 'Employee 127 submit Report', 'Completed Task.', NULL, 'APPROVED', '2021-06-01 18:05:36.000000', '2021-06-01 18:05:36.000000', '2021-06-01 18:10:36.000000'),
(DEFAULT, 17253, 'Employee 129 submit Report', 'Completed Task.', NULL, 'APPROVED', '2021-05-31 19:49:16.800000', '2021-05-31 19:49:16.800000', '2021-05-31 19:54:16.800000'),
(DEFAULT, 17254, 'Employee 132 submit Report', 'Completed Task.', NULL, 'APPROVED', '2021-05-31 00:25:45.600000', '2021-05-31 00:25:45.600000', '2021-05-31 00:30:45.600000'),
(DEFAULT, 17255, 'Employee 133 submit Report', 'Completed Task.', NULL, 'APPROVED', '2021-06-01 11:33:55.200000', '2021-06-01 11:33:55.200000', '2021-06-01 11:38:55.200000'),
(DEFAULT, 17256, 'Employee 111 submit Report', 'Completed Task.', NULL, 'APPROVED', '2021-06-06 00:17:07.200000', '2021-06-06 00:17:07.200000', '2021-06-06 00:22:07.200000'),
(DEFAULT, 17257, 'Employee 112 submit Report', 'Completed Task.', NULL, 'APPROVED', '2021-05-31 03:07:02.400000', '2021-05-31 03:07:02.400000', '2021-05-31 03:12:02.400000'),
(DEFAULT, 17258, 'Employee 114 submit Report', 'Completed Task.', NULL, 'APPROVED', '2021-06-02 15:30:04.800000', '2021-06-02 15:30:04.800000', '2021-06-02 15:35:04.800000'),
(DEFAULT, 17259, 'Employee 115 submit Report', 'Completed Task.', NULL, 'APPROVED', '2021-05-31 22:42:04.800000', '2021-05-31 22:42:04.800000', '2021-05-31 22:47:04.800000');

INSERT INTO collection (`id`, `created_time`, `description`, `due_date`, `start_date`, `name`, `updated_time`, `phase_id`, `created_by_id`)
VALUES (58, '2021-06-03 00:20:00.000000', 'This is Non-functional Testing', '2022-03-20', '2021-06-03', 'Non-functional Testing', '2021-06-03 00:20:00.000000', 9, 154);


-- 2021-06-04 00:25:00.000000
-- 2021-06-04
INSERT INTO task (id, collection_id, created_by_id, root_task_id, name, description, report_format, level, task_type, priority, is_locked, start_date, end_date, deadline, created_time, updated_time)
VALUES (703, 58, 151, NULL, 'Test System Performance Baseline', 'This is Test System Performance Baseline', NULL, 'ADVANCED', 'TEST', 'LOW', FALSE, '2021-06-04', '2021-06-18', '2021-06-08', '2021-06-04 00:25:00.000000', '2021-06-04 00:25:00.000000');

INSERT INTO task_for_users (id, task_id, assigned_to_id, user_task_status, updated_time, started_time)
VALUES
(17261, 703, 117, 'JOINED', '2021-06-04 00:25:00.000000', '2021-06-04 13:22:36.000000'),
(17262, 703, 118, 'JOINED', '2021-06-04 00:25:00.000000', '2021-06-04 03:06:16.800000'),
(17263, 703, 119, 'JOINED', '2021-06-04 00:25:00.000000', '2021-06-04 09:03:24.000000'),
(17264, 703, 120, 'JOINED', '2021-06-04 00:25:00.000000', '2021-06-07 14:49:00.000000'),
(17265, 703, 121, 'JOINED', '2021-06-04 00:25:00.000000', '2021-06-05 20:00:02.400000'),
(17266, 703, 123, 'JOINED', '2021-06-04 00:25:00.000000', '2021-06-04 18:16:21.600000'),
(17267, 703, 125, 'JOINED', '2021-06-04 00:25:00.000000', '2021-06-07 14:49:00.000000'),
(17268, 703, 126, 'JOINED', '2021-06-04 00:25:00.000000', '2021-06-04 18:04:50.400000'),
(17269, 703, 127, 'JOINED', '2021-06-04 00:25:00.000000', '2021-06-07 14:49:00.000000'),
(17270, 703, 129, 'JOINED', '2021-06-04 00:25:00.000000', '2021-06-05 05:13:00.000000'),
(17271, 703, 132, 'JOINED', '2021-06-04 00:25:00.000000', '2021-06-04 07:08:12.000000'),
(17272, 703, 133, 'JOINED', '2021-06-04 00:25:00.000000', '2021-06-06 07:37:00.000000'),
(17273, 703, 111, 'JOINED', '2021-06-04 00:25:00.000000', '2021-06-05 14:20:12.000000'),
(17274, 703, 112, 'JOINED', '2021-06-04 00:25:00.000000', '2021-06-05 08:00:02.400000'),
(17275, 703, 114, 'JOINED', '2021-06-04 00:25:00.000000', '2021-06-04 10:18:16.800000'),
(17276, 703, 115, 'JOINED', '2021-06-04 00:25:00.000000', '2021-06-04 04:26:55.200000');
INSERT INTO report (id, created_by_id, title, content, rejected_reason, report_status, created_time, updated_time, reviewed_time)
VALUES
(DEFAULT, 17261, 'Employee 117 submit Report', 'Completed Task.', NULL, 'APPROVED', '2021-06-05 12:13:28.800000', '2021-06-05 12:13:28.800000', '2021-06-05 12:18:28.800000'),
(DEFAULT, 17262, 'Employee 118 submit Report', 'Completed Task.', NULL, 'APPROVED', '2021-06-06 20:46:07.200000', '2021-06-06 20:46:07.200000', '2021-06-06 20:51:07.200000'),
(DEFAULT, 17263, 'Employee 119 submit Report', 'Completed Task.', NULL, 'APPROVED', '2021-06-04 23:50:26.400000', '2021-06-04 23:50:26.400000', '2021-06-04 23:55:26.400000'),
(DEFAULT, 17264, 'Employee 120 submit Report', 'Completed Task.', NULL, 'APPROVED', '2021-06-18 15:29:19.200000', '2021-06-18 15:29:19.200000', '2021-06-18 15:34:19.200000'),
(DEFAULT, 17265, 'Employee 121 submit Report', 'Completed Task.', NULL, 'APPROVED', '2021-06-06 20:28:50.400000', '2021-06-06 20:28:50.400000', '2021-06-06 20:33:50.400000'),
(DEFAULT, 17266, 'Employee 123 submit Report', 'Completed Task.', NULL, 'APPROVED', '2021-06-06 07:08:12.000000', '2021-06-06 07:08:12.000000', '2021-06-06 07:13:12.000000'),
(DEFAULT, 17267, 'Employee 125 submit Report', 'Completed Task.', NULL, 'APPROVED', '2021-06-17 17:30:16.800000', '2021-06-17 17:30:16.800000', '2021-06-17 17:35:16.800000'),
(DEFAULT, 17268, 'Employee 126 submit Report', 'Completed Task.', NULL, 'APPROVED', '2021-06-05 20:05:48.000000', '2021-06-05 20:05:48.000000', '2021-06-05 20:10:48.000000'),
(DEFAULT, 17269, 'Employee 127 submit Report', 'Completed Task.', NULL, 'APPROVED', '2021-06-17 09:49:28.800000', '2021-06-17 09:49:28.800000', '2021-06-17 09:54:28.800000'),
(DEFAULT, 17270, 'Employee 129 submit Report', 'Completed Task.', NULL, 'APPROVED', '2021-06-06 02:02:55.200000', '2021-06-06 02:02:55.200000', '2021-06-06 02:07:55.200000'),
(DEFAULT, 17271, 'Employee 132 submit Report', 'Completed Task.', NULL, 'APPROVED', '2021-06-05 00:36:31.200000', '2021-06-05 00:36:31.200000', '2021-06-05 00:41:31.200000'),
(DEFAULT, 17272, 'Employee 133 submit Report', 'Completed Task.', NULL, 'APPROVED', '2021-06-07 19:19:43.200000', '2021-06-07 19:19:43.200000', '2021-06-07 19:24:43.200000'),
(DEFAULT, 17273, 'Employee 111 submit Report', 'Completed Task.', NULL, 'APPROVED', '2021-06-07 00:36:31.200000', '2021-06-07 00:36:31.200000', '2021-06-07 00:41:31.200000'),
(DEFAULT, 17274, 'Employee 112 submit Report', 'Completed Task.', NULL, 'APPROVED', '2021-06-07 11:50:26.400000', '2021-06-07 11:50:26.400000', '2021-06-07 11:55:26.400000'),
(DEFAULT, 17275, 'Employee 114 submit Report', 'Completed Task.', NULL, 'APPROVED', '2021-06-06 08:57:38.400000', '2021-06-06 08:57:38.400000', '2021-06-06 09:02:38.400000'),
(DEFAULT, 17276, 'Employee 115 submit Report', 'Completed Task.', NULL, 'APPROVED', '2021-06-06 18:10:36.000000', '2021-06-06 18:10:36.000000', '2021-06-06 18:15:36.000000');

-- 2021-06-09 00:25:00.000000
-- 2021-06-09
INSERT INTO task (id, collection_id, created_by_id, root_task_id, name, description, report_format, level, task_type, priority, is_locked, start_date, end_date, deadline, created_time, updated_time)
VALUES (704, 58, 151, NULL, 'Test Load Handling Capability', 'This is Test Load Handling Capability', NULL, 'NORMAL', 'TEST', 'HIGH', FALSE, '2021-06-09', '2021-06-16', '2021-06-14', '2021-06-09 00:25:00.000000', '2021-06-09 00:25:00.000000');

INSERT INTO task_for_users (id, task_id, assigned_to_id, user_task_status, updated_time, started_time)
VALUES
(17278, 704, 116, 'JOINED', '2021-06-09 00:25:00.000000', '2021-06-10 16:58:36.000000'),
(17279, 704, 119, 'JOINED', '2021-06-09 00:25:00.000000', '2021-06-10 18:25:00.000000'),
(17280, 704, 122, 'JOINED', '2021-06-09 00:25:00.000000', '2021-06-11 03:03:24.000000'),
(17281, 704, 125, 'JOINED', '2021-06-09 00:25:00.000000', '2021-06-10 00:53:48.000000'),
(17282, 704, 126, 'JOINED', '2021-06-09 00:25:00.000000', '2021-06-10 21:03:24.000000'),
(17283, 704, 127, 'JOINED', '2021-06-09 00:25:00.000000', '2021-06-09 18:03:24.000000'),
(17284, 704, 128, 'JOINED', '2021-06-09 00:25:00.000000', '2021-06-10 09:39:24.000000'),
(17285, 704, 129, 'JOINED', '2021-06-09 00:25:00.000000', '2021-06-09 15:10:36.000000'),
(17286, 704, 130, 'JOINED', '2021-06-09 00:25:00.000000', '2021-06-10 14:13:00.000000'),
(17287, 704, 132, 'JOINED', '2021-06-09 00:25:00.000000', '2021-06-10 12:46:36.000000'),
(17288, 704, 133, 'JOINED', '2021-06-09 00:25:00.000000', '2021-06-11 22:58:36.000000'),
(17289, 704, 134, 'JOINED', '2021-06-09 00:25:00.000000', '2021-06-09 16:51:24.000000'),
(17290, 704, 111, 'JOINED', '2021-06-09 00:25:00.000000', '2021-06-11 20:20:12.000000'),
(17291, 704, 112, 'JOINED', '2021-06-09 00:25:00.000000', '2021-06-11 02:45:24.000000'),
(17292, 704, 114, 'JOINED', '2021-06-09 00:25:00.000000', '2021-06-10 21:17:48.000000'),
(17293, 704, 115, 'JOINED', '2021-06-09 00:25:00.000000', '2021-06-10 22:01:00.000000');
INSERT INTO report (id, created_by_id, title, content, rejected_reason, report_status, created_time, updated_time, reviewed_time)
VALUES
(DEFAULT, 17278, 'Employee 116 submit Report', 'Completed Task.', NULL, 'APPROVED', '2021-06-11 18:10:36.000000', '2021-06-11 18:10:36.000000', '2021-06-11 18:15:36.000000'),
(DEFAULT, 17279, 'Employee 119 submit Report', 'Completed Task.', NULL, 'APPROVED', '2021-06-12 01:51:24.000000', '2021-06-12 01:51:24.000000', '2021-06-12 01:56:24.000000'),
(DEFAULT, 17280, 'Employee 122 submit Report', 'Completed Task.', NULL, 'APPROVED', '2021-06-12 21:53:48.000000', '2021-06-12 21:53:48.000000', '2021-06-12 21:58:48.000000'),
(DEFAULT, 17281, 'Employee 125 submit Report', 'Completed Task.', NULL, 'APPROVED', '2021-06-11 05:27:24.000000', '2021-06-11 05:27:24.000000', '2021-06-11 05:32:24.000000'),
(DEFAULT, 17282, 'Employee 126 submit Report', 'Completed Task.', NULL, 'APPROVED', '2021-06-12 08:13:00.000000', '2021-06-12 08:13:00.000000', '2021-06-12 08:18:00.000000'),
(DEFAULT, 17283, 'Employee 127 submit Report', 'Completed Task.', NULL, 'APPROVED', '2021-06-10 22:29:48.000000', '2021-06-10 22:29:48.000000', '2021-06-10 22:34:48.000000'),
(DEFAULT, 17284, 'Employee 128 submit Report', 'Completed Task.', NULL, 'APPROVED', '2021-06-11 10:58:36.000000', '2021-06-11 10:58:36.000000', '2021-06-11 11:03:36.000000'),
(DEFAULT, 17285, 'Employee 129 submit Report', 'Completed Task.', NULL, 'APPROVED', '2021-06-10 20:34:36.000000', '2021-06-10 20:34:36.000000', '2021-06-10 20:39:36.000000'),
(DEFAULT, 17286, 'Employee 130 submit Report', 'Completed Task.', NULL, 'APPROVED', '2021-06-11 21:39:24.000000', '2021-06-11 21:39:24.000000', '2021-06-11 21:44:24.000000'),
(DEFAULT, 17287, 'Employee 132 submit Report', 'Completed Task.', NULL, 'APPROVED', '2021-06-11 23:20:12.000000', '2021-06-11 23:20:12.000000', '2021-06-11 23:25:12.000000'),
(DEFAULT, 17288, 'Employee 133 submit Report', 'Completed Task.', NULL, 'APPROVED', '2021-06-13 15:10:36.000000', '2021-06-13 15:10:36.000000', '2021-06-13 15:15:36.000000'),
(DEFAULT, 17289, 'Employee 134 submit Report', 'Completed Task.', NULL, 'APPROVED', '2021-06-10 16:51:24.000000', '2021-06-10 16:51:24.000000', '2021-06-10 16:56:24.000000'),
(DEFAULT, 17290, 'Employee 111 submit Report', 'Completed Task.', NULL, 'APPROVED', '2021-06-13 15:17:48.000000', '2021-06-13 15:17:48.000000', '2021-06-13 15:22:48.000000'),
(DEFAULT, 17291, 'Employee 112 submit Report', 'Completed Task.', NULL, 'APPROVED', '2021-06-16 22:04:36.000000', '2021-06-16 22:04:36.000000', '2021-06-16 22:09:36.000000'),
(DEFAULT, 17292, 'Employee 114 submit Report', 'Completed Task.', NULL, 'APPROVED', '2021-06-12 03:53:48.000000', '2021-06-12 03:53:48.000000', '2021-06-12 03:58:48.000000'),
(DEFAULT, 17293, 'Employee 115 submit Report', 'Completed Task.', NULL, 'APPROVED', '2021-06-12 16:51:24.000000', '2021-06-12 16:51:24.000000', '2021-06-12 16:56:24.000000');

-- 2021-06-15 00:25:00.000000
-- 2021-06-15
INSERT INTO task (id, collection_id, created_by_id, root_task_id, name, description, report_format, level, task_type, priority, is_locked, start_date, end_date, deadline, created_time, updated_time)
VALUES (705, 58, 151, NULL, 'Test Stress Conditions', 'This is Test Stress Conditions', NULL, 'NORMAL', 'TEST', 'LOW', FALSE, '2021-06-15', '2021-06-25', '2021-06-18', '2021-06-15 00:25:00.000000', '2021-06-15 00:25:00.000000');

INSERT INTO task_for_users (id, task_id, assigned_to_id, user_task_status, updated_time, started_time)
VALUES
(17295, 705, 116, 'JOINED', '2021-06-15 00:25:00.000000', '2021-06-16 02:46:07.200000'),
(17296, 705, 121, 'JOINED', '2021-06-15 00:25:00.000000', '2021-06-16 02:15:52.800000'),
(17297, 705, 122, 'JOINED', '2021-06-15 00:25:00.000000', '2021-06-16 14:04:21.600000'),
(17298, 705, 123, 'JOINED', '2021-06-15 00:25:00.000000', '2021-06-16 11:46:07.200000'),
(17299, 705, 127, 'JOINED', '2021-06-15 00:25:00.000000', '2021-06-15 07:02:26.400000'),
(17300, 705, 128, 'JOINED', '2021-06-15 00:25:00.000000', '2021-06-15 12:22:07.200000'),
(17301, 705, 129, 'JOINED', '2021-06-15 00:25:00.000000', '2021-06-16 11:33:09.600000'),
(17302, 705, 130, 'JOINED', '2021-06-15 00:25:00.000000', '2021-06-16 06:00:31.200000'),
(17303, 705, 131, 'JOINED', '2021-06-15 00:25:00.000000', '2021-06-16 08:40:21.600000'),
(17304, 705, 132, 'JOINED', '2021-06-15 00:25:00.000000', '2021-06-16 03:46:36.000000'),
(17305, 705, 133, 'JOINED', '2021-06-15 00:25:00.000000', '2021-06-15 02:00:02.400000'),
(17306, 705, 134, 'JOINED', '2021-06-15 00:25:00.000000', '2021-06-17 11:23:04.800000'),
(17307, 705, 111, 'JOINED', '2021-06-15 00:25:00.000000', '2021-06-15 18:59:33.600000'),
(17308, 705, 112, 'JOINED', '2021-06-15 00:25:00.000000', '2021-06-15 03:00:31.200000'),
(17309, 705, 113, 'JOINED', '2021-06-15 00:25:00.000000', '2021-06-17 17:13:00.000000'),
(17310, 705, 114, 'JOINED', '2021-06-15 00:25:00.000000', '2021-06-17 17:13:00.000000');
INSERT INTO report (id, created_by_id, title, content, rejected_reason, report_status, created_time, updated_time, reviewed_time)
VALUES
(DEFAULT, 17295, 'Employee 116 submit Report', 'Completed Task.', NULL, 'APPROVED', '2021-06-17 04:49:57.600000', '2021-06-17 04:49:57.600000', '2021-06-17 04:54:57.600000'),
(DEFAULT, 17296, 'Employee 121 submit Report', 'Completed Task.', NULL, 'APPROVED', '2021-06-17 07:51:24.000000', '2021-06-17 07:51:24.000000', '2021-06-17 07:56:24.000000'),
(DEFAULT, 17297, 'Employee 122 submit Report', 'Completed Task.', NULL, 'APPROVED', '2021-06-17 20:53:19.200000', '2021-06-17 20:53:19.200000', '2021-06-17 20:58:19.200000'),
(DEFAULT, 17298, 'Employee 123 submit Report', 'Completed Task.', NULL, 'APPROVED', '2021-06-17 10:26:55.200000', '2021-06-17 10:26:55.200000', '2021-06-17 10:31:55.200000'),
(DEFAULT, 17299, 'Employee 127 submit Report', 'Completed Task.', NULL, 'APPROVED', '2021-06-16 06:52:21.600000', '2021-06-16 06:52:21.600000', '2021-06-16 06:57:21.600000'),
(DEFAULT, 17300, 'Employee 128 submit Report', 'Completed Task.', NULL, 'APPROVED', '2021-06-16 23:21:38.400000', '2021-06-16 23:21:38.400000', '2021-06-16 23:26:38.400000'),
(DEFAULT, 17301, 'Employee 129 submit Report', 'Completed Task.', NULL, 'APPROVED', '2021-06-17 12:27:52.800000', '2021-06-17 12:27:52.800000', '2021-06-17 12:32:52.800000'),
(DEFAULT, 17302, 'Employee 130 submit Report', 'Completed Task.', NULL, 'APPROVED', '2021-06-17 10:05:19.200000', '2021-06-17 10:05:19.200000', '2021-06-17 10:10:19.200000'),
(DEFAULT, 17303, 'Employee 131 submit Report', 'Completed Task.', NULL, 'APPROVED', '2021-06-16 23:25:57.600000', '2021-06-16 23:25:57.600000', '2021-06-16 23:30:57.600000'),
(DEFAULT, 17304, 'Employee 132 submit Report', 'Completed Task.', NULL, 'APPROVED', '2021-06-17 11:10:07.200000', '2021-06-17 11:10:07.200000', '2021-06-17 11:15:07.200000'),
(DEFAULT, 17305, 'Employee 133 submit Report', 'Completed Task.', NULL, 'APPROVED', '2021-06-15 20:21:38.400000', '2021-06-15 20:21:38.400000', '2021-06-15 20:26:38.400000'),
(DEFAULT, 17306, 'Employee 134 submit Report', 'Completed Task.', NULL, 'APPROVED', '2021-06-17 22:32:40.800000', '2021-06-17 22:32:40.800000', '2021-06-17 22:37:40.800000'),
(DEFAULT, 17307, 'Employee 111 submit Report', 'Completed Task.', NULL, 'APPROVED', '2021-06-17 10:26:55.200000', '2021-06-17 10:26:55.200000', '2021-06-17 10:31:55.200000'),
(DEFAULT, 17308, 'Employee 112 submit Report', 'Completed Task.', NULL, 'APPROVED', '2021-06-17 10:52:50.400000', '2021-06-17 10:52:50.400000', '2021-06-17 10:57:50.400000'),
(DEFAULT, 17309, 'Employee 113 submit Report', 'Completed Task.', NULL, 'APPROVED', '2021-06-24 05:44:40.800000', '2021-06-24 05:44:40.800000', '2021-06-24 05:49:40.800000'),
(DEFAULT, 17310, 'Employee 114 submit Report', 'Completed Task.', NULL, 'APPROVED', '2021-06-25 19:37:00.000000', '2021-06-25 19:37:00.000000', '2021-06-25 19:42:00.000000');

-- 2021-06-19 00:25:00.000000
-- 2021-06-19
INSERT INTO task (id, collection_id, created_by_id, root_task_id, name, description, report_format, level, task_type, priority, is_locked, start_date, end_date, deadline, created_time, updated_time)
VALUES (706, 58, 151, NULL, 'Test Peak Traffic Scenarios', 'This is Test Peak Traffic Scenarios', NULL, 'ADVANCED', 'TEST', 'URGENT', FALSE, '2021-06-19', '2021-07-15', '2021-06-26', '2021-06-19 00:25:00.000000', '2021-06-19 00:25:00.000000');

INSERT INTO task_for_users (id, task_id, assigned_to_id, user_task_status, updated_time, started_time)
VALUES
(17312, 706, 116, 'JOINED', '2021-06-19 00:25:00.000000', '2021-06-25 07:37:00.000000'),
(17313, 706, 117, 'JOINED', '2021-06-19 00:25:00.000000', '2021-06-25 07:37:00.000000'),
(17314, 706, 118, 'JOINED', '2021-06-19 00:25:00.000000', '2021-06-20 04:38:26.400000'),
(17315, 706, 120, 'JOINED', '2021-06-19 00:25:00.000000', '2021-06-25 07:37:00.000000'),
(17316, 706, 124, 'JOINED', '2021-06-19 00:25:00.000000', '2021-06-19 22:45:38.400000'),
(17317, 706, 125, 'JOINED', '2021-06-19 00:25:00.000000', '2021-06-19 13:41:19.200000'),
(17318, 706, 126, 'JOINED', '2021-06-19 00:25:00.000000', '2021-06-20 08:45:24.000000'),
(17319, 706, 128, 'JOINED', '2021-06-19 00:25:00.000000', '2021-06-25 07:37:00.000000'),
(17320, 706, 129, 'JOINED', '2021-06-19 00:25:00.000000', '2021-06-25 07:37:00.000000'),
(17321, 706, 131, 'JOINED', '2021-06-19 00:25:00.000000', '2021-06-21 12:53:48.000000'),
(17322, 706, 133, 'JOINED', '2021-06-19 00:25:00.000000', '2021-06-19 07:43:28.800000'),
(17323, 706, 111, 'JOINED', '2021-06-19 00:25:00.000000', '2021-06-19 06:07:43.200000'),
(17324, 706, 112, 'JOINED', '2021-06-19 00:25:00.000000', '2021-06-25 07:37:00.000000'),
(17325, 706, 113, 'JOINED', '2021-06-19 00:25:00.000000', '2021-06-19 17:53:19.200000'),
(17326, 706, 114, 'JOINED', '2021-06-19 00:25:00.000000', '2021-06-25 07:37:00.000000');
INSERT INTO report (id, created_by_id, title, content, rejected_reason, report_status, created_time, updated_time, reviewed_time)
VALUES
(DEFAULT, 17312, 'Employee 116 submit Report', 'Completed Task.', NULL, 'APPROVED', '2021-07-10 12:30:45.600000', '2021-07-10 12:30:45.600000', '2021-07-10 12:35:45.600000'),
(DEFAULT, 17313, 'Employee 117 submit Report', 'Completed Task.', NULL, 'APPROVED', '2021-07-10 08:18:45.600000', '2021-07-10 08:18:45.600000', '2021-07-10 08:23:45.600000'),
(DEFAULT, 17314, 'Employee 118 submit Report', 'Completed Task.', NULL, 'APPROVED', '2021-06-23 17:18:45.600000', '2021-06-23 17:18:45.600000', '2021-06-23 17:23:45.600000'),
(DEFAULT, 17315, 'Employee 120 submit Report', 'Completed Task.', NULL, 'APPROVED', '2021-07-10 02:36:02.400000', '2021-07-10 02:36:02.400000', '2021-07-10 02:41:02.400000'),
(DEFAULT, 17316, 'Employee 124 submit Report', 'Completed Task.', NULL, 'APPROVED', '2021-06-24 20:51:52.800000', '2021-06-24 20:51:52.800000', '2021-06-24 20:56:52.800000'),
(DEFAULT, 17317, 'Employee 125 submit Report', 'Completed Task.', NULL, 'APPROVED', '2021-06-23 15:27:52.800000', '2021-06-23 15:27:52.800000', '2021-06-23 15:32:52.800000'),
(DEFAULT, 17318, 'Employee 126 submit Report', 'Completed Task.', NULL, 'APPROVED', '2021-07-01 16:04:36.000000', '2021-07-01 16:04:36.000000', '2021-07-01 16:09:36.000000'),
(DEFAULT, 17319, 'Employee 128 submit Report', 'Completed Task.', NULL, 'APPROVED', '2021-07-09 20:02:55.200000', '2021-07-09 20:02:55.200000', '2021-07-09 20:07:55.200000'),
(DEFAULT, 17320, 'Employee 129 submit Report', 'Completed Task.', NULL, 'APPROVED', '2021-07-10 08:49:00.000000', '2021-07-10 08:49:00.000000', '2021-07-10 08:54:00.000000'),
(DEFAULT, 17321, 'Employee 131 submit Report', 'Completed Task.', NULL, 'APPROVED', '2021-06-25 07:16:50.400000', '2021-06-25 07:16:50.400000', '2021-06-25 07:21:50.400000'),
(DEFAULT, 17322, 'Employee 133 submit Report', 'Completed Task.', NULL, 'APPROVED', '2021-07-02 17:06:31.200000', '2021-07-02 17:06:31.200000', '2021-07-02 17:11:31.200000'),
(DEFAULT, 17323, 'Employee 111 submit Report', 'Completed Task.', NULL, 'APPROVED', '2021-06-21 09:52:21.600000', '2021-06-21 09:52:21.600000', '2021-06-21 09:57:21.600000'),
(DEFAULT, 17324, 'Employee 112 submit Report', 'Completed Task.', NULL, 'APPROVED', '2021-07-15 00:32:12.000000', '2021-07-15 00:32:12.000000', '2021-07-15 00:37:12.000000'),
(DEFAULT, 17325, 'Employee 113 submit Report', 'Completed Task.', NULL, 'APPROVED', '2021-06-22 00:39:24.000000', '2021-06-22 00:39:24.000000', '2021-06-22 00:44:24.000000'),
(DEFAULT, 17326, 'Employee 114 submit Report', 'Completed Task.', NULL, 'APPROVED', '2021-07-11 13:12:31.200000', '2021-07-11 13:12:31.200000', '2021-07-11 13:17:31.200000');

-- 2021-06-27 00:25:00.000000
-- 2021-06-27
INSERT INTO task (id, collection_id, created_by_id, root_task_id, name, description, report_format, level, task_type, priority, is_locked, start_date, end_date, deadline, created_time, updated_time)
VALUES (707, 58, 151, NULL, 'Test Response Time SLA', 'This is Test Response Time SLA', NULL, 'ADVANCED', 'TEST', 'HIGH', FALSE, '2021-06-27', '2021-07-19', '2021-07-03', '2021-06-27 00:25:00.000000', '2021-06-27 00:25:00.000000');

INSERT INTO task_for_users (id, task_id, assigned_to_id, user_task_status, updated_time, started_time)
VALUES
(17328, 707, 116, 'JOINED', '2021-06-27 00:25:00.000000', '2021-07-02 10:01:00.000000'),
(17329, 707, 117, 'JOINED', '2021-06-27 00:25:00.000000', '2021-06-27 02:25:57.600000'),
(17330, 707, 118, 'JOINED', '2021-06-27 00:25:00.000000', '2021-06-27 19:16:50.400000'),
(17331, 707, 121, 'JOINED', '2021-06-27 00:25:00.000000', '2021-06-27 22:39:52.800000'),
(17332, 707, 122, 'JOINED', '2021-06-27 00:25:00.000000', '2021-06-27 05:01:28.800000'),
(17333, 707, 123, 'JOINED', '2021-06-27 00:25:00.000000', '2021-06-27 09:20:40.800000'),
(17334, 707, 125, 'JOINED', '2021-06-27 00:25:00.000000', '2021-06-29 04:06:45.600000'),
(17335, 707, 130, 'JOINED', '2021-06-27 00:25:00.000000', '2021-07-02 10:01:00.000000'),
(17336, 707, 132, 'JOINED', '2021-06-27 00:25:00.000000', '2021-06-27 09:37:57.600000'),
(17337, 707, 133, 'JOINED', '2021-06-27 00:25:00.000000', '2021-07-02 10:01:00.000000'),
(17338, 707, 134, 'JOINED', '2021-06-27 00:25:00.000000', '2021-06-28 12:03:24.000000'),
(17339, 707, 111, 'JOINED', '2021-06-27 00:25:00.000000', '2021-06-28 15:56:40.800000'),
(17340, 707, 112, 'JOINED', '2021-06-27 00:25:00.000000', '2021-06-27 04:52:50.400000'),
(17341, 707, 113, 'JOINED', '2021-06-27 00:25:00.000000', '2021-06-27 17:33:09.600000'),
(17342, 707, 114, 'JOINED', '2021-06-27 00:25:00.000000', '2021-06-27 00:50:55.200000');
INSERT INTO report (id, created_by_id, title, content, rejected_reason, report_status, created_time, updated_time, reviewed_time)
VALUES
(DEFAULT, 17328, 'Employee 116 submit Report', 'Completed Task.', NULL, 'APPROVED', '2021-07-18 16:41:19.200000', '2021-07-18 16:41:19.200000', '2021-07-18 16:46:19.200000'),
(DEFAULT, 17329, 'Employee 117 submit Report', 'Completed Task.', NULL, 'APPROVED', '2021-06-28 22:21:09.600000', '2021-06-28 22:21:09.600000', '2021-06-28 22:26:09.600000'),
(DEFAULT, 17330, 'Employee 118 submit Report', 'Completed Task.', NULL, 'APPROVED', '2021-06-30 17:59:04.800000', '2021-06-30 17:59:04.800000', '2021-06-30 18:04:04.800000'),
(DEFAULT, 17331, 'Employee 121 submit Report', 'Completed Task.', NULL, 'APPROVED', '2021-07-08 02:10:07.200000', '2021-07-08 02:10:07.200000', '2021-07-08 02:15:07.200000'),
(DEFAULT, 17332, 'Employee 122 submit Report', 'Completed Task.', NULL, 'APPROVED', '2021-07-01 17:36:02.400000', '2021-07-01 17:36:02.400000', '2021-07-01 17:41:02.400000'),
(DEFAULT, 17333, 'Employee 123 submit Report', 'Completed Task.', NULL, 'APPROVED', '2021-06-30 00:25:00.000000', '2021-06-30 00:25:00.000000', '2021-06-30 00:30:00.000000'),
(DEFAULT, 17334, 'Employee 125 submit Report', 'Completed Task.', NULL, 'APPROVED', '2021-07-02 16:55:43.200000', '2021-07-02 16:55:43.200000', '2021-07-02 17:00:43.200000'),
(DEFAULT, 17335, 'Employee 130 submit Report', 'Completed Task.', NULL, 'APPROVED', '2021-07-19 17:44:40.800000', '2021-07-19 17:44:40.800000', '2021-07-19 17:49:40.800000'),
(DEFAULT, 17336, 'Employee 132 submit Report', 'Completed Task.', NULL, 'APPROVED', '2021-06-29 13:28:21.600000', '2021-06-29 13:28:21.600000', '2021-06-29 13:33:21.600000'),
(DEFAULT, 17337, 'Employee 133 submit Report', 'Completed Task.', NULL, 'APPROVED', '2021-07-15 09:20:40.800000', '2021-07-15 09:20:40.800000', '2021-07-15 09:25:40.800000'),
(DEFAULT, 17338, 'Employee 134 submit Report', 'Completed Task.', NULL, 'APPROVED', '2021-07-07 12:46:36.000000', '2021-07-07 12:46:36.000000', '2021-07-07 12:51:36.000000'),
(DEFAULT, 17339, 'Employee 111 submit Report', 'Completed Task.', NULL, 'APPROVED', '2021-07-07 08:53:19.200000', '2021-07-07 08:53:19.200000', '2021-07-07 08:58:19.200000'),
(DEFAULT, 17340, 'Employee 112 submit Report', 'Completed Task.', NULL, 'APPROVED', '2021-06-30 15:06:16.800000', '2021-06-30 15:06:16.800000', '2021-06-30 15:11:16.800000'),
(DEFAULT, 17341, 'Employee 113 submit Report', 'Completed Task.', NULL, 'APPROVED', '2021-07-01 05:47:33.600000', '2021-07-01 05:47:33.600000', '2021-07-01 05:52:33.600000'),
(DEFAULT, 17342, 'Employee 114 submit Report', 'Completed Task.', NULL, 'APPROVED', '2021-07-02 10:26:55.200000', '2021-07-02 10:26:55.200000', '2021-07-02 10:31:55.200000');

-- 2021-07-04 00:25:00.000000
-- 2021-07-04
INSERT INTO task (id, collection_id, created_by_id, root_task_id, name, description, report_format, level, task_type, priority, is_locked, start_date, end_date, deadline, created_time, updated_time)
VALUES (708, 58, 151, NULL, 'Test Resource Utilization', 'This is Test Resource Utilization', NULL, 'ADVANCED', 'TEST', 'NORMAL', FALSE, '2021-07-04', '2021-07-23', '2021-07-09', '2021-07-04 00:25:00.000000', '2021-07-04 00:25:00.000000');

INSERT INTO task_for_users (id, task_id, assigned_to_id, user_task_status, updated_time, started_time)
VALUES
(17344, 708, 116, 'JOINED', '2021-07-04 00:25:00.000000', '2021-07-08 12:25:00.000000'),
(17345, 708, 118, 'JOINED', '2021-07-04 00:25:00.000000', '2021-07-08 12:25:00.000000'),
(17346, 708, 122, 'JOINED', '2021-07-04 00:25:00.000000', '2021-07-04 07:01:00.000000'),
(17347, 708, 124, 'JOINED', '2021-07-04 00:25:00.000000', '2021-07-05 14:05:48.000000'),
(17348, 708, 125, 'JOINED', '2021-07-04 00:25:00.000000', '2021-07-04 11:41:48.000000'),
(17349, 708, 127, 'JOINED', '2021-07-04 00:25:00.000000', '2021-07-05 23:27:24.000000'),
(17350, 708, 128, 'JOINED', '2021-07-04 00:25:00.000000', '2021-07-08 12:25:00.000000'),
(17351, 708, 131, 'JOINED', '2021-07-04 00:25:00.000000', '2021-07-07 10:51:24.000000'),
(17352, 708, 132, 'JOINED', '2021-07-04 00:25:00.000000', '2021-07-08 12:25:00.000000'),
(17353, 708, 133, 'JOINED', '2021-07-04 00:25:00.000000', '2021-07-04 05:34:36.000000'),
(17354, 708, 135, 'JOINED', '2021-07-04 00:25:00.000000', '2021-07-08 12:25:00.000000'),
(17355, 708, 111, 'JOINED', '2021-07-04 00:25:00.000000', '2021-07-05 04:15:24.000000'),
(17356, 708, 112, 'JOINED', '2021-07-04 00:25:00.000000', '2021-07-04 03:10:36.000000'),
(17357, 708, 113, 'JOINED', '2021-07-04 00:25:00.000000', '2021-07-04 23:49:00.000000'),
(17358, 708, 114, 'JOINED', '2021-07-04 00:25:00.000000', '2021-07-08 12:25:00.000000');
INSERT INTO report (id, created_by_id, title, content, rejected_reason, report_status, created_time, updated_time, reviewed_time)
VALUES
(DEFAULT, 17344, 'Employee 116 submit Report', 'Completed Task.', NULL, 'APPROVED', '2021-07-21 06:03:24.000000', '2021-07-21 06:03:24.000000', '2021-07-21 06:08:24.000000'),
(DEFAULT, 17345, 'Employee 118 submit Report', 'Completed Task.', NULL, 'APPROVED', '2021-07-23 11:13:00.000000', '2021-07-23 11:13:00.000000', '2021-07-23 11:18:00.000000'),
(DEFAULT, 17346, 'Employee 122 submit Report', 'Completed Task.', NULL, 'APPROVED', '2021-07-05 08:05:48.000000', '2021-07-05 08:05:48.000000', '2021-07-05 08:10:48.000000'),
(DEFAULT, 17347, 'Employee 124 submit Report', 'Completed Task.', NULL, 'APPROVED', '2021-07-06 11:56:12.000000', '2021-07-06 11:56:12.000000', '2021-07-06 12:01:12.000000'),
(DEFAULT, 17348, 'Employee 125 submit Report', 'Completed Task.', NULL, 'APPROVED', '2021-07-05 06:17:48.000000', '2021-07-05 06:17:48.000000', '2021-07-05 06:22:48.000000'),
(DEFAULT, 17349, 'Employee 127 submit Report', 'Completed Task.', NULL, 'APPROVED', '2021-07-08 23:13:00.000000', '2021-07-08 23:13:00.000000', '2021-07-08 23:18:00.000000'),
(DEFAULT, 17350, 'Employee 128 submit Report', 'Completed Task.', NULL, 'APPROVED', '2021-07-21 02:56:12.000000', '2021-07-21 02:56:12.000000', '2021-07-21 03:01:12.000000'),
(DEFAULT, 17351, 'Employee 131 submit Report', 'Completed Task.', NULL, 'APPROVED', '2021-07-08 13:58:36.000000', '2021-07-08 13:58:36.000000', '2021-07-08 14:03:36.000000'),
(DEFAULT, 17352, 'Employee 132 submit Report', 'Completed Task.', NULL, 'APPROVED', '2021-07-21 03:25:00.000000', '2021-07-21 03:25:00.000000', '2021-07-21 03:30:00.000000'),
(DEFAULT, 17353, 'Employee 133 submit Report', 'Completed Task.', NULL, 'APPROVED', '2021-07-07 18:39:24.000000', '2021-07-07 18:39:24.000000', '2021-07-07 18:44:24.000000'),
(DEFAULT, 17354, 'Employee 135 submit Report', 'Completed Task.', NULL, 'APPROVED', '2021-07-19 22:22:36.000000', '2021-07-19 22:22:36.000000', '2021-07-19 22:27:36.000000'),
(DEFAULT, 17355, 'Employee 111 submit Report', 'Completed Task.', NULL, 'APPROVED', '2021-07-07 10:44:12.000000', '2021-07-07 10:44:12.000000', '2021-07-07 10:49:12.000000'),
(DEFAULT, 17356, 'Employee 112 submit Report', 'Completed Task.', NULL, 'APPROVED', '2021-07-06 22:51:24.000000', '2021-07-06 22:51:24.000000', '2021-07-06 22:56:24.000000'),
(DEFAULT, 17357, 'Employee 113 submit Report', 'Completed Task.', NULL, 'APPROVED', '2021-07-06 12:25:00.000000', '2021-07-06 12:25:00.000000', '2021-07-06 12:30:00.000000'),
(DEFAULT, 17358, 'Employee 114 submit Report', 'Completed Task.', NULL, 'APPROVED', '2021-07-20 16:29:48.000000', '2021-07-20 16:29:48.000000', '2021-07-20 16:34:48.000000');

-- 2021-07-10 00:25:00.000000
-- 2021-07-10
INSERT INTO task (id, collection_id, created_by_id, root_task_id, name, description, report_format, level, task_type, priority, is_locked, start_date, end_date, deadline, created_time, updated_time)
VALUES (709, 58, 151, NULL, 'Test Memory Leak Scenarios', 'This is Test Memory Leak Scenarios', NULL, 'NORMAL', 'TEST', 'URGENT', FALSE, '2021-07-10', '2021-07-30', '2021-07-16', '2021-07-10 00:25:00.000000', '2021-07-10 00:25:00.000000');

INSERT INTO task_for_users (id, task_id, assigned_to_id, user_task_status, updated_time, started_time)
VALUES
(17360, 709, 117, 'JOINED', '2021-07-10 00:25:00.000000', '2021-07-13 12:22:07.200000'),
(17361, 709, 118, 'JOINED', '2021-07-10 00:25:00.000000', '2021-07-13 16:06:45.600000'),
(17362, 709, 119, 'JOINED', '2021-07-10 00:25:00.000000', '2021-07-11 01:45:38.400000'),
(17363, 709, 124, 'JOINED', '2021-07-10 00:25:00.000000', '2021-07-11 07:22:36.000000'),
(17364, 709, 125, 'JOINED', '2021-07-10 00:25:00.000000', '2021-07-15 10:01:00.000000'),
(17365, 709, 126, 'JOINED', '2021-07-10 00:25:00.000000', '2021-07-10 00:50:55.200000'),
(17366, 709, 128, 'JOINED', '2021-07-10 00:25:00.000000', '2021-07-11 05:30:16.800000'),
(17367, 709, 129, 'JOINED', '2021-07-10 00:25:00.000000', '2021-07-10 04:52:50.400000'),
(17368, 709, 130, 'JOINED', '2021-07-10 00:25:00.000000', '2021-07-10 18:16:21.600000'),
(17369, 709, 132, 'JOINED', '2021-07-10 00:25:00.000000', '2021-07-11 18:01:57.600000'),
(17370, 709, 134, 'JOINED', '2021-07-10 00:25:00.000000', '2021-07-12 01:57:09.600000'),
(17371, 709, 111, 'JOINED', '2021-07-10 00:25:00.000000', '2021-07-10 03:00:31.200000'),
(17372, 709, 112, 'JOINED', '2021-07-10 00:25:00.000000', '2021-07-15 10:01:00.000000'),
(17373, 709, 113, 'JOINED', '2021-07-10 00:25:00.000000', '2021-07-11 07:48:31.200000'),
(17374, 709, 114, 'JOINED', '2021-07-10 00:25:00.000000', '2021-07-15 10:01:00.000000');
INSERT INTO report (id, created_by_id, title, content, rejected_reason, report_status, created_time, updated_time, reviewed_time)
VALUES
(DEFAULT, 17360, 'Employee 117 submit Report', 'Completed Task.', NULL, 'APPROVED', '2021-07-15 12:27:52.800000', '2021-07-15 12:27:52.800000', '2021-07-15 12:32:52.800000'),
(DEFAULT, 17361, 'Employee 118 submit Report', 'Completed Task.', NULL, 'APPROVED', '2021-07-15 23:15:52.800000', '2021-07-15 23:15:52.800000', '2021-07-15 23:20:52.800000'),
(DEFAULT, 17362, 'Employee 119 submit Report', 'Completed Task.', NULL, 'APPROVED', '2021-07-12 23:24:31.200000', '2021-07-12 23:24:31.200000', '2021-07-12 23:29:31.200000'),
(DEFAULT, 17363, 'Employee 124 submit Report', 'Completed Task.', NULL, 'APPROVED', '2021-07-13 09:55:14.400000', '2021-07-13 09:55:14.400000', '2021-07-13 10:00:14.400000'),
(DEFAULT, 17364, 'Employee 125 submit Report', 'Completed Task.', NULL, 'APPROVED', '2021-07-30 04:49:57.600000', '2021-07-30 04:49:57.600000', '2021-07-30 04:54:57.600000'),
(DEFAULT, 17365, 'Employee 126 submit Report', 'Completed Task.', NULL, 'APPROVED', '2021-07-21 23:59:04.800000', '2021-07-21 23:59:04.800000', '2021-07-22 00:04:04.800000'),
(DEFAULT, 17366, 'Employee 128 submit Report', 'Completed Task.', NULL, 'APPROVED', '2021-07-14 01:19:43.200000', '2021-07-14 01:19:43.200000', '2021-07-14 01:24:43.200000'),
(DEFAULT, 17367, 'Employee 129 submit Report', 'Completed Task.', NULL, 'APPROVED', '2021-07-12 00:13:28.800000', '2021-07-12 00:13:28.800000', '2021-07-12 00:18:28.800000'),
(DEFAULT, 17368, 'Employee 130 submit Report', 'Completed Task.', NULL, 'APPROVED', '2021-07-12 13:54:16.800000', '2021-07-12 13:54:16.800000', '2021-07-12 13:59:16.800000'),
(DEFAULT, 17369, 'Employee 132 submit Report', 'Completed Task.', NULL, 'APPROVED', '2021-07-13 23:10:07.200000', '2021-07-13 23:10:07.200000', '2021-07-13 23:15:07.200000'),
(DEFAULT, 17370, 'Employee 134 submit Report', 'Completed Task.', NULL, 'APPROVED', '2021-07-14 01:37:00.000000', '2021-07-14 01:37:00.000000', '2021-07-14 01:42:00.000000'),
(DEFAULT, 17371, 'Employee 111 submit Report', 'Completed Task.', NULL, 'APPROVED', '2021-07-11 22:21:09.600000', '2021-07-11 22:21:09.600000', '2021-07-11 22:26:09.600000'),
(DEFAULT, 17372, 'Employee 112 submit Report', 'Completed Task.', NULL, 'APPROVED', '2021-07-29 22:29:48.000000', '2021-07-29 22:29:48.000000', '2021-07-29 22:34:48.000000'),
(DEFAULT, 17373, 'Employee 113 submit Report', 'Completed Task.', NULL, 'APPROVED', '2021-07-20 17:01:28.800000', '2021-07-20 17:01:28.800000', '2021-07-20 17:06:28.800000'),
(DEFAULT, 17374, 'Employee 114 submit Report', 'Completed Task.', NULL, 'APPROVED', '2021-07-29 14:17:19.200000', '2021-07-29 14:17:19.200000', '2021-07-29 14:22:19.200000');

-- 2021-07-17 00:25:00.000000
-- 2021-07-17
INSERT INTO task (id, collection_id, created_by_id, root_task_id, name, description, report_format, level, task_type, priority, is_locked, start_date, end_date, deadline, created_time, updated_time)
VALUES (710, 58, 151, NULL, 'Test CPU Usage Under Load', 'This is Test CPU Usage Under Load', NULL, 'NORMAL', 'TEST', 'LOW', FALSE, '2021-07-17', '2021-07-25', '2021-07-20', '2021-07-17 00:25:00.000000', '2021-07-17 00:25:00.000000');

INSERT INTO task_for_users (id, task_id, assigned_to_id, user_task_status, updated_time, started_time)
VALUES
(17376, 710, 116, 'JOINED', '2021-07-17 00:25:00.000000', '2021-07-17 20:25:57.600000'),
(17377, 710, 121, 'JOINED', '2021-07-17 00:25:00.000000', '2021-07-18 11:07:14.400000'),
(17378, 710, 122, 'JOINED', '2021-07-17 00:25:00.000000', '2021-07-17 01:12:31.200000'),
(17379, 710, 123, 'JOINED', '2021-07-17 00:25:00.000000', '2021-07-18 14:13:00.000000'),
(17380, 710, 127, 'JOINED', '2021-07-17 00:25:00.000000', '2021-07-18 01:58:36.000000'),
(17381, 710, 128, 'JOINED', '2021-07-17 00:25:00.000000', '2021-07-17 10:03:52.800000'),
(17382, 710, 129, 'JOINED', '2021-07-17 00:25:00.000000', '2021-07-17 09:59:33.600000'),
(17383, 710, 130, 'JOINED', '2021-07-17 00:25:00.000000', '2021-07-19 03:23:33.600000'),
(17384, 710, 131, 'JOINED', '2021-07-17 00:25:00.000000', '2021-07-17 02:30:16.800000'),
(17385, 710, 133, 'JOINED', '2021-07-17 00:25:00.000000', '2021-07-17 15:32:12.000000'),
(17386, 710, 134, 'JOINED', '2021-07-17 00:25:00.000000', '2021-07-17 09:42:16.800000'),
(17387, 710, 111, 'JOINED', '2021-07-17 00:25:00.000000', '2021-07-17 13:31:14.400000'),
(17388, 710, 112, 'JOINED', '2021-07-17 00:25:00.000000', '2021-07-18 00:27:52.800000'),
(17389, 710, 113, 'JOINED', '2021-07-17 00:25:00.000000', '2021-07-17 00:37:57.600000'),
(17390, 710, 114, 'JOINED', '2021-07-17 00:25:00.000000', '2021-07-19 17:13:00.000000');
INSERT INTO report (id, created_by_id, title, content, rejected_reason, report_status, created_time, updated_time, reviewed_time)
VALUES
(DEFAULT, 17376, 'Employee 116 submit Report', 'Completed Task.', NULL, 'APPROVED', '2021-07-18 21:29:19.200000', '2021-07-18 21:29:19.200000', '2021-07-18 21:34:19.200000'),
(DEFAULT, 17377, 'Employee 121 submit Report', 'Completed Task.', NULL, 'APPROVED', '2021-07-19 16:38:26.400000', '2021-07-19 16:38:26.400000', '2021-07-19 16:43:26.400000'),
(DEFAULT, 17378, 'Employee 122 submit Report', 'Completed Task.', NULL, 'APPROVED', '2021-07-18 01:02:26.400000', '2021-07-18 01:02:26.400000', '2021-07-18 01:07:26.400000'),
(DEFAULT, 17379, 'Employee 123 submit Report', 'Completed Task.', NULL, 'APPROVED', '2021-07-19 14:46:07.200000', '2021-07-19 14:46:07.200000', '2021-07-19 14:51:07.200000'),
(DEFAULT, 17380, 'Employee 127 submit Report', 'Completed Task.', NULL, 'APPROVED', '2021-07-19 09:56:40.800000', '2021-07-19 09:56:40.800000', '2021-07-19 10:01:40.800000'),
(DEFAULT, 17381, 'Employee 128 submit Report', 'Completed Task.', NULL, 'APPROVED', '2021-07-18 14:25:57.600000', '2021-07-18 14:25:57.600000', '2021-07-18 14:30:57.600000'),
(DEFAULT, 17382, 'Employee 129 submit Report', 'Completed Task.', NULL, 'APPROVED', '2021-07-18 11:59:04.800000', '2021-07-18 11:59:04.800000', '2021-07-18 12:04:04.800000'),
(DEFAULT, 17383, 'Employee 130 submit Report', 'Completed Task.', NULL, 'APPROVED', '2021-07-19 15:55:14.400000', '2021-07-19 15:55:14.400000', '2021-07-19 16:00:14.400000'),
(DEFAULT, 17384, 'Employee 131 submit Report', 'Completed Task.', NULL, 'APPROVED', '2021-07-17 15:19:14.400000', '2021-07-17 15:19:14.400000', '2021-07-17 15:24:14.400000'),
(DEFAULT, 17385, 'Employee 133 submit Report', 'Completed Task.', NULL, 'APPROVED', '2021-07-18 20:54:45.600000', '2021-07-18 20:54:45.600000', '2021-07-18 20:59:45.600000'),
(DEFAULT, 17386, 'Employee 134 submit Report', 'Completed Task.', NULL, 'APPROVED', '2021-07-17 21:39:24.000000', '2021-07-17 21:39:24.000000', '2021-07-17 21:44:24.000000'),
(DEFAULT, 17387, 'Employee 111 submit Report', 'Completed Task.', NULL, 'APPROVED', '2021-07-19 16:16:50.400000', '2021-07-19 16:16:50.400000', '2021-07-19 16:21:50.400000'),
(DEFAULT, 17388, 'Employee 112 submit Report', 'Completed Task.', NULL, 'APPROVED', '2021-07-22 00:22:07.200000', '2021-07-22 00:22:07.200000', '2021-07-22 00:27:07.200000'),
(DEFAULT, 17389, 'Employee 113 submit Report', 'Completed Task.', NULL, 'APPROVED', '2021-07-17 22:22:36.000000', '2021-07-17 22:22:36.000000', '2021-07-17 22:27:36.000000'),
(DEFAULT, 17390, 'Employee 114 submit Report', 'Completed Task.', NULL, 'APPROVED', '2021-07-25 20:49:00.000000', '2021-07-25 20:49:00.000000', '2021-07-25 20:54:00.000000');

-- 2021-07-21 00:25:00.000000
-- 2021-07-21
INSERT INTO task (id, collection_id, created_by_id, root_task_id, name, description, report_format, level, task_type, priority, is_locked, start_date, end_date, deadline, created_time, updated_time)
VALUES (711, 58, 151, NULL, 'Test Database Performance', 'This is Test Database Performance', NULL, 'ADVANCED', 'TEST', 'HIGH', FALSE, '2021-07-21', '2021-08-10', '2021-07-27', '2021-07-21 00:25:00.000000', '2021-07-21 00:25:00.000000');

INSERT INTO task_for_users (id, task_id, assigned_to_id, user_task_status, updated_time, started_time)
VALUES
(17392, 711, 116, 'JOINED', '2021-07-21 00:25:00.000000', '2021-07-21 11:38:55.200000'),
(17393, 711, 117, 'JOINED', '2021-07-21 00:25:00.000000', '2021-07-22 17:23:04.800000'),
(17394, 711, 121, 'JOINED', '2021-07-21 00:25:00.000000', '2021-07-22 05:21:38.400000'),
(17395, 711, 122, 'JOINED', '2021-07-21 00:25:00.000000', '2021-07-26 10:01:00.000000'),
(17396, 711, 123, 'JOINED', '2021-07-21 00:25:00.000000', '2021-07-26 10:01:00.000000'),
(17397, 711, 125, 'JOINED', '2021-07-21 00:25:00.000000', '2021-07-21 01:42:45.600000'),
(17398, 711, 130, 'JOINED', '2021-07-21 00:25:00.000000', '2021-07-21 06:27:52.800000'),
(17399, 711, 132, 'JOINED', '2021-07-21 00:25:00.000000', '2021-07-23 09:52:21.600000'),
(17400, 711, 133, 'JOINED', '2021-07-21 00:25:00.000000', '2021-07-26 10:01:00.000000'),
(17401, 711, 134, 'JOINED', '2021-07-21 00:25:00.000000', '2021-07-22 09:27:52.800000'),
(17402, 711, 111, 'JOINED', '2021-07-21 00:25:00.000000', '2021-07-21 11:47:33.600000'),
(17403, 711, 113, 'JOINED', '2021-07-21 00:25:00.000000', '2021-07-26 10:01:00.000000'),
(17404, 711, 114, 'JOINED', '2021-07-21 00:25:00.000000', '2021-07-22 08:05:48.000000'),
(17405, 711, 115, 'JOINED', '2021-07-21 00:25:00.000000', '2021-07-26 10:01:00.000000');
INSERT INTO report (id, created_by_id, title, content, rejected_reason, report_status, created_time, updated_time, reviewed_time)
VALUES
(DEFAULT, 17392, 'Employee 116 submit Report', 'Completed Task.', NULL, 'APPROVED', '2021-07-23 23:24:31.200000', '2021-07-23 23:24:31.200000', '2021-07-23 23:29:31.200000'),
(DEFAULT, 17393, 'Employee 117 submit Report', 'Completed Task.', NULL, 'APPROVED', '2021-07-31 07:26:55.200000', '2021-07-31 07:26:55.200000', '2021-07-31 07:31:55.200000'),
(DEFAULT, 17394, 'Employee 121 submit Report', 'Completed Task.', NULL, 'APPROVED', '2021-07-26 12:19:14.400000', '2021-07-26 12:19:14.400000', '2021-07-26 12:24:14.400000'),
(DEFAULT, 17395, 'Employee 122 submit Report', 'Completed Task.', NULL, 'APPROVED', '2021-08-09 12:42:16.800000', '2021-08-09 12:42:16.800000', '2021-08-09 12:47:16.800000'),
(DEFAULT, 17396, 'Employee 123 submit Report', 'Completed Task.', NULL, 'APPROVED', '2021-08-08 05:36:02.400000', '2021-08-08 05:36:02.400000', '2021-08-08 05:41:02.400000'),
(DEFAULT, 17397, 'Employee 125 submit Report', 'Completed Task.', NULL, 'APPROVED', '2021-07-25 22:03:52.800000', '2021-07-25 22:03:52.800000', '2021-07-25 22:08:52.800000'),
(DEFAULT, 17398, 'Employee 130 submit Report', 'Completed Task.', NULL, 'APPROVED', '2021-07-23 04:41:19.200000', '2021-07-23 04:41:19.200000', '2021-07-23 04:46:19.200000'),
(DEFAULT, 17399, 'Employee 132 submit Report', 'Completed Task.', NULL, 'APPROVED', '2021-07-25 23:30:16.800000', '2021-07-25 23:30:16.800000', '2021-07-25 23:35:16.800000'),
(DEFAULT, 17400, 'Employee 133 submit Report', 'Completed Task.', NULL, 'APPROVED', '2021-08-08 00:25:00.000000', '2021-08-08 00:25:00.000000', '2021-08-08 00:30:00.000000'),
(DEFAULT, 17401, 'Employee 134 submit Report', 'Completed Task.', NULL, 'APPROVED', '2021-07-31 15:22:07.200000', '2021-07-31 15:22:07.200000', '2021-07-31 15:27:07.200000'),
(DEFAULT, 17402, 'Employee 111 submit Report', 'Completed Task.', NULL, 'APPROVED', '2021-07-25 06:39:24.000000', '2021-07-25 06:39:24.000000', '2021-07-25 06:44:24.000000'),
(DEFAULT, 17403, 'Employee 113 submit Report', 'Completed Task.', NULL, 'APPROVED', '2021-08-10 17:04:21.600000', '2021-08-10 17:04:21.600000', '2021-08-10 17:09:21.600000'),
(DEFAULT, 17404, 'Employee 114 submit Report', 'Completed Task.', NULL, 'APPROVED', '2021-07-31 16:44:12.000000', '2021-07-31 16:44:12.000000', '2021-07-31 16:49:12.000000'),
(DEFAULT, 17405, 'Employee 115 submit Report', 'Completed Task.', NULL, 'APPROVED', '2021-08-08 14:05:48.000000', '2021-08-08 14:05:48.000000', '2021-08-08 14:10:48.000000');

-- 2021-07-28 00:25:00.000000
-- 2021-07-28
INSERT INTO task (id, collection_id, created_by_id, root_task_id, name, description, report_format, level, task_type, priority, is_locked, start_date, end_date, deadline, created_time, updated_time)
VALUES (712, 58, 151, NULL, 'Test Cache Effectiveness', 'This is Test Cache Effectiveness', NULL, 'ADVANCED', 'TEST', 'NORMAL', FALSE, '2021-07-28', '2021-08-14', '2021-08-02', '2021-07-28 00:25:00.000000', '2021-07-28 00:25:00.000000');

INSERT INTO task_for_users (id, task_id, assigned_to_id, user_task_status, updated_time, started_time)
VALUES
(17407, 712, 116, 'JOINED', '2021-07-28 00:25:00.000000', '2021-07-28 00:39:24.000000'),
(17408, 712, 118, 'JOINED', '2021-07-28 00:25:00.000000', '2021-07-28 20:05:48.000000'),
(17409, 712, 122, 'JOINED', '2021-07-28 00:25:00.000000', '2021-07-30 00:46:36.000000'),
(17410, 712, 124, 'JOINED', '2021-07-28 00:25:00.000000', '2021-07-29 21:17:48.000000'),
(17411, 712, 125, 'JOINED', '2021-07-28 00:25:00.000000', '2021-07-28 05:20:12.000000'),
(17412, 712, 127, 'JOINED', '2021-07-28 00:25:00.000000', '2021-07-28 17:49:00.000000'),
(17413, 712, 128, 'JOINED', '2021-07-28 00:25:00.000000', '2021-07-28 05:16:36.000000'),
(17414, 712, 131, 'JOINED', '2021-07-28 00:25:00.000000', '2021-07-28 07:15:24.000000'),
(17415, 712, 132, 'JOINED', '2021-07-28 00:25:00.000000', '2021-07-28 07:44:12.000000'),
(17416, 712, 135, 'JOINED', '2021-07-28 00:25:00.000000', '2021-07-30 03:07:00.000000'),
(17417, 712, 136, 'JOINED', '2021-07-28 00:25:00.000000', '2021-07-28 06:32:12.000000'),
(17418, 712, 137, 'JOINED', '2021-07-28 00:25:00.000000', '2021-07-29 19:51:24.000000'),
(17419, 712, 138, 'JOINED', '2021-07-28 00:25:00.000000', '2021-08-01 12:25:00.000000'),
(17420, 712, 139, 'JOINED', '2021-07-28 00:25:00.000000', '2021-07-29 22:22:36.000000'),
(17421, 712, 140, 'JOINED', '2021-07-28 00:25:00.000000', '2021-07-28 05:13:00.000000');
INSERT INTO report (id, created_by_id, title, content, rejected_reason, report_status, created_time, updated_time, reviewed_time)
VALUES
(DEFAULT, 17407, 'Employee 116 submit Report', 'Completed Task.', NULL, 'APPROVED', '2021-07-29 01:01:00.000000', '2021-07-29 01:01:00.000000', '2021-07-29 01:06:00.000000'),
(DEFAULT, 17408, 'Employee 118 submit Report', 'Completed Task.', NULL, 'APPROVED', '2021-07-30 05:34:36.000000', '2021-07-30 05:34:36.000000', '2021-07-30 05:39:36.000000'),
(DEFAULT, 17409, 'Employee 122 submit Report', 'Completed Task.', NULL, 'APPROVED', '2021-07-30 19:08:12.000000', '2021-07-30 19:08:12.000000', '2021-07-30 19:13:12.000000'),
(DEFAULT, 17410, 'Employee 124 submit Report', 'Completed Task.', NULL, 'APPROVED', '2021-08-01 11:41:48.000000', '2021-08-01 11:41:48.000000', '2021-08-01 11:46:48.000000'),
(DEFAULT, 17411, 'Employee 125 submit Report', 'Completed Task.', NULL, 'APPROVED', '2021-07-30 07:15:24.000000', '2021-07-30 07:15:24.000000', '2021-07-30 07:20:24.000000'),
(DEFAULT, 17412, 'Employee 127 submit Report', 'Completed Task.', NULL, 'APPROVED', '2021-07-30 00:10:36.000000', '2021-07-30 00:10:36.000000', '2021-07-30 00:15:36.000000'),
(DEFAULT, 17413, 'Employee 128 submit Report', 'Completed Task.', NULL, 'APPROVED', '2021-08-06 19:33:24.000000', '2021-08-06 19:33:24.000000', '2021-08-06 19:38:24.000000'),
(DEFAULT, 17414, 'Employee 131 submit Report', 'Completed Task.', NULL, 'APPROVED', '2021-07-31 06:32:12.000000', '2021-07-31 06:32:12.000000', '2021-07-31 06:37:12.000000'),
(DEFAULT, 17415, 'Employee 132 submit Report', 'Completed Task.', NULL, 'APPROVED', '2021-07-29 02:56:12.000000', '2021-07-29 02:56:12.000000', '2021-07-29 03:01:12.000000'),
(DEFAULT, 17416, 'Employee 135 submit Report', 'Completed Task.', NULL, 'APPROVED', '2021-08-04 21:43:00.000000', '2021-08-04 21:43:00.000000', '2021-08-04 21:48:00.000000'),
(DEFAULT, 17417, 'Employee 136 submit Report', 'Completed Task.', NULL, 'APPROVED', '2021-07-30 08:41:48.000000', '2021-07-30 08:41:48.000000', '2021-07-30 08:46:48.000000'),
(DEFAULT, 17418, 'Employee 137 submit Report', 'Completed Task.', NULL, 'APPROVED', '2021-07-30 17:27:24.000000', '2021-07-30 17:27:24.000000', '2021-07-30 17:32:24.000000'),
(DEFAULT, 17419, 'Employee 138 submit Report', 'Completed Task.', NULL, 'APPROVED', '2021-08-14 15:25:00.000000', '2021-08-14 15:25:00.000000', '2021-08-14 15:30:00.000000'),
(DEFAULT, 17420, 'Employee 139 submit Report', 'Completed Task.', NULL, 'APPROVED', '2021-08-01 05:41:48.000000', '2021-08-01 05:41:48.000000', '2021-08-01 05:46:48.000000'),
(DEFAULT, 17421, 'Employee 140 submit Report', 'Completed Task.', NULL, 'APPROVED', '2021-07-30 00:10:36.000000', '2021-07-30 00:10:36.000000', '2021-07-30 00:15:36.000000');

-- 2021-08-03 00:25:00.000000
-- 2021-08-03
INSERT INTO task (id, collection_id, created_by_id, root_task_id, name, description, report_format, level, task_type, priority, is_locked, start_date, end_date, deadline, created_time, updated_time)
VALUES (713, 58, 151, NULL, 'Test Security Penetration Scenarios', 'This is Test Security Penetration Scenarios', NULL, 'ADVANCED', 'TEST', 'LOW', FALSE, '2021-08-03', '2021-08-16', '2021-08-07', '2021-08-03 00:25:00.000000', '2021-08-03 00:25:00.000000');

INSERT INTO task_for_users (id, task_id, assigned_to_id, user_task_status, updated_time, started_time)
VALUES
(17423, 713, 117, 'JOINED', '2021-08-03 00:25:00.000000', '2021-08-03 02:49:00.000000'),
(17424, 713, 118, 'JOINED', '2021-08-03 00:25:00.000000', '2021-08-06 14:49:00.000000'),
(17425, 713, 120, 'JOINED', '2021-08-03 00:25:00.000000', '2021-08-06 14:49:00.000000'),
(17426, 713, 123, 'JOINED', '2021-08-03 00:25:00.000000', '2021-08-03 22:58:36.000000'),
(17427, 713, 125, 'JOINED', '2021-08-03 00:25:00.000000', '2021-08-03 17:47:33.600000'),
(17428, 713, 126, 'JOINED', '2021-08-03 00:25:00.000000', '2021-08-03 03:17:48.000000'),
(17429, 713, 127, 'JOINED', '2021-08-03 00:25:00.000000', '2021-08-05 23:50:26.400000'),
(17430, 713, 129, 'JOINED', '2021-08-03 00:25:00.000000', '2021-08-05 00:19:14.400000'),
(17431, 713, 132, 'JOINED', '2021-08-03 00:25:00.000000', '2021-08-03 21:09:09.600000'),
(17432, 713, 133, 'JOINED', '2021-08-03 00:25:00.000000', '2021-08-03 00:48:02.400000'),
(17433, 713, 136, 'JOINED', '2021-08-03 00:25:00.000000', '2021-08-03 05:07:14.400000'),
(17434, 713, 137, 'JOINED', '2021-08-03 00:25:00.000000', '2021-08-03 15:40:50.400000'),
(17435, 713, 138, 'JOINED', '2021-08-03 00:25:00.000000', '2021-08-04 01:39:52.800000'),
(17436, 713, 139, 'JOINED', '2021-08-03 00:25:00.000000', '2021-08-04 15:23:33.600000'),
(17437, 713, 140, 'JOINED', '2021-08-03 00:25:00.000000', '2021-08-04 02:14:26.400000');
INSERT INTO report (id, created_by_id, title, content, rejected_reason, report_status, created_time, updated_time, reviewed_time)
VALUES
(DEFAULT, 17423, 'Employee 117 submit Report', 'Completed Task.', NULL, 'APPROVED', '2021-08-04 20:34:36.000000', '2021-08-04 20:34:36.000000', '2021-08-04 20:39:36.000000'),
(DEFAULT, 17424, 'Employee 118 submit Report', 'Completed Task.', NULL, 'APPROVED', '2021-08-16 09:20:40.800000', '2021-08-16 09:20:40.800000', '2021-08-16 09:25:40.800000'),
(DEFAULT, 17425, 'Employee 120 submit Report', 'Completed Task.', NULL, 'APPROVED', '2021-08-15 15:00:31.200000', '2021-08-15 15:00:31.200000', '2021-08-15 15:05:31.200000'),
(DEFAULT, 17426, 'Employee 123 submit Report', 'Completed Task.', NULL, 'APPROVED', '2021-08-05 12:53:48.000000', '2021-08-05 12:53:48.000000', '2021-08-05 12:58:48.000000'),
(DEFAULT, 17427, 'Employee 125 submit Report', 'Completed Task.', NULL, 'APPROVED', '2021-08-05 07:02:26.400000', '2021-08-05 07:02:26.400000', '2021-08-05 07:07:26.400000'),
(DEFAULT, 17428, 'Employee 126 submit Report', 'Completed Task.', NULL, 'APPROVED', '2021-08-04 11:38:55.200000', '2021-08-04 11:38:55.200000', '2021-08-04 11:43:55.200000'),
(DEFAULT, 17429, 'Employee 127 submit Report', 'Completed Task.', NULL, 'APPROVED', '2021-08-06 15:12:02.400000', '2021-08-06 15:12:02.400000', '2021-08-06 15:17:02.400000'),
(DEFAULT, 17430, 'Employee 129 submit Report', 'Completed Task.', NULL, 'APPROVED', '2021-08-09 00:30:45.600000', '2021-08-09 00:30:45.600000', '2021-08-09 00:35:45.600000'),
(DEFAULT, 17431, 'Employee 132 submit Report', 'Completed Task.', NULL, 'APPROVED', '2021-08-05 14:49:00.000000', '2021-08-05 14:49:00.000000', '2021-08-05 14:54:00.000000'),
(DEFAULT, 17432, 'Employee 133 submit Report', 'Completed Task.', NULL, 'APPROVED', '2021-08-11 00:01:57.600000', '2021-08-11 00:01:57.600000', '2021-08-11 00:06:57.600000'),
(DEFAULT, 17433, 'Employee 136 submit Report', 'Completed Task.', NULL, 'APPROVED', '2021-08-04 01:45:38.400000', '2021-08-04 01:45:38.400000', '2021-08-04 01:50:38.400000'),
(DEFAULT, 17434, 'Employee 137 submit Report', 'Completed Task.', NULL, 'APPROVED', '2021-08-06 04:21:09.600000', '2021-08-06 04:21:09.600000', '2021-08-06 04:26:09.600000'),
(DEFAULT, 17435, 'Employee 138 submit Report', 'Completed Task.', NULL, 'APPROVED', '2021-08-05 06:39:24.000000', '2021-08-05 06:39:24.000000', '2021-08-05 06:44:24.000000'),
(DEFAULT, 17436, 'Employee 139 submit Report', 'Completed Task.', NULL, 'APPROVED', '2021-08-05 19:42:45.600000', '2021-08-05 19:42:45.600000', '2021-08-05 19:47:45.600000'),
(DEFAULT, 17437, 'Employee 140 submit Report', 'Completed Task.', NULL, 'APPROVED', '2021-08-06 10:58:36.000000', '2021-08-06 10:58:36.000000', '2021-08-06 11:03:36.000000');

-- 2021-08-08 00:25:00.000000
-- 2021-08-08
INSERT INTO task (id, collection_id, created_by_id, root_task_id, name, description, report_format, level, task_type, priority, is_locked, start_date, end_date, deadline, created_time, updated_time)
VALUES (714, 58, 151, NULL, 'Test Authentication Brute-force Protection', 'This is Test Authentication Brute-force Protection', NULL, 'ADVANCED', 'TEST', 'URGENT', FALSE, '2021-08-08', '2021-08-31', '2021-08-15', '2021-08-08 00:25:00.000000', '2021-08-08 00:25:00.000000');

INSERT INTO task_for_users (id, task_id, assigned_to_id, user_task_status, updated_time, started_time)
VALUES
(17439, 714, 116, 'JOINED', '2021-08-08 00:25:00.000000', '2021-08-14 07:37:00.000000'),
(17440, 714, 117, 'JOINED', '2021-08-08 00:25:00.000000', '2021-08-09 18:55:14.400000'),
(17441, 714, 118, 'JOINED', '2021-08-08 00:25:00.000000', '2021-08-08 17:53:19.200000'),
(17442, 714, 120, 'JOINED', '2021-08-08 00:25:00.000000', '2021-08-08 19:44:12.000000'),
(17443, 714, 124, 'JOINED', '2021-08-08 00:25:00.000000', '2021-08-09 05:33:52.800000'),
(17444, 714, 125, 'JOINED', '2021-08-08 00:25:00.000000', '2021-08-08 06:07:43.200000'),
(17445, 714, 128, 'JOINED', '2021-08-08 00:25:00.000000', '2021-08-09 03:07:43.200000'),
(17446, 714, 129, 'JOINED', '2021-08-08 00:25:00.000000', '2021-08-08 08:38:55.200000'),
(17447, 714, 133, 'JOINED', '2021-08-08 00:25:00.000000', '2021-08-14 07:37:00.000000'),
(17448, 714, 136, 'JOINED', '2021-08-08 00:25:00.000000', '2021-08-08 17:43:14.400000'),
(17449, 714, 137, 'JOINED', '2021-08-08 00:25:00.000000', '2021-08-08 10:09:38.400000'),
(17450, 714, 138, 'JOINED', '2021-08-08 00:25:00.000000', '2021-08-08 15:42:16.800000'),
(17451, 714, 139, 'JOINED', '2021-08-08 00:25:00.000000', '2021-08-08 01:25:28.800000'),
(17452, 714, 140, 'JOINED', '2021-08-08 00:25:00.000000', '2021-08-09 00:36:31.200000');
INSERT INTO report (id, created_by_id, title, content, rejected_reason, report_status, created_time, updated_time, reviewed_time)
VALUES
(DEFAULT, 17439, 'Employee 116 submit Report', 'Completed Task.', NULL, 'APPROVED', '2021-08-31 15:04:50.400000', '2021-08-31 15:04:50.400000', '2021-08-31 15:09:50.400000'),
(DEFAULT, 17440, 'Employee 117 submit Report', 'Completed Task.', NULL, 'APPROVED', '2021-08-13 19:21:09.600000', '2021-08-13 19:21:09.600000', '2021-08-13 19:26:09.600000'),
(DEFAULT, 17441, 'Employee 118 submit Report', 'Completed Task.', NULL, 'APPROVED', '2021-08-21 06:56:40.800000', '2021-08-21 06:56:40.800000', '2021-08-21 07:01:40.800000'),
(DEFAULT, 17442, 'Employee 120 submit Report', 'Completed Task.', NULL, 'APPROVED', '2021-08-13 04:34:07.200000', '2021-08-13 04:34:07.200000', '2021-08-13 04:39:07.200000'),
(DEFAULT, 17443, 'Employee 124 submit Report', 'Completed Task.', NULL, 'APPROVED', '2021-08-20 19:16:07.200000', '2021-08-20 19:16:07.200000', '2021-08-20 19:21:07.200000'),
(DEFAULT, 17444, 'Employee 125 submit Report', 'Completed Task.', NULL, 'APPROVED', '2021-08-13 07:35:33.600000', '2021-08-13 07:35:33.600000', '2021-08-13 07:40:33.600000'),
(DEFAULT, 17445, 'Employee 128 submit Report', 'Completed Task.', NULL, 'APPROVED', '2021-08-12 20:10:07.200000', '2021-08-12 20:10:07.200000', '2021-08-12 20:15:07.200000'),
(DEFAULT, 17446, 'Employee 129 submit Report', 'Completed Task.', NULL, 'APPROVED', '2021-08-14 07:47:04.800000', '2021-08-14 07:47:04.800000', '2021-08-14 07:52:04.800000'),
(DEFAULT, 17447, 'Employee 133 submit Report', 'Completed Task.', NULL, 'APPROVED', '2021-08-31 16:05:19.200000', '2021-08-31 16:05:19.200000', '2021-08-31 16:10:19.200000'),
(DEFAULT, 17448, 'Employee 136 submit Report', 'Completed Task.', NULL, 'APPROVED', '2021-08-11 10:34:07.200000', '2021-08-11 10:34:07.200000', '2021-08-11 10:39:07.200000'),
(DEFAULT, 17449, 'Employee 137 submit Report', 'Completed Task.', NULL, 'APPROVED', '2021-08-10 14:34:36.000000', '2021-08-10 14:34:36.000000', '2021-08-10 14:39:36.000000'),
(DEFAULT, 17450, 'Employee 138 submit Report', 'Completed Task.', NULL, 'APPROVED', '2021-08-10 08:41:48.000000', '2021-08-10 08:41:48.000000', '2021-08-10 08:46:48.000000'),
(DEFAULT, 17451, 'Employee 139 submit Report', 'Completed Task.', NULL, 'APPROVED', '2021-08-09 14:53:19.200000', '2021-08-09 14:53:19.200000', '2021-08-09 14:58:19.200000'),
(DEFAULT, 17452, 'Employee 140 submit Report', 'Completed Task.', NULL, 'APPROVED', '2021-08-14 15:40:50.400000', '2021-08-14 15:40:50.400000', '2021-08-14 15:45:50.400000');

-- 2021-08-16 00:25:00.000000
-- 2021-08-16
INSERT INTO task (id, collection_id, created_by_id, root_task_id, name, description, report_format, level, task_type, priority, is_locked, start_date, end_date, deadline, created_time, updated_time)
VALUES (715, 58, 151, NULL, 'Test Authorization Escalation Attempts', 'This is Test Authorization Escalation Attempts', NULL, 'ADVANCED', 'TEST', 'HIGH', FALSE, '2021-08-16', '2021-09-05', '2021-08-22', '2021-08-16 00:25:00.000000', '2021-08-16 00:25:00.000000');

INSERT INTO task_for_users (id, task_id, assigned_to_id, user_task_status, updated_time, started_time)
VALUES
(17454, 715, 117, 'JOINED', '2021-08-16 00:25:00.000000', '2021-08-16 05:18:45.600000'),
(17455, 715, 121, 'JOINED', '2021-08-16 00:25:00.000000', '2021-08-16 10:12:31.200000'),
(17456, 715, 122, 'JOINED', '2021-08-16 00:25:00.000000', '2021-08-21 10:01:00.000000'),
(17457, 715, 123, 'JOINED', '2021-08-16 00:25:00.000000', '2021-08-16 03:52:21.600000'),
(17458, 715, 125, 'JOINED', '2021-08-16 00:25:00.000000', '2021-08-17 03:46:36.000000'),
(17459, 715, 130, 'JOINED', '2021-08-16 00:25:00.000000', '2021-08-16 04:18:16.800000'),
(17460, 715, 132, 'JOINED', '2021-08-16 00:25:00.000000', '2021-08-21 10:01:00.000000'),
(17461, 715, 133, 'JOINED', '2021-08-16 00:25:00.000000', '2021-08-17 16:13:57.600000'),
(17462, 715, 134, 'JOINED', '2021-08-16 00:25:00.000000', '2021-08-19 16:32:40.800000'),
(17463, 715, 136, 'JOINED', '2021-08-16 00:25:00.000000', '2021-08-16 11:56:12.000000'),
(17464, 715, 137, 'JOINED', '2021-08-16 00:25:00.000000', '2021-08-19 09:55:14.400000'),
(17465, 715, 138, 'JOINED', '2021-08-16 00:25:00.000000', '2021-08-16 08:37:28.800000'),
(17466, 715, 139, 'JOINED', '2021-08-16 00:25:00.000000', '2021-08-17 08:40:21.600000'),
(17467, 715, 140, 'JOINED', '2021-08-16 00:25:00.000000', '2021-08-17 14:25:57.600000');
INSERT INTO report (id, created_by_id, title, content, rejected_reason, report_status, created_time, updated_time, reviewed_time)
VALUES
(DEFAULT, 17454, 'Employee 117 submit Report', 'Completed Task.', NULL, 'APPROVED', '2021-08-20 00:27:52.800000', '2021-08-20 00:27:52.800000', '2021-08-20 00:32:52.800000'),
(DEFAULT, 17455, 'Employee 121 submit Report', 'Completed Task.', NULL, 'APPROVED', '2021-08-21 02:40:21.600000', '2021-08-21 02:40:21.600000', '2021-08-21 02:45:21.600000'),
(DEFAULT, 17456, 'Employee 122 submit Report', 'Completed Task.', NULL, 'APPROVED', '2021-09-03 18:42:16.800000', '2021-09-03 18:42:16.800000', '2021-09-03 18:47:16.800000'),
(DEFAULT, 17457, 'Employee 123 submit Report', 'Completed Task.', NULL, 'APPROVED', '2021-08-20 18:19:14.400000', '2021-08-20 18:19:14.400000', '2021-08-20 18:24:14.400000'),
(DEFAULT, 17458, 'Employee 125 submit Report', 'Completed Task.', NULL, 'APPROVED', '2021-08-19 00:42:16.800000', '2021-08-19 00:42:16.800000', '2021-08-19 00:47:16.800000'),
(DEFAULT, 17459, 'Employee 130 submit Report', 'Completed Task.', NULL, 'APPROVED', '2021-08-19 05:18:45.600000', '2021-08-19 05:18:45.600000', '2021-08-19 05:23:45.600000'),
(DEFAULT, 17460, 'Employee 132 submit Report', 'Completed Task.', NULL, 'APPROVED', '2021-09-05 14:20:12.000000', '2021-09-05 14:20:12.000000', '2021-09-05 14:25:12.000000'),
(DEFAULT, 17461, 'Employee 133 submit Report', 'Completed Task.', NULL, 'APPROVED', '2021-08-26 08:36:02.400000', '2021-08-26 08:36:02.400000', '2021-08-26 08:41:02.400000'),
(DEFAULT, 17462, 'Employee 134 submit Report', 'Completed Task.', NULL, 'APPROVED', '2021-08-21 21:32:12.000000', '2021-08-21 21:32:12.000000', '2021-08-21 21:37:12.000000'),
(DEFAULT, 17463, 'Employee 136 submit Report', 'Completed Task.', NULL, 'APPROVED', '2021-08-20 11:07:14.400000', '2021-08-20 11:07:14.400000', '2021-08-20 11:12:14.400000'),
(DEFAULT, 17464, 'Employee 137 submit Report', 'Completed Task.', NULL, 'APPROVED', '2021-08-21 03:06:16.800000', '2021-08-21 03:06:16.800000', '2021-08-21 03:11:16.800000'),
(DEFAULT, 17465, 'Employee 138 submit Report', 'Completed Task.', NULL, 'APPROVED', '2021-08-19 16:32:40.800000', '2021-08-19 16:32:40.800000', '2021-08-19 16:37:40.800000'),
(DEFAULT, 17466, 'Employee 139 submit Report', 'Completed Task.', NULL, 'APPROVED', '2021-08-18 17:04:21.600000', '2021-08-18 17:04:21.600000', '2021-08-18 17:09:21.600000'),
(DEFAULT, 17467, 'Employee 140 submit Report', 'Completed Task.', NULL, 'APPROVED', '2021-08-18 14:11:33.600000', '2021-08-18 14:11:33.600000', '2021-08-18 14:16:33.600000');

-- 2021-08-23 00:25:00.000000
-- 2021-08-23
INSERT INTO task (id, collection_id, created_by_id, root_task_id, name, description, report_format, level, task_type, priority, is_locked, start_date, end_date, deadline, created_time, updated_time)
VALUES (716, 58, 151, NULL, 'Test Data Encryption Compliance', 'This is Test Data Encryption Compliance', NULL, 'NORMAL', 'TEST', 'HIGH', FALSE, '2021-08-23', '2021-09-08', '2021-08-28', '2021-08-23 00:25:00.000000', '2021-08-23 00:25:00.000000');

INSERT INTO task_for_users (id, task_id, assigned_to_id, user_task_status, updated_time, started_time)
VALUES
(17469, 716, 116, 'JOINED', '2021-08-23 00:25:00.000000', '2021-08-24 10:37:00.000000'),
(17470, 716, 122, 'JOINED', '2021-08-23 00:25:00.000000', '2021-08-25 05:05:48.000000'),
(17471, 716, 125, 'JOINED', '2021-08-23 00:25:00.000000', '2021-08-25 01:58:36.000000'),
(17472, 716, 127, 'JOINED', '2021-08-23 00:25:00.000000', '2021-08-23 00:32:12.000000'),
(17473, 716, 128, 'JOINED', '2021-08-23 00:25:00.000000', '2021-08-23 03:53:48.000000'),
(17474, 716, 129, 'JOINED', '2021-08-23 00:25:00.000000', '2021-08-25 13:01:00.000000'),
(17475, 716, 130, 'JOINED', '2021-08-23 00:25:00.000000', '2021-08-23 03:03:24.000000'),
(17476, 716, 132, 'JOINED', '2021-08-23 00:25:00.000000', '2021-08-25 14:49:00.000000'),
(17477, 716, 133, 'JOINED', '2021-08-23 00:25:00.000000', '2021-08-23 14:27:24.000000'),
(17478, 716, 136, 'JOINED', '2021-08-23 00:25:00.000000', '2021-08-23 08:05:48.000000'),
(17479, 716, 137, 'JOINED', '2021-08-23 00:25:00.000000', '2021-08-23 21:10:36.000000'),
(17480, 716, 138, 'JOINED', '2021-08-23 00:25:00.000000', '2021-08-27 12:25:00.000000'),
(17481, 716, 139, 'JOINED', '2021-08-23 00:25:00.000000', '2021-08-23 18:32:12.000000'),
(17482, 716, 140, 'JOINED', '2021-08-23 00:25:00.000000', '2021-08-26 06:32:12.000000');
INSERT INTO report (id, created_by_id, title, content, rejected_reason, report_status, created_time, updated_time, reviewed_time)
VALUES
(DEFAULT, 17469, 'Employee 116 submit Report', 'Completed Task.', NULL, 'APPROVED', '2021-08-25 14:49:00.000000', '2021-08-25 14:49:00.000000', '2021-08-25 14:54:00.000000'),
(DEFAULT, 17470, 'Employee 122 submit Report', 'Completed Task.', NULL, 'APPROVED', '2021-08-27 14:13:00.000000', '2021-08-27 14:13:00.000000', '2021-08-27 14:18:00.000000'),
(DEFAULT, 17471, 'Employee 125 submit Report', 'Completed Task.', NULL, 'APPROVED', '2021-08-26 22:29:48.000000', '2021-08-26 22:29:48.000000', '2021-08-26 22:34:48.000000'),
(DEFAULT, 17472, 'Employee 127 submit Report', 'Completed Task.', NULL, 'APPROVED', '2021-08-25 00:32:12.000000', '2021-08-25 00:32:12.000000', '2021-08-25 00:37:12.000000'),
(DEFAULT, 17473, 'Employee 128 submit Report', 'Completed Task.', NULL, 'APPROVED', '2021-08-24 20:13:00.000000', '2021-08-24 20:13:00.000000', '2021-08-24 20:18:00.000000'),
(DEFAULT, 17474, 'Employee 129 submit Report', 'Completed Task.', NULL, 'APPROVED', '2021-08-27 17:05:48.000000', '2021-08-27 17:05:48.000000', '2021-08-27 17:10:48.000000'),
(DEFAULT, 17475, 'Employee 130 submit Report', 'Completed Task.', NULL, 'APPROVED', '2021-08-24 03:39:24.000000', '2021-08-24 03:39:24.000000', '2021-08-24 03:44:24.000000'),
(DEFAULT, 17476, 'Employee 132 submit Report', 'Completed Task.', NULL, 'APPROVED', '2021-08-27 23:34:36.000000', '2021-08-27 23:34:36.000000', '2021-08-27 23:39:36.000000'),
(DEFAULT, 17477, 'Employee 133 submit Report', 'Completed Task.', NULL, 'APPROVED', '2021-08-25 19:08:12.000000', '2021-08-25 19:08:12.000000', '2021-08-25 19:13:12.000000'),
(DEFAULT, 17478, 'Employee 136 submit Report', 'Completed Task.', NULL, 'APPROVED', '2021-08-24 05:13:00.000000', '2021-08-24 05:13:00.000000', '2021-08-24 05:18:00.000000'),
(DEFAULT, 17479, 'Employee 137 submit Report', 'Completed Task.', NULL, 'APPROVED', '2021-08-26 09:32:12.000000', '2021-08-26 09:32:12.000000', '2021-08-26 09:37:12.000000'),
(DEFAULT, 17480, 'Employee 138 submit Report', 'Completed Task.', NULL, 'APPROVED', '2021-09-08 17:49:00.000000', '2021-09-08 17:49:00.000000', '2021-09-08 17:54:00.000000'),
(DEFAULT, 17481, 'Employee 139 submit Report', 'Completed Task.', NULL, 'APPROVED', '2021-08-27 14:34:36.000000', '2021-08-27 14:34:36.000000', '2021-08-27 14:39:36.000000'),
(DEFAULT, 17482, 'Employee 140 submit Report', 'Completed Task.', NULL, 'APPROVED', '2021-08-27 17:56:12.000000', '2021-08-27 17:56:12.000000', '2021-08-27 18:01:12.000000');

-- 2021-08-29 00:25:00.000000
-- 2021-08-29
INSERT INTO task (id, collection_id, created_by_id, root_task_id, name, description, report_format, level, task_type, priority, is_locked, start_date, end_date, deadline, created_time, updated_time)
VALUES (717, 58, 151, NULL, 'Test Sensitive Data Masking', 'This is Test Sensitive Data Masking', NULL, 'NORMAL', 'TEST', 'LOW', FALSE, '2021-08-29', '2021-09-03', '2021-09-01', '2021-08-29 00:25:00.000000', '2021-08-29 00:25:00.000000');

INSERT INTO task_for_users (id, task_id, assigned_to_id, user_task_status, updated_time, started_time)
VALUES
(17484, 717, 116, 'JOINED', '2021-08-29 00:25:00.000000', '2021-08-29 04:35:33.600000'),
(17485, 717, 122, 'JOINED', '2021-08-29 00:25:00.000000', '2021-08-29 15:14:55.200000'),
(17486, 717, 123, 'JOINED', '2021-08-29 00:25:00.000000', '2021-08-30 02:20:12.000000'),
(17487, 717, 127, 'JOINED', '2021-08-29 00:25:00.000000', '2021-08-29 09:46:36.000000'),
(17488, 717, 128, 'JOINED', '2021-08-29 00:25:00.000000', '2021-08-29 02:47:33.600000'),
(17489, 717, 129, 'JOINED', '2021-08-29 00:25:00.000000', '2021-08-31 03:23:33.600000'),
(17490, 717, 130, 'JOINED', '2021-08-29 00:25:00.000000', '2021-08-30 00:36:31.200000'),
(17491, 717, 131, 'JOINED', '2021-08-29 00:25:00.000000', '2021-08-29 06:14:55.200000'),
(17492, 717, 134, 'JOINED', '2021-08-29 00:25:00.000000', '2021-08-30 06:56:40.800000'),
(17493, 717, 136, 'JOINED', '2021-08-29 00:25:00.000000', '2021-08-29 10:38:26.400000'),
(17494, 717, 137, 'JOINED', '2021-08-29 00:25:00.000000', '2021-08-29 17:41:48.000000'),
(17495, 717, 138, 'JOINED', '2021-08-29 00:25:00.000000', '2021-08-29 10:42:45.600000'),
(17496, 717, 139, 'JOINED', '2021-08-29 00:25:00.000000', '2021-08-29 04:57:09.600000'),
(17497, 717, 140, 'JOINED', '2021-08-29 00:25:00.000000', '2021-08-31 01:35:33.600000');
INSERT INTO report (id, created_by_id, title, content, rejected_reason, report_status, created_time, updated_time, reviewed_time)
VALUES
(DEFAULT, 17484, 'Employee 116 submit Report', 'Completed Task.', NULL, 'APPROVED', '2021-08-29 22:22:36.000000', '2021-08-29 22:22:36.000000', '2021-08-29 22:27:36.000000'),
(DEFAULT, 17485, 'Employee 122 submit Report', 'Completed Task.', NULL, 'APPROVED', '2021-08-30 10:58:36.000000', '2021-08-30 10:58:36.000000', '2021-08-30 11:03:36.000000'),
(DEFAULT, 17486, 'Employee 123 submit Report', 'Completed Task.', NULL, 'APPROVED', '2021-08-31 01:48:31.200000', '2021-08-31 01:48:31.200000', '2021-08-31 01:53:31.200000'),
(DEFAULT, 17487, 'Employee 127 submit Report', 'Completed Task.', NULL, 'APPROVED', '2021-08-30 16:09:38.400000', '2021-08-30 16:09:38.400000', '2021-08-30 16:14:38.400000'),
(DEFAULT, 17488, 'Employee 128 submit Report', 'Completed Task.', NULL, 'APPROVED', '2021-08-30 14:17:19.200000', '2021-08-30 14:17:19.200000', '2021-08-30 14:22:19.200000'),
(DEFAULT, 17489, 'Employee 129 submit Report', 'Completed Task.', NULL, 'APPROVED', '2021-08-31 19:05:19.200000', '2021-08-31 19:05:19.200000', '2021-08-31 19:10:19.200000'),
(DEFAULT, 17490, 'Employee 130 submit Report', 'Completed Task.', NULL, 'APPROVED', '2021-08-30 12:12:02.400000', '2021-08-30 12:12:02.400000', '2021-08-30 12:17:02.400000'),
(DEFAULT, 17491, 'Employee 131 submit Report', 'Completed Task.', NULL, 'APPROVED', '2021-08-30 00:49:28.800000', '2021-08-30 00:49:28.800000', '2021-08-30 00:54:28.800000'),
(DEFAULT, 17492, 'Employee 134 submit Report', 'Completed Task.', NULL, 'APPROVED', '2021-08-31 09:30:45.600000', '2021-08-31 09:30:45.600000', '2021-08-31 09:35:45.600000'),
(DEFAULT, 17493, 'Employee 136 submit Report', 'Completed Task.', NULL, 'APPROVED', '2021-08-30 18:45:09.600000', '2021-08-30 18:45:09.600000', '2021-08-30 18:50:09.600000'),
(DEFAULT, 17494, 'Employee 137 submit Report', 'Completed Task.', NULL, 'APPROVED', '2021-08-30 09:27:52.800000', '2021-08-30 09:27:52.800000', '2021-08-30 09:32:52.800000'),
(DEFAULT, 17495, 'Employee 138 submit Report', 'Completed Task.', NULL, 'APPROVED', '2021-09-03 14:07:14.400000', '2021-09-03 14:07:14.400000', '2021-09-03 14:12:14.400000'),
(DEFAULT, 17496, 'Employee 139 submit Report', 'Completed Task.', NULL, 'APPROVED', '2021-08-30 05:30:16.800000', '2021-08-30 05:30:16.800000', '2021-08-30 05:35:16.800000'),
(DEFAULT, 17497, 'Employee 140 submit Report', 'Completed Task.', NULL, 'APPROVED', '2021-08-31 22:49:57.600000', '2021-08-31 22:49:57.600000', '2021-08-31 22:54:57.600000');

-- 2021-09-02 00:25:00.000000
-- 2021-09-02
INSERT INTO task (id, collection_id, created_by_id, root_task_id, name, description, report_format, level, task_type, priority, is_locked, start_date, end_date, deadline, created_time, updated_time)
VALUES (718, 58, 151, NULL, 'Test Logging Performance Impact', 'This is Test Logging Performance Impact', NULL, 'ADVANCED', 'TEST', 'URGENT', FALSE, '2021-09-02', '2021-09-26', '2021-09-09', '2021-09-02 00:25:00.000000', '2021-09-02 00:25:00.000000');

INSERT INTO task_for_users (id, task_id, assigned_to_id, user_task_status, updated_time, started_time)
VALUES
(17499, 718, 116, 'JOINED', '2021-09-02 00:25:00.000000', '2021-09-03 13:57:52.800000'),
(17500, 718, 117, 'JOINED', '2021-09-02 00:25:00.000000', '2021-09-02 01:05:19.200000'),
(17501, 718, 118, 'JOINED', '2021-09-02 00:25:00.000000', '2021-09-02 22:45:38.400000'),
(17502, 718, 120, 'JOINED', '2021-09-02 00:25:00.000000', '2021-09-02 08:49:00.000000'),
(17503, 718, 124, 'JOINED', '2021-09-02 00:25:00.000000', '2021-09-08 07:37:00.000000'),
(17504, 718, 125, 'JOINED', '2021-09-02 00:25:00.000000', '2021-09-02 00:35:04.800000'),
(17505, 718, 128, 'JOINED', '2021-09-02 00:25:00.000000', '2021-09-08 07:37:00.000000'),
(17506, 718, 133, 'JOINED', '2021-09-02 00:25:00.000000', '2021-09-05 06:12:02.400000'),
(17507, 718, 136, 'JOINED', '2021-09-02 00:25:00.000000', '2021-09-03 03:48:02.400000'),
(17508, 718, 137, 'JOINED', '2021-09-02 00:25:00.000000', '2021-09-04 21:37:57.600000'),
(17509, 718, 138, 'JOINED', '2021-09-02 00:25:00.000000', '2021-09-05 06:22:07.200000'),
(17510, 718, 139, 'JOINED', '2021-09-02 00:25:00.000000', '2021-09-04 02:49:00.000000'),
(17511, 718, 140, 'JOINED', '2021-09-02 00:25:00.000000', '2021-09-02 22:55:43.200000');
INSERT INTO report (id, created_by_id, title, content, rejected_reason, report_status, created_time, updated_time, reviewed_time)
VALUES
(DEFAULT, 17499, 'Employee 116 submit Report', 'Completed Task.', NULL, 'APPROVED', '2021-09-14 10:52:07.200000', '2021-09-14 10:52:07.200000', '2021-09-14 10:57:07.200000'),
(DEFAULT, 17500, 'Employee 117 submit Report', 'Completed Task.', NULL, 'APPROVED', '2021-09-06 22:11:04.800000', '2021-09-06 22:11:04.800000', '2021-09-06 22:16:04.800000'),
(DEFAULT, 17501, 'Employee 118 submit Report', 'Completed Task.', NULL, 'APPROVED', '2021-09-15 02:04:21.600000', '2021-09-15 02:04:21.600000', '2021-09-15 02:09:21.600000'),
(DEFAULT, 17502, 'Employee 120 submit Report', 'Completed Task.', NULL, 'APPROVED', '2021-09-06 06:53:48.000000', '2021-09-06 06:53:48.000000', '2021-09-06 06:58:48.000000'),
(DEFAULT, 17503, 'Employee 124 submit Report', 'Completed Task.', NULL, 'APPROVED', '2021-09-25 15:04:50.400000', '2021-09-25 15:04:50.400000', '2021-09-25 15:09:50.400000'),
(DEFAULT, 17504, 'Employee 125 submit Report', 'Completed Task.', NULL, 'APPROVED', '2021-09-05 12:35:04.800000', '2021-09-05 12:35:04.800000', '2021-09-05 12:40:04.800000'),
(DEFAULT, 17505, 'Employee 128 submit Report', 'Completed Task.', NULL, 'APPROVED', '2021-09-26 00:29:19.200000', '2021-09-26 00:29:19.200000', '2021-09-26 00:34:19.200000'),
(DEFAULT, 17506, 'Employee 133 submit Report', 'Completed Task.', NULL, 'APPROVED', '2021-09-08 22:13:57.600000', '2021-09-08 22:13:57.600000', '2021-09-08 22:18:57.600000'),
(DEFAULT, 17507, 'Employee 136 submit Report', 'Completed Task.', NULL, 'APPROVED', '2021-09-05 00:39:24.000000', '2021-09-05 00:39:24.000000', '2021-09-05 00:44:24.000000'),
(DEFAULT, 17508, 'Employee 137 submit Report', 'Completed Task.', NULL, 'APPROVED', '2021-09-13 03:12:02.400000', '2021-09-13 03:12:02.400000', '2021-09-13 03:17:02.400000'),
(DEFAULT, 17509, 'Employee 138 submit Report', 'Completed Task.', NULL, 'APPROVED', '2021-09-06 20:20:12.000000', '2021-09-06 20:20:12.000000', '2021-09-06 20:25:12.000000'),
(DEFAULT, 17510, 'Employee 139 submit Report', 'Completed Task.', NULL, 'APPROVED', '2021-09-06 09:04:50.400000', '2021-09-06 09:04:50.400000', '2021-09-06 09:09:50.400000'),
(DEFAULT, 17511, 'Employee 140 submit Report', 'Completed Task.', NULL, 'APPROVED', '2021-09-06 20:40:21.600000', '2021-09-06 20:40:21.600000', '2021-09-06 20:45:21.600000');

-- 2021-09-10 00:25:00.000000
-- 2021-09-10
INSERT INTO task (id, collection_id, created_by_id, root_task_id, name, description, report_format, level, task_type, priority, is_locked, start_date, end_date, deadline, created_time, updated_time)
VALUES (719, 58, 151, NULL, 'Test Monitoring Alert Accuracy', 'This is Test Monitoring Alert Accuracy', NULL, 'ADVANCED', 'TEST', 'HIGH', FALSE, '2021-09-10', '2021-09-28', '2021-09-16', '2021-09-10 00:25:00.000000', '2021-09-10 00:25:00.000000');

INSERT INTO task_for_users (id, task_id, assigned_to_id, user_task_status, updated_time, started_time)
VALUES
(17513, 719, 117, 'JOINED', '2021-09-10 00:25:00.000000', '2021-09-11 09:58:07.200000'),
(17514, 719, 121, 'JOINED', '2021-09-10 00:25:00.000000', '2021-09-11 12:59:33.600000'),
(17515, 719, 123, 'JOINED', '2021-09-10 00:25:00.000000', '2021-09-11 06:13:28.800000'),
(17516, 719, 125, 'JOINED', '2021-09-10 00:25:00.000000', '2021-09-11 09:49:28.800000'),
(17517, 719, 130, 'JOINED', '2021-09-10 00:25:00.000000', '2021-09-10 18:33:38.400000'),
(17518, 719, 132, 'JOINED', '2021-09-10 00:25:00.000000', '2021-09-13 07:28:21.600000'),
(17519, 719, 133, 'JOINED', '2021-09-10 00:25:00.000000', '2021-09-10 08:37:28.800000'),
(17520, 719, 134, 'JOINED', '2021-09-10 00:25:00.000000', '2021-09-15 10:01:00.000000'),
(17521, 719, 136, 'JOINED', '2021-09-10 00:25:00.000000', '2021-09-15 10:01:00.000000'),
(17522, 719, 137, 'JOINED', '2021-09-10 00:25:00.000000', '2021-09-10 17:59:04.800000'),
(17523, 719, 138, 'JOINED', '2021-09-10 00:25:00.000000', '2021-09-10 10:25:28.800000'),
(17524, 719, 139, 'JOINED', '2021-09-10 00:25:00.000000', '2021-09-15 10:01:00.000000'),
(17525, 719, 140, 'JOINED', '2021-09-10 00:25:00.000000', '2021-09-12 19:48:31.200000');
INSERT INTO report (id, created_by_id, title, content, rejected_reason, report_status, created_time, updated_time, reviewed_time)
VALUES
(DEFAULT, 17513, 'Employee 117 submit Report', 'Completed Task.', NULL, 'APPROVED', '2021-09-14 18:19:14.400000', '2021-09-14 18:19:14.400000', '2021-09-14 18:24:14.400000'),
(DEFAULT, 17514, 'Employee 121 submit Report', 'Completed Task.', NULL, 'APPROVED', '2021-09-15 19:39:52.800000', '2021-09-15 19:39:52.800000', '2021-09-15 19:44:52.800000'),
(DEFAULT, 17515, 'Employee 123 submit Report', 'Completed Task.', NULL, 'APPROVED', '2021-09-13 05:01:28.800000', '2021-09-13 05:01:28.800000', '2021-09-13 05:06:28.800000'),
(DEFAULT, 17516, 'Employee 125 submit Report', 'Completed Task.', NULL, 'APPROVED', '2021-09-13 18:07:43.200000', '2021-09-13 18:07:43.200000', '2021-09-13 18:12:43.200000'),
(DEFAULT, 17517, 'Employee 130 submit Report', 'Completed Task.', NULL, 'APPROVED', '2021-09-15 12:27:52.800000', '2021-09-15 12:27:52.800000', '2021-09-15 12:32:52.800000'),
(DEFAULT, 17518, 'Employee 132 submit Report', 'Completed Task.', NULL, 'APPROVED', '2021-09-15 06:59:33.600000', '2021-09-15 06:59:33.600000', '2021-09-15 07:04:33.600000'),
(DEFAULT, 17519, 'Employee 133 submit Report', 'Completed Task.', NULL, 'APPROVED', '2021-09-21 16:12:31.200000', '2021-09-21 16:12:31.200000', '2021-09-21 16:17:31.200000'),
(DEFAULT, 17520, 'Employee 134 submit Report', 'Completed Task.', NULL, 'APPROVED', '2021-09-28 22:09:38.400000', '2021-09-28 22:09:38.400000', '2021-09-28 22:14:38.400000'),
(DEFAULT, 17521, 'Employee 136 submit Report', 'Completed Task.', NULL, 'APPROVED', '2021-09-27 21:32:12.000000', '2021-09-27 21:32:12.000000', '2021-09-27 21:37:12.000000'),
(DEFAULT, 17522, 'Employee 137 submit Report', 'Completed Task.', NULL, 'APPROVED', '2021-09-13 21:35:04.800000', '2021-09-13 21:35:04.800000', '2021-09-13 21:40:04.800000'),
(DEFAULT, 17523, 'Employee 138 submit Report', 'Completed Task.', NULL, 'APPROVED', '2021-09-21 14:24:31.200000', '2021-09-21 14:24:31.200000', '2021-09-21 14:29:31.200000'),
(DEFAULT, 17524, 'Employee 139 submit Report', 'Completed Task.', NULL, 'APPROVED', '2021-09-27 20:23:04.800000', '2021-09-27 20:23:04.800000', '2021-09-27 20:28:04.800000'),
(DEFAULT, 17525, 'Employee 140 submit Report', 'Completed Task.', NULL, 'APPROVED', '2021-09-14 13:34:07.200000', '2021-09-14 13:34:07.200000', '2021-09-14 13:39:07.200000');

-- 2021-09-17 00:25:00.000000
-- 2021-09-17
INSERT INTO task (id, collection_id, created_by_id, root_task_id, name, description, report_format, level, task_type, priority, is_locked, start_date, end_date, deadline, created_time, updated_time)
VALUES (720, 58, 151, NULL, 'Test System Recovery Scenarios', 'This is Test System Recovery Scenarios', NULL, 'ADVANCED', 'TEST', 'LOW', FALSE, '2021-09-17', '2021-09-30', '2021-09-21', '2021-09-17 00:25:00.000000', '2021-09-17 00:25:00.000000');

INSERT INTO task_for_users (id, task_id, assigned_to_id, user_task_status, updated_time, started_time)
VALUES
(17527, 720, 117, 'JOINED', '2021-09-17 00:25:00.000000', '2021-09-18 22:52:50.400000'),
(17528, 720, 120, 'JOINED', '2021-09-17 00:25:00.000000', '2021-09-17 18:56:40.800000'),
(17529, 720, 123, 'JOINED', '2021-09-17 00:25:00.000000', '2021-09-17 09:55:14.400000'),
(17530, 720, 125, 'JOINED', '2021-09-17 00:25:00.000000', '2021-09-18 23:27:24.000000'),
(17531, 720, 126, 'JOINED', '2021-09-17 00:25:00.000000', '2021-09-17 08:17:19.200000'),
(17532, 720, 127, 'JOINED', '2021-09-17 00:25:00.000000', '2021-09-19 03:06:16.800000'),
(17533, 720, 129, 'JOINED', '2021-09-17 00:25:00.000000', '2021-09-20 14:49:00.000000'),
(17534, 720, 132, 'JOINED', '2021-09-17 00:25:00.000000', '2021-09-18 21:43:43.200000'),
(17535, 720, 136, 'JOINED', '2021-09-17 00:25:00.000000', '2021-09-20 14:49:00.000000'),
(17536, 720, 137, 'JOINED', '2021-09-17 00:25:00.000000', '2021-09-17 21:00:31.200000'),
(17537, 720, 138, 'JOINED', '2021-09-17 00:25:00.000000', '2021-09-17 12:30:45.600000'),
(17538, 720, 139, 'JOINED', '2021-09-17 00:25:00.000000', '2021-09-18 07:25:28.800000'),
(17539, 720, 140, 'JOINED', '2021-09-17 00:25:00.000000', '2021-09-17 17:53:19.200000');
INSERT INTO report (id, created_by_id, title, content, rejected_reason, report_status, created_time, updated_time, reviewed_time)
VALUES
(DEFAULT, 17527, 'Employee 117 submit Report', 'Completed Task.', NULL, 'APPROVED', '2021-09-19 19:02:26.400000', '2021-09-19 19:02:26.400000', '2021-09-19 19:07:26.400000'),
(DEFAULT, 17528, 'Employee 120 submit Report', 'Completed Task.', NULL, 'APPROVED', '2021-09-24 05:53:19.200000', '2021-09-24 05:53:19.200000', '2021-09-24 05:58:19.200000'),
(DEFAULT, 17529, 'Employee 123 submit Report', 'Completed Task.', NULL, 'APPROVED', '2021-09-19 20:23:04.800000', '2021-09-19 20:23:04.800000', '2021-09-19 20:28:04.800000'),
(DEFAULT, 17530, 'Employee 125 submit Report', 'Completed Task.', NULL, 'APPROVED', '2021-09-20 17:24:31.200000', '2021-09-20 17:24:31.200000', '2021-09-20 17:29:31.200000'),
(DEFAULT, 17531, 'Employee 126 submit Report', 'Completed Task.', NULL, 'APPROVED', '2021-09-18 23:27:24.000000', '2021-09-18 23:27:24.000000', '2021-09-18 23:32:24.000000'),
(DEFAULT, 17532, 'Employee 127 submit Report', 'Completed Task.', NULL, 'APPROVED', '2021-09-22 21:43:43.200000', '2021-09-22 21:43:43.200000', '2021-09-22 21:48:43.200000'),
(DEFAULT, 17533, 'Employee 129 submit Report', 'Completed Task.', NULL, 'APPROVED', '2021-09-30 15:23:33.600000', '2021-09-30 15:23:33.600000', '2021-09-30 15:28:33.600000'),
(DEFAULT, 17534, 'Employee 132 submit Report', 'Completed Task.', NULL, 'APPROVED', '2021-09-19 21:55:14.400000', '2021-09-19 21:55:14.400000', '2021-09-19 22:00:14.400000'),
(DEFAULT, 17535, 'Employee 136 submit Report', 'Completed Task.', NULL, 'APPROVED', '2021-09-30 15:06:16.800000', '2021-09-30 15:06:16.800000', '2021-09-30 15:11:16.800000'),
(DEFAULT, 17536, 'Employee 137 submit Report', 'Completed Task.', NULL, 'APPROVED', '2021-09-24 03:49:28.800000', '2021-09-24 03:49:28.800000', '2021-09-24 03:54:28.800000'),
(DEFAULT, 17537, 'Employee 138 submit Report', 'Completed Task.', NULL, 'APPROVED', '2021-09-19 07:25:28.800000', '2021-09-19 07:25:28.800000', '2021-09-19 07:30:28.800000'),
(DEFAULT, 17538, 'Employee 139 submit Report', 'Completed Task.', NULL, 'APPROVED', '2021-09-23 17:24:31.200000', '2021-09-23 17:24:31.200000', '2021-09-23 17:29:31.200000'),
(DEFAULT, 17539, 'Employee 140 submit Report', 'Completed Task.', NULL, 'APPROVED', '2021-09-18 22:41:19.200000', '2021-09-18 22:41:19.200000', '2021-09-18 22:46:19.200000');

-- 2021-09-22 00:25:00.000000
-- 2021-09-22
INSERT INTO task (id, collection_id, created_by_id, root_task_id, name, description, report_format, level, task_type, priority, is_locked, start_date, end_date, deadline, created_time, updated_time)
VALUES (721, 58, 151, NULL, 'Test Failover Behavior', 'This is Test Failover Behavior', NULL, 'ADVANCED', 'TEST', 'LOW', FALSE, '2021-09-22', '2021-10-06', '2021-09-26', '2021-09-22 00:25:00.000000', '2021-09-22 00:25:00.000000');

INSERT INTO task_for_users (id, task_id, assigned_to_id, user_task_status, updated_time, started_time)
VALUES
(17541, 721, 117, 'JOINED', '2021-09-22 00:25:00.000000', '2021-09-25 14:49:00.000000'),
(17542, 721, 120, 'JOINED', '2021-09-22 00:25:00.000000', '2021-09-24 09:20:40.800000'),
(17543, 721, 123, 'JOINED', '2021-09-22 00:25:00.000000', '2021-09-25 14:49:00.000000'),
(17544, 721, 125, 'JOINED', '2021-09-22 00:25:00.000000', '2021-09-22 11:33:09.600000'),
(17545, 721, 126, 'JOINED', '2021-09-22 00:25:00.000000', '2021-09-22 10:24:02.400000'),
(17546, 721, 127, 'JOINED', '2021-09-22 00:25:00.000000', '2021-09-22 09:37:57.600000'),
(17547, 721, 129, 'JOINED', '2021-09-22 00:25:00.000000', '2021-09-22 01:39:52.800000'),
(17548, 721, 132, 'JOINED', '2021-09-22 00:25:00.000000', '2021-09-25 14:49:00.000000'),
(17549, 721, 136, 'JOINED', '2021-09-22 00:25:00.000000', '2021-09-22 06:56:40.800000'),
(17550, 721, 137, 'JOINED', '2021-09-22 00:25:00.000000', '2021-09-22 10:12:31.200000'),
(17551, 721, 138, 'JOINED', '2021-09-22 00:25:00.000000', '2021-09-22 22:29:48.000000'),
(17552, 721, 139, 'JOINED', '2021-09-22 00:25:00.000000', '2021-09-25 05:13:00.000000'),
(17553, 721, 140, 'JOINED', '2021-09-22 00:25:00.000000', '2021-09-22 01:28:21.600000');
INSERT INTO report (id, created_by_id, title, content, rejected_reason, report_status, created_time, updated_time, reviewed_time)
VALUES
(DEFAULT, 17541, 'Employee 117 submit Report', 'Completed Task.', NULL, 'APPROVED', '2021-10-05 07:48:31.200000', '2021-10-05 07:48:31.200000', '2021-10-05 07:53:31.200000'),
(DEFAULT, 17542, 'Employee 120 submit Report', 'Completed Task.', NULL, 'APPROVED', '2021-09-27 15:29:19.200000', '2021-09-27 15:29:19.200000', '2021-09-27 15:34:19.200000'),
(DEFAULT, 17543, 'Employee 123 submit Report', 'Completed Task.', NULL, 'APPROVED', '2021-10-05 00:13:28.800000', '2021-10-05 00:13:28.800000', '2021-10-05 00:18:28.800000'),
(DEFAULT, 17544, 'Employee 125 submit Report', 'Completed Task.', NULL, 'APPROVED', '2021-09-24 07:08:12.000000', '2021-09-24 07:08:12.000000', '2021-09-24 07:13:12.000000'),
(DEFAULT, 17545, 'Employee 126 submit Report', 'Completed Task.', NULL, 'APPROVED', '2021-09-24 12:01:57.600000', '2021-09-24 12:01:57.600000', '2021-09-24 12:06:57.600000'),
(DEFAULT, 17546, 'Employee 127 submit Report', 'Completed Task.', NULL, 'APPROVED', '2021-09-23 09:43:43.200000', '2021-09-23 09:43:43.200000', '2021-09-23 09:48:43.200000'),
(DEFAULT, 17547, 'Employee 129 submit Report', 'Completed Task.', NULL, 'APPROVED', '2021-09-23 20:23:04.800000', '2021-09-23 20:23:04.800000', '2021-09-23 20:28:04.800000'),
(DEFAULT, 17548, 'Employee 132 submit Report', 'Completed Task.', NULL, 'APPROVED', '2021-10-06 06:16:21.600000', '2021-10-06 06:16:21.600000', '2021-10-06 06:21:21.600000'),
(DEFAULT, 17549, 'Employee 136 submit Report', 'Completed Task.', NULL, 'APPROVED', '2021-09-23 17:59:04.800000', '2021-09-23 17:59:04.800000', '2021-09-23 18:04:04.800000'),
(DEFAULT, 17550, 'Employee 137 submit Report', 'Completed Task.', NULL, 'APPROVED', '2021-09-24 20:28:50.400000', '2021-09-24 20:28:50.400000', '2021-09-24 20:33:50.400000'),
(DEFAULT, 17551, 'Employee 138 submit Report', 'Completed Task.', NULL, 'APPROVED', '2021-09-24 05:47:33.600000', '2021-09-24 05:47:33.600000', '2021-09-24 05:52:33.600000'),
(DEFAULT, 17552, 'Employee 139 submit Report', 'Completed Task.', NULL, 'APPROVED', '2021-09-25 22:52:50.400000', '2021-09-25 22:52:50.400000', '2021-09-25 22:57:50.400000'),
(DEFAULT, 17553, 'Employee 140 submit Report', 'Completed Task.', NULL, 'APPROVED', '2021-09-22 19:48:31.200000', '2021-09-22 19:48:31.200000', '2021-09-22 19:53:31.200000');

-- 2021-09-27 00:25:00.000000
-- 2021-09-27
INSERT INTO task (id, collection_id, created_by_id, root_task_id, name, description, report_format, level, task_type, priority, is_locked, start_date, end_date, deadline, created_time, updated_time)
VALUES (722, 58, 151, NULL, 'Test Backup & Restore Process', 'This is Test Backup & Restore Process', NULL, 'NORMAL', 'TEST', 'URGENT', FALSE, '2021-09-27', '2021-10-14', '2021-10-03', '2021-09-27 00:25:00.000000', '2021-09-27 00:25:00.000000');

INSERT INTO task_for_users (id, task_id, assigned_to_id, user_task_status, updated_time, started_time)
VALUES
(17555, 722, 117, 'JOINED', '2021-09-27 00:25:00.000000', '2021-09-28 12:42:16.800000'),
(17556, 722, 118, 'JOINED', '2021-09-27 00:25:00.000000', '2021-09-29 02:23:04.800000'),
(17557, 722, 119, 'JOINED', '2021-09-27 00:25:00.000000', '2021-10-02 10:01:00.000000'),
(17558, 722, 126, 'JOINED', '2021-09-27 00:25:00.000000', '2021-09-27 04:22:36.000000'),
(17559, 722, 128, 'JOINED', '2021-09-27 00:25:00.000000', '2021-09-29 08:17:19.200000'),
(17560, 722, 129, 'JOINED', '2021-09-27 00:25:00.000000', '2021-09-29 05:15:52.800000'),
(17561, 722, 132, 'JOINED', '2021-09-27 00:25:00.000000', '2021-09-28 11:54:45.600000'),
(17562, 722, 134, 'JOINED', '2021-09-27 00:25:00.000000', '2021-09-27 00:33:38.400000'),
(17563, 722, 136, 'JOINED', '2021-09-27 00:25:00.000000', '2021-09-28 10:49:57.600000'),
(17564, 722, 137, 'JOINED', '2021-09-27 00:25:00.000000', '2021-09-27 18:33:38.400000'),
(17565, 722, 138, 'JOINED', '2021-09-27 00:25:00.000000', '2021-09-30 03:30:45.600000'),
(17566, 722, 139, 'JOINED', '2021-09-27 00:25:00.000000', '2021-09-30 04:01:00.000000'),
(17567, 722, 140, 'JOINED', '2021-09-27 00:25:00.000000', '2021-09-27 07:19:43.200000');
INSERT INTO report (id, created_by_id, title, content, rejected_reason, report_status, created_time, updated_time, reviewed_time)
VALUES
(DEFAULT, 17555, 'Employee 117 submit Report', 'Completed Task.', NULL, 'APPROVED', '2021-09-30 10:12:31.200000', '2021-09-30 10:12:31.200000', '2021-09-30 10:17:31.200000'),
(DEFAULT, 17556, 'Employee 118 submit Report', 'Completed Task.', NULL, 'APPROVED', '2021-10-01 20:28:50.400000', '2021-10-01 20:28:50.400000', '2021-10-01 20:33:50.400000'),
(DEFAULT, 17557, 'Employee 119 submit Report', 'Completed Task.', NULL, 'APPROVED', '2021-10-14 17:13:00.000000', '2021-10-14 17:13:00.000000', '2021-10-14 17:18:00.000000'),
(DEFAULT, 17558, 'Employee 126 submit Report', 'Completed Task.', NULL, 'APPROVED', '2021-10-08 20:27:24.000000', '2021-10-08 20:27:24.000000', '2021-10-08 20:32:24.000000'),
(DEFAULT, 17559, 'Employee 128 submit Report', 'Completed Task.', NULL, 'APPROVED', '2021-10-01 15:52:21.600000', '2021-10-01 15:52:21.600000', '2021-10-01 15:57:21.600000'),
(DEFAULT, 17560, 'Employee 129 submit Report', 'Completed Task.', NULL, 'APPROVED', '2021-10-01 20:20:12.000000', '2021-10-01 20:20:12.000000', '2021-10-01 20:25:12.000000'),
(DEFAULT, 17561, 'Employee 132 submit Report', 'Completed Task.', NULL, 'APPROVED', '2021-10-07 12:55:14.400000', '2021-10-07 12:55:14.400000', '2021-10-07 13:00:14.400000'),
(DEFAULT, 17562, 'Employee 134 submit Report', 'Completed Task.', NULL, 'APPROVED', '2021-09-29 13:28:21.600000', '2021-09-29 13:28:21.600000', '2021-09-29 13:33:21.600000'),
(DEFAULT, 17563, 'Employee 136 submit Report', 'Completed Task.', NULL, 'APPROVED', '2021-10-01 14:51:52.800000', '2021-10-01 14:51:52.800000', '2021-10-01 14:56:52.800000'),
(DEFAULT, 17564, 'Employee 137 submit Report', 'Completed Task.', NULL, 'APPROVED', '2021-09-29 17:30:16.800000', '2021-09-29 17:30:16.800000', '2021-09-29 17:35:16.800000'),
(DEFAULT, 17565, 'Employee 138 submit Report', 'Completed Task.', NULL, 'APPROVED', '2021-10-05 21:19:14.400000', '2021-10-05 21:19:14.400000', '2021-10-05 21:24:14.400000'),
(DEFAULT, 17566, 'Employee 139 submit Report', 'Completed Task.', NULL, 'APPROVED', '2021-10-01 10:32:40.800000', '2021-10-01 10:32:40.800000', '2021-10-01 10:37:40.800000'),
(DEFAULT, 17567, 'Employee 140 submit Report', 'Completed Task.', NULL, 'APPROVED', '2021-09-28 05:21:38.400000', '2021-09-28 05:21:38.400000', '2021-09-28 05:26:38.400000');

-- 2021-10-04 00:25:00.000000
-- 2021-10-04
INSERT INTO task (id, collection_id, created_by_id, root_task_id, name, description, report_format, level, task_type, priority, is_locked, start_date, end_date, deadline, created_time, updated_time)
VALUES (723, 58, 151, NULL, 'Test Browser Compatibility', 'This is Test Browser Compatibility', NULL, 'NORMAL', 'TEST', 'HIGH', FALSE, '2021-10-04', '2021-10-23', '2021-10-09', '2021-10-04 00:25:00.000000', '2021-10-04 00:25:00.000000');

INSERT INTO task_for_users (id, task_id, assigned_to_id, user_task_status, updated_time, started_time)
VALUES
(17569, 723, 116, 'JOINED', '2021-10-04 00:25:00.000000', '2021-10-06 05:20:12.000000'),
(17570, 723, 122, 'JOINED', '2021-10-04 00:25:00.000000', '2021-10-05 11:41:48.000000'),
(17571, 723, 125, 'JOINED', '2021-10-04 00:25:00.000000', '2021-10-06 00:10:36.000000'),
(17572, 723, 128, 'JOINED', '2021-10-04 00:25:00.000000', '2021-10-04 18:10:36.000000'),
(17573, 723, 129, 'JOINED', '2021-10-04 00:25:00.000000', '2021-10-05 16:51:24.000000'),
(17574, 723, 130, 'JOINED', '2021-10-04 00:25:00.000000', '2021-10-06 13:58:36.000000'),
(17575, 723, 132, 'JOINED', '2021-10-04 00:25:00.000000', '2021-10-04 14:27:24.000000'),
(17576, 723, 133, 'JOINED', '2021-10-04 00:25:00.000000', '2021-10-04 17:34:36.000000'),
(17577, 723, 136, 'JOINED', '2021-10-04 00:25:00.000000', '2021-10-04 05:34:36.000000'),
(17578, 723, 137, 'JOINED', '2021-10-04 00:25:00.000000', '2021-10-08 12:25:00.000000'),
(17579, 723, 138, 'JOINED', '2021-10-04 00:25:00.000000', '2021-10-05 16:58:36.000000'),
(17580, 723, 139, 'JOINED', '2021-10-04 00:25:00.000000', '2021-10-08 12:25:00.000000'),
(17581, 723, 140, 'JOINED', '2021-10-04 00:25:00.000000', '2021-10-05 04:08:12.000000');
INSERT INTO report (id, created_by_id, title, content, rejected_reason, report_status, created_time, updated_time, reviewed_time)
VALUES
(DEFAULT, 17569, 'Employee 116 submit Report', 'Completed Task.', NULL, 'APPROVED', '2021-10-08 15:53:48.000000', '2021-10-08 15:53:48.000000', '2021-10-08 15:58:48.000000'),
(DEFAULT, 17570, 'Employee 122 submit Report', 'Completed Task.', NULL, 'APPROVED', '2021-10-07 15:17:48.000000', '2021-10-07 15:17:48.000000', '2021-10-07 15:22:48.000000'),
(DEFAULT, 17571, 'Employee 125 submit Report', 'Completed Task.', NULL, 'APPROVED', '2021-10-07 03:46:36.000000', '2021-10-07 03:46:36.000000', '2021-10-07 03:51:36.000000'),
(DEFAULT, 17572, 'Employee 128 submit Report', 'Completed Task.', NULL, 'APPROVED', '2021-10-05 22:15:24.000000', '2021-10-05 22:15:24.000000', '2021-10-05 22:20:24.000000'),
(DEFAULT, 17573, 'Employee 129 submit Report', 'Completed Task.', NULL, 'APPROVED', '2021-10-07 00:17:48.000000', '2021-10-07 00:17:48.000000', '2021-10-07 00:22:48.000000'),
(DEFAULT, 17574, 'Employee 130 submit Report', 'Completed Task.', NULL, 'APPROVED', '2021-10-07 22:58:36.000000', '2021-10-07 22:58:36.000000', '2021-10-07 23:03:36.000000'),
(DEFAULT, 17575, 'Employee 132 submit Report', 'Completed Task.', NULL, 'APPROVED', '2021-10-06 06:46:36.000000', '2021-10-06 06:46:36.000000', '2021-10-06 06:51:36.000000'),
(DEFAULT, 17576, 'Employee 133 submit Report', 'Completed Task.', NULL, 'APPROVED', '2021-10-06 14:34:36.000000', '2021-10-06 14:34:36.000000', '2021-10-06 14:39:36.000000'),
(DEFAULT, 17577, 'Employee 136 submit Report', 'Completed Task.', NULL, 'APPROVED', '2021-10-05 07:29:48.000000', '2021-10-05 07:29:48.000000', '2021-10-05 07:34:48.000000'),
(DEFAULT, 17578, 'Employee 137 submit Report', 'Completed Task.', NULL, 'APPROVED', '2021-10-23 02:13:00.000000', '2021-10-23 02:13:00.000000', '2021-10-23 02:18:00.000000'),
(DEFAULT, 17579, 'Employee 138 submit Report', 'Completed Task.', NULL, 'APPROVED', '2021-10-06 14:56:12.000000', '2021-10-06 14:56:12.000000', '2021-10-06 15:01:12.000000'),
(DEFAULT, 17580, 'Employee 139 submit Report', 'Completed Task.', NULL, 'APPROVED', '2021-10-22 19:08:12.000000', '2021-10-22 19:08:12.000000', '2021-10-22 19:13:12.000000'),
(DEFAULT, 17581, 'Employee 140 submit Report', 'Completed Task.', NULL, 'APPROVED', '2021-10-08 23:34:36.000000', '2021-10-08 23:34:36.000000', '2021-10-08 23:39:36.000000');

-- 2021-10-10 00:25:00.000000
-- 2021-10-10
INSERT INTO task (id, collection_id, created_by_id, root_task_id, name, description, report_format, level, task_type, priority, is_locked, start_date, end_date, deadline, created_time, updated_time)
VALUES (724, 58, 151, NULL, 'Test Mobile Responsiveness', 'This is Test Mobile Responsiveness', NULL, 'NORMAL', 'TEST', 'NORMAL', FALSE, '2021-10-10', '2021-10-25', '2021-10-14', '2021-10-10 00:25:00.000000', '2021-10-10 00:25:00.000000');

INSERT INTO task_for_users (id, task_id, assigned_to_id, user_task_status, updated_time, started_time)
VALUES
(17583, 724, 117, 'JOINED', '2021-10-10 00:25:00.000000', '2021-10-12 22:41:19.200000'),
(17584, 724, 118, 'JOINED', '2021-10-10 00:25:00.000000', '2021-10-11 20:46:07.200000'),
(17585, 724, 121, 'JOINED', '2021-10-10 00:25:00.000000', '2021-10-10 15:17:48.000000'),
(17586, 724, 124, 'JOINED', '2021-10-10 00:25:00.000000', '2021-10-11 02:14:26.400000'),
(17587, 724, 128, 'JOINED', '2021-10-10 00:25:00.000000', '2021-10-11 04:32:40.800000'),
(17588, 724, 129, 'JOINED', '2021-10-10 00:25:00.000000', '2021-10-11 08:17:19.200000'),
(17589, 724, 134, 'JOINED', '2021-10-10 00:25:00.000000', '2021-10-10 13:45:38.400000'),
(17590, 724, 135, 'JOINED', '2021-10-10 00:25:00.000000', '2021-10-11 19:13:57.600000'),
(17591, 724, 136, 'JOINED', '2021-10-10 00:25:00.000000', '2021-10-11 23:38:55.200000'),
(17592, 724, 137, 'JOINED', '2021-10-10 00:25:00.000000', '2021-10-13 14:49:00.000000'),
(17593, 724, 138, 'JOINED', '2021-10-10 00:25:00.000000', '2021-10-13 14:49:00.000000'),
(17594, 724, 139, 'JOINED', '2021-10-10 00:25:00.000000', '2021-10-13 14:49:00.000000'),
(17595, 724, 140, 'JOINED', '2021-10-10 00:25:00.000000', '2021-10-11 00:07:43.200000');
INSERT INTO report (id, created_by_id, title, content, rejected_reason, report_status, created_time, updated_time, reviewed_time)
VALUES
(DEFAULT, 17583, 'Employee 117 submit Report', 'Completed Task.', NULL, 'APPROVED', '2021-10-13 18:50:55.200000', '2021-10-13 18:50:55.200000', '2021-10-13 18:55:55.200000'),
(DEFAULT, 17584, 'Employee 118 submit Report', 'Completed Task.', NULL, 'APPROVED', '2021-10-13 12:01:57.600000', '2021-10-13 12:01:57.600000', '2021-10-13 12:06:57.600000'),
(DEFAULT, 17585, 'Employee 121 submit Report', 'Completed Task.', NULL, 'APPROVED', '2021-10-11 06:56:40.800000', '2021-10-11 06:56:40.800000', '2021-10-11 07:01:40.800000'),
(DEFAULT, 17586, 'Employee 124 submit Report', 'Completed Task.', NULL, 'APPROVED', '2021-10-12 08:51:52.800000', '2021-10-12 08:51:52.800000', '2021-10-12 08:56:52.800000'),
(DEFAULT, 17587, 'Employee 128 submit Report', 'Completed Task.', NULL, 'APPROVED', '2021-10-12 08:40:21.600000', '2021-10-12 08:40:21.600000', '2021-10-12 08:45:21.600000'),
(DEFAULT, 17588, 'Employee 129 submit Report', 'Completed Task.', NULL, 'APPROVED', '2021-10-11 23:56:12.000000', '2021-10-11 23:56:12.000000', '2021-10-12 00:01:12.000000'),
(DEFAULT, 17589, 'Employee 134 submit Report', 'Completed Task.', NULL, 'APPROVED', '2021-10-11 08:28:50.400000', '2021-10-11 08:28:50.400000', '2021-10-11 08:33:50.400000'),
(DEFAULT, 17590, 'Employee 135 submit Report', 'Completed Task.', NULL, 'APPROVED', '2021-10-12 12:59:33.600000', '2021-10-12 12:59:33.600000', '2021-10-12 13:04:33.600000'),
(DEFAULT, 17591, 'Employee 136 submit Report', 'Completed Task.', NULL, 'APPROVED', '2021-10-12 18:10:36.000000', '2021-10-12 18:10:36.000000', '2021-10-12 18:15:36.000000'),
(DEFAULT, 17592, 'Employee 137 submit Report', 'Completed Task.', NULL, 'APPROVED', '2021-10-23 16:44:12.000000', '2021-10-23 16:44:12.000000', '2021-10-23 16:49:12.000000'),
(DEFAULT, 17593, 'Employee 138 submit Report', 'Completed Task.', NULL, 'APPROVED', '2021-10-22 16:21:09.600000', '2021-10-22 16:21:09.600000', '2021-10-22 16:26:09.600000'),
(DEFAULT, 17594, 'Employee 139 submit Report', 'Completed Task.', NULL, 'APPROVED', '2021-10-25 07:48:31.200000', '2021-10-25 07:48:31.200000', '2021-10-25 07:53:31.200000'),
(DEFAULT, 17595, 'Employee 140 submit Report', 'Completed Task.', NULL, 'APPROVED', '2021-10-13 00:01:57.600000', '2021-10-13 00:01:57.600000', '2021-10-13 00:06:57.600000');

-- 2021-10-15 00:25:00.000000
-- 2021-10-15
INSERT INTO task (id, collection_id, created_by_id, root_task_id, name, description, report_format, level, task_type, priority, is_locked, start_date, end_date, deadline, created_time, updated_time)
VALUES (725, 58, 151, NULL, 'Test Cross-device Consistency', 'This is Test Cross-device Consistency', NULL, 'ADVANCED', 'TEST', 'URGENT', FALSE, '2021-10-15', '2021-11-07', '2021-10-22', '2021-10-15 00:25:00.000000', '2021-10-15 00:25:00.000000');

INSERT INTO task_for_users (id, task_id, assigned_to_id, user_task_status, updated_time, started_time)
VALUES
(17597, 725, 116, 'JOINED', '2021-10-15 00:25:00.000000', '2021-10-21 07:37:00.000000'),
(17598, 725, 117, 'JOINED', '2021-10-15 00:25:00.000000', '2021-10-15 00:25:00.000000'),
(17599, 725, 118, 'JOINED', '2021-10-15 00:25:00.000000', '2021-10-15 06:37:57.600000'),
(17600, 725, 120, 'JOINED', '2021-10-15 00:25:00.000000', '2021-10-21 07:37:00.000000'),
(17601, 725, 124, 'JOINED', '2021-10-15 00:25:00.000000', '2021-10-21 07:37:00.000000'),
(17602, 725, 125, 'JOINED', '2021-10-15 00:25:00.000000', '2021-10-21 07:37:00.000000'),
(17603, 725, 133, 'JOINED', '2021-10-15 00:25:00.000000', '2021-10-15 16:02:26.400000'),
(17604, 725, 136, 'JOINED', '2021-10-15 00:25:00.000000', '2021-10-16 04:28:21.600000'),
(17605, 725, 137, 'JOINED', '2021-10-15 00:25:00.000000', '2021-10-15 21:04:50.400000'),
(17606, 725, 138, 'JOINED', '2021-10-15 00:25:00.000000', '2021-10-17 13:24:02.400000'),
(17607, 725, 139, 'JOINED', '2021-10-15 00:25:00.000000', '2021-10-16 08:20:12.000000'),
(17608, 725, 140, 'JOINED', '2021-10-15 00:25:00.000000', '2021-10-15 21:35:04.800000');
INSERT INTO report (id, created_by_id, title, content, rejected_reason, report_status, created_time, updated_time, reviewed_time)
VALUES
(DEFAULT, 17597, 'Employee 116 submit Report', 'Completed Task.', NULL, 'APPROVED', '2021-11-05 06:58:07.200000', '2021-11-05 06:58:07.200000', '2021-11-05 07:03:07.200000'),
(DEFAULT, 17598, 'Employee 117 submit Report', 'Completed Task.', NULL, 'APPROVED', '2021-10-18 12:25:00.000000', '2021-10-18 12:25:00.000000', '2021-10-18 12:30:00.000000'),
(DEFAULT, 17599, 'Employee 118 submit Report', 'Completed Task.', NULL, 'APPROVED', '2021-10-19 10:15:24.000000', '2021-10-19 10:15:24.000000', '2021-10-19 10:20:24.000000'),
(DEFAULT, 17600, 'Employee 120 submit Report', 'Completed Task.', NULL, 'APPROVED', '2021-11-04 21:53:48.000000', '2021-11-04 21:53:48.000000', '2021-11-04 21:58:48.000000'),
(DEFAULT, 17601, 'Employee 124 submit Report', 'Completed Task.', NULL, 'APPROVED', '2021-11-07 13:44:12.000000', '2021-11-07 13:44:12.000000', '2021-11-07 13:49:12.000000'),
(DEFAULT, 17602, 'Employee 125 submit Report', 'Completed Task.', NULL, 'APPROVED', '2021-11-06 15:33:38.400000', '2021-11-06 15:33:38.400000', '2021-11-06 15:38:38.400000'),
(DEFAULT, 17603, 'Employee 133 submit Report', 'Completed Task.', NULL, 'APPROVED', '2021-10-21 13:29:48.000000', '2021-10-21 13:29:48.000000', '2021-10-21 13:34:48.000000'),
(DEFAULT, 17604, 'Employee 136 submit Report', 'Completed Task.', NULL, 'APPROVED', '2021-10-19 20:10:07.200000', '2021-10-19 20:10:07.200000', '2021-10-19 20:15:07.200000'),
(DEFAULT, 17605, 'Employee 137 submit Report', 'Completed Task.', NULL, 'APPROVED', '2021-10-19 11:05:48.000000', '2021-10-19 11:05:48.000000', '2021-10-19 11:10:48.000000'),
(DEFAULT, 17606, 'Employee 138 submit Report', 'Completed Task.', NULL, 'APPROVED', '2021-10-18 21:29:19.200000', '2021-10-18 21:29:19.200000', '2021-10-18 21:34:19.200000'),
(DEFAULT, 17607, 'Employee 139 submit Report', 'Completed Task.', NULL, 'APPROVED', '2021-10-19 16:08:12.000000', '2021-10-19 16:08:12.000000', '2021-10-19 16:13:12.000000'),
(DEFAULT, 17608, 'Employee 140 submit Report', 'Completed Task.', NULL, 'APPROVED', '2021-10-19 02:41:48.000000', '2021-10-19 02:41:48.000000', '2021-10-19 02:46:48.000000');

-- 2021-10-23 00:25:00.000000
-- 2021-10-23
INSERT INTO task (id, collection_id, created_by_id, root_task_id, name, description, report_format, level, task_type, priority, is_locked, start_date, end_date, deadline, created_time, updated_time)
VALUES (726, 58, 151, NULL, 'Test Accessibility Compliance', 'This is Test Accessibility Compliance', NULL, 'ADVANCED', 'TEST', 'NORMAL', FALSE, '2021-10-23', '2021-10-30', '2021-10-28', '2021-10-23 00:25:00.000000', '2021-10-23 00:25:00.000000');

INSERT INTO task_for_users (id, task_id, assigned_to_id, user_task_status, updated_time, started_time)
VALUES
(17610, 726, 116, 'JOINED', '2021-10-23 00:25:00.000000', '2021-10-24 05:49:00.000000'),
(17611, 726, 124, 'JOINED', '2021-10-23 00:25:00.000000', '2021-10-24 08:13:00.000000'),
(17612, 726, 127, 'JOINED', '2021-10-23 00:25:00.000000', '2021-10-23 22:58:36.000000'),
(17613, 726, 128, 'JOINED', '2021-10-23 00:25:00.000000', '2021-10-25 15:17:48.000000'),
(17614, 726, 131, 'JOINED', '2021-10-23 00:25:00.000000', '2021-10-24 20:20:12.000000'),
(17615, 726, 132, 'JOINED', '2021-10-23 00:25:00.000000', '2021-10-27 02:27:24.000000'),
(17616, 726, 135, 'JOINED', '2021-10-23 00:25:00.000000', '2021-10-25 14:38:12.000000'),
(17617, 726, 136, 'JOINED', '2021-10-23 00:25:00.000000', '2021-10-23 14:27:24.000000'),
(17618, 726, 137, 'JOINED', '2021-10-23 00:25:00.000000', '2021-10-26 11:56:12.000000'),
(17619, 726, 138, 'JOINED', '2021-10-23 00:25:00.000000', '2021-10-26 19:29:48.000000'),
(17620, 726, 139, 'JOINED', '2021-10-23 00:25:00.000000', '2021-10-23 00:25:00.000000'),
(17621, 726, 140, 'JOINED', '2021-10-23 00:25:00.000000', '2021-10-23 00:32:12.000000');
INSERT INTO report (id, created_by_id, title, content, rejected_reason, report_status, created_time, updated_time, reviewed_time)
VALUES
(DEFAULT, 17610, 'Employee 116 submit Report', 'Completed Task.', NULL, 'APPROVED', '2021-10-27 11:27:24.000000', '2021-10-27 11:27:24.000000', '2021-10-27 11:32:24.000000'),
(DEFAULT, 17611, 'Employee 124 submit Report', 'Completed Task.', NULL, 'APPROVED', '2021-10-25 20:41:48.000000', '2021-10-25 20:41:48.000000', '2021-10-25 20:46:48.000000'),
(DEFAULT, 17612, 'Employee 127 submit Report', 'Completed Task.', NULL, 'APPROVED', '2021-10-24 17:34:36.000000', '2021-10-24 17:34:36.000000', '2021-10-24 17:39:36.000000'),
(DEFAULT, 17613, 'Employee 128 submit Report', 'Completed Task.', NULL, 'APPROVED', '2021-10-30 09:32:12.000000', '2021-10-30 09:32:12.000000', '2021-10-30 09:37:12.000000'),
(DEFAULT, 17614, 'Employee 131 submit Report', 'Completed Task.', NULL, 'APPROVED', '2021-10-27 21:25:00.000000', '2021-10-27 21:25:00.000000', '2021-10-27 21:30:00.000000'),
(DEFAULT, 17615, 'Employee 132 submit Report', 'Completed Task.', NULL, 'APPROVED', '2021-10-27 22:58:36.000000', '2021-10-27 22:58:36.000000', '2021-10-27 23:03:36.000000'),
(DEFAULT, 17616, 'Employee 135 submit Report', 'Completed Task.', NULL, 'APPROVED', '2021-10-30 10:11:48.000000', '2021-10-30 10:11:48.000000', '2021-10-30 10:16:48.000000'),
(DEFAULT, 17617, 'Employee 136 submit Report', 'Completed Task.', NULL, 'APPROVED', '2021-10-24 22:51:24.000000', '2021-10-24 22:51:24.000000', '2021-10-24 22:56:24.000000'),
(DEFAULT, 17618, 'Employee 137 submit Report', 'Completed Task.', NULL, 'APPROVED', '2021-10-27 20:49:00.000000', '2021-10-27 20:49:00.000000', '2021-10-27 20:54:00.000000'),
(DEFAULT, 17619, 'Employee 138 submit Report', 'Completed Task.', NULL, 'APPROVED', '2021-10-27 17:13:00.000000', '2021-10-27 17:13:00.000000', '2021-10-27 17:18:00.000000'),
(DEFAULT, 17620, 'Employee 139 submit Report', 'Completed Task.', NULL, 'APPROVED', '2021-10-24 04:29:48.000000', '2021-10-24 04:29:48.000000', '2021-10-24 04:34:48.000000'),
(DEFAULT, 17621, 'Employee 140 submit Report', 'Completed Task.', NULL, 'APPROVED', '2021-10-24 05:41:48.000000', '2021-10-24 05:41:48.000000', '2021-10-24 05:46:48.000000');

-- 2021-10-29 00:25:00.000000
-- 2021-10-29
INSERT INTO task (id, collection_id, created_by_id, root_task_id, name, description, report_format, level, task_type, priority, is_locked, start_date, end_date, deadline, created_time, updated_time)
VALUES (727, 58, 151, NULL, 'Test Localization & Language Support', 'This is Test Localization & Language Support', NULL, 'NORMAL', 'TEST', 'LOW', FALSE, '2021-10-29', '2021-11-09', '2021-11-01', '2021-10-29 00:25:00.000000', '2021-10-29 00:25:00.000000');

INSERT INTO task_for_users (id, task_id, assigned_to_id, user_task_status, updated_time, started_time)
VALUES
(17623, 727, 116, 'JOINED', '2021-10-29 00:25:00.000000', '2021-10-31 17:13:00.000000'),
(17624, 727, 122, 'JOINED', '2021-10-29 00:25:00.000000', '2021-10-30 05:21:38.400000'),
(17625, 727, 123, 'JOINED', '2021-10-29 00:25:00.000000', '2021-10-29 11:17:19.200000'),
(17626, 727, 128, 'JOINED', '2021-10-29 00:25:00.000000', '2021-10-30 20:07:14.400000'),
(17627, 727, 129, 'JOINED', '2021-10-29 00:25:00.000000', '2021-10-31 17:13:00.000000'),
(17628, 727, 131, 'JOINED', '2021-10-29 00:25:00.000000', '2021-10-29 21:26:26.400000'),
(17629, 727, 134, 'JOINED', '2021-10-29 00:25:00.000000', '2021-10-29 12:07:00.000000'),
(17630, 727, 136, 'JOINED', '2021-10-29 00:25:00.000000', '2021-10-30 02:24:31.200000'),
(17631, 727, 137, 'JOINED', '2021-10-29 00:25:00.000000', '2021-10-30 11:28:50.400000'),
(17632, 727, 138, 'JOINED', '2021-10-29 00:25:00.000000', '2021-10-29 07:37:00.000000'),
(17633, 727, 139, 'JOINED', '2021-10-29 00:25:00.000000', '2021-10-31 17:13:00.000000'),
(17634, 727, 140, 'JOINED', '2021-10-29 00:25:00.000000', '2021-10-29 06:14:55.200000');
INSERT INTO report (id, created_by_id, title, content, rejected_reason, report_status, created_time, updated_time, reviewed_time)
VALUES
(DEFAULT, 17623, 'Employee 116 submit Report', 'Completed Task.', NULL, 'APPROVED', '2021-11-09 01:05:19.200000', '2021-11-09 01:05:19.200000', '2021-11-09 01:10:19.200000'),
(DEFAULT, 17624, 'Employee 122 submit Report', 'Completed Task.', NULL, 'APPROVED', '2021-10-30 22:55:43.200000', '2021-10-30 22:55:43.200000', '2021-10-30 23:00:43.200000'),
(DEFAULT, 17625, 'Employee 123 submit Report', 'Completed Task.', NULL, 'APPROVED', '2021-10-30 21:07:43.200000', '2021-10-30 21:07:43.200000', '2021-10-30 21:12:43.200000'),
(DEFAULT, 17626, 'Employee 128 submit Report', 'Completed Task.', NULL, 'APPROVED', '2021-10-31 16:55:43.200000', '2021-10-31 16:55:43.200000', '2021-10-31 17:00:43.200000'),
(DEFAULT, 17627, 'Employee 129 submit Report', 'Completed Task.', NULL, 'APPROVED', '2021-11-08 20:50:26.400000', '2021-11-08 20:50:26.400000', '2021-11-08 20:55:26.400000'),
(DEFAULT, 17628, 'Employee 131 submit Report', 'Completed Task.', NULL, 'APPROVED', '2021-10-30 21:46:36.000000', '2021-10-30 21:46:36.000000', '2021-10-30 21:51:36.000000'),
(DEFAULT, 17629, 'Employee 134 submit Report', 'Completed Task.', NULL, 'APPROVED', '2021-11-03 12:43:00.000000', '2021-11-03 12:43:00.000000', '2021-11-03 12:48:00.000000'),
(DEFAULT, 17630, 'Employee 136 submit Report', 'Completed Task.', NULL, 'APPROVED', '2021-10-31 21:58:07.200000', '2021-10-31 21:58:07.200000', '2021-10-31 22:03:07.200000'),
(DEFAULT, 17631, 'Employee 137 submit Report', 'Completed Task.', NULL, 'APPROVED', '2021-10-31 20:14:26.400000', '2021-10-31 20:14:26.400000', '2021-10-31 20:19:26.400000'),
(DEFAULT, 17632, 'Employee 138 submit Report', 'Completed Task.', NULL, 'APPROVED', '2021-10-29 19:12:31.200000', '2021-10-29 19:12:31.200000', '2021-10-29 19:17:31.200000'),
(DEFAULT, 17633, 'Employee 139 submit Report', 'Completed Task.', NULL, 'APPROVED', '2021-11-07 11:00:02.400000', '2021-11-07 11:00:02.400000', '2021-11-07 11:05:02.400000'),
(DEFAULT, 17634, 'Employee 140 submit Report', 'Completed Task.', NULL, 'APPROVED', '2021-10-30 16:09:38.400000', '2021-10-30 16:09:38.400000', '2021-10-30 16:14:38.400000');

-- 2021-11-02 00:25:00.000000
-- 2021-11-02
INSERT INTO task (id, collection_id, created_by_id, root_task_id, name, description, report_format, level, task_type, priority, is_locked, start_date, end_date, deadline, created_time, updated_time)
VALUES (728, 58, 151, NULL, 'Test Timezone Handling', 'This is Test Timezone Handling', NULL, 'ADVANCED', 'TEST', 'NORMAL', FALSE, '2021-11-02', '2021-11-18', '2021-11-07', '2021-11-02 00:25:00.000000', '2021-11-02 00:25:00.000000');

INSERT INTO task_for_users (id, task_id, assigned_to_id, user_task_status, updated_time, started_time)
VALUES
(17636, 728, 116, 'JOINED', '2021-11-02 00:25:00.000000', '2021-11-06 12:25:00.000000'),
(17637, 728, 124, 'JOINED', '2021-11-02 00:25:00.000000', '2021-11-03 05:20:12.000000'),
(17638, 728, 127, 'JOINED', '2021-11-02 00:25:00.000000', '2021-11-04 02:34:36.000000'),
(17639, 728, 128, 'JOINED', '2021-11-02 00:25:00.000000', '2021-11-04 21:25:00.000000'),
(17640, 728, 131, 'JOINED', '2021-11-02 00:25:00.000000', '2021-11-04 11:56:12.000000'),
(17641, 728, 132, 'JOINED', '2021-11-02 00:25:00.000000', '2021-11-02 16:01:00.000000'),
(17642, 728, 136, 'JOINED', '2021-11-02 00:25:00.000000', '2021-11-03 01:15:24.000000'),
(17643, 728, 137, 'JOINED', '2021-11-02 00:25:00.000000', '2021-11-03 11:27:24.000000'),
(17644, 728, 138, 'JOINED', '2021-11-02 00:25:00.000000', '2021-11-03 10:22:36.000000'),
(17645, 728, 139, 'JOINED', '2021-11-02 00:25:00.000000', '2021-11-02 10:22:36.000000'),
(17646, 728, 140, 'JOINED', '2021-11-02 00:25:00.000000', '2021-11-02 16:51:24.000000');
INSERT INTO report (id, created_by_id, title, content, rejected_reason, report_status, created_time, updated_time, reviewed_time)
VALUES
(DEFAULT, 17636, 'Employee 116 submit Report', 'Completed Task.', NULL, 'APPROVED', '2021-11-18 03:25:00.000000', '2021-11-18 03:25:00.000000', '2021-11-18 03:30:00.000000'),
(DEFAULT, 17637, 'Employee 124 submit Report', 'Completed Task.', NULL, 'APPROVED', '2021-11-04 11:13:00.000000', '2021-11-04 11:13:00.000000', '2021-11-04 11:18:00.000000'),
(DEFAULT, 17638, 'Employee 127 submit Report', 'Completed Task.', NULL, 'APPROVED', '2021-11-05 08:41:48.000000', '2021-11-05 08:41:48.000000', '2021-11-05 08:46:48.000000'),
(DEFAULT, 17639, 'Employee 128 submit Report', 'Completed Task.', NULL, 'APPROVED', '2021-11-05 20:56:12.000000', '2021-11-05 20:56:12.000000', '2021-11-05 21:01:12.000000'),
(DEFAULT, 17640, 'Employee 131 submit Report', 'Completed Task.', NULL, 'APPROVED', '2021-11-05 15:46:36.000000', '2021-11-05 15:46:36.000000', '2021-11-05 15:51:36.000000'),
(DEFAULT, 17641, 'Employee 132 submit Report', 'Completed Task.', NULL, 'APPROVED', '2021-11-04 02:20:12.000000', '2021-11-04 02:20:12.000000', '2021-11-04 02:25:12.000000'),
(DEFAULT, 17642, 'Employee 136 submit Report', 'Completed Task.', NULL, 'APPROVED', '2021-11-10 23:34:36.000000', '2021-11-10 23:34:36.000000', '2021-11-10 23:39:36.000000'),
(DEFAULT, 17643, 'Employee 137 submit Report', 'Completed Task.', NULL, 'APPROVED', '2021-11-05 10:01:00.000000', '2021-11-05 10:01:00.000000', '2021-11-05 10:06:00.000000'),
(DEFAULT, 17644, 'Employee 138 submit Report', 'Completed Task.', NULL, 'APPROVED', '2021-11-06 19:58:36.000000', '2021-11-06 19:58:36.000000', '2021-11-06 20:03:36.000000'),
(DEFAULT, 17645, 'Employee 139 submit Report', 'Completed Task.', NULL, 'APPROVED', '2021-11-05 21:10:36.000000', '2021-11-05 21:10:36.000000', '2021-11-05 21:15:36.000000'),
(DEFAULT, 17646, 'Employee 140 submit Report', 'Completed Task.', NULL, 'APPROVED', '2021-11-05 01:01:00.000000', '2021-11-05 01:01:00.000000', '2021-11-05 01:06:00.000000');

-- 2021-11-08 00:25:00.000000
-- 2021-11-08
INSERT INTO task (id, collection_id, created_by_id, root_task_id, name, description, report_format, level, task_type, priority, is_locked, start_date, end_date, deadline, created_time, updated_time)
VALUES (729, 58, 151, NULL, 'Test Large Dataset Handling', 'This is Test Large Dataset Handling', NULL, 'ADVANCED', 'TEST', 'NORMAL', FALSE, '2021-11-08', '2021-11-26', '2021-11-13', '2021-11-08 00:25:00.000000', '2021-11-08 00:25:00.000000');

INSERT INTO task_for_users (id, task_id, assigned_to_id, user_task_status, updated_time, started_time)
VALUES
(17648, 729, 116, 'JOINED', '2021-11-08 00:25:00.000000', '2021-11-12 12:25:00.000000'),
(17649, 729, 124, 'JOINED', '2021-11-08 00:25:00.000000', '2021-11-09 06:39:24.000000'),
(17650, 729, 127, 'JOINED', '2021-11-08 00:25:00.000000', '2021-11-08 12:17:48.000000'),
(17651, 729, 128, 'JOINED', '2021-11-08 00:25:00.000000', '2021-11-12 12:25:00.000000'),
(17652, 729, 131, 'JOINED', '2021-11-08 00:25:00.000000', '2021-11-10 03:03:24.000000'),
(17653, 729, 132, 'JOINED', '2021-11-08 00:25:00.000000', '2021-11-08 12:46:36.000000'),
(17654, 729, 136, 'JOINED', '2021-11-08 00:25:00.000000', '2021-11-11 04:15:24.000000'),
(17655, 729, 137, 'JOINED', '2021-11-08 00:25:00.000000', '2021-11-08 06:39:24.000000'),
(17656, 729, 138, 'JOINED', '2021-11-08 00:25:00.000000', '2021-11-08 06:17:48.000000'),
(17657, 729, 139, 'JOINED', '2021-11-08 00:25:00.000000', '2021-11-09 19:19:00.000000'),
(17658, 729, 140, 'JOINED', '2021-11-08 00:25:00.000000', '2021-11-08 17:13:00.000000');
INSERT INTO report (id, created_by_id, title, content, rejected_reason, report_status, created_time, updated_time, reviewed_time)
VALUES
(DEFAULT, 17648, 'Employee 116 submit Report', 'Completed Task.', NULL, 'APPROVED', '2021-11-26 00:32:12.000000', '2021-11-26 00:32:12.000000', '2021-11-26 00:37:12.000000'),
(DEFAULT, 17649, 'Employee 124 submit Report', 'Completed Task.', NULL, 'APPROVED', '2021-11-11 02:41:48.000000', '2021-11-11 02:41:48.000000', '2021-11-11 02:46:48.000000'),
(DEFAULT, 17650, 'Employee 127 submit Report', 'Completed Task.', NULL, 'APPROVED', '2021-11-10 06:03:24.000000', '2021-11-10 06:03:24.000000', '2021-11-10 06:08:24.000000'),
(DEFAULT, 17651, 'Employee 128 submit Report', 'Completed Task.', NULL, 'APPROVED', '2021-11-26 17:56:12.000000', '2021-11-26 17:56:12.000000', '2021-11-26 18:01:12.000000'),
(DEFAULT, 17652, 'Employee 131 submit Report', 'Completed Task.', NULL, 'APPROVED', '2021-11-15 21:46:36.000000', '2021-11-15 21:46:36.000000', '2021-11-15 21:51:36.000000'),
(DEFAULT, 17653, 'Employee 132 submit Report', 'Completed Task.', NULL, 'APPROVED', '2021-11-11 08:20:12.000000', '2021-11-11 08:20:12.000000', '2021-11-11 08:25:12.000000'),
(DEFAULT, 17654, 'Employee 136 submit Report', 'Completed Task.', NULL, 'APPROVED', '2021-11-12 07:01:00.000000', '2021-11-12 07:01:00.000000', '2021-11-12 07:06:00.000000'),
(DEFAULT, 17655, 'Employee 137 submit Report', 'Completed Task.', NULL, 'APPROVED', '2021-11-10 05:13:00.000000', '2021-11-10 05:13:00.000000', '2021-11-10 05:18:00.000000'),
(DEFAULT, 17656, 'Employee 138 submit Report', 'Completed Task.', NULL, 'APPROVED', '2021-11-10 05:56:12.000000', '2021-11-10 05:56:12.000000', '2021-11-10 06:01:12.000000'),
(DEFAULT, 17657, 'Employee 139 submit Report', 'Completed Task.', NULL, 'APPROVED', '2021-11-16 05:31:00.000000', '2021-11-16 05:31:00.000000', '2021-11-16 05:36:00.000000'),
(DEFAULT, 17658, 'Employee 140 submit Report', 'Completed Task.', NULL, 'APPROVED', '2021-11-11 22:44:12.000000', '2021-11-11 22:44:12.000000', '2021-11-11 22:49:12.000000');

-- 2021-11-14 00:25:00.000000
-- 2021-11-14
INSERT INTO task (id, collection_id, created_by_id, root_task_id, name, description, report_format, level, task_type, priority, is_locked, start_date, end_date, deadline, created_time, updated_time)
VALUES (730, 58, 151, NULL, 'Test Long-running Session Stability', 'This is Test Long-running Session Stability', NULL, 'ADVANCED', 'TEST', 'LOW', FALSE, '2021-11-14', '2021-11-27', '2021-11-18', '2021-11-14 00:25:00.000000', '2021-11-14 00:25:00.000000');

INSERT INTO task_for_users (id, task_id, assigned_to_id, user_task_status, updated_time, started_time)
VALUES
(17660, 730, 117, 'JOINED', '2021-11-14 00:25:00.000000', '2021-11-14 20:46:07.200000'),
(17661, 730, 123, 'JOINED', '2021-11-14 00:25:00.000000', '2021-11-14 10:06:45.600000'),
(17662, 730, 126, 'JOINED', '2021-11-14 00:25:00.000000', '2021-11-17 14:49:00.000000'),
(17663, 730, 127, 'JOINED', '2021-11-14 00:25:00.000000', '2021-11-14 01:16:50.400000'),
(17664, 730, 129, 'JOINED', '2021-11-14 00:25:00.000000', '2021-11-15 06:04:50.400000'),
(17665, 730, 132, 'JOINED', '2021-11-14 00:25:00.000000', '2021-11-14 12:07:43.200000'),
(17666, 730, 136, 'JOINED', '2021-11-14 00:25:00.000000', '2021-11-14 11:27:24.000000'),
(17667, 730, 137, 'JOINED', '2021-11-14 00:25:00.000000', '2021-11-16 05:41:48.000000'),
(17668, 730, 138, 'JOINED', '2021-11-14 00:25:00.000000', '2021-11-14 14:25:57.600000'),
(17669, 730, 139, 'JOINED', '2021-11-14 00:25:00.000000', '2021-11-14 08:23:04.800000'),
(17670, 730, 140, 'JOINED', '2021-11-14 00:25:00.000000', '2021-11-15 20:46:07.200000');
INSERT INTO report (id, created_by_id, title, content, rejected_reason, report_status, created_time, updated_time, reviewed_time)
VALUES
(DEFAULT, 17660, 'Employee 117 submit Report', 'Completed Task.', NULL, 'APPROVED', '2021-11-16 16:38:26.400000', '2021-11-16 16:38:26.400000', '2021-11-16 16:43:26.400000'),
(DEFAULT, 17661, 'Employee 123 submit Report', 'Completed Task.', NULL, 'APPROVED', '2021-11-15 01:34:07.200000', '2021-11-15 01:34:07.200000', '2021-11-15 01:39:07.200000'),
(DEFAULT, 17662, 'Employee 126 submit Report', 'Completed Task.', NULL, 'APPROVED', '2021-11-27 14:37:28.800000', '2021-11-27 14:37:28.800000', '2021-11-27 14:42:28.800000'),
(DEFAULT, 17663, 'Employee 127 submit Report', 'Completed Task.', NULL, 'APPROVED', '2021-11-15 10:01:00.000000', '2021-11-15 10:01:00.000000', '2021-11-15 10:06:00.000000'),
(DEFAULT, 17664, 'Employee 129 submit Report', 'Completed Task.', NULL, 'APPROVED', '2021-11-16 07:42:45.600000', '2021-11-16 07:42:45.600000', '2021-11-16 07:47:45.600000'),
(DEFAULT, 17665, 'Employee 132 submit Report', 'Completed Task.', NULL, 'APPROVED', '2021-11-15 11:56:12.000000', '2021-11-15 11:56:12.000000', '2021-11-15 12:01:12.000000'),
(DEFAULT, 17666, 'Employee 136 submit Report', 'Completed Task.', NULL, 'APPROVED', '2021-11-15 03:17:48.000000', '2021-11-15 03:17:48.000000', '2021-11-15 03:22:48.000000'),
(DEFAULT, 17667, 'Employee 137 submit Report', 'Completed Task.', NULL, 'APPROVED', '2021-11-17 07:13:57.600000', '2021-11-17 07:13:57.600000', '2021-11-17 07:18:57.600000'),
(DEFAULT, 17668, 'Employee 138 submit Report', 'Completed Task.', NULL, 'APPROVED', '2021-11-15 13:34:07.200000', '2021-11-15 13:34:07.200000', '2021-11-15 13:39:07.200000'),
(DEFAULT, 17669, 'Employee 139 submit Report', 'Completed Task.', NULL, 'APPROVED', '2021-11-15 11:44:40.800000', '2021-11-15 11:44:40.800000', '2021-11-15 11:49:40.800000'),
(DEFAULT, 17670, 'Employee 140 submit Report', 'Completed Task.', NULL, 'APPROVED', '2021-11-17 02:43:14.400000', '2021-11-17 02:43:14.400000', '2021-11-17 02:48:14.400000');

-- 2021-11-19 00:25:00.000000
-- 2021-11-19
INSERT INTO task (id, collection_id, created_by_id, root_task_id, name, description, report_format, level, task_type, priority, is_locked, start_date, end_date, deadline, created_time, updated_time)
VALUES (731, 58, 151, NULL, 'Test Error Recovery UX', 'This is Test Error Recovery UX', NULL, 'NORMAL', 'TEST', 'URGENT', FALSE, '2021-11-19', '2021-12-11', '2021-11-25', '2021-11-19 00:25:00.000000', '2021-11-19 00:25:00.000000');

INSERT INTO task_for_users (id, task_id, assigned_to_id, user_task_status, updated_time, started_time)
VALUES
(17672, 731, 117, 'JOINED', '2021-11-19 00:25:00.000000', '2021-11-19 14:49:00.000000'),
(17673, 731, 118, 'JOINED', '2021-11-19 00:25:00.000000', '2021-11-21 08:25:57.600000'),
(17674, 731, 119, 'JOINED', '2021-11-19 00:25:00.000000', '2021-11-22 13:13:57.600000'),
(17675, 731, 126, 'JOINED', '2021-11-19 00:25:00.000000', '2021-11-19 03:52:21.600000'),
(17676, 731, 128, 'JOINED', '2021-11-19 00:25:00.000000', '2021-11-20 05:21:38.400000'),
(17677, 731, 134, 'JOINED', '2021-11-19 00:25:00.000000', '2021-11-24 10:01:00.000000'),
(17678, 731, 136, 'JOINED', '2021-11-19 00:25:00.000000', '2021-11-20 21:20:40.800000'),
(17679, 731, 137, 'JOINED', '2021-11-19 00:25:00.000000', '2021-11-21 23:41:48.000000'),
(17680, 731, 138, 'JOINED', '2021-11-19 00:25:00.000000', '2021-11-19 17:41:48.000000'),
(17681, 731, 139, 'JOINED', '2021-11-19 00:25:00.000000', '2021-11-24 10:01:00.000000'),
(17682, 731, 140, 'JOINED', '2021-11-19 00:25:00.000000', '2021-11-19 10:38:26.400000');
INSERT INTO report (id, created_by_id, title, content, rejected_reason, report_status, created_time, updated_time, reviewed_time)
VALUES
(DEFAULT, 17672, 'Employee 117 submit Report', 'Completed Task.', NULL, 'APPROVED', '2021-11-22 05:10:07.200000', '2021-11-22 05:10:07.200000', '2021-11-22 05:15:07.200000'),
(DEFAULT, 17673, 'Employee 118 submit Report', 'Completed Task.', NULL, 'APPROVED', '2021-11-23 20:20:12.000000', '2021-11-23 20:20:12.000000', '2021-11-23 20:25:12.000000'),
(DEFAULT, 17674, 'Employee 119 submit Report', 'Completed Task.', NULL, 'APPROVED', '2021-11-24 19:13:57.600000', '2021-11-24 19:13:57.600000', '2021-11-24 19:18:57.600000'),
(DEFAULT, 17675, 'Employee 126 submit Report', 'Completed Task.', NULL, 'APPROVED', '2021-11-21 03:14:55.200000', '2021-11-21 03:14:55.200000', '2021-11-21 03:19:55.200000'),
(DEFAULT, 17676, 'Employee 128 submit Report', 'Completed Task.', NULL, 'APPROVED', '2021-11-23 01:19:43.200000', '2021-11-23 01:19:43.200000', '2021-11-23 01:24:43.200000'),
(DEFAULT, 17677, 'Employee 134 submit Report', 'Completed Task.', NULL, 'APPROVED', '2021-12-11 08:14:26.400000', '2021-12-11 08:14:26.400000', '2021-12-11 08:19:26.400000'),
(DEFAULT, 17678, 'Employee 136 submit Report', 'Completed Task.', NULL, 'APPROVED', '2021-11-22 01:16:50.400000', '2021-11-22 01:16:50.400000', '2021-11-22 01:21:50.400000'),
(DEFAULT, 17679, 'Employee 137 submit Report', 'Completed Task.', NULL, 'APPROVED', '2021-11-28 01:08:12.000000', '2021-11-28 01:08:12.000000', '2021-11-28 01:13:12.000000'),
(DEFAULT, 17680, 'Employee 138 submit Report', 'Completed Task.', NULL, 'APPROVED', '2021-11-24 20:05:48.000000', '2021-11-24 20:05:48.000000', '2021-11-24 20:10:48.000000'),
(DEFAULT, 17681, 'Employee 139 submit Report', 'Completed Task.', NULL, 'APPROVED', '2021-12-07 05:44:40.800000', '2021-12-07 05:44:40.800000', '2021-12-07 05:49:40.800000'),
(DEFAULT, 17682, 'Employee 140 submit Report', 'Completed Task.', NULL, 'APPROVED', '2021-11-23 23:21:38.400000', '2021-11-23 23:21:38.400000', '2021-11-23 23:26:38.400000');

-- 2021-11-26 00:25:00.000000
-- 2021-11-26
INSERT INTO task (id, collection_id, created_by_id, root_task_id, name, description, report_format, level, task_type, priority, is_locked, start_date, end_date, deadline, created_time, updated_time)
VALUES (732, 58, 151, NULL, 'Test Notification Delivery Performance', 'This is Test Notification Delivery Performance', NULL, 'NORMAL', 'TEST', 'NORMAL', FALSE, '2021-11-26', '2021-12-11', '2021-11-30', '2021-11-26 00:25:00.000000', '2021-11-26 00:25:00.000000');

INSERT INTO task_for_users (id, task_id, assigned_to_id, user_task_status, updated_time, started_time)
VALUES
(17684, 732, 118, 'JOINED', '2021-11-26 00:25:00.000000', '2021-11-27 18:27:52.800000'),
(17685, 732, 124, 'JOINED', '2021-11-26 00:25:00.000000', '2021-11-26 21:09:09.600000'),
(17686, 732, 128, 'JOINED', '2021-11-26 00:25:00.000000', '2021-11-26 12:13:28.800000'),
(17687, 732, 129, 'JOINED', '2021-11-26 00:25:00.000000', '2021-11-28 11:27:24.000000'),
(17688, 732, 134, 'JOINED', '2021-11-26 00:25:00.000000', '2021-11-27 01:51:24.000000'),
(17689, 732, 135, 'JOINED', '2021-11-26 00:25:00.000000', '2021-11-26 13:57:09.600000'),
(17690, 732, 136, 'JOINED', '2021-11-26 00:25:00.000000', '2021-11-29 14:49:00.000000'),
(17691, 732, 137, 'JOINED', '2021-11-26 00:25:00.000000', '2021-11-26 13:22:36.000000'),
(17692, 732, 138, 'JOINED', '2021-11-26 00:25:00.000000', '2021-11-28 00:48:02.400000'),
(17693, 732, 139, 'JOINED', '2021-11-26 00:25:00.000000', '2021-11-27 11:44:40.800000'),
(17694, 732, 140, 'JOINED', '2021-11-26 00:25:00.000000', '2021-11-26 20:00:02.400000');
INSERT INTO report (id, created_by_id, title, content, rejected_reason, report_status, created_time, updated_time, reviewed_time)
VALUES
(DEFAULT, 17684, 'Employee 118 submit Report', 'Completed Task.', NULL, 'APPROVED', '2021-11-28 17:24:31.200000', '2021-11-28 17:24:31.200000', '2021-11-28 17:29:31.200000'),
(DEFAULT, 17685, 'Employee 124 submit Report', 'Completed Task.', NULL, 'APPROVED', '2021-11-28 13:51:24.000000', '2021-11-28 13:51:24.000000', '2021-11-28 13:56:24.000000'),
(DEFAULT, 17686, 'Employee 128 submit Report', 'Completed Task.', NULL, 'APPROVED', '2021-11-27 20:40:21.600000', '2021-11-27 20:40:21.600000', '2021-11-27 20:45:21.600000'),
(DEFAULT, 17687, 'Employee 129 submit Report', 'Completed Task.', NULL, 'APPROVED', '2021-11-29 08:11:33.600000', '2021-11-29 08:11:33.600000', '2021-11-29 08:16:33.600000'),
(DEFAULT, 17688, 'Employee 134 submit Report', 'Completed Task.', NULL, 'APPROVED', '2021-11-27 20:46:07.200000', '2021-11-27 20:46:07.200000', '2021-11-27 20:51:07.200000'),
(DEFAULT, 17689, 'Employee 135 submit Report', 'Completed Task.', NULL, 'APPROVED', '2021-11-27 04:32:40.800000', '2021-11-27 04:32:40.800000', '2021-11-27 04:37:40.800000'),
(DEFAULT, 17690, 'Employee 136 submit Report', 'Completed Task.', NULL, 'APPROVED', '2021-12-11 08:11:33.600000', '2021-12-11 08:11:33.600000', '2021-12-11 08:16:33.600000'),
(DEFAULT, 17691, 'Employee 137 submit Report', 'Completed Task.', NULL, 'APPROVED', '2021-11-28 05:36:02.400000', '2021-11-28 05:36:02.400000', '2021-11-28 05:41:02.400000'),
(DEFAULT, 17692, 'Employee 138 submit Report', 'Completed Task.', NULL, 'APPROVED', '2021-11-28 21:43:43.200000', '2021-11-28 21:43:43.200000', '2021-11-28 21:48:43.200000'),
(DEFAULT, 17693, 'Employee 139 submit Report', 'Completed Task.', NULL, 'APPROVED', '2021-12-02 13:05:19.200000', '2021-12-02 13:05:19.200000', '2021-12-02 13:10:19.200000'),
(DEFAULT, 17694, 'Employee 140 submit Report', 'Completed Task.', NULL, 'APPROVED', '2021-11-27 19:37:00.000000', '2021-11-27 19:37:00.000000', '2021-11-27 19:42:00.000000');

-- 2021-12-01 00:25:00.000000
-- 2021-12-01
INSERT INTO task (id, collection_id, created_by_id, root_task_id, name, description, report_format, level, task_type, priority, is_locked, start_date, end_date, deadline, created_time, updated_time)
VALUES (733, 58, 151, NULL, 'Test Report Generation Performance', 'This is Test Report Generation Performance', NULL, 'HARD', 'TEST', 'URGENT', FALSE, '2021-12-01', '2021-12-30', '2021-12-09', '2021-12-01 00:25:00.000000', '2021-12-01 00:25:00.000000');

INSERT INTO task_for_users (id, task_id, assigned_to_id, user_task_status, updated_time, started_time)
VALUES
(17696, 733, 111, 'JOINED', '2021-12-01 00:25:00.000000', '2021-12-02 19:08:12.000000'),
(17697, 733, 112, 'JOINED', '2021-12-01 00:25:00.000000', '2021-12-08 05:13:00.000000'),
(17698, 733, 113, 'JOINED', '2021-12-01 00:25:00.000000', '2021-12-08 05:13:00.000000'),
(17699, 733, 114, 'JOINED', '2021-12-01 00:25:00.000000', '2021-12-08 05:13:00.000000'),
(17700, 733, 115, 'JOINED', '2021-12-01 00:25:00.000000', '2021-12-08 05:13:00.000000'),
(17701, 733, 136, 'JOINED', '2021-12-01 00:25:00.000000', '2021-12-08 05:13:00.000000'),
(17702, 733, 137, 'JOINED', '2021-12-01 00:25:00.000000', '2021-12-06 07:42:45.600000'),
(17703, 733, 138, 'JOINED', '2021-12-01 00:25:00.000000', '2021-12-01 02:54:45.600000'),
(17704, 733, 139, 'JOINED', '2021-12-01 00:25:00.000000', '2021-12-03 05:24:31.200000'),
(17705, 733, 140, 'JOINED', '2021-12-01 00:25:00.000000', '2021-12-01 09:37:57.600000');
INSERT INTO report (id, created_by_id, title, content, rejected_reason, report_status, created_time, updated_time, reviewed_time)
VALUES
(DEFAULT, 17696, 'Employee 111 submit Report', 'Completed Task.', NULL, 'APPROVED', '2021-12-15 05:41:48.000000', '2021-12-15 05:41:48.000000', '2021-12-15 05:46:48.000000'),
(DEFAULT, 17697, 'Employee 112 submit Report', 'Completed Task.', NULL, 'APPROVED', '2021-12-25 07:19:43.200000', '2021-12-25 07:19:43.200000', '2021-12-25 07:24:43.200000'),
(DEFAULT, 17698, 'Employee 113 submit Report', 'Completed Task.', NULL, 'APPROVED', '2021-12-28 14:02:55.200000', '2021-12-28 14:02:55.200000', '2021-12-28 14:07:55.200000'),
(DEFAULT, 17699, 'Employee 114 submit Report', 'Completed Task.', NULL, 'APPROVED', '2021-12-30 14:14:26.400000', '2021-12-30 14:14:26.400000', '2021-12-30 14:19:26.400000'),
(DEFAULT, 17700, 'Employee 115 submit Report', 'Completed Task.', NULL, 'APPROVED', '2021-12-25 03:06:16.800000', '2021-12-25 03:06:16.800000', '2021-12-25 03:11:16.800000'),
(DEFAULT, 17701, 'Employee 136 submit Report', 'Completed Task.', NULL, 'APPROVED', '2021-12-29 05:59:04.800000', '2021-12-29 05:59:04.800000', '2021-12-29 06:04:04.800000'),
(DEFAULT, 17702, 'Employee 137 submit Report', 'Completed Task.', NULL, 'APPROVED', '2021-12-08 10:24:02.400000', '2021-12-08 10:24:02.400000', '2021-12-08 10:29:02.400000'),
(DEFAULT, 17703, 'Employee 138 submit Report', 'Completed Task.', NULL, 'APPROVED', '2021-12-03 11:56:12.000000', '2021-12-03 11:56:12.000000', '2021-12-03 12:01:12.000000'),
(DEFAULT, 17704, 'Employee 139 submit Report', 'Completed Task.', NULL, 'APPROVED', '2021-12-05 12:07:43.200000', '2021-12-05 12:07:43.200000', '2021-12-05 12:12:43.200000'),
(DEFAULT, 17705, 'Employee 140 submit Report', 'Completed Task.', NULL, 'APPROVED', '2021-12-16 15:12:02.400000', '2021-12-16 15:12:02.400000', '2021-12-16 15:17:02.400000');

-- 2021-12-10 00:25:00.000000
-- 2021-12-10
INSERT INTO task (id, collection_id, created_by_id, root_task_id, name, description, report_format, level, task_type, priority, is_locked, start_date, end_date, deadline, created_time, updated_time)
VALUES (734, 58, 151, NULL, 'Test Analytics Accuracy Under Load', 'This is Test Analytics Accuracy Under Load', NULL, 'HARD', 'TEST', 'URGENT', FALSE, '2021-12-10', '2022-01-08', '2021-12-18', '2021-12-10 00:25:00.000000', '2021-12-10 00:25:00.000000');

INSERT INTO task_for_users (id, task_id, assigned_to_id, user_task_status, updated_time, started_time)
VALUES
(17707, 734, 111, 'JOINED', '2021-12-10 00:25:00.000000', '2021-12-17 05:13:00.000000'),
(17708, 734, 112, 'JOINED', '2021-12-10 00:25:00.000000', '2021-12-17 05:13:00.000000'),
(17709, 734, 113, 'JOINED', '2021-12-10 00:25:00.000000', '2021-12-10 14:49:00.000000'),
(17710, 734, 114, 'JOINED', '2021-12-10 00:25:00.000000', '2021-12-10 06:10:36.000000'),
(17711, 734, 115, 'JOINED', '2021-12-10 00:25:00.000000', '2021-12-17 05:13:00.000000'),
(17712, 734, 136, 'JOINED', '2021-12-10 00:25:00.000000', '2021-12-11 23:27:24.000000'),
(17713, 734, 137, 'JOINED', '2021-12-10 00:25:00.000000', '2021-12-14 19:25:28.800000'),
(17714, 734, 138, 'JOINED', '2021-12-10 00:25:00.000000', '2021-12-11 05:47:33.600000'),
(17715, 734, 139, 'JOINED', '2021-12-10 00:25:00.000000', '2021-12-11 22:29:48.000000'),
(17716, 734, 140, 'JOINED', '2021-12-10 00:25:00.000000', '2021-12-12 09:14:55.200000');
INSERT INTO report (id, created_by_id, title, content, rejected_reason, report_status, created_time, updated_time, reviewed_time)
VALUES
(DEFAULT, 17707, 'Employee 111 submit Report', 'Completed Task.', NULL, 'APPROVED', '2022-01-06 15:58:07.200000', '2022-01-06 15:58:07.200000', '2022-01-06 16:03:07.200000'),
(DEFAULT, 17708, 'Employee 112 submit Report', 'Completed Task.', NULL, 'APPROVED', '2022-01-02 10:24:02.400000', '2022-01-02 10:24:02.400000', '2022-01-02 10:29:02.400000'),
(DEFAULT, 17709, 'Employee 113 submit Report', 'Completed Task.', NULL, 'APPROVED', '2021-12-15 07:54:16.800000', '2021-12-15 07:54:16.800000', '2021-12-15 07:59:16.800000'),
(DEFAULT, 17710, 'Employee 114 submit Report', 'Completed Task.', NULL, 'APPROVED', '2021-12-14 09:03:24.000000', '2021-12-14 09:03:24.000000', '2021-12-14 09:08:24.000000'),
(DEFAULT, 17711, 'Employee 115 submit Report', 'Completed Task.', NULL, 'APPROVED', '2022-01-08 01:34:07.200000', '2022-01-08 01:34:07.200000', '2022-01-08 01:39:07.200000'),
(DEFAULT, 17712, 'Employee 136 submit Report', 'Completed Task.', NULL, 'APPROVED', '2021-12-16 02:54:45.600000', '2021-12-16 02:54:45.600000', '2021-12-16 02:59:45.600000'),
(DEFAULT, 17713, 'Employee 137 submit Report', 'Completed Task.', NULL, 'APPROVED', '2021-12-21 05:24:31.200000', '2021-12-21 05:24:31.200000', '2021-12-21 05:29:31.200000'),
(DEFAULT, 17714, 'Employee 138 submit Report', 'Completed Task.', NULL, 'APPROVED', '2021-12-12 22:41:19.200000', '2021-12-12 22:41:19.200000', '2021-12-12 22:46:19.200000'),
(DEFAULT, 17715, 'Employee 139 submit Report', 'Completed Task.', NULL, 'APPROVED', '2021-12-17 18:27:52.800000', '2021-12-17 18:27:52.800000', '2021-12-17 18:32:52.800000'),
(DEFAULT, 17716, 'Employee 140 submit Report', 'Completed Task.', NULL, 'APPROVED', '2021-12-15 04:49:57.600000', '2021-12-15 04:49:57.600000', '2021-12-15 04:54:57.600000');

-- 2021-12-19 00:25:00.000000
-- 2021-12-19
INSERT INTO task (id, collection_id, created_by_id, root_task_id, name, description, report_format, level, task_type, priority, is_locked, start_date, end_date, deadline, created_time, updated_time)
VALUES (735, 58, 151, NULL, 'Test System Scalability Limits', 'This is Test System Scalability Limits', NULL, 'HARD', 'TEST', 'URGENT', FALSE, '2021-12-19', '2022-01-18', '2021-12-27', '2021-12-19 00:25:00.000000', '2021-12-19 00:25:00.000000');

INSERT INTO task_for_users (id, task_id, assigned_to_id, user_task_status, updated_time, started_time)
VALUES
(17718, 735, 111, 'JOINED', '2021-12-19 00:25:00.000000', '2021-12-20 16:55:43.200000'),
(17719, 735, 112, 'JOINED', '2021-12-19 00:25:00.000000', '2021-12-26 05:13:00.000000'),
(17720, 735, 113, 'JOINED', '2021-12-19 00:25:00.000000', '2021-12-19 13:22:36.000000'),
(17721, 735, 114, 'JOINED', '2021-12-19 00:25:00.000000', '2021-12-19 07:31:14.400000'),
(17722, 735, 115, 'JOINED', '2021-12-19 00:25:00.000000', '2021-12-26 05:13:00.000000'),
(17723, 735, 136, 'JOINED', '2021-12-19 00:25:00.000000', '2021-12-20 09:03:24.000000'),
(17724, 735, 137, 'JOINED', '2021-12-19 00:25:00.000000', '2021-12-19 18:04:50.400000'),
(17725, 735, 138, 'JOINED', '2021-12-19 00:25:00.000000', '2021-12-19 02:20:12.000000'),
(17726, 735, 139, 'JOINED', '2021-12-19 00:25:00.000000', '2021-12-26 05:13:00.000000'),
(17727, 735, 140, 'JOINED', '2021-12-19 00:25:00.000000', '2021-12-19 09:49:28.800000');
INSERT INTO report (id, created_by_id, title, content, rejected_reason, report_status, created_time, updated_time, reviewed_time)
VALUES
(DEFAULT, 17718, 'Employee 111 submit Report', 'Completed Task.', NULL, 'APPROVED', '2022-01-02 07:54:16.800000', '2022-01-02 07:54:16.800000', '2022-01-02 07:59:16.800000'),
(DEFAULT, 17719, 'Employee 112 submit Report', 'Completed Task.', NULL, 'APPROVED', '2022-01-15 11:21:38.400000', '2022-01-15 11:21:38.400000', '2022-01-15 11:26:38.400000'),
(DEFAULT, 17720, 'Employee 113 submit Report', 'Completed Task.', NULL, 'APPROVED', '2022-01-03 11:27:24.000000', '2022-01-03 11:27:24.000000', '2022-01-03 11:32:24.000000'),
(DEFAULT, 17721, 'Employee 114 submit Report', 'Completed Task.', NULL, 'APPROVED', '2021-12-23 21:20:40.800000', '2021-12-23 21:20:40.800000', '2021-12-23 21:25:40.800000'),
(DEFAULT, 17722, 'Employee 115 submit Report', 'Completed Task.', NULL, 'APPROVED', '2022-01-16 08:28:50.400000', '2022-01-16 08:28:50.400000', '2022-01-16 08:33:50.400000'),
(DEFAULT, 17723, 'Employee 136 submit Report', 'Completed Task.', NULL, 'APPROVED', '2021-12-22 17:41:48.000000', '2021-12-22 17:41:48.000000', '2021-12-22 17:46:48.000000'),
(DEFAULT, 17724, 'Employee 137 submit Report', 'Completed Task.', NULL, 'APPROVED', '2021-12-20 22:52:50.400000', '2021-12-20 22:52:50.400000', '2021-12-20 22:57:50.400000'),
(DEFAULT, 17725, 'Employee 138 submit Report', 'Completed Task.', NULL, 'APPROVED', '2021-12-20 14:49:00.000000', '2021-12-20 14:49:00.000000', '2021-12-20 14:54:00.000000'),
(DEFAULT, 17726, 'Employee 139 submit Report', 'Completed Task.', NULL, 'APPROVED', '2022-01-18 04:15:24.000000', '2022-01-18 04:15:24.000000', '2022-01-18 04:20:24.000000'),
(DEFAULT, 17727, 'Employee 140 submit Report', 'Completed Task.', NULL, 'APPROVED', '2021-12-22 16:32:40.800000', '2021-12-22 16:32:40.800000', '2021-12-22 16:37:40.800000');

-- 2021-12-28 00:25:00.000000
-- 2021-12-28
INSERT INTO task (id, collection_id, created_by_id, root_task_id, name, description, report_format, level, task_type, priority, is_locked, start_date, end_date, deadline, created_time, updated_time)
VALUES (736, 58, 151, NULL, 'Test Cold Start Performance', 'This is Test Cold Start Performance', NULL, 'HARD', 'TEST', 'URGENT', FALSE, '2021-12-28', '2022-01-27', '2022-01-05', '2021-12-28 00:25:00.000000', '2021-12-28 00:25:00.000000');

INSERT INTO task_for_users (id, task_id, assigned_to_id, user_task_status, updated_time, started_time)
VALUES
(17729, 736, 111, 'JOINED', '2021-12-28 00:25:00.000000', '2022-01-04 05:13:00.000000'),
(17730, 736, 112, 'JOINED', '2021-12-28 00:25:00.000000', '2021-12-30 21:09:09.600000'),
(17731, 736, 113, 'JOINED', '2021-12-28 00:25:00.000000', '2022-01-04 05:13:00.000000'),
(17732, 736, 114, 'JOINED', '2021-12-28 00:25:00.000000', '2022-01-04 05:13:00.000000'),
(17733, 736, 115, 'JOINED', '2021-12-28 00:25:00.000000', '2022-01-04 05:13:00.000000'),
(17734, 736, 136, 'JOINED', '2021-12-28 00:25:00.000000', '2021-12-28 08:40:21.600000'),
(17735, 736, 137, 'JOINED', '2021-12-28 00:25:00.000000', '2022-01-04 05:13:00.000000'),
(17736, 736, 138, 'JOINED', '2021-12-28 00:25:00.000000', '2021-12-31 21:55:14.400000'),
(17737, 736, 139, 'JOINED', '2021-12-28 00:25:00.000000', '2021-12-29 01:45:38.400000'),
(17738, 736, 140, 'JOINED', '2021-12-28 00:25:00.000000', '2022-01-04 05:13:00.000000');
INSERT INTO report (id, created_by_id, title, content, rejected_reason, report_status, created_time, updated_time, reviewed_time)
VALUES
(DEFAULT, 17729, 'Employee 111 submit Report', 'Completed Task.', NULL, 'APPROVED', '2022-01-21 10:24:02.400000', '2022-01-21 10:24:02.400000', '2022-01-21 10:29:02.400000'),
(DEFAULT, 17730, 'Employee 112 submit Report', 'Completed Task.', NULL, 'APPROVED', '2022-01-04 01:11:04.800000', '2022-01-04 01:11:04.800000', '2022-01-04 01:16:04.800000'),
(DEFAULT, 17731, 'Employee 113 submit Report', 'Completed Task.', NULL, 'APPROVED', '2022-01-26 13:28:21.600000', '2022-01-26 13:28:21.600000', '2022-01-26 13:33:21.600000'),
(DEFAULT, 17732, 'Employee 114 submit Report', 'Completed Task.', NULL, 'APPROVED', '2022-01-27 20:57:38.400000', '2022-01-27 20:57:38.400000', '2022-01-27 21:02:38.400000'),
(DEFAULT, 17733, 'Employee 115 submit Report', 'Completed Task.', NULL, 'APPROVED', '2022-01-24 09:49:28.800000', '2022-01-24 09:49:28.800000', '2022-01-24 09:54:28.800000'),
(DEFAULT, 17734, 'Employee 136 submit Report', 'Completed Task.', NULL, 'APPROVED', '2021-12-29 22:29:48.000000', '2021-12-29 22:29:48.000000', '2021-12-29 22:34:48.000000'),
(DEFAULT, 17735, 'Employee 137 submit Report', 'Completed Task.', NULL, 'APPROVED', '2022-01-22 18:27:52.800000', '2022-01-22 18:27:52.800000', '2022-01-22 18:32:52.800000'),
(DEFAULT, 17736, 'Employee 138 submit Report', 'Completed Task.', NULL, 'APPROVED', '2022-01-02 13:16:50.400000', '2022-01-02 13:16:50.400000', '2022-01-02 13:21:50.400000'),
(DEFAULT, 17737, 'Employee 139 submit Report', 'Completed Task.', NULL, 'APPROVED', '2021-12-30 19:13:57.600000', '2021-12-30 19:13:57.600000', '2021-12-30 19:18:57.600000'),
(DEFAULT, 17738, 'Employee 140 submit Report', 'Completed Task.', NULL, 'APPROVED', '2022-01-21 05:13:00.000000', '2022-01-21 05:13:00.000000', '2022-01-21 05:18:00.000000');

-- 2022-01-06 00:25:00.000000
-- 2022-01-06
INSERT INTO task (id, collection_id, created_by_id, root_task_id, name, description, report_format, level, task_type, priority, is_locked, start_date, end_date, deadline, created_time, updated_time)
VALUES (737, 58, 151, NULL, 'Test Graceful Shutdown', 'This is Test Graceful Shutdown', NULL, 'HARD', 'TEST', 'URGENT', FALSE, '2022-01-06', '2022-02-04', '2022-01-14', '2022-01-06 00:25:00.000000', '2022-01-06 00:25:00.000000');

INSERT INTO task_for_users (id, task_id, assigned_to_id, user_task_status, updated_time, started_time)
VALUES
(17740, 737, 111, 'JOINED', '2022-01-06 00:25:00.000000', '2022-01-13 05:13:00.000000'),
(17741, 737, 112, 'JOINED', '2022-01-06 00:25:00.000000', '2022-01-13 05:13:00.000000'),
(17742, 737, 113, 'JOINED', '2022-01-06 00:25:00.000000', '2022-01-06 10:24:02.400000'),
(17743, 737, 114, 'JOINED', '2022-01-06 00:25:00.000000', '2022-01-06 07:31:14.400000'),
(17744, 737, 115, 'JOINED', '2022-01-06 00:25:00.000000', '2022-01-07 13:11:04.800000'),
(17745, 737, 136, 'JOINED', '2022-01-06 00:25:00.000000', '2022-01-07 16:32:40.800000'),
(17746, 737, 137, 'JOINED', '2022-01-06 00:25:00.000000', '2022-01-06 16:09:38.400000'),
(17747, 737, 138, 'JOINED', '2022-01-06 00:25:00.000000', '2022-01-06 14:37:28.800000'),
(17748, 737, 139, 'JOINED', '2022-01-06 00:25:00.000000', '2022-01-09 12:36:31.200000'),
(17749, 737, 140, 'JOINED', '2022-01-06 00:25:00.000000', '2022-01-07 16:21:09.600000');
INSERT INTO report (id, created_by_id, title, content, rejected_reason, report_status, created_time, updated_time, reviewed_time)
VALUES
(DEFAULT, 17740, 'Employee 111 submit Report', 'Completed Task.', NULL, 'APPROVED', '2022-01-31 00:36:31.200000', '2022-01-31 00:36:31.200000', '2022-01-31 00:41:31.200000'),
(DEFAULT, 17741, 'Employee 112 submit Report', 'Completed Task.', NULL, 'APPROVED', '2022-02-04 06:45:09.600000', '2022-02-04 06:45:09.600000', '2022-02-04 06:50:09.600000'),
(DEFAULT, 17742, 'Employee 113 submit Report', 'Completed Task.', NULL, 'APPROVED', '2022-01-10 23:04:21.600000', '2022-01-10 23:04:21.600000', '2022-01-10 23:09:21.600000'),
(DEFAULT, 17743, 'Employee 114 submit Report', 'Completed Task.', NULL, 'APPROVED', '2022-01-21 17:18:45.600000', '2022-01-21 17:18:45.600000', '2022-01-21 17:23:45.600000'),
(DEFAULT, 17744, 'Employee 115 submit Report', 'Completed Task.', NULL, 'APPROVED', '2022-01-20 11:38:55.200000', '2022-01-20 11:38:55.200000', '2022-01-20 11:43:55.200000'),
(DEFAULT, 17745, 'Employee 136 submit Report', 'Completed Task.', NULL, 'APPROVED', '2022-01-09 16:09:38.400000', '2022-01-09 16:09:38.400000', '2022-01-09 16:14:38.400000'),
(DEFAULT, 17746, 'Employee 137 submit Report', 'Completed Task.', NULL, 'APPROVED', '2022-01-09 12:53:48.000000', '2022-01-09 12:53:48.000000', '2022-01-09 12:58:48.000000'),
(DEFAULT, 17747, 'Employee 138 submit Report', 'Completed Task.', NULL, 'APPROVED', '2022-01-08 08:51:52.800000', '2022-01-08 08:51:52.800000', '2022-01-08 08:56:52.800000'),
(DEFAULT, 17748, 'Employee 139 submit Report', 'Completed Task.', NULL, 'APPROVED', '2022-01-18 12:13:28.800000', '2022-01-18 12:13:28.800000', '2022-01-18 12:18:28.800000'),
(DEFAULT, 17749, 'Employee 140 submit Report', 'Completed Task.', NULL, 'APPROVED', '2022-01-09 08:40:21.600000', '2022-01-09 08:40:21.600000', '2022-01-09 08:45:21.600000');

-- 2022-01-15 00:25:00.000000
-- 2022-01-15
INSERT INTO task (id, collection_id, created_by_id, root_task_id, name, description, report_format, level, task_type, priority, is_locked, start_date, end_date, deadline, created_time, updated_time)
VALUES (738, 58, 151, NULL, 'Test Data Integrity After Failure', 'This is Test Data Integrity After Failure', NULL, 'HARD', 'TEST', 'URGENT', FALSE, '2022-01-15', '2022-02-13', '2022-01-23', '2022-01-15 00:25:00.000000', '2022-01-15 00:25:00.000000');

INSERT INTO task_for_users (id, task_id, assigned_to_id, user_task_status, updated_time, started_time)
VALUES
(17751, 738, 111, 'JOINED', '2022-01-15 00:25:00.000000', '2022-01-22 05:13:00.000000'),
(17752, 738, 112, 'JOINED', '2022-01-15 00:25:00.000000', '2022-01-16 01:57:09.600000'),
(17753, 738, 113, 'JOINED', '2022-01-15 00:25:00.000000', '2022-01-22 05:13:00.000000'),
(17754, 738, 114, 'JOINED', '2022-01-15 00:25:00.000000', '2022-01-16 02:20:12.000000'),
(17755, 738, 115, 'JOINED', '2022-01-15 00:25:00.000000', '2022-01-16 21:32:12.000000'),
(17756, 738, 136, 'JOINED', '2022-01-15 00:25:00.000000', '2022-01-15 10:12:31.200000'),
(17757, 738, 137, 'JOINED', '2022-01-15 00:25:00.000000', '2022-01-17 15:58:07.200000'),
(17758, 738, 138, 'JOINED', '2022-01-15 00:25:00.000000', '2022-01-20 00:25:00.000000'),
(17759, 738, 139, 'JOINED', '2022-01-15 00:25:00.000000', '2022-01-19 00:01:57.600000'),
(17760, 738, 140, 'JOINED', '2022-01-15 00:25:00.000000', '2022-01-16 18:16:21.600000');
INSERT INTO report (id, created_by_id, title, content, rejected_reason, report_status, created_time, updated_time, reviewed_time)
VALUES
(DEFAULT, 17751, 'Employee 111 submit Report', 'Completed Task.', NULL, 'APPROVED', '2022-02-13 21:55:14.400000', '2022-02-13 21:55:14.400000', '2022-02-13 22:00:14.400000'),
(DEFAULT, 17752, 'Employee 112 submit Report', 'Completed Task.', NULL, 'APPROVED', '2022-01-29 22:52:50.400000', '2022-01-29 22:52:50.400000', '2022-01-29 22:57:50.400000'),
(DEFAULT, 17753, 'Employee 113 submit Report', 'Completed Task.', NULL, 'APPROVED', '2022-02-09 16:09:38.400000', '2022-02-09 16:09:38.400000', '2022-02-09 16:14:38.400000'),
(DEFAULT, 17754, 'Employee 114 submit Report', 'Completed Task.', NULL, 'APPROVED', '2022-01-21 23:27:24.000000', '2022-01-21 23:27:24.000000', '2022-01-21 23:32:24.000000'),
(DEFAULT, 17755, 'Employee 115 submit Report', 'Completed Task.', NULL, 'APPROVED', '2022-01-21 18:27:52.800000', '2022-01-21 18:27:52.800000', '2022-01-21 18:32:52.800000'),
(DEFAULT, 17756, 'Employee 136 submit Report', 'Completed Task.', NULL, 'APPROVED', '2022-01-16 15:35:04.800000', '2022-01-16 15:35:04.800000', '2022-01-16 15:40:04.800000'),
(DEFAULT, 17757, 'Employee 137 submit Report', 'Completed Task.', NULL, 'APPROVED', '2022-01-19 19:37:00.000000', '2022-01-19 19:37:00.000000', '2022-01-19 19:42:00.000000'),
(DEFAULT, 17758, 'Employee 138 submit Report', 'Completed Task.', NULL, 'APPROVED', '2022-01-22 15:35:04.800000', '2022-01-22 15:35:04.800000', '2022-01-22 15:40:04.800000'),
(DEFAULT, 17759, 'Employee 139 submit Report', 'Completed Task.', NULL, 'APPROVED', '2022-01-20 10:24:02.400000', '2022-01-20 10:24:02.400000', '2022-01-20 10:29:02.400000'),
(DEFAULT, 17760, 'Employee 140 submit Report', 'Completed Task.', NULL, 'APPROVED', '2022-01-17 23:04:21.600000', '2022-01-17 23:04:21.600000', '2022-01-17 23:09:21.600000');

-- 2022-01-24 00:25:00.000000
-- 2022-01-24
INSERT INTO task (id, collection_id, created_by_id, root_task_id, name, description, report_format, level, task_type, priority, is_locked, start_date, end_date, deadline, created_time, updated_time)
VALUES (739, 58, 151, NULL, 'Test End-to-End Stability', 'This is Test End-to-End Stability', NULL, 'HARD', 'TEST', 'URGENT', FALSE, '2022-01-24', '2022-02-24', '2022-02-01', '2022-01-24 00:25:00.000000', '2022-01-24 00:25:00.000000');

INSERT INTO task_for_users (id, task_id, assigned_to_id, user_task_status, updated_time, started_time)
VALUES
(17762, 739, 111, 'JOINED', '2022-01-24 00:25:00.000000', '2022-01-24 20:46:07.200000'),
(17763, 739, 112, 'JOINED', '2022-01-24 00:25:00.000000', '2022-01-31 05:13:00.000000'),
(17764, 739, 113, 'JOINED', '2022-01-24 00:25:00.000000', '2022-01-31 05:13:00.000000'),
(17765, 739, 114, 'JOINED', '2022-01-24 00:25:00.000000', '2022-01-24 07:37:00.000000'),
(17766, 739, 115, 'JOINED', '2022-01-24 00:25:00.000000', '2022-01-31 05:13:00.000000'),
(17767, 739, 136, 'JOINED', '2022-01-24 00:25:00.000000', '2022-01-27 06:10:36.000000'),
(17768, 739, 137, 'JOINED', '2022-01-24 00:25:00.000000', '2022-01-25 08:28:50.400000'),
(17769, 739, 138, 'JOINED', '2022-01-24 00:25:00.000000', '2022-01-29 04:38:26.400000'),
(17770, 739, 139, 'JOINED', '2022-01-24 00:25:00.000000', '2022-01-25 05:59:04.800000'),
(17771, 739, 140, 'JOINED', '2022-01-24 00:25:00.000000', '2022-01-29 02:43:14.400000');
INSERT INTO report (id, created_by_id, title, content, rejected_reason, report_status, created_time, updated_time, reviewed_time)
VALUES
(DEFAULT, 17762, 'Employee 111 submit Report', 'Completed Task.', NULL, 'APPROVED', '2022-01-29 20:23:04.800000', '2022-01-29 20:23:04.800000', '2022-01-29 20:28:04.800000'),
(DEFAULT, 17763, 'Employee 112 submit Report', 'Completed Task.', NULL, 'APPROVED', '2022-02-24 01:11:04.800000', '2022-02-24 01:11:04.800000', '2022-02-24 01:16:04.800000'),
(DEFAULT, 17764, 'Employee 113 submit Report', 'Completed Task.', NULL, 'APPROVED', '2022-02-22 01:34:07.200000', '2022-02-22 01:34:07.200000', '2022-02-22 01:39:07.200000'),
(DEFAULT, 17765, 'Employee 114 submit Report', 'Completed Task.', NULL, 'APPROVED', '2022-02-08 17:13:00.000000', '2022-02-08 17:13:00.000000', '2022-02-08 17:18:00.000000'),
(DEFAULT, 17766, 'Employee 115 submit Report', 'Completed Task.', NULL, 'APPROVED', '2022-02-23 05:59:04.800000', '2022-02-23 05:59:04.800000', '2022-02-23 06:04:04.800000'),
(DEFAULT, 17767, 'Employee 136 submit Report', 'Completed Task.', NULL, 'APPROVED', '2022-01-29 17:53:19.200000', '2022-01-29 17:53:19.200000', '2022-01-29 17:58:19.200000'),
(DEFAULT, 17768, 'Employee 137 submit Report', 'Completed Task.', NULL, 'APPROVED', '2022-01-30 15:58:07.200000', '2022-01-30 15:58:07.200000', '2022-01-30 16:03:07.200000'),
(DEFAULT, 17769, 'Employee 138 submit Report', 'Completed Task.', NULL, 'APPROVED', '2022-01-31 09:37:57.600000', '2022-01-31 09:37:57.600000', '2022-01-31 09:42:57.600000'),
(DEFAULT, 17770, 'Employee 139 submit Report', 'Completed Task.', NULL, 'APPROVED', '2022-01-26 19:25:28.800000', '2022-01-26 19:25:28.800000', '2022-01-26 19:30:28.800000'),
(DEFAULT, 17771, 'Employee 140 submit Report', 'Completed Task.', NULL, 'APPROVED', '2022-01-30 10:24:02.400000', '2022-01-30 10:24:02.400000', '2022-01-30 10:29:02.400000');

-- 2022-02-02 00:25:00.000000
-- 2022-02-02
INSERT INTO task (id, collection_id, created_by_id, root_task_id, name, description, report_format, level, task_type, priority, is_locked, start_date, end_date, deadline, created_time, updated_time)
VALUES (740, 58, 151, NULL, 'Conduct QA Regression Round', 'This is Conduct QA Regression Round', NULL, 'HARD', 'TEST', 'URGENT', FALSE, '2022-02-02', '2022-03-01', '2022-02-10', '2022-02-02 00:25:00.000000', '2022-02-02 00:25:00.000000');

INSERT INTO task_for_users (id, task_id, assigned_to_id, user_task_status, updated_time, started_time)
VALUES
(17773, 740, 111, 'JOINED', '2022-02-02 00:25:00.000000', '2022-02-09 05:13:00.000000'),
(17774, 740, 112, 'JOINED', '2022-02-02 00:25:00.000000', '2022-02-02 08:11:33.600000'),
(17775, 740, 113, 'JOINED', '2022-02-02 00:25:00.000000', '2022-02-09 05:13:00.000000'),
(17776, 740, 114, 'JOINED', '2022-02-02 00:25:00.000000', '2022-02-03 15:52:21.600000'),
(17777, 740, 115, 'JOINED', '2022-02-02 00:25:00.000000', '2022-02-02 00:48:02.400000'),
(17778, 740, 136, 'JOINED', '2022-02-02 00:25:00.000000', '2022-02-03 00:36:31.200000'),
(17779, 740, 137, 'JOINED', '2022-02-02 00:25:00.000000', '2022-02-02 02:54:45.600000'),
(17780, 740, 138, 'JOINED', '2022-02-02 00:25:00.000000', '2022-02-04 07:54:16.800000'),
(17781, 740, 139, 'JOINED', '2022-02-02 00:25:00.000000', '2022-02-04 07:31:14.400000'),
(17782, 740, 140, 'JOINED', '2022-02-02 00:25:00.000000', '2022-02-04 02:43:14.400000');
INSERT INTO report (id, created_by_id, title, content, rejected_reason, report_status, created_time, updated_time, reviewed_time)
VALUES
(DEFAULT, 17773, 'Employee 111 submit Report', 'Completed Task.', NULL, 'APPROVED', '2022-02-25 08:40:21.600000', '2022-02-25 08:40:21.600000', '2022-02-25 08:45:21.600000'),
(DEFAULT, 17774, 'Employee 112 submit Report', 'Completed Task.', NULL, 'APPROVED', '2022-02-17 16:38:26.400000', '2022-02-17 16:38:26.400000', '2022-02-17 16:43:26.400000'),
(DEFAULT, 17775, 'Employee 113 submit Report', 'Completed Task.', NULL, 'APPROVED', '2022-03-01 21:43:43.200000', '2022-03-01 21:43:43.200000', '2022-03-01 21:48:43.200000'),
(DEFAULT, 17776, 'Employee 114 submit Report', 'Completed Task.', NULL, 'APPROVED', '2022-02-16 08:57:38.400000', '2022-02-16 08:57:38.400000', '2022-02-16 09:02:38.400000'),
(DEFAULT, 17777, 'Employee 115 submit Report', 'Completed Task.', NULL, 'APPROVED', '2022-02-06 19:13:57.600000', '2022-02-06 19:13:57.600000', '2022-02-06 19:18:57.600000'),
(DEFAULT, 17778, 'Employee 136 submit Report', 'Completed Task.', NULL, 'APPROVED', '2022-02-04 10:01:00.000000', '2022-02-04 10:01:00.000000', '2022-02-04 10:06:00.000000'),
(DEFAULT, 17779, 'Employee 137 submit Report', 'Completed Task.', NULL, 'APPROVED', '2022-02-05 02:20:12.000000', '2022-02-05 02:20:12.000000', '2022-02-05 02:25:12.000000'),
(DEFAULT, 17780, 'Employee 138 submit Report', 'Completed Task.', NULL, 'APPROVED', '2022-02-06 04:49:57.600000', '2022-02-06 04:49:57.600000', '2022-02-06 04:54:57.600000'),
(DEFAULT, 17781, 'Employee 139 submit Report', 'Completed Task.', NULL, 'APPROVED', '2022-02-08 02:31:43.200000', '2022-02-08 02:31:43.200000', '2022-02-08 02:36:43.200000'),
(DEFAULT, 17782, 'Employee 140 submit Report', 'Completed Task.', NULL, 'APPROVED', '2022-02-06 20:46:07.200000', '2022-02-06 20:46:07.200000', '2022-02-06 20:51:07.200000');

-- 2022-02-11 00:25:00.000000
-- 2022-02-11
INSERT INTO task (id, collection_id, created_by_id, root_task_id, name, description, report_format, level, task_type, priority, is_locked, start_date, end_date, deadline, created_time, updated_time)
VALUES (741, 58, 151, NULL, 'Finalize QA Test Summary', 'This is Finalize QA Test Summary', NULL, 'HARD', 'TEST', 'URGENT', FALSE, '2022-02-11', '2022-03-10', '2022-02-19', '2022-02-11 00:25:00.000000', '2022-02-11 00:25:00.000000');

INSERT INTO task_for_users (id, task_id, assigned_to_id, user_task_status, updated_time, started_time)
VALUES
(17784, 741, 111, 'JOINED', '2022-02-11 00:25:00.000000', '2022-02-11 23:04:21.600000'),
(17785, 741, 112, 'JOINED', '2022-02-11 00:25:00.000000', '2022-02-18 05:13:00.000000'),
(17786, 741, 113, 'JOINED', '2022-02-11 00:25:00.000000', '2022-02-11 03:40:50.400000'),
(17787, 741, 114, 'JOINED', '2022-02-11 00:25:00.000000', '2022-02-11 14:02:55.200000'),
(17788, 741, 115, 'JOINED', '2022-02-11 00:25:00.000000', '2022-02-12 00:53:48.000000'),
(17789, 741, 136, 'JOINED', '2022-02-11 00:25:00.000000', '2022-02-13 00:01:57.600000'),
(17790, 741, 137, 'JOINED', '2022-02-11 00:25:00.000000', '2022-02-15 15:12:02.400000'),
(17791, 741, 138, 'JOINED', '2022-02-11 00:25:00.000000', '2022-02-13 08:40:21.600000'),
(17792, 741, 139, 'JOINED', '2022-02-11 00:25:00.000000', '2022-02-11 09:03:24.000000'),
(17793, 741, 140, 'JOINED', '2022-02-11 00:25:00.000000', '2022-02-14 12:19:14.400000');
INSERT INTO report (id, created_by_id, title, content, rejected_reason, report_status, created_time, updated_time, reviewed_time)
VALUES
(DEFAULT, 17784, 'Employee 111 submit Report', 'Completed Task.', NULL, 'APPROVED', '2022-02-16 13:28:21.600000', '2022-02-16 13:28:21.600000', '2022-02-16 13:33:21.600000'),
(DEFAULT, 17785, 'Employee 112 submit Report', 'Completed Task.', NULL, 'APPROVED', '2022-03-10 08:17:19.200000', '2022-03-10 08:17:19.200000', '2022-03-10 08:22:19.200000'),
(DEFAULT, 17786, 'Employee 113 submit Report', 'Completed Task.', NULL, 'APPROVED', '2022-02-16 05:13:00.000000', '2022-02-16 05:13:00.000000', '2022-02-16 05:18:00.000000'),
(DEFAULT, 17787, 'Employee 114 submit Report', 'Completed Task.', NULL, 'APPROVED', '2022-02-15 15:00:31.200000', '2022-02-15 15:00:31.200000', '2022-02-15 15:05:31.200000'),
(DEFAULT, 17788, 'Employee 115 submit Report', 'Completed Task.', NULL, 'APPROVED', '2022-02-25 23:56:12.000000', '2022-02-25 23:56:12.000000', '2022-02-26 00:01:12.000000'),
(DEFAULT, 17789, 'Employee 136 submit Report', 'Completed Task.', NULL, 'APPROVED', '2022-02-15 15:12:02.400000', '2022-02-15 15:12:02.400000', '2022-02-15 15:17:02.400000'),
(DEFAULT, 17790, 'Employee 137 submit Report', 'Completed Task.', NULL, 'APPROVED', '2022-02-16 20:00:02.400000', '2022-02-16 20:00:02.400000', '2022-02-16 20:05:02.400000'),
(DEFAULT, 17791, 'Employee 138 submit Report', 'Completed Task.', NULL, 'APPROVED', '2022-02-15 10:47:04.800000', '2022-02-15 10:47:04.800000', '2022-02-15 10:52:04.800000'),
(DEFAULT, 17792, 'Employee 139 submit Report', 'Completed Task.', NULL, 'APPROVED', '2022-02-15 12:53:48.000000', '2022-02-15 12:53:48.000000', '2022-02-15 12:58:48.000000'),
(DEFAULT, 17793, 'Employee 140 submit Report', 'Completed Task.', NULL, 'APPROVED', '2022-02-17 05:59:04.800000', '2022-02-17 05:59:04.800000', '2022-02-17 06:04:04.800000');

-- 2022-02-20 00:25:00.000000
-- 2022-02-20
INSERT INTO task (id, collection_id, created_by_id, root_task_id, name, description, report_format, level, task_type, priority, is_locked, start_date, end_date, deadline, created_time, updated_time)
VALUES (742, 58, 151, NULL, 'Sign Off QA Phase', 'This is Sign Off QA Phase', NULL, 'HARD', 'TEST', 'URGENT', FALSE, '2022-02-20', '2022-03-20', '2022-02-28', '2022-02-20 00:25:00.000000', '2022-02-20 00:25:00.000000');

INSERT INTO task_for_users (id, task_id, assigned_to_id, user_task_status, updated_time, started_time)
VALUES
(17795, 742, 111, 'JOINED', '2022-02-20 00:25:00.000000', '2022-02-20 03:52:21.600000'),
(17796, 742, 112, 'JOINED', '2022-02-20 00:25:00.000000', '2022-02-20 21:09:09.600000'),
(17797, 742, 113, 'JOINED', '2022-02-20 00:25:00.000000', '2022-02-27 05:13:00.000000'),
(17798, 742, 114, 'JOINED', '2022-02-20 00:25:00.000000', '2022-02-20 16:44:12.000000'),
(17799, 742, 115, 'JOINED', '2022-02-20 00:25:00.000000', '2022-02-21 01:11:04.800000'),
(17800, 742, 136, 'JOINED', '2022-02-20 00:25:00.000000', '2022-02-20 14:54:45.600000'),
(17801, 742, 137, 'JOINED', '2022-02-20 00:25:00.000000', '2022-02-21 11:27:24.000000'),
(17802, 742, 138, 'JOINED', '2022-02-20 00:25:00.000000', '2022-02-20 20:11:33.600000'),
(17803, 742, 139, 'JOINED', '2022-02-20 00:25:00.000000', '2022-02-20 13:05:19.200000'),
(17804, 742, 140, 'JOINED', '2022-02-20 00:25:00.000000', '2022-02-24 10:24:02.400000');
INSERT INTO report (id, created_by_id, title, content, rejected_reason, report_status, created_time, updated_time, reviewed_time)
VALUES
(DEFAULT, 17795, 'Employee 111 submit Report', 'Completed Task.', NULL, 'APPROVED', '2022-02-25 10:01:00.000000', '2022-02-25 10:01:00.000000', '2022-02-25 10:06:00.000000'),
(DEFAULT, 17796, 'Employee 112 submit Report', 'Completed Task.', NULL, 'APPROVED', '2022-02-25 00:25:00.000000', '2022-02-25 00:25:00.000000', '2022-02-25 00:30:00.000000'),
(DEFAULT, 17797, 'Employee 113 submit Report', 'Completed Task.', NULL, 'APPROVED', '2022-03-20 13:05:19.200000', '2022-03-20 13:05:19.200000', '2022-03-20 13:10:19.200000'),
(DEFAULT, 17798, 'Employee 114 submit Report', 'Completed Task.', NULL, 'APPROVED', '2022-03-07 08:05:48.000000', '2022-03-07 08:05:48.000000', '2022-03-07 08:10:48.000000'),
(DEFAULT, 17799, 'Employee 115 submit Report', 'Completed Task.', NULL, 'APPROVED', '2022-02-25 22:41:19.200000', '2022-02-25 22:41:19.200000', '2022-02-25 22:46:19.200000'),
(DEFAULT, 17800, 'Employee 136 submit Report', 'Completed Task.', NULL, 'APPROVED', '2022-03-07 09:55:14.400000', '2022-03-07 09:55:14.400000', '2022-03-07 10:00:14.400000'),
(DEFAULT, 17801, 'Employee 137 submit Report', 'Completed Task.', NULL, 'APPROVED', '2022-03-06 13:22:36.000000', '2022-03-06 13:22:36.000000', '2022-03-06 13:27:36.000000'),
(DEFAULT, 17802, 'Employee 138 submit Report', 'Completed Task.', NULL, 'APPROVED', '2022-02-22 19:25:28.800000', '2022-02-22 19:25:28.800000', '2022-02-22 19:30:28.800000'),
(DEFAULT, 17803, 'Employee 139 submit Report', 'Completed Task.', NULL, 'APPROVED', '2022-02-22 22:52:50.400000', '2022-02-22 22:52:50.400000', '2022-02-22 22:57:50.400000'),
(DEFAULT, 17804, 'Employee 140 submit Report', 'Completed Task.', NULL, 'APPROVED', '2022-02-27 01:11:04.800000', '2022-02-27 01:11:04.800000', '2022-02-27 01:16:04.800000');

INSERT INTO `phase` (`id`, `created_time`, `description`, `due_date`, `start_date`, `name`, `updated_time`, `project_id`, `created_by_id`)
VALUES (10, '2022-02-28 00:25:00.000000', 'This is Refactor Testing', '2024-07-18', '2022-02-28', 'Refactor Testing', '2022-02-28 00:25:00.000000', 3, 154);


INSERT INTO collection (`id`, `created_time`, `description`, `due_date`, `start_date`, `name`, `updated_time`, `phase_id`, `created_by_id`)
VALUES (59, '2022-02-28 00:30:00.000000', 'This is Regression Testing After Refactor', '2023-02-02', '2022-02-28', 'Regression Testing After Refactor', '2022-02-28 00:30:00.000000', 10, 154);


-- 2022-03-01 00:35:00.000000
-- 2022-03-01
INSERT INTO task (id, collection_id, created_by_id, root_task_id, name, description, report_format, level, task_type, priority, is_locked, start_date, end_date, deadline, created_time, updated_time)
VALUES (743, 59, 151, NULL, 'Verify No Regression in Authentication Flow', 'This is Verify No Regression in Authentication Flow', NULL, 'HARD', 'TEST', 'URGENT', FALSE, '2022-03-01', '2022-03-31', '2022-03-09', '2022-03-01 00:35:00.000000', '2022-03-01 00:35:00.000000');

INSERT INTO task_for_users (id, task_id, assigned_to_id, user_task_status, updated_time, started_time)
VALUES
(17806, 743, 111, 'JOINED', '2022-03-01 00:35:00.000000', '2022-03-02 16:25:24.000000'),
(17807, 743, 112, 'JOINED', '2022-03-01 00:35:00.000000', '2022-03-08 05:23:00.000000'),
(17808, 743, 113, 'JOINED', '2022-03-01 00:35:00.000000', '2022-03-08 05:23:00.000000'),
(17809, 743, 114, 'JOINED', '2022-03-01 00:35:00.000000', '2022-03-02 02:24:26.400000'),
(17810, 743, 115, 'JOINED', '2022-03-01 00:35:00.000000', '2022-03-08 05:23:00.000000'),
(17811, 743, 136, 'JOINED', '2022-03-01 00:35:00.000000', '2022-03-03 05:46:02.400000'),
(17812, 743, 137, 'JOINED', '2022-03-01 00:35:00.000000', '2022-03-08 05:23:00.000000'),
(17813, 743, 138, 'JOINED', '2022-03-01 00:35:00.000000', '2022-03-08 05:23:00.000000'),
(17814, 743, 139, 'JOINED', '2022-03-01 00:35:00.000000', '2022-03-02 11:14:21.600000'),
(17815, 743, 140, 'JOINED', '2022-03-01 00:35:00.000000', '2022-03-01 04:13:52.800000');
INSERT INTO report (id, created_by_id, title, content, rejected_reason, report_status, created_time, updated_time, reviewed_time)
VALUES
(DEFAULT, 17806, 'Employee 111 submit Report', 'Completed Task.', NULL, 'APPROVED', '2022-03-15 08:44:36.000000', '2022-03-15 08:44:36.000000', '2022-03-15 08:49:36.000000'),
(DEFAULT, 17807, 'Employee 112 submit Report', 'Completed Task.', NULL, 'APPROVED', '2022-03-27 06:43:38.400000', '2022-03-27 06:43:38.400000', '2022-03-27 06:48:38.400000'),
(DEFAULT, 17808, 'Employee 113 submit Report', 'Completed Task.', NULL, 'APPROVED', '2022-03-28 05:34:31.200000', '2022-03-28 05:34:31.200000', '2022-03-28 05:39:31.200000'),
(DEFAULT, 17809, 'Employee 114 submit Report', 'Completed Task.', NULL, 'APPROVED', '2022-03-15 22:45:33.600000', '2022-03-15 22:45:33.600000', '2022-03-15 22:50:33.600000'),
(DEFAULT, 17810, 'Employee 115 submit Report', 'Completed Task.', NULL, 'APPROVED', '2022-03-31 12:52:16.800000', '2022-03-31 12:52:16.800000', '2022-03-31 12:57:16.800000'),
(DEFAULT, 17811, 'Employee 136 submit Report', 'Completed Task.', NULL, 'APPROVED', '2022-03-05 10:34:02.400000', '2022-03-05 10:34:02.400000', '2022-03-05 10:39:02.400000'),
(DEFAULT, 17812, 'Employee 137 submit Report', 'Completed Task.', NULL, 'APPROVED', '2022-03-25 13:03:48.000000', '2022-03-25 13:03:48.000000', '2022-03-25 13:08:48.000000'),
(DEFAULT, 17813, 'Employee 138 submit Report', 'Completed Task.', NULL, 'APPROVED', '2022-03-27 00:58:02.400000', '2022-03-27 00:58:02.400000', '2022-03-27 01:03:02.400000'),
(DEFAULT, 17814, 'Employee 139 submit Report', 'Completed Task.', NULL, 'APPROVED', '2022-03-15 13:55:38.400000', '2022-03-15 13:55:38.400000', '2022-03-15 14:00:38.400000'),
(DEFAULT, 17815, 'Employee 140 submit Report', 'Completed Task.', NULL, 'APPROVED', '2022-03-04 04:13:52.800000', '2022-03-04 04:13:52.800000', '2022-03-04 04:18:52.800000');

-- 2022-03-10 00:35:00.000000
-- 2022-03-10
INSERT INTO task (id, collection_id, created_by_id, root_task_id, name, description, report_format, level, task_type, priority, is_locked, start_date, end_date, deadline, created_time, updated_time)
VALUES (744, 59, 151, NULL, 'Verify No Regression in Authorization Rules', 'This is Verify No Regression in Authorization Rules', NULL, 'HARD', 'TEST', 'URGENT', FALSE, '2022-03-10', '2022-04-05', '2022-03-18', '2022-03-10 00:35:00.000000', '2022-03-10 00:35:00.000000');

INSERT INTO task_for_users (id, task_id, assigned_to_id, user_task_status, updated_time, started_time)
VALUES
(17817, 744, 111, 'JOINED', '2022-03-10 00:35:00.000000', '2022-03-17 05:23:00.000000'),
(17818, 744, 112, 'JOINED', '2022-03-10 00:35:00.000000', '2022-03-17 05:23:00.000000'),
(17819, 744, 113, 'JOINED', '2022-03-10 00:35:00.000000', '2022-03-17 05:23:00.000000'),
(17820, 744, 114, 'JOINED', '2022-03-10 00:35:00.000000', '2022-03-12 15:10:31.200000'),
(17821, 744, 115, 'JOINED', '2022-03-10 00:35:00.000000', '2022-03-17 05:23:00.000000'),
(17822, 744, 136, 'JOINED', '2022-03-10 00:35:00.000000', '2022-03-10 13:49:52.800000'),
(17823, 744, 137, 'JOINED', '2022-03-10 00:35:00.000000', '2022-03-11 07:35:28.800000'),
(17824, 744, 138, 'JOINED', '2022-03-10 00:35:00.000000', '2022-03-11 05:40:16.800000'),
(17825, 744, 139, 'JOINED', '2022-03-10 00:35:00.000000', '2022-03-14 08:38:50.400000'),
(17826, 744, 140, 'JOINED', '2022-03-10 00:35:00.000000', '2022-03-10 21:42:12.000000');
INSERT INTO report (id, created_by_id, title, content, rejected_reason, report_status, created_time, updated_time, reviewed_time)
VALUES
(DEFAULT, 17817, 'Employee 111 submit Report', 'Completed Task.', NULL, 'APPROVED', '2022-04-03 07:29:43.200000', '2022-04-03 07:29:43.200000', '2022-04-03 07:34:43.200000'),
(DEFAULT, 17818, 'Employee 112 submit Report', 'Completed Task.', NULL, 'APPROVED', '2022-04-03 14:47:28.800000', '2022-04-03 14:47:28.800000', '2022-04-03 14:52:28.800000'),
(DEFAULT, 17819, 'Employee 113 submit Report', 'Completed Task.', NULL, 'APPROVED', '2022-04-05 17:51:48.000000', '2022-04-05 17:51:48.000000', '2022-04-05 17:56:48.000000'),
(DEFAULT, 17820, 'Employee 114 submit Report', 'Completed Task.', NULL, 'APPROVED', '2022-03-16 20:10:02.400000', '2022-03-16 20:10:02.400000', '2022-03-16 20:15:02.400000'),
(DEFAULT, 17821, 'Employee 115 submit Report', 'Completed Task.', NULL, 'APPROVED', '2022-04-02 13:26:50.400000', '2022-04-02 13:26:50.400000', '2022-04-02 13:31:50.400000'),
(DEFAULT, 17822, 'Employee 136 submit Report', 'Completed Task.', NULL, 'APPROVED', '2022-03-11 19:58:31.200000', '2022-03-11 19:58:31.200000', '2022-03-11 20:03:31.200000'),
(DEFAULT, 17823, 'Employee 137 submit Report', 'Completed Task.', NULL, 'APPROVED', '2022-03-24 17:34:31.200000', '2022-03-24 17:34:31.200000', '2022-03-24 17:39:31.200000'),
(DEFAULT, 17824, 'Employee 138 submit Report', 'Completed Task.', NULL, 'APPROVED', '2022-03-24 19:29:43.200000', '2022-03-24 19:29:43.200000', '2022-03-24 19:34:43.200000'),
(DEFAULT, 17825, 'Employee 139 submit Report', 'Completed Task.', NULL, 'APPROVED', '2022-03-17 12:17:43.200000', '2022-03-17 12:17:43.200000', '2022-03-17 12:22:43.200000'),
(DEFAULT, 17826, 'Employee 140 submit Report', 'Completed Task.', NULL, 'APPROVED', '2022-03-17 14:24:26.400000', '2022-03-17 14:24:26.400000', '2022-03-17 14:29:26.400000');

-- 2022-03-19 00:35:00.000000
-- 2022-03-19
INSERT INTO task (id, collection_id, created_by_id, root_task_id, name, description, report_format, level, task_type, priority, is_locked, start_date, end_date, deadline, created_time, updated_time)
VALUES (745, 59, 151, NULL, 'Verify CV Creation After Refactor', 'This is Verify CV Creation After Refactor', NULL, 'HARD', 'TEST', 'URGENT', FALSE, '2022-03-19', '2022-04-16', '2022-03-27', '2022-03-19 00:35:00.000000', '2022-03-19 00:35:00.000000');

INSERT INTO task_for_users (id, task_id, assigned_to_id, user_task_status, updated_time, started_time)
VALUES
(17828, 745, 111, 'JOINED', '2022-03-19 00:35:00.000000', '2022-03-26 05:23:00.000000'),
(17829, 745, 112, 'JOINED', '2022-03-19 00:35:00.000000', '2022-03-26 05:23:00.000000'),
(17830, 745, 113, 'JOINED', '2022-03-19 00:35:00.000000', '2022-03-20 05:23:00.000000'),
(17831, 745, 114, 'JOINED', '2022-03-19 00:35:00.000000', '2022-03-19 21:30:40.800000'),
(17832, 745, 115, 'JOINED', '2022-03-19 00:35:00.000000', '2022-03-19 03:04:45.600000'),
(17833, 745, 136, 'JOINED', '2022-03-19 00:35:00.000000', '2022-03-22 13:26:50.400000'),
(17834, 745, 137, 'JOINED', '2022-03-19 00:35:00.000000', '2022-03-20 02:18:40.800000'),
(17835, 745, 138, 'JOINED', '2022-03-19 00:35:00.000000', '2022-03-19 19:00:55.200000'),
(17836, 745, 139, 'JOINED', '2022-03-19 00:35:00.000000', '2022-03-20 12:40:45.600000'),
(17837, 745, 140, 'JOINED', '2022-03-19 00:35:00.000000', '2022-03-26 05:23:00.000000');
INSERT INTO report (id, created_by_id, title, content, rejected_reason, report_status, created_time, updated_time, reviewed_time)
VALUES
(DEFAULT, 17828, 'Employee 111 submit Report', 'Completed Task.', NULL, 'APPROVED', '2022-04-13 13:49:52.800000', '2022-04-13 13:49:52.800000', '2022-04-13 13:54:52.800000'),
(DEFAULT, 17829, 'Employee 112 submit Report', 'Completed Task.', NULL, 'APPROVED', '2022-04-13 00:00:26.400000', '2022-04-13 00:00:26.400000', '2022-04-13 00:05:26.400000'),
(DEFAULT, 17830, 'Employee 113 submit Report', 'Completed Task.', NULL, 'APPROVED', '2022-03-24 15:56:36.000000', '2022-03-24 15:56:36.000000', '2022-03-24 16:01:36.000000'),
(DEFAULT, 17831, 'Employee 114 submit Report', 'Completed Task.', NULL, 'APPROVED', '2022-04-03 03:39:19.200000', '2022-04-03 03:39:19.200000', '2022-04-03 03:44:19.200000'),
(DEFAULT, 17832, 'Employee 115 submit Report', 'Completed Task.', NULL, 'APPROVED', '2022-03-23 08:15:48.000000', '2022-03-23 08:15:48.000000', '2022-03-23 08:20:48.000000'),
(DEFAULT, 17833, 'Employee 136 submit Report', 'Completed Task.', NULL, 'APPROVED', '2022-03-26 20:56:07.200000', '2022-03-26 20:56:07.200000', '2022-03-26 21:01:07.200000'),
(DEFAULT, 17834, 'Employee 137 submit Report', 'Completed Task.', NULL, 'APPROVED', '2022-03-23 15:33:33.600000', '2022-03-23 15:33:33.600000', '2022-03-23 15:38:33.600000'),
(DEFAULT, 17835, 'Employee 138 submit Report', 'Completed Task.', NULL, 'APPROVED', '2022-03-21 14:59:00.000000', '2022-03-21 14:59:00.000000', '2022-03-21 15:04:00.000000'),
(DEFAULT, 17836, 'Employee 139 submit Report', 'Completed Task.', NULL, 'APPROVED', '2022-03-22 15:22:02.400000', '2022-03-22 15:22:02.400000', '2022-03-22 15:27:02.400000'),
(DEFAULT, 17837, 'Employee 140 submit Report', 'Completed Task.', NULL, 'APPROVED', '2022-04-16 19:58:31.200000', '2022-04-16 19:58:31.200000', '2022-04-16 20:03:31.200000');

-- 2022-03-28 00:35:00.000000
-- 2022-03-28
INSERT INTO task (id, collection_id, created_by_id, root_task_id, name, description, report_format, level, task_type, priority, is_locked, start_date, end_date, deadline, created_time, updated_time)
VALUES (746, 59, 151, NULL, 'Verify CV Editing After Refactor', 'This is Verify CV Editing After Refactor', NULL, 'HARD', 'TEST', 'URGENT', FALSE, '2022-03-28', '2022-04-27', '2022-04-05', '2022-03-28 00:35:00.000000', '2022-03-28 00:35:00.000000');

INSERT INTO task_for_users (id, task_id, assigned_to_id, user_task_status, updated_time, started_time)
VALUES
(17839, 746, 111, 'JOINED', '2022-03-28 00:35:00.000000', '2022-04-04 05:23:00.000000'),
(17840, 746, 112, 'JOINED', '2022-03-28 00:35:00.000000', '2022-04-04 05:23:00.000000'),
(17841, 746, 113, 'JOINED', '2022-03-28 00:35:00.000000', '2022-03-29 12:29:14.400000'),
(17842, 746, 114, 'JOINED', '2022-03-28 00:35:00.000000', '2022-04-04 05:23:00.000000'),
(17843, 746, 115, 'JOINED', '2022-03-28 00:35:00.000000', '2022-04-04 05:23:00.000000'),
(17844, 746, 136, 'JOINED', '2022-03-28 00:35:00.000000', '2022-03-31 08:38:50.400000'),
(17845, 746, 137, 'JOINED', '2022-03-28 00:35:00.000000', '2022-04-04 05:23:00.000000'),
(17846, 746, 138, 'JOINED', '2022-03-28 00:35:00.000000', '2022-03-29 04:19:38.400000'),
(17847, 746, 139, 'JOINED', '2022-03-28 00:35:00.000000', '2022-03-30 09:24:55.200000'),
(17848, 746, 140, 'JOINED', '2022-03-28 00:35:00.000000', '2022-03-31 19:35:28.800000');
INSERT INTO report (id, created_by_id, title, content, rejected_reason, report_status, created_time, updated_time, reviewed_time)
VALUES
(DEFAULT, 17839, 'Employee 111 submit Report', 'Completed Task.', NULL, 'APPROVED', '2022-04-27 21:30:40.800000', '2022-04-27 21:30:40.800000', '2022-04-27 21:35:40.800000'),
(DEFAULT, 17840, 'Employee 112 submit Report', 'Completed Task.', NULL, 'APPROVED', '2022-04-24 05:57:33.600000', '2022-04-24 05:57:33.600000', '2022-04-24 06:02:33.600000'),
(DEFAULT, 17841, 'Employee 113 submit Report', 'Completed Task.', NULL, 'APPROVED', '2022-04-11 12:40:45.600000', '2022-04-11 12:40:45.600000', '2022-04-11 12:45:45.600000'),
(DEFAULT, 17842, 'Employee 114 submit Report', 'Completed Task.', NULL, 'APPROVED', '2022-04-26 12:52:16.800000', '2022-04-26 12:52:16.800000', '2022-04-26 12:57:16.800000'),
(DEFAULT, 17843, 'Employee 115 submit Report', 'Completed Task.', NULL, 'APPROVED', '2022-04-25 14:24:26.400000', '2022-04-25 14:24:26.400000', '2022-04-25 14:29:26.400000'),
(DEFAULT, 17844, 'Employee 136 submit Report', 'Completed Task.', NULL, 'APPROVED', '2022-04-04 05:34:31.200000', '2022-04-04 05:34:31.200000', '2022-04-04 05:39:31.200000'),
(DEFAULT, 17845, 'Employee 137 submit Report', 'Completed Task.', NULL, 'APPROVED', '2022-04-25 10:22:31.200000', '2022-04-25 10:22:31.200000', '2022-04-25 10:27:31.200000'),
(DEFAULT, 17846, 'Employee 138 submit Report', 'Completed Task.', NULL, 'APPROVED', '2022-04-11 20:50:21.600000', '2022-04-11 20:50:21.600000', '2022-04-11 20:55:21.600000'),
(DEFAULT, 17847, 'Employee 139 submit Report', 'Completed Task.', NULL, 'APPROVED', '2022-04-01 04:36:55.200000', '2022-04-01 04:36:55.200000', '2022-04-01 04:41:55.200000'),
(DEFAULT, 17848, 'Employee 140 submit Report', 'Completed Task.', NULL, 'APPROVED', '2022-04-03 06:55:09.600000', '2022-04-03 06:55:09.600000', '2022-04-03 07:00:09.600000');

-- 2022-04-06 00:35:00.000000
-- 2022-04-06
INSERT INTO task (id, collection_id, created_by_id, root_task_id, name, description, report_format, level, task_type, priority, is_locked, start_date, end_date, deadline, created_time, updated_time)
VALUES (747, 59, 151, NULL, 'Verify CV Submission After Refactor', 'This is Verify CV Submission After Refactor', NULL, 'HARD', 'TEST', 'URGENT', FALSE, '2022-04-06', '2022-05-07', '2022-04-14', '2022-04-06 00:35:00.000000', '2022-04-06 00:35:00.000000');

INSERT INTO task_for_users (id, task_id, assigned_to_id, user_task_status, updated_time, started_time)
VALUES
(17850, 747, 111, 'JOINED', '2022-04-06 00:35:00.000000', '2022-04-06 08:50:21.600000'),
(17851, 747, 112, 'JOINED', '2022-04-06 00:35:00.000000', '2022-04-06 01:21:04.800000'),
(17852, 747, 113, 'JOINED', '2022-04-06 00:35:00.000000', '2022-04-06 17:57:33.600000'),
(17853, 747, 114, 'JOINED', '2022-04-06 00:35:00.000000', '2022-04-13 05:23:00.000000'),
(17854, 747, 115, 'JOINED', '2022-04-06 00:35:00.000000', '2022-04-08 11:20:07.200000'),
(17855, 747, 136, 'JOINED', '2022-04-06 00:35:00.000000', '2022-04-07 14:12:55.200000'),
(17856, 747, 137, 'JOINED', '2022-04-06 00:35:00.000000', '2022-04-09 01:44:07.200000'),
(17857, 747, 138, 'JOINED', '2022-04-06 00:35:00.000000', '2022-04-06 17:28:45.600000'),
(17858, 747, 139, 'JOINED', '2022-04-06 00:35:00.000000', '2022-04-13 05:23:00.000000'),
(17859, 747, 140, 'JOINED', '2022-04-06 00:35:00.000000', '2022-04-13 05:23:00.000000');
INSERT INTO report (id, created_by_id, title, content, rejected_reason, report_status, created_time, updated_time, reviewed_time)
VALUES
(DEFAULT, 17850, 'Employee 111 submit Report', 'Completed Task.', NULL, 'APPROVED', '2022-04-10 19:00:55.200000', '2022-04-10 19:00:55.200000', '2022-04-10 19:05:55.200000'),
(DEFAULT, 17851, 'Employee 112 submit Report', 'Completed Task.', NULL, 'APPROVED', '2022-04-21 23:48:55.200000', '2022-04-21 23:48:55.200000', '2022-04-21 23:53:55.200000'),
(DEFAULT, 17852, 'Employee 113 submit Report', 'Completed Task.', NULL, 'APPROVED', '2022-04-21 07:12:26.400000', '2022-04-21 07:12:26.400000', '2022-04-21 07:17:26.400000'),
(DEFAULT, 17853, 'Employee 114 submit Report', 'Completed Task.', NULL, 'APPROVED', '2022-05-07 01:21:04.800000', '2022-05-07 01:21:04.800000', '2022-05-07 01:26:04.800000'),
(DEFAULT, 17854, 'Employee 115 submit Report', 'Completed Task.', NULL, 'APPROVED', '2022-04-13 05:46:02.400000', '2022-04-13 05:46:02.400000', '2022-04-13 05:51:02.400000'),
(DEFAULT, 17855, 'Employee 136 submit Report', 'Completed Task.', NULL, 'APPROVED', '2022-04-11 22:28:16.800000', '2022-04-11 22:28:16.800000', '2022-04-11 22:33:16.800000'),
(DEFAULT, 17856, 'Employee 137 submit Report', 'Completed Task.', NULL, 'APPROVED', '2022-04-13 19:58:31.200000', '2022-04-13 19:58:31.200000', '2022-04-13 20:03:31.200000'),
(DEFAULT, 17857, 'Employee 138 submit Report', 'Completed Task.', NULL, 'APPROVED', '2022-04-07 23:25:52.800000', '2022-04-07 23:25:52.800000', '2022-04-07 23:30:52.800000'),
(DEFAULT, 17858, 'Employee 139 submit Report', 'Completed Task.', NULL, 'APPROVED', '2022-04-29 21:07:38.400000', '2022-04-29 21:07:38.400000', '2022-04-29 21:12:38.400000'),
(DEFAULT, 17859, 'Employee 140 submit Report', 'Completed Task.', NULL, 'APPROVED', '2022-05-06 21:53:43.200000', '2022-05-06 21:53:43.200000', '2022-05-06 21:58:43.200000');

-- 2022-04-15 00:35:00.000000
-- 2022-04-15
INSERT INTO task (id, collection_id, created_by_id, root_task_id, name, description, report_format, level, task_type, priority, is_locked, start_date, end_date, deadline, created_time, updated_time)
VALUES (748, 59, 151, NULL, 'Verify CV Validation Rules After Refactor', 'This is Verify CV Validation Rules After Refactor', NULL, 'HARD', 'TEST', 'URGENT', FALSE, '2022-04-15', '2022-05-16', '2022-04-23', '2022-04-15 00:35:00.000000', '2022-04-15 00:35:00.000000');

INSERT INTO task_for_users (id, task_id, assigned_to_id, user_task_status, updated_time, started_time)
VALUES
(17861, 748, 111, 'JOINED', '2022-04-15 00:35:00.000000', '2022-04-22 05:23:00.000000'),
(17862, 748, 112, 'JOINED', '2022-04-15 00:35:00.000000', '2022-04-22 05:23:00.000000'),
(17863, 748, 113, 'JOINED', '2022-04-15 00:35:00.000000', '2022-04-16 19:58:31.200000'),
(17864, 748, 114, 'JOINED', '2022-04-15 00:35:00.000000', '2022-04-22 05:23:00.000000'),
(17865, 748, 115, 'JOINED', '2022-04-15 00:35:00.000000', '2022-04-22 05:23:00.000000'),
(17866, 748, 136, 'JOINED', '2022-04-15 00:35:00.000000', '2022-04-16 14:24:26.400000'),
(17867, 748, 137, 'JOINED', '2022-04-15 00:35:00.000000', '2022-04-18 18:09:04.800000'),
(17868, 748, 138, 'JOINED', '2022-04-15 00:35:00.000000', '2022-04-18 21:30:40.800000'),
(17869, 748, 139, 'JOINED', '2022-04-15 00:35:00.000000', '2022-04-16 06:32:07.200000'),
(17870, 748, 140, 'JOINED', '2022-04-15 00:35:00.000000', '2022-04-16 11:54:40.800000');
INSERT INTO report (id, created_by_id, title, content, rejected_reason, report_status, created_time, updated_time, reviewed_time)
VALUES
(DEFAULT, 17861, 'Employee 111 submit Report', 'Completed Task.', NULL, 'APPROVED', '2022-05-16 03:27:48.000000', '2022-05-16 03:27:48.000000', '2022-05-16 03:32:48.000000'),
(DEFAULT, 17862, 'Employee 112 submit Report', 'Completed Task.', NULL, 'APPROVED', '2022-05-08 18:26:21.600000', '2022-05-08 18:26:21.600000', '2022-05-08 18:31:21.600000'),
(DEFAULT, 17863, 'Employee 113 submit Report', 'Completed Task.', NULL, 'APPROVED', '2022-04-21 23:25:52.800000', '2022-04-21 23:25:52.800000', '2022-04-21 23:30:52.800000'),
(DEFAULT, 17864, 'Employee 114 submit Report', 'Completed Task.', NULL, 'APPROVED', '2022-05-14 21:30:40.800000', '2022-05-14 21:30:40.800000', '2022-05-14 21:35:40.800000'),
(DEFAULT, 17865, 'Employee 115 submit Report', 'Completed Task.', NULL, 'APPROVED', '2022-05-14 17:51:48.000000', '2022-05-14 17:51:48.000000', '2022-05-14 17:56:48.000000'),
(DEFAULT, 17866, 'Employee 136 submit Report', 'Completed Task.', NULL, 'APPROVED', '2022-04-19 19:47:00.000000', '2022-04-19 19:47:00.000000', '2022-04-19 19:52:00.000000'),
(DEFAULT, 17867, 'Employee 137 submit Report', 'Completed Task.', NULL, 'APPROVED', '2022-04-27 07:00:55.200000', '2022-04-27 07:00:55.200000', '2022-04-27 07:05:55.200000'),
(DEFAULT, 17868, 'Employee 138 submit Report', 'Completed Task.', NULL, 'APPROVED', '2022-04-20 17:28:45.600000', '2022-04-20 17:28:45.600000', '2022-04-20 17:33:45.600000'),
(DEFAULT, 17869, 'Employee 139 submit Report', 'Completed Task.', NULL, 'APPROVED', '2022-04-19 08:50:21.600000', '2022-04-19 08:50:21.600000', '2022-04-19 08:55:21.600000'),
(DEFAULT, 17870, 'Employee 140 submit Report', 'Completed Task.', NULL, 'APPROVED', '2022-04-19 01:44:07.200000', '2022-04-19 01:44:07.200000', '2022-04-19 01:49:07.200000');

-- 2022-04-24 00:35:00.000000
-- 2022-04-24
INSERT INTO task (id, collection_id, created_by_id, root_task_id, name, description, report_format, level, task_type, priority, is_locked, start_date, end_date, deadline, created_time, updated_time)
VALUES (749, 59, 151, NULL, 'Verify CV Parsing Stability', 'This is Verify CV Parsing Stability', NULL, 'HARD', 'TEST', 'URGENT', FALSE, '2022-04-24', '2022-05-23', '2022-05-02', '2022-04-24 00:35:00.000000', '2022-04-24 00:35:00.000000');

INSERT INTO task_for_users (id, task_id, assigned_to_id, user_task_status, updated_time, started_time)
VALUES
(17872, 749, 111, 'JOINED', '2022-04-24 00:35:00.000000', '2022-05-01 05:23:00.000000'),
(17873, 749, 112, 'JOINED', '2022-04-24 00:35:00.000000', '2022-05-01 05:23:00.000000'),
(17874, 749, 113, 'JOINED', '2022-04-24 00:35:00.000000', '2022-04-25 04:25:24.000000'),
(17875, 749, 114, 'JOINED', '2022-04-24 00:35:00.000000', '2022-04-26 07:41:14.400000'),
(17876, 749, 115, 'JOINED', '2022-04-24 00:35:00.000000', '2022-05-01 05:23:00.000000'),
(17877, 749, 136, 'JOINED', '2022-04-24 00:35:00.000000', '2022-04-25 11:08:36.000000'),
(17878, 749, 137, 'JOINED', '2022-04-24 00:35:00.000000', '2022-04-28 04:13:52.800000'),
(17879, 749, 138, 'JOINED', '2022-04-24 00:35:00.000000', '2022-04-27 22:28:16.800000'),
(17880, 749, 139, 'JOINED', '2022-04-24 00:35:00.000000', '2022-04-24 16:25:24.000000'),
(17881, 749, 140, 'JOINED', '2022-04-24 00:35:00.000000', '2022-04-24 16:19:38.400000');
INSERT INTO report (id, created_by_id, title, content, rejected_reason, report_status, created_time, updated_time, reviewed_time)
VALUES
(DEFAULT, 17872, 'Employee 111 submit Report', 'Completed Task.', NULL, 'APPROVED', '2022-05-22 01:21:04.800000', '2022-05-22 01:21:04.800000', '2022-05-22 01:26:04.800000'),
(DEFAULT, 17873, 'Employee 112 submit Report', 'Completed Task.', NULL, 'APPROVED', '2022-05-21 10:22:31.200000', '2022-05-21 10:22:31.200000', '2022-05-21 10:27:31.200000'),
(DEFAULT, 17874, 'Employee 113 submit Report', 'Completed Task.', NULL, 'APPROVED', '2022-05-01 00:11:57.600000', '2022-05-01 00:11:57.600000', '2022-05-01 00:16:57.600000'),
(DEFAULT, 17875, 'Employee 114 submit Report', 'Completed Task.', NULL, 'APPROVED', '2022-05-01 21:30:40.800000', '2022-05-01 21:30:40.800000', '2022-05-01 21:35:40.800000'),
(DEFAULT, 17876, 'Employee 115 submit Report', 'Completed Task.', NULL, 'APPROVED', '2022-05-23 17:28:45.600000', '2022-05-23 17:28:45.600000', '2022-05-23 17:33:45.600000'),
(DEFAULT, 17877, 'Employee 136 submit Report', 'Completed Task.', NULL, 'APPROVED', '2022-04-26 19:58:31.200000', '2022-04-26 19:58:31.200000', '2022-04-26 20:03:31.200000'),
(DEFAULT, 17878, 'Employee 137 submit Report', 'Completed Task.', NULL, 'APPROVED', '2022-04-29 11:31:38.400000', '2022-04-29 11:31:38.400000', '2022-04-29 11:36:38.400000'),
(DEFAULT, 17879, 'Employee 138 submit Report', 'Completed Task.', NULL, 'APPROVED', '2022-05-01 18:49:24.000000', '2022-05-01 18:49:24.000000', '2022-05-01 18:54:24.000000'),
(DEFAULT, 17880, 'Employee 139 submit Report', 'Completed Task.', NULL, 'APPROVED', '2022-05-09 08:44:36.000000', '2022-05-09 08:44:36.000000', '2022-05-09 08:49:36.000000'),
(DEFAULT, 17881, 'Employee 140 submit Report', 'Completed Task.', NULL, 'APPROVED', '2022-04-26 02:41:43.200000', '2022-04-26 02:41:43.200000', '2022-04-26 02:46:43.200000');

-- 2022-05-03 00:35:00.000000
-- 2022-05-03
INSERT INTO task (id, collection_id, created_by_id, root_task_id, name, description, report_format, level, task_type, priority, is_locked, start_date, end_date, deadline, created_time, updated_time)
VALUES (750, 59, 151, NULL, 'Verify CV Scoring Logic Integrity', 'This is Verify CV Scoring Logic Integrity', NULL, 'HARD', 'TEST', 'URGENT', FALSE, '2022-05-03', '2022-05-31', '2022-05-11', '2022-05-03 00:35:00.000000', '2022-05-03 00:35:00.000000');

INSERT INTO task_for_users (id, task_id, assigned_to_id, user_task_status, updated_time, started_time)
VALUES
(17883, 750, 111, 'JOINED', '2022-05-03 00:35:00.000000', '2022-05-10 05:23:00.000000'),
(17884, 750, 112, 'JOINED', '2022-05-03 00:35:00.000000', '2022-05-05 01:55:38.400000'),
(17885, 750, 113, 'JOINED', '2022-05-03 00:35:00.000000', '2022-05-03 13:38:21.600000'),
(17886, 750, 114, 'JOINED', '2022-05-03 00:35:00.000000', '2022-05-03 03:50:50.400000'),
(17887, 750, 115, 'JOINED', '2022-05-03 00:35:00.000000', '2022-05-10 05:23:00.000000'),
(17888, 750, 136, 'JOINED', '2022-05-03 00:35:00.000000', '2022-05-03 14:35:57.600000'),
(17889, 750, 137, 'JOINED', '2022-05-03 00:35:00.000000', '2022-05-03 05:46:02.400000'),
(17890, 750, 138, 'JOINED', '2022-05-03 00:35:00.000000', '2022-05-10 05:23:00.000000'),
(17891, 750, 139, 'JOINED', '2022-05-03 00:35:00.000000', '2022-05-04 17:17:14.400000'),
(17892, 750, 140, 'JOINED', '2022-05-03 00:35:00.000000', '2022-05-06 14:59:00.000000');
INSERT INTO report (id, created_by_id, title, content, rejected_reason, report_status, created_time, updated_time, reviewed_time)
VALUES
(DEFAULT, 17883, 'Employee 111 submit Report', 'Completed Task.', NULL, 'APPROVED', '2022-05-28 02:18:40.800000', '2022-05-28 02:18:40.800000', '2022-05-28 02:23:40.800000'),
(DEFAULT, 17884, 'Employee 112 submit Report', 'Completed Task.', NULL, 'APPROVED', '2022-05-10 13:26:50.400000', '2022-05-10 13:26:50.400000', '2022-05-10 13:31:50.400000'),
(DEFAULT, 17885, 'Employee 113 submit Report', 'Completed Task.', NULL, 'APPROVED', '2022-05-10 01:09:33.600000', '2022-05-10 01:09:33.600000', '2022-05-10 01:14:33.600000'),
(DEFAULT, 17886, 'Employee 114 submit Report', 'Completed Task.', NULL, 'APPROVED', '2022-05-07 12:17:43.200000', '2022-05-07 12:17:43.200000', '2022-05-07 12:22:43.200000'),
(DEFAULT, 17887, 'Employee 115 submit Report', 'Completed Task.', NULL, 'APPROVED', '2022-05-31 12:52:16.800000', '2022-05-31 12:52:16.800000', '2022-05-31 12:57:16.800000'),
(DEFAULT, 17888, 'Employee 136 submit Report', 'Completed Task.', NULL, 'APPROVED', '2022-05-06 22:05:14.400000', '2022-05-06 22:05:14.400000', '2022-05-06 22:10:14.400000'),
(DEFAULT, 17889, 'Employee 137 submit Report', 'Completed Task.', NULL, 'APPROVED', '2022-05-04 17:17:14.400000', '2022-05-04 17:17:14.400000', '2022-05-04 17:22:14.400000'),
(DEFAULT, 17890, 'Employee 138 submit Report', 'Completed Task.', NULL, 'APPROVED', '2022-05-29 08:27:19.200000', '2022-05-29 08:27:19.200000', '2022-05-29 08:32:19.200000'),
(DEFAULT, 17891, 'Employee 139 submit Report', 'Completed Task.', NULL, 'APPROVED', '2022-05-17 07:52:45.600000', '2022-05-17 07:52:45.600000', '2022-05-17 07:57:45.600000'),
(DEFAULT, 17892, 'Employee 140 submit Report', 'Completed Task.', NULL, 'APPROVED', '2022-05-08 01:21:04.800000', '2022-05-08 01:21:04.800000', '2022-05-08 01:26:04.800000');

-- 2022-05-12 00:35:00.000000
-- 2022-05-12
INSERT INTO task (id, collection_id, created_by_id, root_task_id, name, description, report_format, level, task_type, priority, is_locked, start_date, end_date, deadline, created_time, updated_time)
VALUES (751, 59, 151, NULL, 'Verify Recommendation Output Consistency', 'This is Verify Recommendation Output Consistency', NULL, 'HARD', 'TEST', 'URGENT', FALSE, '2022-05-12', '2022-06-11', '2022-05-20', '2022-05-12 00:35:00.000000', '2022-05-12 00:35:00.000000');

INSERT INTO task_for_users (id, task_id, assigned_to_id, user_task_status, updated_time, started_time)
VALUES
(17894, 751, 111, 'JOINED', '2022-05-12 00:35:00.000000', '2022-05-19 05:23:00.000000'),
(17895, 751, 112, 'JOINED', '2022-05-12 00:35:00.000000', '2022-05-19 05:23:00.000000'),
(17896, 751, 113, 'JOINED', '2022-05-12 00:35:00.000000', '2022-05-19 05:23:00.000000'),
(17897, 751, 114, 'JOINED', '2022-05-12 00:35:00.000000', '2022-05-13 08:10:02.400000'),
(17898, 751, 115, 'JOINED', '2022-05-12 00:35:00.000000', '2022-05-14 06:20:36.000000'),
(17899, 751, 136, 'JOINED', '2022-05-12 00:35:00.000000', '2022-05-12 02:53:14.400000'),
(17900, 751, 137, 'JOINED', '2022-05-12 00:35:00.000000', '2022-05-12 10:57:04.800000'),
(17901, 751, 138, 'JOINED', '2022-05-12 00:35:00.000000', '2022-05-19 05:23:00.000000'),
(17902, 751, 139, 'JOINED', '2022-05-12 00:35:00.000000', '2022-05-13 03:16:16.800000'),
(17903, 751, 140, 'JOINED', '2022-05-12 00:35:00.000000', '2022-05-12 01:21:04.800000');
INSERT INTO report (id, created_by_id, title, content, rejected_reason, report_status, created_time, updated_time, reviewed_time)
VALUES
(DEFAULT, 17894, 'Employee 111 submit Report', 'Completed Task.', NULL, 'APPROVED', '2022-06-06 17:05:43.200000', '2022-06-06 17:05:43.200000', '2022-06-06 17:10:43.200000'),
(DEFAULT, 17895, 'Employee 112 submit Report', 'Completed Task.', NULL, 'APPROVED', '2022-06-11 23:48:55.200000', '2022-06-11 23:48:55.200000', '2022-06-11 23:53:55.200000'),
(DEFAULT, 17896, 'Employee 113 submit Report', 'Completed Task.', NULL, 'APPROVED', '2022-06-09 08:15:48.000000', '2022-06-09 08:15:48.000000', '2022-06-09 08:20:48.000000'),
(DEFAULT, 17897, 'Employee 114 submit Report', 'Completed Task.', NULL, 'APPROVED', '2022-05-26 16:59:57.600000', '2022-05-26 16:59:57.600000', '2022-05-26 17:04:57.600000'),
(DEFAULT, 17898, 'Employee 115 submit Report', 'Completed Task.', NULL, 'APPROVED', '2022-05-18 13:38:21.600000', '2022-05-18 13:38:21.600000', '2022-05-18 13:43:21.600000'),
(DEFAULT, 17899, 'Employee 136 submit Report', 'Completed Task.', NULL, 'APPROVED', '2022-05-18 03:50:50.400000', '2022-05-18 03:50:50.400000', '2022-05-18 03:55:50.400000'),
(DEFAULT, 17900, 'Employee 137 submit Report', 'Completed Task.', NULL, 'APPROVED', '2022-05-14 06:20:36.000000', '2022-05-14 06:20:36.000000', '2022-05-14 06:25:36.000000'),
(DEFAULT, 17901, 'Employee 138 submit Report', 'Completed Task.', NULL, 'APPROVED', '2022-06-09 07:29:43.200000', '2022-06-09 07:29:43.200000', '2022-06-09 07:34:43.200000'),
(DEFAULT, 17902, 'Employee 139 submit Report', 'Completed Task.', NULL, 'APPROVED', '2022-05-15 06:55:09.600000', '2022-05-15 06:55:09.600000', '2022-05-15 07:00:09.600000'),
(DEFAULT, 17903, 'Employee 140 submit Report', 'Completed Task.', NULL, 'APPROVED', '2022-05-16 19:47:00.000000', '2022-05-16 19:47:00.000000', '2022-05-16 19:52:00.000000');

-- 2022-05-21 00:35:00.000000
-- 2022-05-21
INSERT INTO task (id, collection_id, created_by_id, root_task_id, name, description, report_format, level, task_type, priority, is_locked, start_date, end_date, deadline, created_time, updated_time)
VALUES (752, 59, 151, NULL, 'Verify CV Version History Integrity', 'This is Verify CV Version History Integrity', NULL, 'HARD', 'TEST', 'URGENT', FALSE, '2022-05-21', '2022-05-28', '2022-05-29', '2022-05-21 00:35:00.000000', '2022-05-21 00:35:00.000000');

INSERT INTO task_for_users (id, task_id, assigned_to_id, user_task_status, updated_time, started_time)
VALUES
(17905, 752, 111, 'JOINED', '2022-05-21 00:35:00.000000', '2022-05-23 03:39:19.200000'),
(17906, 752, 112, 'JOINED', '2022-05-21 00:35:00.000000', '2022-05-21 23:02:50.400000'),
(17907, 752, 113, 'JOINED', '2022-05-21 00:35:00.000000', '2022-05-21 07:18:12.000000'),
(17908, 752, 114, 'JOINED', '2022-05-21 00:35:00.000000', '2022-05-23 06:09:04.800000'),
(17909, 752, 115, 'JOINED', '2022-05-21 00:35:00.000000', '2022-05-22 02:07:09.600000'),
(17910, 752, 136, 'JOINED', '2022-05-21 00:35:00.000000', '2022-05-21 09:59:28.800000'),
(17911, 752, 137, 'JOINED', '2022-05-21 00:35:00.000000', '2022-05-22 18:49:24.000000'),
(17912, 752, 138, 'JOINED', '2022-05-21 00:35:00.000000', '2022-05-22 18:37:52.800000'),
(17913, 752, 139, 'JOINED', '2022-05-21 00:35:00.000000', '2022-05-21 04:48:26.400000'),
(17914, 752, 140, 'JOINED', '2022-05-21 00:35:00.000000', '2022-05-24 14:24:26.400000');
INSERT INTO report (id, created_by_id, title, content, rejected_reason, report_status, created_time, updated_time, reviewed_time)
VALUES
(DEFAULT, 17905, 'Employee 111 submit Report', 'Completed Task.', NULL, 'APPROVED', '2022-05-28 15:56:36.000000', '2022-05-28 15:56:36.000000', '2022-05-28 16:01:36.000000'),
(DEFAULT, 17906, 'Employee 112 submit Report', 'Completed Task.', NULL, 'APPROVED', '2022-05-28 21:19:09.600000', '2022-05-28 21:19:09.600000', '2022-05-28 21:24:09.600000'),
(DEFAULT, 17907, 'Employee 113 submit Report', 'Completed Task.', NULL, 'APPROVED', '2022-05-26 03:27:48.000000', '2022-05-26 03:27:48.000000', '2022-05-26 03:32:48.000000'),
(DEFAULT, 17908, 'Employee 114 submit Report', 'Completed Task.', NULL, 'APPROVED', '2022-05-27 08:04:16.800000', '2022-05-27 08:04:16.800000', '2022-05-27 08:09:16.800000'),
(DEFAULT, 17909, 'Employee 115 submit Report', 'Completed Task.', NULL, 'APPROVED', '2022-05-27 00:35:00.000000', '2022-05-27 00:35:00.000000', '2022-05-27 00:40:00.000000'),
(DEFAULT, 17910, 'Employee 136 submit Report', 'Completed Task.', NULL, 'APPROVED', '2022-05-26 18:37:52.800000', '2022-05-26 18:37:52.800000', '2022-05-26 18:42:52.800000'),
(DEFAULT, 17911, 'Employee 137 submit Report', 'Completed Task.', NULL, 'APPROVED', '2022-05-26 10:22:31.200000', '2022-05-26 10:22:31.200000', '2022-05-26 10:27:31.200000'),
(DEFAULT, 17912, 'Employee 138 submit Report', 'Completed Task.', NULL, 'APPROVED', '2022-05-28 04:59:57.600000', '2022-05-28 04:59:57.600000', '2022-05-28 05:04:57.600000'),
(DEFAULT, 17913, 'Employee 139 submit Report', 'Completed Task.', NULL, 'APPROVED', '2022-05-27 12:06:12.000000', '2022-05-27 12:06:12.000000', '2022-05-27 12:11:12.000000'),
(DEFAULT, 17914, 'Employee 140 submit Report', 'Completed Task.', NULL, 'APPROVED', '2022-05-26 05:23:00.000000', '2022-05-26 05:23:00.000000', '2022-05-26 05:28:00.000000');

-- 2022-05-30 00:35:00.000000
-- 2022-05-30
INSERT INTO task (id, collection_id, created_by_id, root_task_id, name, description, report_format, level, task_type, priority, is_locked, start_date, end_date, deadline, created_time, updated_time)
VALUES (753, 59, 151, NULL, 'Verify Template Rendering After Refactor', 'This is Verify Template Rendering After Refactor', NULL, 'HARD', 'TEST', 'HIGH', FALSE, '2022-05-30', '2022-06-24', '2022-06-06', '2022-05-30 00:35:00.000000', '2022-05-30 00:35:00.000000');

INSERT INTO task_for_users (id, task_id, assigned_to_id, user_task_status, updated_time, started_time)
VALUES
(17916, 753, 111, 'JOINED', '2022-05-30 00:35:00.000000', '2022-05-30 10:49:52.800000'),
(17917, 753, 112, 'JOINED', '2022-05-30 00:35:00.000000', '2022-06-05 07:47:00.000000'),
(17918, 753, 113, 'JOINED', '2022-05-30 00:35:00.000000', '2022-06-05 07:47:00.000000'),
(17919, 753, 114, 'JOINED', '2022-05-30 00:35:00.000000', '2022-05-30 00:55:09.600000'),
(17920, 753, 115, 'JOINED', '2022-05-30 00:35:00.000000', '2022-06-02 15:46:31.200000'),
(17921, 753, 136, 'JOINED', '2022-05-30 00:35:00.000000', '2022-05-30 16:52:45.600000'),
(17922, 753, 137, 'JOINED', '2022-05-30 00:35:00.000000', '2022-05-30 02:05:43.200000'),
(17923, 753, 138, 'JOINED', '2022-05-30 00:35:00.000000', '2022-05-31 21:06:12.000000'),
(17924, 753, 139, 'JOINED', '2022-05-30 00:35:00.000000', '2022-05-31 20:05:43.200000'),
(17925, 753, 140, 'JOINED', '2022-05-30 00:35:00.000000', '2022-05-30 12:10:31.200000');
INSERT INTO report (id, created_by_id, title, content, rejected_reason, report_status, created_time, updated_time, reviewed_time)
VALUES
(DEFAULT, 17916, 'Employee 111 submit Report', 'Completed Task.', NULL, 'APPROVED', '2022-06-03 23:01:24.000000', '2022-06-03 23:01:24.000000', '2022-06-03 23:06:24.000000'),
(DEFAULT, 17917, 'Employee 112 submit Report', 'Completed Task.', NULL, 'APPROVED', '2022-06-24 04:42:40.800000', '2022-06-24 04:42:40.800000', '2022-06-24 04:47:40.800000'),
(DEFAULT, 17918, 'Employee 113 submit Report', 'Completed Task.', NULL, 'APPROVED', '2022-06-23 19:48:26.400000', '2022-06-23 19:48:26.400000', '2022-06-23 19:53:26.400000'),
(DEFAULT, 17919, 'Employee 114 submit Report', 'Completed Task.', NULL, 'APPROVED', '2022-06-01 13:54:12.000000', '2022-06-01 13:54:12.000000', '2022-06-01 13:59:12.000000'),
(DEFAULT, 17920, 'Employee 115 submit Report', 'Completed Task.', NULL, 'APPROVED', '2022-06-04 23:02:50.400000', '2022-06-04 23:02:50.400000', '2022-06-04 23:07:50.400000'),
(DEFAULT, 17921, 'Employee 136 submit Report', 'Completed Task.', NULL, 'APPROVED', '2022-05-31 22:16:45.600000', '2022-05-31 22:16:45.600000', '2022-05-31 22:21:45.600000'),
(DEFAULT, 17922, 'Employee 137 submit Report', 'Completed Task.', NULL, 'APPROVED', '2022-06-05 16:51:19.200000', '2022-06-05 16:51:19.200000', '2022-06-05 16:56:19.200000'),
(DEFAULT, 17923, 'Employee 138 submit Report', 'Completed Task.', NULL, 'APPROVED', '2022-06-02 18:37:52.800000', '2022-06-02 18:37:52.800000', '2022-06-02 18:42:52.800000'),
(DEFAULT, 17924, 'Employee 139 submit Report', 'Completed Task.', NULL, 'APPROVED', '2022-06-02 00:29:14.400000', '2022-06-02 00:29:14.400000', '2022-06-02 00:34:14.400000'),
(DEFAULT, 17925, 'Employee 140 submit Report', 'Completed Task.', NULL, 'APPROVED', '2022-05-31 20:35:57.600000', '2022-05-31 20:35:57.600000', '2022-05-31 20:40:57.600000');

-- 2022-06-07 00:35:00.000000
-- 2022-06-07
INSERT INTO task (id, collection_id, created_by_id, root_task_id, name, description, report_format, level, task_type, priority, is_locked, start_date, end_date, deadline, created_time, updated_time)
VALUES (754, 59, 151, NULL, 'Verify Template Switching Behavior', 'This is Verify Template Switching Behavior', NULL, 'HARD', 'TEST', 'HIGH', FALSE, '2022-06-07', '2022-07-02', '2022-06-14', '2022-06-07 00:35:00.000000', '2022-06-07 00:35:00.000000');

INSERT INTO task_for_users (id, task_id, assigned_to_id, user_task_status, updated_time, started_time)
VALUES
(17927, 754, 111, 'JOINED', '2022-06-07 00:35:00.000000', '2022-06-13 07:47:00.000000'),
(17928, 754, 112, 'JOINED', '2022-06-07 00:35:00.000000', '2022-06-13 07:47:00.000000'),
(17929, 754, 113, 'JOINED', '2022-06-07 00:35:00.000000', '2022-06-13 07:47:00.000000'),
(17930, 754, 114, 'JOINED', '2022-06-07 00:35:00.000000', '2022-06-10 10:34:02.400000'),
(17931, 754, 115, 'JOINED', '2022-06-07 00:35:00.000000', '2022-06-13 07:47:00.000000'),
(17932, 754, 136, 'JOINED', '2022-06-07 00:35:00.000000', '2022-06-13 07:47:00.000000'),
(17933, 754, 137, 'JOINED', '2022-06-07 00:35:00.000000', '2022-06-09 13:13:52.800000'),
(17934, 754, 138, 'JOINED', '2022-06-07 00:35:00.000000', '2022-06-08 00:46:31.200000'),
(17935, 754, 139, 'JOINED', '2022-06-07 00:35:00.000000', '2022-06-07 04:36:55.200000'),
(17936, 754, 140, 'JOINED', '2022-06-07 00:35:00.000000', '2022-06-13 07:47:00.000000');
INSERT INTO report (id, created_by_id, title, content, rejected_reason, report_status, created_time, updated_time, reviewed_time)
VALUES
(DEFAULT, 17927, 'Employee 111 submit Report', 'Completed Task.', NULL, 'APPROVED', '2022-06-27 17:41:43.200000', '2022-06-27 17:41:43.200000', '2022-06-27 17:46:43.200000'),
(DEFAULT, 17928, 'Employee 112 submit Report', 'Completed Task.', NULL, 'APPROVED', '2022-06-28 18:53:43.200000', '2022-06-28 18:53:43.200000', '2022-06-28 18:58:43.200000'),
(DEFAULT, 17929, 'Employee 113 submit Report', 'Completed Task.', NULL, 'APPROVED', '2022-07-01 22:29:43.200000', '2022-07-01 22:29:43.200000', '2022-07-01 22:34:43.200000'),
(DEFAULT, 17930, 'Employee 114 submit Report', 'Completed Task.', NULL, 'APPROVED', '2022-06-13 00:33:33.600000', '2022-06-13 00:33:33.600000', '2022-06-13 00:38:33.600000'),
(DEFAULT, 17931, 'Employee 115 submit Report', 'Completed Task.', NULL, 'APPROVED', '2022-07-01 14:05:43.200000', '2022-07-01 14:05:43.200000', '2022-07-01 14:10:43.200000'),
(DEFAULT, 17932, 'Employee 136 submit Report', 'Completed Task.', NULL, 'APPROVED', '2022-06-30 12:23:28.800000', '2022-06-30 12:23:28.800000', '2022-06-30 12:28:28.800000'),
(DEFAULT, 17933, 'Employee 137 submit Report', 'Completed Task.', NULL, 'APPROVED', '2022-06-10 20:59:00.000000', '2022-06-10 20:59:00.000000', '2022-06-10 21:04:00.000000'),
(DEFAULT, 17934, 'Employee 138 submit Report', 'Completed Task.', NULL, 'APPROVED', '2022-06-11 15:17:43.200000', '2022-06-11 15:17:43.200000', '2022-06-11 15:22:43.200000'),
(DEFAULT, 17935, 'Employee 139 submit Report', 'Completed Task.', NULL, 'APPROVED', '2022-06-08 13:42:40.800000', '2022-06-08 13:42:40.800000', '2022-06-08 13:47:40.800000'),
(DEFAULT, 17936, 'Employee 140 submit Report', 'Completed Task.', NULL, 'APPROVED', '2022-07-02 13:06:40.800000', '2022-07-02 13:06:40.800000', '2022-07-02 13:11:40.800000');

-- 2022-06-15 00:35:00.000000
-- 2022-06-15
INSERT INTO task (id, collection_id, created_by_id, root_task_id, name, description, report_format, level, task_type, priority, is_locked, start_date, end_date, deadline, created_time, updated_time)
VALUES (755, 59, 151, NULL, 'Verify User Profile Update Stability', 'This is Verify User Profile Update Stability', NULL, 'HARD', 'TEST', 'HIGH', FALSE, '2022-06-15', '2022-07-10', '2022-06-22', '2022-06-15 00:35:00.000000', '2022-06-15 00:35:00.000000');

INSERT INTO task_for_users (id, task_id, assigned_to_id, user_task_status, updated_time, started_time)
VALUES
(17938, 755, 111, 'JOINED', '2022-06-15 00:35:00.000000', '2022-06-21 07:47:00.000000'),
(17939, 755, 112, 'JOINED', '2022-06-15 00:35:00.000000', '2022-06-21 07:47:00.000000'),
(17940, 755, 113, 'JOINED', '2022-06-15 00:35:00.000000', '2022-06-15 23:35:57.600000'),
(17941, 755, 114, 'JOINED', '2022-06-15 00:35:00.000000', '2022-06-21 07:47:00.000000'),
(17942, 755, 115, 'JOINED', '2022-06-15 00:35:00.000000', '2022-06-21 07:47:00.000000'),
(17943, 755, 136, 'JOINED', '2022-06-15 00:35:00.000000', '2022-06-17 00:17:43.200000'),
(17944, 755, 137, 'JOINED', '2022-06-15 00:35:00.000000', '2022-06-17 01:18:12.000000'),
(17945, 755, 138, 'JOINED', '2022-06-15 00:35:00.000000', '2022-06-15 16:42:40.800000'),
(17946, 755, 139, 'JOINED', '2022-06-15 00:35:00.000000', '2022-06-15 19:13:52.800000'),
(17947, 755, 140, 'JOINED', '2022-06-15 00:35:00.000000', '2022-06-15 14:46:45.600000');
INSERT INTO report (id, created_by_id, title, content, rejected_reason, report_status, created_time, updated_time, reviewed_time)
VALUES
(DEFAULT, 17938, 'Employee 111 submit Report', 'Completed Task.', NULL, 'APPROVED', '2022-07-10 14:47:28.800000', '2022-07-10 14:47:28.800000', '2022-07-10 14:52:28.800000'),
(DEFAULT, 17939, 'Employee 112 submit Report', 'Completed Task.', NULL, 'APPROVED', '2022-07-07 10:41:14.400000', '2022-07-07 10:41:14.400000', '2022-07-07 10:46:14.400000'),
(DEFAULT, 17940, 'Employee 113 submit Report', 'Completed Task.', NULL, 'APPROVED', '2022-06-18 08:53:14.400000', '2022-06-18 08:53:14.400000', '2022-06-18 08:58:14.400000'),
(DEFAULT, 17941, 'Employee 114 submit Report', 'Completed Task.', NULL, 'APPROVED', '2022-07-10 23:01:24.000000', '2022-07-10 23:01:24.000000', '2022-07-10 23:06:24.000000'),
(DEFAULT, 17942, 'Employee 115 submit Report', 'Completed Task.', NULL, 'APPROVED', '2022-07-08 03:49:24.000000', '2022-07-08 03:49:24.000000', '2022-07-08 03:54:24.000000'),
(DEFAULT, 17943, 'Employee 136 submit Report', 'Completed Task.', NULL, 'APPROVED', '2022-06-20 09:26:21.600000', '2022-06-20 09:26:21.600000', '2022-06-20 09:31:21.600000'),
(DEFAULT, 17944, 'Employee 137 submit Report', 'Completed Task.', NULL, 'APPROVED', '2022-06-19 03:42:12.000000', '2022-06-19 03:42:12.000000', '2022-06-19 03:47:12.000000'),
(DEFAULT, 17945, 'Employee 138 submit Report', 'Completed Task.', NULL, 'APPROVED', '2022-06-17 00:47:57.600000', '2022-06-17 00:47:57.600000', '2022-06-17 00:52:57.600000'),
(DEFAULT, 17946, 'Employee 139 submit Report', 'Completed Task.', NULL, 'APPROVED', '2022-06-19 19:29:43.200000', '2022-06-19 19:29:43.200000', '2022-06-19 19:34:43.200000'),
(DEFAULT, 17947, 'Employee 140 submit Report', 'Completed Task.', NULL, 'APPROVED', '2022-06-28 10:23:14.400000', '2022-06-28 10:23:14.400000', '2022-06-28 10:28:14.400000');

-- 2022-06-23 00:35:00.000000
-- 2022-06-23
INSERT INTO task (id, collection_id, created_by_id, root_task_id, name, description, report_format, level, task_type, priority, is_locked, start_date, end_date, deadline, created_time, updated_time)
VALUES (756, 59, 151, NULL, 'Verify Notification Triggers', 'This is Verify Notification Triggers', NULL, 'HARD', 'TEST', 'HIGH', FALSE, '2022-06-23', '2022-07-04', '2022-06-30', '2022-06-23 00:35:00.000000', '2022-06-23 00:35:00.000000');

INSERT INTO task_for_users (id, task_id, assigned_to_id, user_task_status, updated_time, started_time)
VALUES
(17949, 756, 111, 'JOINED', '2022-06-23 00:35:00.000000', '2022-06-25 16:25:24.000000'),
(17950, 756, 112, 'JOINED', '2022-06-23 00:35:00.000000', '2022-06-23 09:49:24.000000'),
(17951, 756, 113, 'JOINED', '2022-06-23 00:35:00.000000', '2022-06-23 17:53:14.400000'),
(17952, 756, 114, 'JOINED', '2022-06-23 00:35:00.000000', '2022-06-25 03:54:26.400000'),
(17953, 756, 115, 'JOINED', '2022-06-23 00:35:00.000000', '2022-06-24 12:52:16.800000'),
(17954, 756, 136, 'JOINED', '2022-06-23 00:35:00.000000', '2022-06-23 04:57:04.800000'),
(17955, 756, 137, 'JOINED', '2022-06-23 00:35:00.000000', '2022-06-23 13:00:55.200000'),
(17956, 756, 138, 'JOINED', '2022-06-23 00:35:00.000000', '2022-06-23 08:38:50.400000'),
(17957, 756, 139, 'JOINED', '2022-06-23 00:35:00.000000', '2022-06-23 08:38:50.400000'),
(17958, 756, 140, 'JOINED', '2022-06-23 00:35:00.000000', '2022-06-23 00:45:04.800000');
INSERT INTO report (id, created_by_id, title, content, rejected_reason, report_status, created_time, updated_time, reviewed_time)
VALUES
(DEFAULT, 17949, 'Employee 111 submit Report', 'Completed Task.', NULL, 'APPROVED', '2022-06-29 02:44:36.000000', '2022-06-29 02:44:36.000000', '2022-06-29 02:49:36.000000'),
(DEFAULT, 17950, 'Employee 112 submit Report', 'Completed Task.', NULL, 'APPROVED', '2022-06-27 11:56:07.200000', '2022-06-27 11:56:07.200000', '2022-06-27 12:01:07.200000'),
(DEFAULT, 17951, 'Employee 113 submit Report', 'Completed Task.', NULL, 'APPROVED', '2022-06-26 11:54:40.800000', '2022-06-26 11:54:40.800000', '2022-06-26 11:59:40.800000'),
(DEFAULT, 17952, 'Employee 114 submit Report', 'Completed Task.', NULL, 'APPROVED', '2022-07-04 21:15:33.600000', '2022-07-04 21:15:33.600000', '2022-07-04 21:20:33.600000'),
(DEFAULT, 17953, 'Employee 115 submit Report', 'Completed Task.', NULL, 'APPROVED', '2022-06-29 12:09:04.800000', '2022-06-29 12:09:04.800000', '2022-06-29 12:14:04.800000'),
(DEFAULT, 17954, 'Employee 136 submit Report', 'Completed Task.', NULL, 'APPROVED', '2022-06-27 03:42:12.000000', '2022-06-27 03:42:12.000000', '2022-06-27 03:47:12.000000'),
(DEFAULT, 17955, 'Employee 137 submit Report', 'Completed Task.', NULL, 'APPROVED', '2022-06-29 18:52:16.800000', '2022-06-29 18:52:16.800000', '2022-06-29 18:57:16.800000'),
(DEFAULT, 17956, 'Employee 138 submit Report', 'Completed Task.', NULL, 'APPROVED', '2022-06-27 11:25:52.800000', '2022-06-27 11:25:52.800000', '2022-06-27 11:30:52.800000'),
(DEFAULT, 17957, 'Employee 139 submit Report', 'Completed Task.', NULL, 'APPROVED', '2022-06-24 22:47:00.000000', '2022-06-24 22:47:00.000000', '2022-06-24 22:52:00.000000'),
(DEFAULT, 17958, 'Employee 140 submit Report', 'Completed Task.', NULL, 'APPROVED', '2022-06-25 14:14:21.600000', '2022-06-25 14:14:21.600000', '2022-06-25 14:19:21.600000');

-- 2022-07-01 00:35:00.000000
-- 2022-07-01
INSERT INTO task (id, collection_id, created_by_id, root_task_id, name, description, report_format, level, task_type, priority, is_locked, start_date, end_date, deadline, created_time, updated_time)
VALUES (757, 59, 151, NULL, 'Verify Audit Log Generation', 'This is Verify Audit Log Generation', NULL, 'HARD', 'TEST', 'HIGH', FALSE, '2022-07-01', '2022-07-27', '2022-07-08', '2022-07-01 00:35:00.000000', '2022-07-01 00:35:00.000000');

INSERT INTO task_for_users (id, task_id, assigned_to_id, user_task_status, updated_time, started_time)
VALUES
(17960, 757, 111, 'JOINED', '2022-07-01 00:35:00.000000', '2022-07-04 21:49:24.000000'),
(17961, 757, 112, 'JOINED', '2022-07-01 00:35:00.000000', '2022-07-01 22:15:19.200000'),
(17962, 757, 113, 'JOINED', '2022-07-01 00:35:00.000000', '2022-07-07 07:47:00.000000'),
(17963, 757, 114, 'JOINED', '2022-07-01 00:35:00.000000', '2022-07-01 09:59:28.800000'),
(17964, 757, 115, 'JOINED', '2022-07-01 00:35:00.000000', '2022-07-07 07:47:00.000000'),
(17965, 757, 136, 'JOINED', '2022-07-01 00:35:00.000000', '2022-07-02 20:46:02.400000'),
(17966, 757, 137, 'JOINED', '2022-07-01 00:35:00.000000', '2022-07-02 09:25:38.400000'),
(17967, 757, 138, 'JOINED', '2022-07-01 00:35:00.000000', '2022-07-02 06:49:24.000000'),
(17968, 757, 139, 'JOINED', '2022-07-01 00:35:00.000000', '2022-07-02 01:47:00.000000'),
(17969, 757, 140, 'JOINED', '2022-07-01 00:35:00.000000', '2022-07-04 01:29:43.200000');
INSERT INTO report (id, created_by_id, title, content, rejected_reason, report_status, created_time, updated_time, reviewed_time)
VALUES
(DEFAULT, 17960, 'Employee 111 submit Report', 'Completed Task.', NULL, 'APPROVED', '2022-07-07 11:48:55.200000', '2022-07-07 11:48:55.200000', '2022-07-07 11:53:55.200000'),
(DEFAULT, 17961, 'Employee 112 submit Report', 'Completed Task.', NULL, 'APPROVED', '2022-07-07 07:26:50.400000', '2022-07-07 07:26:50.400000', '2022-07-07 07:31:50.400000'),
(DEFAULT, 17962, 'Employee 113 submit Report', 'Completed Task.', NULL, 'APPROVED', '2022-07-27 11:47:28.800000', '2022-07-27 11:47:28.800000', '2022-07-27 11:52:28.800000'),
(DEFAULT, 17963, 'Employee 114 submit Report', 'Completed Task.', NULL, 'APPROVED', '2022-07-04 15:36:26.400000', '2022-07-04 15:36:26.400000', '2022-07-04 15:41:26.400000'),
(DEFAULT, 17964, 'Employee 115 submit Report', 'Completed Task.', NULL, 'APPROVED', '2022-07-23 07:29:43.200000', '2022-07-23 07:29:43.200000', '2022-07-23 07:34:43.200000'),
(DEFAULT, 17965, 'Employee 136 submit Report', 'Completed Task.', NULL, 'APPROVED', '2022-07-05 13:57:04.800000', '2022-07-05 13:57:04.800000', '2022-07-05 14:02:04.800000'),
(DEFAULT, 17966, 'Employee 137 submit Report', 'Completed Task.', NULL, 'APPROVED', '2022-07-13 15:44:21.600000', '2022-07-13 15:44:21.600000', '2022-07-13 15:49:21.600000'),
(DEFAULT, 17967, 'Employee 138 submit Report', 'Completed Task.', NULL, 'APPROVED', '2022-07-04 06:52:16.800000', '2022-07-04 06:52:16.800000', '2022-07-04 06:57:16.800000'),
(DEFAULT, 17968, 'Employee 139 submit Report', 'Completed Task.', NULL, 'APPROVED', '2022-07-03 12:23:28.800000', '2022-07-03 12:23:28.800000', '2022-07-03 12:28:28.800000'),
(DEFAULT, 17969, 'Employee 140 submit Report', 'Completed Task.', NULL, 'APPROVED', '2022-07-11 23:40:16.800000', '2022-07-11 23:40:16.800000', '2022-07-11 23:45:16.800000');

-- 2022-07-09 00:35:00.000000
-- 2022-07-09
INSERT INTO task (id, collection_id, created_by_id, root_task_id, name, description, report_format, level, task_type, priority, is_locked, start_date, end_date, deadline, created_time, updated_time)
VALUES (758, 59, 151, NULL, 'Verify Data Persistence Consistency', 'This is Verify Data Persistence Consistency', NULL, 'HARD', 'TEST', 'HIGH', FALSE, '2022-07-09', '2022-08-03', '2022-07-16', '2022-07-09 00:35:00.000000', '2022-07-09 00:35:00.000000');

INSERT INTO task_for_users (id, task_id, assigned_to_id, user_task_status, updated_time, started_time)
VALUES
(17971, 758, 111, 'JOINED', '2022-07-09 00:35:00.000000', '2022-07-09 05:07:09.600000'),
(17972, 758, 112, 'JOINED', '2022-07-09 00:35:00.000000', '2022-07-11 00:17:43.200000'),
(17973, 758, 113, 'JOINED', '2022-07-09 00:35:00.000000', '2022-07-09 17:33:04.800000'),
(17974, 758, 114, 'JOINED', '2022-07-09 00:35:00.000000', '2022-07-15 07:47:00.000000'),
(17975, 758, 115, 'JOINED', '2022-07-09 00:35:00.000000', '2022-07-09 08:28:45.600000'),
(17976, 758, 136, 'JOINED', '2022-07-09 00:35:00.000000', '2022-07-10 01:57:04.800000'),
(17977, 758, 137, 'JOINED', '2022-07-09 00:35:00.000000', '2022-07-09 06:07:38.400000'),
(17978, 758, 138, 'JOINED', '2022-07-09 00:35:00.000000', '2022-07-15 07:47:00.000000'),
(17979, 758, 139, 'JOINED', '2022-07-09 00:35:00.000000', '2022-07-09 11:50:21.600000'),
(17980, 758, 140, 'JOINED', '2022-07-09 00:35:00.000000', '2022-07-15 07:47:00.000000');
INSERT INTO report (id, created_by_id, title, content, rejected_reason, report_status, created_time, updated_time, reviewed_time)
VALUES
(DEFAULT, 17971, 'Employee 111 submit Report', 'Completed Task.', NULL, 'APPROVED', '2022-07-12 09:13:24.000000', '2022-07-12 09:13:24.000000', '2022-07-12 09:18:24.000000'),
(DEFAULT, 17972, 'Employee 112 submit Report', 'Completed Task.', NULL, 'APPROVED', '2022-07-21 00:52:16.800000', '2022-07-21 00:52:16.800000', '2022-07-21 00:57:16.800000'),
(DEFAULT, 17973, 'Employee 113 submit Report', 'Completed Task.', NULL, 'APPROVED', '2022-07-14 15:29:14.400000', '2022-07-14 15:29:14.400000', '2022-07-14 15:34:14.400000'),
(DEFAULT, 17974, 'Employee 114 submit Report', 'Completed Task.', NULL, 'APPROVED', '2022-07-31 12:01:52.800000', '2022-07-31 12:01:52.800000', '2022-07-31 12:06:52.800000'),
(DEFAULT, 17975, 'Employee 115 submit Report', 'Completed Task.', NULL, 'APPROVED', '2022-07-13 14:37:24.000000', '2022-07-13 14:37:24.000000', '2022-07-13 14:42:24.000000'),
(DEFAULT, 17976, 'Employee 136 submit Report', 'Completed Task.', NULL, 'APPROVED', '2022-07-12 02:50:21.600000', '2022-07-12 02:50:21.600000', '2022-07-12 02:55:21.600000'),
(DEFAULT, 17977, 'Employee 137 submit Report', 'Completed Task.', NULL, 'APPROVED', '2022-07-15 06:16:16.800000', '2022-07-15 06:16:16.800000', '2022-07-15 06:21:16.800000'),
(DEFAULT, 17978, 'Employee 138 submit Report', 'Completed Task.', NULL, 'APPROVED', '2022-08-01 22:38:21.600000', '2022-08-01 22:38:21.600000', '2022-08-01 22:43:21.600000'),
(DEFAULT, 17979, 'Employee 139 submit Report', 'Completed Task.', NULL, 'APPROVED', '2022-07-22 13:19:38.400000', '2022-07-22 13:19:38.400000', '2022-07-22 13:24:38.400000'),
(DEFAULT, 17980, 'Employee 140 submit Report', 'Completed Task.', NULL, 'APPROVED', '2022-08-03 05:02:50.400000', '2022-08-03 05:02:50.400000', '2022-08-03 05:07:50.400000');

-- 2022-07-17 00:35:00.000000
-- 2022-07-17
INSERT INTO task (id, collection_id, created_by_id, root_task_id, name, description, report_format, level, task_type, priority, is_locked, start_date, end_date, deadline, created_time, updated_time)
VALUES (759, 59, 151, NULL, 'Verify Search Functionality', 'This is Verify Search Functionality', NULL, 'HARD', 'TEST', 'HIGH', FALSE, '2022-07-17', '2022-07-29', '2022-07-24', '2022-07-17 00:35:00.000000', '2022-07-17 00:35:00.000000');

INSERT INTO task_for_users (id, task_id, assigned_to_id, user_task_status, updated_time, started_time)
VALUES
(17982, 759, 111, 'JOINED', '2022-07-17 00:35:00.000000', '2022-07-18 13:37:38.400000'),
(17983, 759, 112, 'JOINED', '2022-07-17 00:35:00.000000', '2022-07-17 13:51:19.200000'),
(17984, 759, 113, 'JOINED', '2022-07-17 00:35:00.000000', '2022-07-19 00:58:02.400000'),
(17985, 759, 114, 'JOINED', '2022-07-17 00:35:00.000000', '2022-07-17 20:54:40.800000'),
(17986, 759, 115, 'JOINED', '2022-07-17 00:35:00.000000', '2022-07-17 14:11:28.800000'),
(17987, 759, 136, 'JOINED', '2022-07-17 00:35:00.000000', '2022-07-19 06:25:38.400000'),
(17988, 759, 137, 'JOINED', '2022-07-17 00:35:00.000000', '2022-07-18 18:14:50.400000'),
(17989, 759, 138, 'JOINED', '2022-07-17 00:35:00.000000', '2022-07-18 09:00:26.400000'),
(17990, 759, 139, 'JOINED', '2022-07-17 00:35:00.000000', '2022-07-18 22:47:00.000000'),
(17991, 759, 140, 'JOINED', '2022-07-17 00:35:00.000000', '2022-07-18 05:48:55.200000');
INSERT INTO report (id, created_by_id, title, content, rejected_reason, report_status, created_time, updated_time, reviewed_time)
VALUES
(DEFAULT, 17982, 'Employee 111 submit Report', 'Completed Task.', NULL, 'APPROVED', '2022-07-29 11:32:21.600000', '2022-07-29 11:32:21.600000', '2022-07-29 11:37:21.600000'),
(DEFAULT, 17983, 'Employee 112 submit Report', 'Completed Task.', NULL, 'APPROVED', '2022-07-22 08:25:52.800000', '2022-07-22 08:25:52.800000', '2022-07-22 08:30:52.800000'),
(DEFAULT, 17984, 'Employee 113 submit Report', 'Completed Task.', NULL, 'APPROVED', '2022-07-22 08:35:57.600000', '2022-07-22 08:35:57.600000', '2022-07-22 08:40:57.600000'),
(DEFAULT, 17985, 'Employee 114 submit Report', 'Completed Task.', NULL, 'APPROVED', '2022-07-20 04:51:19.200000', '2022-07-20 04:51:19.200000', '2022-07-20 04:56:19.200000'),
(DEFAULT, 17986, 'Employee 115 submit Report', 'Completed Task.', NULL, 'APPROVED', '2022-07-23 05:56:07.200000', '2022-07-23 05:56:07.200000', '2022-07-23 06:01:07.200000'),
(DEFAULT, 17987, 'Employee 136 submit Report', 'Completed Task.', NULL, 'APPROVED', '2022-07-28 18:44:21.600000', '2022-07-28 18:44:21.600000', '2022-07-28 18:49:21.600000'),
(DEFAULT, 17988, 'Employee 137 submit Report', 'Completed Task.', NULL, 'APPROVED', '2022-07-22 04:44:07.200000', '2022-07-22 04:44:07.200000', '2022-07-22 04:49:07.200000'),
(DEFAULT, 17989, 'Employee 138 submit Report', 'Completed Task.', NULL, 'APPROVED', '2022-07-29 16:09:33.600000', '2022-07-29 16:09:33.600000', '2022-07-29 16:14:33.600000'),
(DEFAULT, 17990, 'Employee 139 submit Report', 'Completed Task.', NULL, 'APPROVED', '2022-07-29 02:23:00.000000', '2022-07-29 02:23:00.000000', '2022-07-29 02:28:00.000000'),
(DEFAULT, 17991, 'Employee 140 submit Report', 'Completed Task.', NULL, 'APPROVED', '2022-07-23 21:53:43.200000', '2022-07-23 21:53:43.200000', '2022-07-23 21:58:43.200000');

-- 2022-07-25 00:35:00.000000
-- 2022-07-25
INSERT INTO task (id, collection_id, created_by_id, root_task_id, name, description, report_format, level, task_type, priority, is_locked, start_date, end_date, deadline, created_time, updated_time)
VALUES (760, 59, 151, NULL, 'Verify Filter Logic', 'This is Verify Filter Logic', NULL, 'HARD', 'TEST', 'HIGH', FALSE, '2022-07-25', '2022-08-06', '2022-08-01', '2022-07-25 00:35:00.000000', '2022-07-25 00:35:00.000000');

INSERT INTO task_for_users (id, task_id, assigned_to_id, user_task_status, updated_time, started_time)
VALUES
(17993, 760, 111, 'JOINED', '2022-07-25 00:35:00.000000', '2022-07-28 07:52:45.600000'),
(17994, 760, 112, 'JOINED', '2022-07-25 00:35:00.000000', '2022-07-27 09:01:52.800000'),
(17995, 760, 113, 'JOINED', '2022-07-25 00:35:00.000000', '2022-07-26 04:58:31.200000'),
(17996, 760, 114, 'JOINED', '2022-07-25 00:35:00.000000', '2022-07-27 01:13:09.600000'),
(17997, 760, 115, 'JOINED', '2022-07-25 00:35:00.000000', '2022-07-27 23:28:45.600000'),
(17998, 760, 136, 'JOINED', '2022-07-25 00:35:00.000000', '2022-07-25 13:31:09.600000'),
(17999, 760, 137, 'JOINED', '2022-07-25 00:35:00.000000', '2022-07-25 12:10:31.200000'),
(18000, 760, 138, 'JOINED', '2022-07-25 00:35:00.000000', '2022-07-28 04:41:14.400000'),
(18001, 760, 139, 'JOINED', '2022-07-25 00:35:00.000000', '2022-07-27 21:47:57.600000'),
(18002, 760, 140, 'JOINED', '2022-07-25 00:35:00.000000', '2022-07-25 11:10:02.400000');
INSERT INTO report (id, created_by_id, title, content, rejected_reason, report_status, created_time, updated_time, reviewed_time)
VALUES
(DEFAULT, 17993, 'Employee 111 submit Report', 'Completed Task.', NULL, 'APPROVED', '2022-07-31 00:43:38.400000', '2022-07-31 00:43:38.400000', '2022-07-31 00:48:38.400000'),
(DEFAULT, 17994, 'Employee 112 submit Report', 'Completed Task.', NULL, 'APPROVED', '2022-07-31 02:24:26.400000', '2022-07-31 02:24:26.400000', '2022-07-31 02:29:26.400000'),
(DEFAULT, 17995, 'Employee 113 submit Report', 'Completed Task.', NULL, 'APPROVED', '2022-07-28 15:36:26.400000', '2022-07-28 15:36:26.400000', '2022-07-28 15:41:26.400000'),
(DEFAULT, 17996, 'Employee 114 submit Report', 'Completed Task.', NULL, 'APPROVED', '2022-08-05 23:56:50.400000', '2022-08-05 23:56:50.400000', '2022-08-06 00:01:50.400000'),
(DEFAULT, 17997, 'Employee 115 submit Report', 'Completed Task.', NULL, 'APPROVED', '2022-07-30 11:27:19.200000', '2022-07-30 11:27:19.200000', '2022-07-30 11:32:19.200000'),
(DEFAULT, 17998, 'Employee 136 submit Report', 'Completed Task.', NULL, 'APPROVED', '2022-07-27 23:18:40.800000', '2022-07-27 23:18:40.800000', '2022-07-27 23:23:40.800000'),
(DEFAULT, 17999, 'Employee 137 submit Report', 'Completed Task.', NULL, 'APPROVED', '2022-07-27 12:53:43.200000', '2022-07-27 12:53:43.200000', '2022-07-27 12:58:43.200000'),
(DEFAULT, 18000, 'Employee 138 submit Report', 'Completed Task.', NULL, 'APPROVED', '2022-07-31 14:10:02.400000', '2022-07-31 14:10:02.400000', '2022-07-31 14:15:02.400000'),
(DEFAULT, 18001, 'Employee 139 submit Report', 'Completed Task.', NULL, 'APPROVED', '2022-08-05 03:22:02.400000', '2022-08-05 03:22:02.400000', '2022-08-05 03:27:02.400000'),
(DEFAULT, 18002, 'Employee 140 submit Report', 'Completed Task.', NULL, 'APPROVED', '2022-07-27 04:49:52.800000', '2022-07-27 04:49:52.800000', '2022-07-27 04:54:52.800000');

-- 2022-08-02 00:35:00.000000
-- 2022-08-02
INSERT INTO task (id, collection_id, created_by_id, root_task_id, name, description, report_format, level, task_type, priority, is_locked, start_date, end_date, deadline, created_time, updated_time)
VALUES (761, 59, 151, NULL, 'Verify Pagination Behavior', 'This is Verify Pagination Behavior', NULL, 'HARD', 'TEST', 'HIGH', FALSE, '2022-08-02', '2022-08-29', '2022-08-09', '2022-08-02 00:35:00.000000', '2022-08-02 00:35:00.000000');

INSERT INTO task_for_users (id, task_id, assigned_to_id, user_task_status, updated_time, started_time)
VALUES
(18004, 761, 111, 'JOINED', '2022-08-02 00:35:00.000000', '2022-08-08 07:47:00.000000'),
(18005, 761, 112, 'JOINED', '2022-08-02 00:35:00.000000', '2022-08-08 07:47:00.000000'),
(18006, 761, 113, 'JOINED', '2022-08-02 00:35:00.000000', '2022-08-04 17:56:07.200000'),
(18007, 761, 114, 'JOINED', '2022-08-02 00:35:00.000000', '2022-08-08 07:47:00.000000'),
(18008, 761, 115, 'JOINED', '2022-08-02 00:35:00.000000', '2022-08-04 04:19:38.400000'),
(18009, 761, 136, 'JOINED', '2022-08-02 00:35:00.000000', '2022-08-02 19:03:48.000000'),
(18010, 761, 137, 'JOINED', '2022-08-02 00:35:00.000000', '2022-08-02 03:16:16.800000'),
(18011, 761, 138, 'JOINED', '2022-08-02 00:35:00.000000', '2022-08-08 07:47:00.000000'),
(18012, 761, 139, 'JOINED', '2022-08-02 00:35:00.000000', '2022-08-04 00:58:02.400000'),
(18013, 761, 140, 'JOINED', '2022-08-02 00:35:00.000000', '2022-08-02 05:17:14.400000');
INSERT INTO report (id, created_by_id, title, content, rejected_reason, report_status, created_time, updated_time, reviewed_time)
VALUES
(DEFAULT, 18004, 'Employee 111 submit Report', 'Completed Task.', NULL, 'APPROVED', '2022-08-23 12:40:45.600000', '2022-08-23 12:40:45.600000', '2022-08-23 12:45:45.600000'),
(DEFAULT, 18005, 'Employee 112 submit Report', 'Completed Task.', NULL, 'APPROVED', '2022-08-29 01:13:52.800000', '2022-08-29 01:13:52.800000', '2022-08-29 01:18:52.800000'),
(DEFAULT, 18006, 'Employee 113 submit Report', 'Completed Task.', NULL, 'APPROVED', '2022-08-07 12:27:48.000000', '2022-08-07 12:27:48.000000', '2022-08-07 12:32:48.000000'),
(DEFAULT, 18007, 'Employee 114 submit Report', 'Completed Task.', NULL, 'APPROVED', '2022-08-23 17:02:50.400000', '2022-08-23 17:02:50.400000', '2022-08-23 17:07:50.400000'),
(DEFAULT, 18008, 'Employee 115 submit Report', 'Completed Task.', NULL, 'APPROVED', '2022-08-06 13:26:50.400000', '2022-08-06 13:26:50.400000', '2022-08-06 13:31:50.400000'),
(DEFAULT, 18009, 'Employee 136 submit Report', 'Completed Task.', NULL, 'APPROVED', '2022-08-04 11:53:14.400000', '2022-08-04 11:53:14.400000', '2022-08-04 11:58:14.400000'),
(DEFAULT, 18010, 'Employee 137 submit Report', 'Completed Task.', NULL, 'APPROVED', '2022-08-03 10:31:09.600000', '2022-08-03 10:31:09.600000', '2022-08-03 10:36:09.600000'),
(DEFAULT, 18011, 'Employee 138 submit Report', 'Completed Task.', NULL, 'APPROVED', '2022-08-25 15:14:50.400000', '2022-08-25 15:14:50.400000', '2022-08-25 15:19:50.400000'),
(DEFAULT, 18012, 'Employee 139 submit Report', 'Completed Task.', NULL, 'APPROVED', '2022-08-06 19:49:52.800000', '2022-08-06 19:49:52.800000', '2022-08-06 19:54:52.800000'),
(DEFAULT, 18013, 'Employee 140 submit Report', 'Completed Task.', NULL, 'APPROVED', '2022-08-04 02:38:50.400000', '2022-08-04 02:38:50.400000', '2022-08-04 02:43:50.400000');

-- 2022-08-10 00:35:00.000000
-- 2022-08-10
INSERT INTO task (id, collection_id, created_by_id, root_task_id, name, description, report_format, level, task_type, priority, is_locked, start_date, end_date, deadline, created_time, updated_time)
VALUES (762, 59, 151, NULL, 'Verify Sorting Rules', 'This is Verify Sorting Rules', NULL, 'HARD', 'TEST', 'HIGH', FALSE, '2022-08-10', '2022-09-05', '2022-08-17', '2022-08-10 00:35:00.000000', '2022-08-10 00:35:00.000000');

INSERT INTO task_for_users (id, task_id, assigned_to_id, user_task_status, updated_time, started_time)
VALUES
(18015, 762, 111, 'JOINED', '2022-08-10 00:35:00.000000', '2022-08-16 07:47:00.000000'),
(18016, 762, 112, 'JOINED', '2022-08-10 00:35:00.000000', '2022-08-10 12:00:26.400000'),
(18017, 762, 113, 'JOINED', '2022-08-10 00:35:00.000000', '2022-08-10 20:24:26.400000'),
(18018, 762, 114, 'JOINED', '2022-08-10 00:35:00.000000', '2022-08-16 07:47:00.000000'),
(18019, 762, 115, 'JOINED', '2022-08-10 00:35:00.000000', '2022-08-16 07:47:00.000000'),
(18020, 762, 136, 'JOINED', '2022-08-10 00:35:00.000000', '2022-08-10 21:55:09.600000'),
(18021, 762, 137, 'JOINED', '2022-08-10 00:35:00.000000', '2022-08-12 11:02:50.400000'),
(18022, 762, 138, 'JOINED', '2022-08-10 00:35:00.000000', '2022-08-11 03:07:38.400000'),
(18023, 762, 139, 'JOINED', '2022-08-10 00:35:00.000000', '2022-08-14 11:25:52.800000'),
(18024, 762, 140, 'JOINED', '2022-08-10 00:35:00.000000', '2022-08-16 07:47:00.000000');
INSERT INTO report (id, created_by_id, title, content, rejected_reason, report_status, created_time, updated_time, reviewed_time)
VALUES
(DEFAULT, 18015, 'Employee 111 submit Report', 'Completed Task.', NULL, 'APPROVED', '2022-08-31 17:23:00.000000', '2022-08-31 17:23:00.000000', '2022-08-31 17:28:00.000000'),
(DEFAULT, 18016, 'Employee 112 submit Report', 'Completed Task.', NULL, 'APPROVED', '2022-08-12 21:27:48.000000', '2022-08-12 21:27:48.000000', '2022-08-12 21:32:48.000000'),
(DEFAULT, 18017, 'Employee 113 submit Report', 'Completed Task.', NULL, 'APPROVED', '2022-08-13 23:10:02.400000', '2022-08-13 23:10:02.400000', '2022-08-13 23:15:02.400000'),
(DEFAULT, 18018, 'Employee 114 submit Report', 'Completed Task.', NULL, 'APPROVED', '2022-09-03 21:49:24.000000', '2022-09-03 21:49:24.000000', '2022-09-03 21:54:24.000000'),
(DEFAULT, 18019, 'Employee 115 submit Report', 'Completed Task.', NULL, 'APPROVED', '2022-08-31 12:30:40.800000', '2022-08-31 12:30:40.800000', '2022-08-31 12:35:40.800000'),
(DEFAULT, 18020, 'Employee 136 submit Report', 'Completed Task.', NULL, 'APPROVED', '2022-08-16 12:29:14.400000', '2022-08-16 12:29:14.400000', '2022-08-16 12:34:14.400000'),
(DEFAULT, 18021, 'Employee 137 submit Report', 'Completed Task.', NULL, 'APPROVED', '2022-08-14 07:23:57.600000', '2022-08-14 07:23:57.600000', '2022-08-14 07:28:57.600000'),
(DEFAULT, 18022, 'Employee 138 submit Report', 'Completed Task.', NULL, 'APPROVED', '2022-08-14 04:42:40.800000', '2022-08-14 04:42:40.800000', '2022-08-14 04:47:40.800000'),
(DEFAULT, 18023, 'Employee 139 submit Report', 'Completed Task.', NULL, 'APPROVED', '2022-08-16 10:58:31.200000', '2022-08-16 10:58:31.200000', '2022-08-16 11:03:31.200000'),
(DEFAULT, 18024, 'Employee 140 submit Report', 'Completed Task.', NULL, 'APPROVED', '2022-09-05 00:11:57.600000', '2022-09-05 00:11:57.600000', '2022-09-05 00:16:57.600000');

-- 2022-08-18 00:35:00.000000
-- 2022-08-18
INSERT INTO task (id, collection_id, created_by_id, root_task_id, name, description, report_format, level, task_type, priority, is_locked, start_date, end_date, deadline, created_time, updated_time)
VALUES (763, 59, 151, NULL, 'Verify Error Message Accuracy', 'This is Verify Error Message Accuracy', NULL, 'HARD', 'TEST', 'HIGH', FALSE, '2022-08-18', '2022-09-13', '2022-08-25', '2022-08-18 00:35:00.000000', '2022-08-18 00:35:00.000000');

INSERT INTO task_for_users (id, task_id, assigned_to_id, user_task_status, updated_time, started_time)
VALUES
(18026, 763, 111, 'JOINED', '2022-08-18 00:35:00.000000', '2022-08-18 15:47:14.400000'),
(18027, 763, 112, 'JOINED', '2022-08-18 00:35:00.000000', '2022-08-20 05:45:19.200000'),
(18028, 763, 113, 'JOINED', '2022-08-18 00:35:00.000000', '2022-08-19 12:32:07.200000'),
(18029, 763, 114, 'JOINED', '2022-08-18 00:35:00.000000', '2022-08-18 22:55:38.400000'),
(18030, 763, 115, 'JOINED', '2022-08-18 00:35:00.000000', '2022-08-19 21:21:19.200000'),
(18031, 763, 136, 'JOINED', '2022-08-18 00:35:00.000000', '2022-08-24 07:47:00.000000'),
(18032, 763, 137, 'JOINED', '2022-08-18 00:35:00.000000', '2022-08-18 17:23:00.000000'),
(18033, 763, 138, 'JOINED', '2022-08-18 00:35:00.000000', '2022-08-20 05:25:09.600000'),
(18034, 763, 139, 'JOINED', '2022-08-18 00:35:00.000000', '2022-08-18 04:47:00.000000'),
(18035, 763, 140, 'JOINED', '2022-08-18 00:35:00.000000', '2022-08-19 14:53:14.400000');
INSERT INTO report (id, created_by_id, title, content, rejected_reason, report_status, created_time, updated_time, reviewed_time)
VALUES
(DEFAULT, 18026, 'Employee 111 submit Report', 'Completed Task.', NULL, 'APPROVED', '2022-08-31 09:22:45.600000', '2022-08-31 09:22:45.600000', '2022-08-31 09:27:45.600000'),
(DEFAULT, 18027, 'Employee 112 submit Report', 'Completed Task.', NULL, 'APPROVED', '2022-08-29 19:24:40.800000', '2022-08-29 19:24:40.800000', '2022-08-29 19:29:40.800000'),
(DEFAULT, 18028, 'Employee 113 submit Report', 'Completed Task.', NULL, 'APPROVED', '2022-08-30 12:37:52.800000', '2022-08-30 12:37:52.800000', '2022-08-30 12:42:52.800000'),
(DEFAULT, 18029, 'Employee 114 submit Report', 'Completed Task.', NULL, 'APPROVED', '2022-08-22 13:47:00.000000', '2022-08-22 13:47:00.000000', '2022-08-22 13:52:00.000000'),
(DEFAULT, 18030, 'Employee 115 submit Report', 'Completed Task.', NULL, 'APPROVED', '2022-08-30 03:48:40.800000', '2022-08-30 03:48:40.800000', '2022-08-30 03:53:40.800000'),
(DEFAULT, 18031, 'Employee 136 submit Report', 'Completed Task.', NULL, 'APPROVED', '2022-09-13 12:47:57.600000', '2022-09-13 12:47:57.600000', '2022-09-13 12:52:57.600000'),
(DEFAULT, 18032, 'Employee 137 submit Report', 'Completed Task.', NULL, 'APPROVED', '2022-08-23 17:10:02.400000', '2022-08-23 17:10:02.400000', '2022-08-23 17:15:02.400000'),
(DEFAULT, 18033, 'Employee 138 submit Report', 'Completed Task.', NULL, 'APPROVED', '2022-08-29 19:44:50.400000', '2022-08-29 19:44:50.400000', '2022-08-29 19:49:50.400000'),
(DEFAULT, 18034, 'Employee 139 submit Report', 'Completed Task.', NULL, 'APPROVED', '2022-08-19 16:44:07.200000', '2022-08-19 16:44:07.200000', '2022-08-19 16:49:07.200000'),
(DEFAULT, 18035, 'Employee 140 submit Report', 'Completed Task.', NULL, 'APPROVED', '2022-08-21 05:41:43.200000', '2022-08-21 05:41:43.200000', '2022-08-21 05:46:43.200000');

-- 2022-08-26 00:35:00.000000
-- 2022-08-26
INSERT INTO task (id, collection_id, created_by_id, root_task_id, name, description, report_format, level, task_type, priority, is_locked, start_date, end_date, deadline, created_time, updated_time)
VALUES (764, 59, 151, NULL, 'Verify Form Validation UX', 'This is Verify Form Validation UX', NULL, 'HARD', 'TEST', 'HIGH', FALSE, '2022-08-26', '2022-09-18', '2022-09-02', '2022-08-26 00:35:00.000000', '2022-08-26 00:35:00.000000');

INSERT INTO task_for_users (id, task_id, assigned_to_id, user_task_status, updated_time, started_time)
VALUES
(18037, 764, 111, 'JOINED', '2022-08-26 00:35:00.000000', '2022-08-26 22:35:28.800000'),
(18038, 764, 112, 'JOINED', '2022-08-26 00:35:00.000000', '2022-08-26 12:20:36.000000'),
(18039, 764, 113, 'JOINED', '2022-08-26 00:35:00.000000', '2022-08-26 13:00:55.200000'),
(18040, 764, 114, 'JOINED', '2022-08-26 00:35:00.000000', '2022-08-28 02:59:00.000000'),
(18041, 764, 115, 'JOINED', '2022-08-26 00:35:00.000000', '2022-09-01 07:47:00.000000'),
(18042, 764, 136, 'JOINED', '2022-08-26 00:35:00.000000', '2022-08-26 03:26:21.600000'),
(18043, 764, 137, 'JOINED', '2022-08-26 00:35:00.000000', '2022-08-29 12:04:45.600000'),
(18044, 764, 138, 'JOINED', '2022-08-26 00:35:00.000000', '2022-08-29 14:25:52.800000'),
(18045, 764, 139, 'JOINED', '2022-08-26 00:35:00.000000', '2022-08-26 22:55:38.400000'),
(18046, 764, 140, 'JOINED', '2022-08-26 00:35:00.000000', '2022-08-26 13:11:00.000000');
INSERT INTO report (id, created_by_id, title, content, rejected_reason, report_status, created_time, updated_time, reviewed_time)
VALUES
(DEFAULT, 18037, 'Employee 111 submit Report', 'Completed Task.', NULL, 'APPROVED', '2022-08-29 02:30:12.000000', '2022-08-29 02:30:12.000000', '2022-08-29 02:35:12.000000'),
(DEFAULT, 18038, 'Employee 112 submit Report', 'Completed Task.', NULL, 'APPROVED', '2022-08-31 07:55:38.400000', '2022-08-31 07:55:38.400000', '2022-08-31 08:00:38.400000'),
(DEFAULT, 18039, 'Employee 113 submit Report', 'Completed Task.', NULL, 'APPROVED', '2022-08-30 04:52:45.600000', '2022-08-30 04:52:45.600000', '2022-08-30 04:57:45.600000'),
(DEFAULT, 18040, 'Employee 114 submit Report', 'Completed Task.', NULL, 'APPROVED', '2022-08-31 10:16:45.600000', '2022-08-31 10:16:45.600000', '2022-08-31 10:21:45.600000'),
(DEFAULT, 18041, 'Employee 115 submit Report', 'Completed Task.', NULL, 'APPROVED', '2022-09-18 21:17:43.200000', '2022-09-18 21:17:43.200000', '2022-09-18 21:22:43.200000'),
(DEFAULT, 18042, 'Employee 136 submit Report', 'Completed Task.', NULL, 'APPROVED', '2022-08-29 06:01:52.800000', '2022-08-29 06:01:52.800000', '2022-08-29 06:06:52.800000'),
(DEFAULT, 18043, 'Employee 137 submit Report', 'Completed Task.', NULL, 'APPROVED', '2022-08-30 18:29:14.400000', '2022-08-30 18:29:14.400000', '2022-08-30 18:34:14.400000'),
(DEFAULT, 18044, 'Employee 138 submit Report', 'Completed Task.', NULL, 'APPROVED', '2022-08-31 21:42:12.000000', '2022-08-31 21:42:12.000000', '2022-08-31 21:47:12.000000'),
(DEFAULT, 18045, 'Employee 139 submit Report', 'Completed Task.', NULL, 'APPROVED', '2022-08-29 09:53:43.200000', '2022-08-29 09:53:43.200000', '2022-08-29 09:58:43.200000'),
(DEFAULT, 18046, 'Employee 140 submit Report', 'Completed Task.', NULL, 'APPROVED', '2022-08-29 11:14:21.600000', '2022-08-29 11:14:21.600000', '2022-08-29 11:19:21.600000');

-- 2022-09-03 00:35:00.000000
-- 2022-09-03
INSERT INTO task (id, collection_id, created_by_id, root_task_id, name, description, report_format, level, task_type, priority, is_locked, start_date, end_date, deadline, created_time, updated_time)
VALUES (765, 59, 151, NULL, 'Verify Permission Enforcement', 'This is Verify Permission Enforcement', NULL, 'HARD', 'TEST', 'HIGH', FALSE, '2022-09-03', '2022-09-27', '2022-09-10', '2022-09-03 00:35:00.000000', '2022-09-03 00:35:00.000000');

INSERT INTO task_for_users (id, task_id, assigned_to_id, user_task_status, updated_time, started_time)
VALUES
(18048, 765, 111, 'JOINED', '2022-09-03 00:35:00.000000', '2022-09-03 01:05:14.400000'),
(18049, 765, 112, 'JOINED', '2022-09-03 00:35:00.000000', '2022-09-04 16:03:48.000000'),
(18050, 765, 113, 'JOINED', '2022-09-03 00:35:00.000000', '2022-09-03 20:19:24.000000'),
(18051, 765, 114, 'JOINED', '2022-09-03 00:35:00.000000', '2022-09-03 13:56:21.600000'),
(18052, 765, 115, 'JOINED', '2022-09-03 00:35:00.000000', '2022-09-04 23:07:09.600000'),
(18053, 765, 136, 'JOINED', '2022-09-03 00:35:00.000000', '2022-09-04 04:33:19.200000'),
(18054, 765, 137, 'JOINED', '2022-09-03 00:35:00.000000', '2022-09-03 00:45:04.800000'),
(18055, 765, 138, 'JOINED', '2022-09-03 00:35:00.000000', '2022-09-03 12:30:40.800000'),
(18056, 765, 139, 'JOINED', '2022-09-03 00:35:00.000000', '2022-09-09 07:47:00.000000'),
(18057, 765, 140, 'JOINED', '2022-09-03 00:35:00.000000', '2022-09-09 07:47:00.000000');
INSERT INTO report (id, created_by_id, title, content, rejected_reason, report_status, created_time, updated_time, reviewed_time)
VALUES
(DEFAULT, 18048, 'Employee 111 submit Report', 'Completed Task.', NULL, 'APPROVED', '2022-09-05 17:35:57.600000', '2022-09-05 17:35:57.600000', '2022-09-05 17:40:57.600000'),
(DEFAULT, 18049, 'Employee 112 submit Report', 'Completed Task.', NULL, 'APPROVED', '2022-09-06 23:10:02.400000', '2022-09-06 23:10:02.400000', '2022-09-06 23:15:02.400000'),
(DEFAULT, 18050, 'Employee 113 submit Report', 'Completed Task.', NULL, 'APPROVED', '2022-09-16 04:50:36.000000', '2022-09-16 04:50:36.000000', '2022-09-16 04:55:36.000000'),
(DEFAULT, 18051, 'Employee 114 submit Report', 'Completed Task.', NULL, 'APPROVED', '2022-09-16 11:13:38.400000', '2022-09-16 11:13:38.400000', '2022-09-16 11:18:38.400000'),
(DEFAULT, 18052, 'Employee 115 submit Report', 'Completed Task.', NULL, 'APPROVED', '2022-09-07 14:27:19.200000', '2022-09-07 14:27:19.200000', '2022-09-07 14:32:19.200000'),
(DEFAULT, 18053, 'Employee 136 submit Report', 'Completed Task.', NULL, 'APPROVED', '2022-09-15 20:36:40.800000', '2022-09-15 20:36:40.800000', '2022-09-15 20:41:40.800000'),
(DEFAULT, 18054, 'Employee 137 submit Report', 'Completed Task.', NULL, 'APPROVED', '2022-09-05 05:40:16.800000', '2022-09-05 05:40:16.800000', '2022-09-05 05:45:16.800000'),
(DEFAULT, 18055, 'Employee 138 submit Report', 'Completed Task.', NULL, 'APPROVED', '2022-09-09 12:19:09.600000', '2022-09-09 12:19:09.600000', '2022-09-09 12:24:09.600000'),
(DEFAULT, 18056, 'Employee 139 submit Report', 'Completed Task.', NULL, 'APPROVED', '2022-09-27 05:51:48.000000', '2022-09-27 05:51:48.000000', '2022-09-27 05:56:48.000000'),
(DEFAULT, 18057, 'Employee 140 submit Report', 'Completed Task.', NULL, 'APPROVED', '2022-09-23 20:02:50.400000', '2022-09-23 20:02:50.400000', '2022-09-23 20:07:50.400000');

-- 2022-09-11 00:35:00.000000
-- 2022-09-11
INSERT INTO task (id, collection_id, created_by_id, root_task_id, name, description, report_format, level, task_type, priority, is_locked, start_date, end_date, deadline, created_time, updated_time)
VALUES (766, 59, 151, NULL, 'Verify Session Handling', 'This is Verify Session Handling', NULL, 'HARD', 'TEST', 'HIGH', FALSE, '2022-09-11', '2022-10-05', '2022-09-18', '2022-09-11 00:35:00.000000', '2022-09-11 00:35:00.000000');

INSERT INTO task_for_users (id, task_id, assigned_to_id, user_task_status, updated_time, started_time)
VALUES
(18059, 766, 111, 'JOINED', '2022-09-11 00:35:00.000000', '2022-09-12 18:35:00.000000'),
(18060, 766, 112, 'JOINED', '2022-09-11 00:35:00.000000', '2022-09-17 07:47:00.000000'),
(18061, 766, 113, 'JOINED', '2022-09-11 00:35:00.000000', '2022-09-14 18:27:48.000000'),
(18062, 766, 114, 'JOINED', '2022-09-11 00:35:00.000000', '2022-09-17 07:47:00.000000'),
(18063, 766, 115, 'JOINED', '2022-09-11 00:35:00.000000', '2022-09-11 02:05:43.200000'),
(18064, 766, 136, 'JOINED', '2022-09-11 00:35:00.000000', '2022-09-11 11:10:02.400000'),
(18065, 766, 137, 'JOINED', '2022-09-11 00:35:00.000000', '2022-09-13 05:30:12.000000'),
(18066, 766, 138, 'JOINED', '2022-09-11 00:35:00.000000', '2022-09-14 01:39:48.000000'),
(18067, 766, 139, 'JOINED', '2022-09-11 00:35:00.000000', '2022-09-12 00:36:26.400000'),
(18068, 766, 140, 'JOINED', '2022-09-11 00:35:00.000000', '2022-09-11 13:11:00.000000');
INSERT INTO report (id, created_by_id, title, content, rejected_reason, report_status, created_time, updated_time, reviewed_time)
VALUES
(DEFAULT, 18059, 'Employee 111 submit Report', 'Completed Task.', NULL, 'APPROVED', '2022-09-16 08:25:52.800000', '2022-09-16 08:25:52.800000', '2022-09-16 08:30:52.800000'),
(DEFAULT, 18060, 'Employee 112 submit Report', 'Completed Task.', NULL, 'APPROVED', '2022-10-03 13:52:45.600000', '2022-10-03 13:52:45.600000', '2022-10-03 13:57:45.600000'),
(DEFAULT, 18061, 'Employee 113 submit Report', 'Completed Task.', NULL, 'APPROVED', '2022-09-17 20:33:04.800000', '2022-09-17 20:33:04.800000', '2022-09-17 20:38:04.800000'),
(DEFAULT, 18062, 'Employee 114 submit Report', 'Completed Task.', NULL, 'APPROVED', '2022-10-05 16:26:50.400000', '2022-10-05 16:26:50.400000', '2022-10-05 16:31:50.400000'),
(DEFAULT, 18063, 'Employee 115 submit Report', 'Completed Task.', NULL, 'APPROVED', '2022-09-15 04:32:36.000000', '2022-09-15 04:32:36.000000', '2022-09-15 04:37:36.000000'),
(DEFAULT, 18064, 'Employee 136 submit Report', 'Completed Task.', NULL, 'APPROVED', '2022-09-15 11:25:52.800000', '2022-09-15 11:25:52.800000', '2022-09-15 11:30:52.800000'),
(DEFAULT, 18065, 'Employee 137 submit Report', 'Completed Task.', NULL, 'APPROVED', '2022-09-15 12:26:21.600000', '2022-09-15 12:26:21.600000', '2022-09-15 12:31:21.600000'),
(DEFAULT, 18066, 'Employee 138 submit Report', 'Completed Task.', NULL, 'APPROVED', '2022-09-16 16:59:57.600000', '2022-09-16 16:59:57.600000', '2022-09-16 17:04:57.600000'),
(DEFAULT, 18067, 'Employee 139 submit Report', 'Completed Task.', NULL, 'APPROVED', '2022-09-14 17:57:33.600000', '2022-09-14 17:57:33.600000', '2022-09-14 18:02:33.600000'),
(DEFAULT, 18068, 'Employee 140 submit Report', 'Completed Task.', NULL, 'APPROVED', '2022-09-14 00:19:09.600000', '2022-09-14 00:19:09.600000', '2022-09-14 00:24:09.600000');

-- 2022-09-19 00:35:00.000000
-- 2022-09-19
INSERT INTO task (id, collection_id, created_by_id, root_task_id, name, description, report_format, level, task_type, priority, is_locked, start_date, end_date, deadline, created_time, updated_time)
VALUES (767, 59, 151, NULL, 'Verify Token Expiry Handling', 'This is Verify Token Expiry Handling', NULL, 'HARD', 'TEST', 'HIGH', FALSE, '2022-09-19', '2022-10-15', '2022-09-26', '2022-09-19 00:35:00.000000', '2022-09-19 00:35:00.000000');

INSERT INTO task_for_users (id, task_id, assigned_to_id, user_task_status, updated_time, started_time)
VALUES
(18070, 767, 111, 'JOINED', '2022-09-19 00:35:00.000000', '2022-09-19 11:50:21.600000'),
(18071, 767, 112, 'JOINED', '2022-09-19 00:35:00.000000', '2022-09-25 07:47:00.000000'),
(18072, 767, 113, 'JOINED', '2022-09-19 00:35:00.000000', '2022-09-20 16:44:07.200000'),
(18073, 767, 114, 'JOINED', '2022-09-19 00:35:00.000000', '2022-09-19 12:10:31.200000'),
(18074, 767, 115, 'JOINED', '2022-09-19 00:35:00.000000', '2022-09-21 01:33:19.200000'),
(18075, 767, 136, 'JOINED', '2022-09-19 00:35:00.000000', '2022-09-19 05:07:09.600000'),
(18076, 767, 137, 'JOINED', '2022-09-19 00:35:00.000000', '2022-09-25 07:47:00.000000'),
(18077, 767, 138, 'JOINED', '2022-09-19 00:35:00.000000', '2022-09-25 07:47:00.000000'),
(18078, 767, 139, 'JOINED', '2022-09-19 00:35:00.000000', '2022-09-25 07:47:00.000000'),
(18079, 767, 140, 'JOINED', '2022-09-19 00:35:00.000000', '2022-09-20 15:43:38.400000');
INSERT INTO report (id, created_by_id, title, content, rejected_reason, report_status, created_time, updated_time, reviewed_time)
VALUES
(DEFAULT, 18070, 'Employee 111 submit Report', 'Completed Task.', NULL, 'APPROVED', '2022-10-02 13:19:38.400000', '2022-10-02 13:19:38.400000', '2022-10-02 13:24:38.400000'),
(DEFAULT, 18071, 'Employee 112 submit Report', 'Completed Task.', NULL, 'APPROVED', '2022-10-09 11:48:55.200000', '2022-10-09 11:48:55.200000', '2022-10-09 11:53:55.200000'),
(DEFAULT, 18072, 'Employee 113 submit Report', 'Completed Task.', NULL, 'APPROVED', '2022-09-22 19:18:12.000000', '2022-09-22 19:18:12.000000', '2022-09-22 19:23:12.000000'),
(DEFAULT, 18073, 'Employee 114 submit Report', 'Completed Task.', NULL, 'APPROVED', '2022-09-22 01:59:57.600000', '2022-09-22 01:59:57.600000', '2022-09-22 02:04:57.600000'),
(DEFAULT, 18074, 'Employee 115 submit Report', 'Completed Task.', NULL, 'APPROVED', '2022-09-30 23:36:40.800000', '2022-09-30 23:36:40.800000', '2022-09-30 23:41:40.800000'),
(DEFAULT, 18075, 'Employee 136 submit Report', 'Completed Task.', NULL, 'APPROVED', '2022-10-02 20:02:50.400000', '2022-10-02 20:02:50.400000', '2022-10-02 20:07:50.400000'),
(DEFAULT, 18076, 'Employee 137 submit Report', 'Completed Task.', NULL, 'APPROVED', '2022-10-10 10:19:38.400000', '2022-10-10 10:19:38.400000', '2022-10-10 10:24:38.400000'),
(DEFAULT, 18077, 'Employee 138 submit Report', 'Completed Task.', NULL, 'APPROVED', '2022-10-15 04:03:48.000000', '2022-10-15 04:03:48.000000', '2022-10-15 04:08:48.000000'),
(DEFAULT, 18078, 'Employee 139 submit Report', 'Completed Task.', NULL, 'APPROVED', '2022-10-10 16:12:26.400000', '2022-10-10 16:12:26.400000', '2022-10-10 16:17:26.400000'),
(DEFAULT, 18079, 'Employee 140 submit Report', 'Completed Task.', NULL, 'APPROVED', '2022-09-24 02:43:09.600000', '2022-09-24 02:43:09.600000', '2022-09-24 02:48:09.600000');

-- 2022-09-27 00:35:00.000000
-- 2022-09-27
INSERT INTO task (id, collection_id, created_by_id, root_task_id, name, description, report_format, level, task_type, priority, is_locked, start_date, end_date, deadline, created_time, updated_time)
VALUES (768, 59, 151, NULL, 'Verify Concurrent User Actions', 'This is Verify Concurrent User Actions', NULL, 'HARD', 'TEST', 'HIGH', FALSE, '2022-09-27', '2022-10-22', '2022-10-04', '2022-09-27 00:35:00.000000', '2022-09-27 00:35:00.000000');

INSERT INTO task_for_users (id, task_id, assigned_to_id, user_task_status, updated_time, started_time)
VALUES
(18081, 768, 111, 'JOINED', '2022-09-27 00:35:00.000000', '2022-09-27 09:59:28.800000'),
(18082, 768, 112, 'JOINED', '2022-09-27 00:35:00.000000', '2022-09-27 20:54:40.800000'),
(18083, 768, 113, 'JOINED', '2022-09-27 00:35:00.000000', '2022-09-27 06:27:48.000000'),
(18084, 768, 114, 'JOINED', '2022-09-27 00:35:00.000000', '2022-10-03 07:47:00.000000'),
(18085, 768, 115, 'JOINED', '2022-09-27 00:35:00.000000', '2022-09-27 04:26:50.400000'),
(18086, 768, 136, 'JOINED', '2022-09-27 00:35:00.000000', '2022-09-28 21:21:19.200000'),
(18087, 768, 137, 'JOINED', '2022-09-27 00:35:00.000000', '2022-10-03 07:47:00.000000'),
(18088, 768, 138, 'JOINED', '2022-09-27 00:35:00.000000', '2022-09-27 20:04:16.800000'),
(18089, 768, 139, 'JOINED', '2022-09-27 00:35:00.000000', '2022-09-29 12:53:43.200000'),
(18090, 768, 140, 'JOINED', '2022-09-27 00:35:00.000000', '2022-10-03 07:47:00.000000');
INSERT INTO report (id, created_by_id, title, content, rejected_reason, report_status, created_time, updated_time, reviewed_time)
VALUES
(DEFAULT, 18081, 'Employee 111 submit Report', 'Completed Task.', NULL, 'APPROVED', '2022-10-01 03:01:52.800000', '2022-10-01 03:01:52.800000', '2022-10-01 03:06:52.800000'),
(DEFAULT, 18082, 'Employee 112 submit Report', 'Completed Task.', NULL, 'APPROVED', '2022-10-03 03:35:00.000000', '2022-10-03 03:35:00.000000', '2022-10-03 03:40:00.000000'),
(DEFAULT, 18083, 'Employee 113 submit Report', 'Completed Task.', NULL, 'APPROVED', '2022-09-29 11:02:50.400000', '2022-09-29 11:02:50.400000', '2022-09-29 11:07:50.400000'),
(DEFAULT, 18084, 'Employee 114 submit Report', 'Completed Task.', NULL, 'APPROVED', '2022-10-18 18:53:43.200000', '2022-10-18 18:53:43.200000', '2022-10-18 18:58:43.200000'),
(DEFAULT, 18085, 'Employee 115 submit Report', 'Completed Task.', NULL, 'APPROVED', '2022-09-29 09:01:52.800000', '2022-09-29 09:01:52.800000', '2022-09-29 09:06:52.800000'),
(DEFAULT, 18086, 'Employee 136 submit Report', 'Completed Task.', NULL, 'APPROVED', '2022-10-09 03:48:40.800000', '2022-10-09 03:48:40.800000', '2022-10-09 03:53:40.800000'),
(DEFAULT, 18087, 'Employee 137 submit Report', 'Completed Task.', NULL, 'APPROVED', '2022-10-22 19:59:57.600000', '2022-10-22 19:59:57.600000', '2022-10-22 20:04:57.600000'),
(DEFAULT, 18088, 'Employee 138 submit Report', 'Completed Task.', NULL, 'APPROVED', '2022-10-01 16:48:26.400000', '2022-10-01 16:48:26.400000', '2022-10-01 16:53:26.400000'),
(DEFAULT, 18089, 'Employee 139 submit Report', 'Completed Task.', NULL, 'APPROVED', '2022-10-02 12:17:43.200000', '2022-10-02 12:17:43.200000', '2022-10-02 12:22:43.200000'),
(DEFAULT, 18090, 'Employee 140 submit Report', 'Completed Task.', NULL, 'APPROVED', '2022-10-20 04:29:43.200000', '2022-10-20 04:29:43.200000', '2022-10-20 04:34:43.200000');

-- 2022-10-05 00:35:00.000000
-- 2022-10-05
INSERT INTO task (id, collection_id, created_by_id, root_task_id, name, description, report_format, level, task_type, priority, is_locked, start_date, end_date, deadline, created_time, updated_time)
VALUES (769, 59, 151, NULL, 'Verify Duplicate Submission Prevention', 'This is Verify Duplicate Submission Prevention', NULL, 'HARD', 'TEST', 'HIGH', FALSE, '2022-10-05', '2022-10-29', '2022-10-12', '2022-10-05 00:35:00.000000', '2022-10-05 00:35:00.000000');

INSERT INTO task_for_users (id, task_id, assigned_to_id, user_task_status, updated_time, started_time)
VALUES
(18092, 769, 111, 'JOINED', '2022-10-05 00:35:00.000000', '2022-10-05 22:55:38.400000'),
(18093, 769, 112, 'JOINED', '2022-10-05 00:35:00.000000', '2022-10-11 07:47:00.000000'),
(18094, 769, 113, 'JOINED', '2022-10-05 00:35:00.000000', '2022-10-11 07:47:00.000000'),
(18095, 769, 114, 'JOINED', '2022-10-05 00:35:00.000000', '2022-10-07 16:55:38.400000'),
(18096, 769, 115, 'JOINED', '2022-10-05 00:35:00.000000', '2022-10-05 12:00:26.400000'),
(18097, 769, 136, 'JOINED', '2022-10-05 00:35:00.000000', '2022-10-07 05:50:21.600000'),
(18098, 769, 137, 'JOINED', '2022-10-05 00:35:00.000000', '2022-10-11 07:47:00.000000'),
(18099, 769, 138, 'JOINED', '2022-10-05 00:35:00.000000', '2022-10-11 07:47:00.000000'),
(18100, 769, 139, 'JOINED', '2022-10-05 00:35:00.000000', '2022-10-06 21:26:21.600000'),
(18101, 769, 140, 'JOINED', '2022-10-05 00:35:00.000000', '2022-10-06 09:45:48.000000');
INSERT INTO report (id, created_by_id, title, content, rejected_reason, report_status, created_time, updated_time, reviewed_time)
VALUES
(DEFAULT, 18092, 'Employee 111 submit Report', 'Completed Task.', NULL, 'APPROVED', '2022-10-11 04:05:14.400000', '2022-10-11 04:05:14.400000', '2022-10-11 04:10:14.400000'),
(DEFAULT, 18093, 'Employee 112 submit Report', 'Completed Task.', NULL, 'APPROVED', '2022-10-28 14:04:16.800000', '2022-10-28 14:04:16.800000', '2022-10-28 14:09:16.800000'),
(DEFAULT, 18094, 'Employee 113 submit Report', 'Completed Task.', NULL, 'APPROVED', '2022-10-26 23:56:07.200000', '2022-10-26 23:56:07.200000', '2022-10-27 00:01:07.200000'),
(DEFAULT, 18095, 'Employee 114 submit Report', 'Completed Task.', NULL, 'APPROVED', '2022-10-11 09:47:57.600000', '2022-10-11 09:47:57.600000', '2022-10-11 09:52:57.600000'),
(DEFAULT, 18096, 'Employee 115 submit Report', 'Completed Task.', NULL, 'APPROVED', '2022-10-07 14:44:36.000000', '2022-10-07 14:44:36.000000', '2022-10-07 14:49:36.000000'),
(DEFAULT, 18097, 'Employee 136 submit Report', 'Completed Task.', NULL, 'APPROVED', '2022-10-10 05:24:26.400000', '2022-10-10 05:24:26.400000', '2022-10-10 05:29:26.400000'),
(DEFAULT, 18098, 'Employee 137 submit Report', 'Completed Task.', NULL, 'APPROVED', '2022-10-29 16:26:50.400000', '2022-10-29 16:26:50.400000', '2022-10-29 16:31:50.400000'),
(DEFAULT, 18099, 'Employee 138 submit Report', 'Completed Task.', NULL, 'APPROVED', '2022-10-26 23:05:43.200000', '2022-10-26 23:05:43.200000', '2022-10-26 23:10:43.200000'),
(DEFAULT, 18100, 'Employee 139 submit Report', 'Completed Task.', NULL, 'APPROVED', '2022-10-09 02:31:38.400000', '2022-10-09 02:31:38.400000', '2022-10-09 02:36:38.400000'),
(DEFAULT, 18101, 'Employee 140 submit Report', 'Completed Task.', NULL, 'APPROVED', '2022-10-17 15:24:12.000000', '2022-10-17 15:24:12.000000', '2022-10-17 15:29:12.000000');

-- 2022-10-13 00:35:00.000000
-- 2022-10-13
INSERT INTO task (id, collection_id, created_by_id, root_task_id, name, description, report_format, level, task_type, priority, is_locked, start_date, end_date, deadline, created_time, updated_time)
VALUES (770, 59, 151, NULL, 'Verify Business Rule Execution Order', 'This is Verify Business Rule Execution Order', NULL, 'HARD', 'TEST', 'HIGH', FALSE, '2022-10-13', '2022-11-08', '2022-10-20', '2022-10-13 00:35:00.000000', '2022-10-13 00:35:00.000000');

INSERT INTO task_for_users (id, task_id, assigned_to_id, user_task_status, updated_time, started_time)
VALUES
(18103, 770, 111, 'JOINED', '2022-10-13 00:35:00.000000', '2022-10-19 07:47:00.000000'),
(18104, 770, 112, 'JOINED', '2022-10-13 00:35:00.000000', '2022-10-13 13:51:19.200000'),
(18105, 770, 113, 'JOINED', '2022-10-13 00:35:00.000000', '2022-10-13 21:14:50.400000'),
(18106, 770, 114, 'JOINED', '2022-10-13 00:35:00.000000', '2022-10-19 07:47:00.000000'),
(18107, 770, 115, 'JOINED', '2022-10-13 00:35:00.000000', '2022-10-19 07:47:00.000000'),
(18108, 770, 136, 'JOINED', '2022-10-13 00:35:00.000000', '2022-10-19 07:47:00.000000'),
(18109, 770, 137, 'JOINED', '2022-10-13 00:35:00.000000', '2022-10-13 06:27:48.000000'),
(18110, 770, 138, 'JOINED', '2022-10-13 00:35:00.000000', '2022-10-14 03:58:02.400000'),
(18111, 770, 139, 'JOINED', '2022-10-13 00:35:00.000000', '2022-10-19 07:47:00.000000'),
(18112, 770, 140, 'JOINED', '2022-10-13 00:35:00.000000', '2022-10-14 21:06:12.000000');
INSERT INTO report (id, created_by_id, title, content, rejected_reason, report_status, created_time, updated_time, reviewed_time)
VALUES
(DEFAULT, 18103, 'Employee 111 submit Report', 'Completed Task.', NULL, 'APPROVED', '2022-11-02 12:29:14.400000', '2022-11-02 12:29:14.400000', '2022-11-02 12:34:14.400000'),
(DEFAULT, 18104, 'Employee 112 submit Report', 'Completed Task.', NULL, 'APPROVED', '2022-10-26 11:18:40.800000', '2022-10-26 11:18:40.800000', '2022-10-26 11:23:40.800000'),
(DEFAULT, 18105, 'Employee 113 submit Report', 'Completed Task.', NULL, 'APPROVED', '2022-10-18 06:04:45.600000', '2022-10-18 06:04:45.600000', '2022-10-18 06:09:45.600000'),
(DEFAULT, 18106, 'Employee 114 submit Report', 'Completed Task.', NULL, 'APPROVED', '2022-11-06 20:38:50.400000', '2022-11-06 20:38:50.400000', '2022-11-06 20:43:50.400000'),
(DEFAULT, 18107, 'Employee 115 submit Report', 'Completed Task.', NULL, 'APPROVED', '2022-11-04 05:59:00.000000', '2022-11-04 05:59:00.000000', '2022-11-04 06:04:00.000000'),
(DEFAULT, 18108, 'Employee 136 submit Report', 'Completed Task.', NULL, 'APPROVED', '2022-11-08 14:38:50.400000', '2022-11-08 14:38:50.400000', '2022-11-08 14:43:50.400000'),
(DEFAULT, 18109, 'Employee 137 submit Report', 'Completed Task.', NULL, 'APPROVED', '2022-10-17 07:23:57.600000', '2022-10-17 07:23:57.600000', '2022-10-17 07:28:57.600000'),
(DEFAULT, 18110, 'Employee 138 submit Report', 'Completed Task.', NULL, 'APPROVED', '2022-10-18 22:52:45.600000', '2022-10-18 22:52:45.600000', '2022-10-18 22:57:45.600000'),
(DEFAULT, 18111, 'Employee 139 submit Report', 'Completed Task.', NULL, 'APPROVED', '2022-11-08 03:03:19.200000', '2022-11-08 03:03:19.200000', '2022-11-08 03:08:19.200000'),
(DEFAULT, 18112, 'Employee 140 submit Report', 'Completed Task.', NULL, 'APPROVED', '2022-10-19 01:54:12.000000', '2022-10-19 01:54:12.000000', '2022-10-19 01:59:12.000000');

-- 2022-10-21 00:35:00.000000
-- 2022-10-21
INSERT INTO task (id, collection_id, created_by_id, root_task_id, name, description, report_format, level, task_type, priority, is_locked, start_date, end_date, deadline, created_time, updated_time)
VALUES (771, 59, 151, NULL, 'Verify Logging Format Stability', 'This is Verify Logging Format Stability', NULL, 'HARD', 'TEST', 'HIGH', FALSE, '2022-10-21', '2022-11-15', '2022-10-28', '2022-10-21 00:35:00.000000', '2022-10-21 00:35:00.000000');

INSERT INTO task_for_users (id, task_id, assigned_to_id, user_task_status, updated_time, started_time)
VALUES
(18114, 771, 111, 'JOINED', '2022-10-21 00:35:00.000000', '2022-10-21 15:01:52.800000'),
(18115, 771, 112, 'JOINED', '2022-10-21 00:35:00.000000', '2022-10-23 04:34:45.600000'),
(18116, 771, 113, 'JOINED', '2022-10-21 00:35:00.000000', '2022-10-22 22:06:40.800000'),
(18117, 771, 114, 'JOINED', '2022-10-21 00:35:00.000000', '2022-10-27 07:47:00.000000'),
(18118, 771, 115, 'JOINED', '2022-10-21 00:35:00.000000', '2022-10-21 10:19:38.400000'),
(18119, 771, 136, 'JOINED', '2022-10-21 00:35:00.000000', '2022-10-22 10:00:55.200000'),
(18120, 771, 137, 'JOINED', '2022-10-21 00:35:00.000000', '2022-10-22 13:12:26.400000'),
(18121, 771, 138, 'JOINED', '2022-10-21 00:35:00.000000', '2022-10-22 04:38:21.600000'),
(18122, 771, 139, 'JOINED', '2022-10-21 00:35:00.000000', '2022-10-21 02:41:00.000000'),
(18123, 771, 140, 'JOINED', '2022-10-21 00:35:00.000000', '2022-10-22 23:37:24.000000');
INSERT INTO report (id, created_by_id, title, content, rejected_reason, report_status, created_time, updated_time, reviewed_time)
VALUES
(DEFAULT, 18114, 'Employee 111 submit Report', 'Completed Task.', NULL, 'APPROVED', '2022-10-25 23:31:38.400000', '2022-10-25 23:31:38.400000', '2022-10-25 23:36:38.400000'),
(DEFAULT, 18115, 'Employee 112 submit Report', 'Completed Task.', NULL, 'APPROVED', '2022-11-01 20:35:14.400000', '2022-11-01 20:35:14.400000', '2022-11-01 20:40:14.400000'),
(DEFAULT, 18116, 'Employee 113 submit Report', 'Completed Task.', NULL, 'APPROVED', '2022-10-26 12:17:43.200000', '2022-10-26 12:17:43.200000', '2022-10-26 12:22:43.200000'),
(DEFAULT, 18117, 'Employee 114 submit Report', 'Completed Task.', NULL, 'APPROVED', '2022-11-15 18:49:24.000000', '2022-11-15 18:49:24.000000', '2022-11-15 18:54:24.000000'),
(DEFAULT, 18118, 'Employee 115 submit Report', 'Completed Task.', NULL, 'APPROVED', '2022-10-23 20:47:28.800000', '2022-10-23 20:47:28.800000', '2022-10-23 20:52:28.800000'),
(DEFAULT, 18119, 'Employee 136 submit Report', 'Completed Task.', NULL, 'APPROVED', '2022-10-24 13:45:33.600000', '2022-10-24 13:45:33.600000', '2022-10-24 13:50:33.600000'),
(DEFAULT, 18120, 'Employee 137 submit Report', 'Completed Task.', NULL, 'APPROVED', '2022-10-24 17:27:19.200000', '2022-10-24 17:27:19.200000', '2022-10-24 17:32:19.200000'),
(DEFAULT, 18121, 'Employee 138 submit Report', 'Completed Task.', NULL, 'APPROVED', '2022-11-02 20:31:38.400000', '2022-11-02 20:31:38.400000', '2022-11-02 20:36:38.400000'),
(DEFAULT, 18122, 'Employee 139 submit Report', 'Completed Task.', NULL, 'APPROVED', '2022-11-03 22:29:00.000000', '2022-11-03 22:29:00.000000', '2022-11-03 22:34:00.000000'),
(DEFAULT, 18123, 'Employee 140 submit Report', 'Completed Task.', NULL, 'APPROVED', '2022-11-02 01:32:36.000000', '2022-11-02 01:32:36.000000', '2022-11-02 01:37:36.000000');

-- 2022-10-29 00:35:00.000000
-- 2022-10-29
INSERT INTO task (id, collection_id, created_by_id, root_task_id, name, description, report_format, level, task_type, priority, is_locked, start_date, end_date, deadline, created_time, updated_time)
VALUES (772, 59, 151, NULL, 'Verify Monitoring Metrics', 'This is Verify Monitoring Metrics', NULL, 'HARD', 'TEST', 'HIGH', FALSE, '2022-10-29', '2022-11-22', '2022-11-05', '2022-10-29 00:35:00.000000', '2022-10-29 00:35:00.000000');

INSERT INTO task_for_users (id, task_id, assigned_to_id, user_task_status, updated_time, started_time)
VALUES
(18125, 772, 111, 'JOINED', '2022-10-29 00:35:00.000000', '2022-10-29 02:46:02.400000'),
(18126, 772, 112, 'JOINED', '2022-10-29 00:35:00.000000', '2022-10-29 07:38:21.600000'),
(18127, 772, 113, 'JOINED', '2022-10-29 00:35:00.000000', '2022-10-31 14:14:21.600000'),
(18128, 772, 114, 'JOINED', '2022-10-29 00:35:00.000000', '2022-10-29 11:30:12.000000'),
(18129, 772, 115, 'JOINED', '2022-10-29 00:35:00.000000', '2022-10-29 01:35:28.800000'),
(18130, 772, 136, 'JOINED', '2022-10-29 00:35:00.000000', '2022-11-04 07:47:00.000000'),
(18131, 772, 137, 'JOINED', '2022-10-29 00:35:00.000000', '2022-10-30 11:21:33.600000'),
(18132, 772, 138, 'JOINED', '2022-10-29 00:35:00.000000', '2022-11-02 06:53:43.200000'),
(18133, 772, 139, 'JOINED', '2022-10-29 00:35:00.000000', '2022-11-04 07:47:00.000000'),
(18134, 772, 140, 'JOINED', '2022-10-29 00:35:00.000000', '2022-10-29 17:53:14.400000');
INSERT INTO report (id, created_by_id, title, content, rejected_reason, report_status, created_time, updated_time, reviewed_time)
VALUES
(DEFAULT, 18125, 'Employee 111 submit Report', 'Completed Task.', NULL, 'APPROVED', '2022-10-31 05:20:07.200000', '2022-10-31 05:20:07.200000', '2022-10-31 05:25:07.200000'),
(DEFAULT, 18126, 'Employee 112 submit Report', 'Completed Task.', NULL, 'APPROVED', '2022-11-11 17:31:38.400000', '2022-11-11 17:31:38.400000', '2022-11-11 17:36:38.400000'),
(DEFAULT, 18127, 'Employee 113 submit Report', 'Completed Task.', NULL, 'APPROVED', '2022-11-04 02:54:40.800000', '2022-11-04 02:54:40.800000', '2022-11-04 02:59:40.800000'),
(DEFAULT, 18128, 'Employee 114 submit Report', 'Completed Task.', NULL, 'APPROVED', '2022-11-01 14:25:52.800000', '2022-11-01 14:25:52.800000', '2022-11-01 14:30:52.800000'),
(DEFAULT, 18129, 'Employee 115 submit Report', 'Completed Task.', NULL, 'APPROVED', '2022-11-01 06:32:07.200000', '2022-11-01 06:32:07.200000', '2022-11-01 06:37:07.200000'),
(DEFAULT, 18130, 'Employee 136 submit Report', 'Completed Task.', NULL, 'APPROVED', '2022-11-21 20:17:14.400000', '2022-11-21 20:17:14.400000', '2022-11-21 20:22:14.400000'),
(DEFAULT, 18131, 'Employee 137 submit Report', 'Completed Task.', NULL, 'APPROVED', '2022-11-02 23:51:48.000000', '2022-11-02 23:51:48.000000', '2022-11-02 23:56:48.000000'),
(DEFAULT, 18132, 'Employee 138 submit Report', 'Completed Task.', NULL, 'APPROVED', '2022-11-04 17:01:24.000000', '2022-11-04 17:01:24.000000', '2022-11-04 17:06:24.000000'),
(DEFAULT, 18133, 'Employee 139 submit Report', 'Completed Task.', NULL, 'APPROVED', '2022-11-22 21:49:24.000000', '2022-11-22 21:49:24.000000', '2022-11-22 21:54:24.000000'),
(DEFAULT, 18134, 'Employee 140 submit Report', 'Completed Task.', NULL, 'APPROVED', '2022-11-02 04:52:45.600000', '2022-11-02 04:52:45.600000', '2022-11-02 04:57:45.600000');

-- 2022-11-06 00:35:00.000000
-- 2022-11-06
INSERT INTO task (id, collection_id, created_by_id, root_task_id, name, description, report_format, level, task_type, priority, is_locked, start_date, end_date, deadline, created_time, updated_time)
VALUES (773, 59, 151, NULL, 'Verify Reporting Data Accuracy', 'This is Verify Reporting Data Accuracy', NULL, 'HARD', 'TEST', 'HIGH', FALSE, '2022-11-06', '2022-12-02', '2022-11-13', '2022-11-06 00:35:00.000000', '2022-11-06 00:35:00.000000');

INSERT INTO task_for_users (id, task_id, assigned_to_id, user_task_status, updated_time, started_time)
VALUES
(18136, 773, 111, 'JOINED', '2022-11-06 00:35:00.000000', '2022-11-12 07:47:00.000000'),
(18137, 773, 112, 'JOINED', '2022-11-06 00:35:00.000000', '2022-11-12 07:47:00.000000'),
(18138, 773, 113, 'JOINED', '2022-11-06 00:35:00.000000', '2022-11-08 19:26:50.400000'),
(18139, 773, 114, 'JOINED', '2022-11-06 00:35:00.000000', '2022-11-06 22:55:38.400000'),
(18140, 773, 115, 'JOINED', '2022-11-06 00:35:00.000000', '2022-11-06 14:21:33.600000'),
(18141, 773, 136, 'JOINED', '2022-11-06 00:35:00.000000', '2022-11-07 06:19:09.600000'),
(18142, 773, 137, 'JOINED', '2022-11-06 00:35:00.000000', '2022-11-12 07:47:00.000000'),
(18143, 773, 138, 'JOINED', '2022-11-06 00:35:00.000000', '2022-11-06 16:12:26.400000'),
(18144, 773, 139, 'JOINED', '2022-11-06 00:35:00.000000', '2022-11-07 20:46:02.400000'),
(18145, 773, 140, 'JOINED', '2022-11-06 00:35:00.000000', '2022-11-07 21:46:31.200000');
INSERT INTO report (id, created_by_id, title, content, rejected_reason, report_status, created_time, updated_time, reviewed_time)
VALUES
(DEFAULT, 18136, 'Employee 111 submit Report', 'Completed Task.', NULL, 'APPROVED', '2022-11-26 23:14:21.600000', '2022-11-26 23:14:21.600000', '2022-11-26 23:19:21.600000'),
(DEFAULT, 18137, 'Employee 112 submit Report', 'Completed Task.', NULL, 'APPROVED', '2022-12-01 12:26:21.600000', '2022-12-01 12:26:21.600000', '2022-12-01 12:31:21.600000'),
(DEFAULT, 18138, 'Employee 113 submit Report', 'Completed Task.', NULL, 'APPROVED', '2022-11-12 02:04:16.800000', '2022-11-12 02:04:16.800000', '2022-11-12 02:09:16.800000'),
(DEFAULT, 18139, 'Employee 114 submit Report', 'Completed Task.', NULL, 'APPROVED', '2022-11-09 09:33:33.600000', '2022-11-09 09:33:33.600000', '2022-11-09 09:38:33.600000'),
(DEFAULT, 18140, 'Employee 115 submit Report', 'Completed Task.', NULL, 'APPROVED', '2022-11-09 20:08:36.000000', '2022-11-09 20:08:36.000000', '2022-11-09 20:13:36.000000'),
(DEFAULT, 18141, 'Employee 136 submit Report', 'Completed Task.', NULL, 'APPROVED', '2022-11-09 15:06:12.000000', '2022-11-09 15:06:12.000000', '2022-11-09 15:11:12.000000'),
(DEFAULT, 18142, 'Employee 137 submit Report', 'Completed Task.', NULL, 'APPROVED', '2022-12-02 10:16:45.600000', '2022-12-02 10:16:45.600000', '2022-12-02 10:21:45.600000'),
(DEFAULT, 18143, 'Employee 138 submit Report', 'Completed Task.', NULL, 'APPROVED', '2022-11-19 08:57:33.600000', '2022-11-19 08:57:33.600000', '2022-11-19 09:02:33.600000'),
(DEFAULT, 18144, 'Employee 139 submit Report', 'Completed Task.', NULL, 'APPROVED', '2022-11-10 07:44:07.200000', '2022-11-10 07:44:07.200000', '2022-11-10 07:49:07.200000'),
(DEFAULT, 18145, 'Employee 140 submit Report', 'Completed Task.', NULL, 'APPROVED', '2022-11-10 01:51:19.200000', '2022-11-10 01:51:19.200000', '2022-11-10 01:56:19.200000');

-- 2022-11-14 00:35:00.000000
-- 2022-11-14
INSERT INTO task (id, collection_id, created_by_id, root_task_id, name, description, report_format, level, task_type, priority, is_locked, start_date, end_date, deadline, created_time, updated_time)
VALUES (774, 59, 151, NULL, 'Verify Analytics Event Tracking', 'This is Verify Analytics Event Tracking', NULL, 'HARD', 'TEST', 'HIGH', FALSE, '2022-11-14', '2022-12-06', '2022-11-21', '2022-11-14 00:35:00.000000', '2022-11-14 00:35:00.000000');

INSERT INTO task_for_users (id, task_id, assigned_to_id, user_task_status, updated_time, started_time)
VALUES
(18147, 774, 111, 'JOINED', '2022-11-14 00:35:00.000000', '2022-11-14 16:12:26.400000'),
(18148, 774, 112, 'JOINED', '2022-11-14 00:35:00.000000', '2022-11-20 07:47:00.000000'),
(18149, 774, 113, 'JOINED', '2022-11-14 00:35:00.000000', '2022-11-14 18:53:43.200000'),
(18150, 774, 114, 'JOINED', '2022-11-14 00:35:00.000000', '2022-11-16 04:49:52.800000'),
(18151, 774, 115, 'JOINED', '2022-11-14 00:35:00.000000', '2022-11-14 07:28:16.800000'),
(18152, 774, 136, 'JOINED', '2022-11-14 00:35:00.000000', '2022-11-14 08:18:40.800000'),
(18153, 774, 137, 'JOINED', '2022-11-14 00:35:00.000000', '2022-11-15 15:53:43.200000'),
(18154, 774, 138, 'JOINED', '2022-11-14 00:35:00.000000', '2022-11-16 02:38:50.400000'),
(18155, 774, 139, 'JOINED', '2022-11-14 00:35:00.000000', '2022-11-14 01:35:28.800000'),
(18156, 774, 140, 'JOINED', '2022-11-14 00:35:00.000000', '2022-11-15 07:59:57.600000');
INSERT INTO report (id, created_by_id, title, content, rejected_reason, report_status, created_time, updated_time, reviewed_time)
VALUES
(DEFAULT, 18147, 'Employee 111 submit Report', 'Completed Task.', NULL, 'APPROVED', '2022-11-19 23:43:09.600000', '2022-11-19 23:43:09.600000', '2022-11-19 23:48:09.600000'),
(DEFAULT, 18148, 'Employee 112 submit Report', 'Completed Task.', NULL, 'APPROVED', '2022-12-06 19:25:24.000000', '2022-12-06 19:25:24.000000', '2022-12-06 19:30:24.000000'),
(DEFAULT, 18149, 'Employee 113 submit Report', 'Completed Task.', NULL, 'APPROVED', '2022-11-19 14:18:40.800000', '2022-11-19 14:18:40.800000', '2022-11-19 14:23:40.800000'),
(DEFAULT, 18150, 'Employee 114 submit Report', 'Completed Task.', NULL, 'APPROVED', '2022-11-19 01:12:26.400000', '2022-11-19 01:12:26.400000', '2022-11-19 01:17:26.400000'),
(DEFAULT, 18151, 'Employee 115 submit Report', 'Completed Task.', NULL, 'APPROVED', '2022-11-27 17:41:43.200000', '2022-11-27 17:41:43.200000', '2022-11-27 17:46:43.200000'),
(DEFAULT, 18152, 'Employee 136 submit Report', 'Completed Task.', NULL, 'APPROVED', '2022-11-17 10:23:57.600000', '2022-11-17 10:23:57.600000', '2022-11-17 10:28:57.600000'),
(DEFAULT, 18153, 'Employee 137 submit Report', 'Completed Task.', NULL, 'APPROVED', '2022-11-17 20:38:50.400000', '2022-11-17 20:38:50.400000', '2022-11-17 20:43:50.400000'),
(DEFAULT, 18154, 'Employee 138 submit Report', 'Completed Task.', NULL, 'APPROVED', '2022-11-20 09:27:48.000000', '2022-11-20 09:27:48.000000', '2022-11-20 09:32:48.000000'),
(DEFAULT, 18155, 'Employee 139 submit Report', 'Completed Task.', NULL, 'APPROVED', '2022-11-16 18:16:16.800000', '2022-11-16 18:16:16.800000', '2022-11-16 18:21:16.800000'),
(DEFAULT, 18156, 'Employee 140 submit Report', 'Completed Task.', NULL, 'APPROVED', '2022-11-26 17:10:02.400000', '2022-11-26 17:10:02.400000', '2022-11-26 17:15:02.400000');

-- 2022-11-22 00:35:00.000000
-- 2022-11-22
INSERT INTO task (id, collection_id, created_by_id, root_task_id, name, description, report_format, level, task_type, priority, is_locked, start_date, end_date, deadline, created_time, updated_time)
VALUES (775, 59, 151, NULL, 'Verify API Backward Compatibility', 'This is Verify API Backward Compatibility', NULL, 'HARD', 'TEST', 'NORMAL', FALSE, '2022-11-22', '2022-12-13', '2022-11-28', '2022-11-22 00:35:00.000000', '2022-11-22 00:35:00.000000');

INSERT INTO task_for_users (id, task_id, assigned_to_id, user_task_status, updated_time, started_time)
VALUES
(18158, 775, 111, 'JOINED', '2022-11-22 00:35:00.000000', '2022-11-23 04:05:14.400000'),
(18159, 775, 112, 'JOINED', '2022-11-22 00:35:00.000000', '2022-11-24 05:43:09.600000'),
(18160, 775, 113, 'JOINED', '2022-11-22 00:35:00.000000', '2022-11-23 10:25:24.000000'),
(18161, 775, 114, 'JOINED', '2022-11-22 00:35:00.000000', '2022-11-24 08:10:02.400000'),
(18162, 775, 115, 'JOINED', '2022-11-22 00:35:00.000000', '2022-11-22 10:31:09.600000'),
(18163, 775, 136, 'JOINED', '2022-11-22 00:35:00.000000', '2022-11-22 06:37:52.800000'),
(18164, 775, 137, 'JOINED', '2022-11-22 00:35:00.000000', '2022-11-27 10:11:00.000000'),
(18165, 775, 138, 'JOINED', '2022-11-22 00:35:00.000000', '2022-11-22 10:05:14.400000'),
(18166, 775, 139, 'JOINED', '2022-11-22 00:35:00.000000', '2022-11-23 03:13:24.000000'),
(18167, 775, 140, 'JOINED', '2022-11-22 00:35:00.000000', '2022-11-22 05:37:24.000000');
INSERT INTO report (id, created_by_id, title, content, rejected_reason, report_status, created_time, updated_time, reviewed_time)
VALUES
(DEFAULT, 18158, 'Employee 111 submit Report', 'Completed Task.', NULL, 'APPROVED', '2022-11-24 18:40:45.600000', '2022-11-24 18:40:45.600000', '2022-11-24 18:45:45.600000'),
(DEFAULT, 18159, 'Employee 112 submit Report', 'Completed Task.', NULL, 'APPROVED', '2022-11-25 03:36:26.400000', '2022-11-25 03:36:26.400000', '2022-11-25 03:41:26.400000'),
(DEFAULT, 18160, 'Employee 113 submit Report', 'Completed Task.', NULL, 'APPROVED', '2022-12-02 14:44:36.000000', '2022-12-02 14:44:36.000000', '2022-12-02 14:49:36.000000'),
(DEFAULT, 18161, 'Employee 114 submit Report', 'Completed Task.', NULL, 'APPROVED', '2022-11-25 19:00:55.200000', '2022-11-25 19:00:55.200000', '2022-11-25 19:05:55.200000'),
(DEFAULT, 18162, 'Employee 115 submit Report', 'Completed Task.', NULL, 'APPROVED', '2022-11-25 03:45:04.800000', '2022-11-25 03:45:04.800000', '2022-11-25 03:50:04.800000'),
(DEFAULT, 18163, 'Employee 136 submit Report', 'Completed Task.', NULL, 'APPROVED', '2022-11-24 12:29:14.400000', '2022-11-24 12:29:14.400000', '2022-11-24 12:34:14.400000'),
(DEFAULT, 18164, 'Employee 137 submit Report', 'Completed Task.', NULL, 'APPROVED', '2022-12-13 09:30:40.800000', '2022-12-13 09:30:40.800000', '2022-12-13 09:35:40.800000'),
(DEFAULT, 18165, 'Employee 138 submit Report', 'Completed Task.', NULL, 'APPROVED', '2022-12-03 15:04:45.600000', '2022-12-03 15:04:45.600000', '2022-12-03 15:09:45.600000'),
(DEFAULT, 18166, 'Employee 139 submit Report', 'Completed Task.', NULL, 'APPROVED', '2022-11-26 09:33:33.600000', '2022-11-26 09:33:33.600000', '2022-11-26 09:38:33.600000'),
(DEFAULT, 18167, 'Employee 140 submit Report', 'Completed Task.', NULL, 'APPROVED', '2022-11-24 07:35:28.800000', '2022-11-24 07:35:28.800000', '2022-11-24 07:40:28.800000');

-- 2022-11-29 00:35:00.000000
-- 2022-11-29
INSERT INTO task (id, collection_id, created_by_id, root_task_id, name, description, report_format, level, task_type, priority, is_locked, start_date, end_date, deadline, created_time, updated_time)
VALUES (776, 59, 151, NULL, 'Verify Deprecated API Behavior', 'This is Verify Deprecated API Behavior', NULL, 'HARD', 'TEST', 'NORMAL', FALSE, '2022-11-29', '2022-12-17', '2022-12-05', '2022-11-29 00:35:00.000000', '2022-11-29 00:35:00.000000');

INSERT INTO task_for_users (id, task_id, assigned_to_id, user_task_status, updated_time, started_time)
VALUES
(18169, 776, 111, 'JOINED', '2022-11-29 00:35:00.000000', '2022-11-30 00:46:31.200000'),
(18170, 776, 112, 'JOINED', '2022-11-29 00:35:00.000000', '2022-11-30 11:08:36.000000'),
(18171, 776, 113, 'JOINED', '2022-11-29 00:35:00.000000', '2022-12-01 01:06:40.800000'),
(18172, 776, 114, 'JOINED', '2022-11-29 00:35:00.000000', '2022-12-04 10:11:00.000000'),
(18173, 776, 115, 'JOINED', '2022-11-29 00:35:00.000000', '2022-12-02 20:10:02.400000'),
(18174, 776, 136, 'JOINED', '2022-11-29 00:35:00.000000', '2022-11-29 02:53:14.400000'),
(18175, 776, 137, 'JOINED', '2022-11-29 00:35:00.000000', '2022-12-04 10:11:00.000000'),
(18176, 776, 138, 'JOINED', '2022-11-29 00:35:00.000000', '2022-11-30 16:06:40.800000'),
(18177, 776, 139, 'JOINED', '2022-11-29 00:35:00.000000', '2022-11-29 16:16:45.600000'),
(18178, 776, 140, 'JOINED', '2022-11-29 00:35:00.000000', '2022-11-30 20:25:52.800000');
INSERT INTO report (id, created_by_id, title, content, rejected_reason, report_status, created_time, updated_time, reviewed_time)
VALUES
(DEFAULT, 18169, 'Employee 111 submit Report', 'Completed Task.', NULL, 'APPROVED', '2022-12-01 21:16:16.800000', '2022-12-01 21:16:16.800000', '2022-12-01 21:21:16.800000'),
(DEFAULT, 18170, 'Employee 112 submit Report', 'Completed Task.', NULL, 'APPROVED', '2022-12-02 01:18:12.000000', '2022-12-02 01:18:12.000000', '2022-12-02 01:23:12.000000'),
(DEFAULT, 18171, 'Employee 113 submit Report', 'Completed Task.', NULL, 'APPROVED', '2022-12-03 02:21:33.600000', '2022-12-03 02:21:33.600000', '2022-12-03 02:26:33.600000'),
(DEFAULT, 18172, 'Employee 114 submit Report', 'Completed Task.', NULL, 'APPROVED', '2022-12-17 11:40:16.800000', '2022-12-17 11:40:16.800000', '2022-12-17 11:45:16.800000'),
(DEFAULT, 18173, 'Employee 115 submit Report', 'Completed Task.', NULL, 'APPROVED', '2022-12-04 12:11:57.600000', '2022-12-04 12:11:57.600000', '2022-12-04 12:16:57.600000'),
(DEFAULT, 18174, 'Employee 136 submit Report', 'Completed Task.', NULL, 'APPROVED', '2022-12-01 06:00:26.400000', '2022-12-01 06:00:26.400000', '2022-12-01 06:05:26.400000'),
(DEFAULT, 18175, 'Employee 137 submit Report', 'Completed Task.', NULL, 'APPROVED', '2022-12-17 04:45:33.600000', '2022-12-17 04:45:33.600000', '2022-12-17 04:50:33.600000'),
(DEFAULT, 18176, 'Employee 138 submit Report', 'Completed Task.', NULL, 'APPROVED', '2022-12-09 09:03:19.200000', '2022-12-09 09:03:19.200000', '2022-12-09 09:08:19.200000'),
(DEFAULT, 18177, 'Employee 139 submit Report', 'Completed Task.', NULL, 'APPROVED', '2022-12-03 03:56:36.000000', '2022-12-03 03:56:36.000000', '2022-12-03 04:01:36.000000'),
(DEFAULT, 18178, 'Employee 140 submit Report', 'Completed Task.', NULL, 'APPROVED', '2022-12-09 04:44:07.200000', '2022-12-09 04:44:07.200000', '2022-12-09 04:49:07.200000');

-- 2022-12-06 00:35:00.000000
-- 2022-12-06
INSERT INTO task (id, collection_id, created_by_id, root_task_id, name, description, report_format, level, task_type, priority, is_locked, start_date, end_date, deadline, created_time, updated_time)
VALUES (777, 59, 151, NULL, 'Verify End-to-End User Flow', 'This is Verify End-to-End User Flow', NULL, 'HARD', 'TEST', 'NORMAL', FALSE, '2022-12-06', '2022-12-28', '2022-12-12', '2022-12-06 00:35:00.000000', '2022-12-06 00:35:00.000000');

INSERT INTO task_for_users (id, task_id, assigned_to_id, user_task_status, updated_time, started_time)
VALUES
(18180, 777, 111, 'JOINED', '2022-12-06 00:35:00.000000', '2022-12-08 10:45:33.600000'),
(18181, 777, 112, 'JOINED', '2022-12-06 00:35:00.000000', '2022-12-11 10:11:00.000000'),
(18182, 777, 113, 'JOINED', '2022-12-06 00:35:00.000000', '2022-12-06 15:33:33.600000'),
(18183, 777, 114, 'JOINED', '2022-12-06 00:35:00.000000', '2022-12-06 02:10:02.400000'),
(18184, 777, 115, 'JOINED', '2022-12-06 00:35:00.000000', '2022-12-07 00:37:52.800000'),
(18185, 777, 136, 'JOINED', '2022-12-06 00:35:00.000000', '2022-12-11 10:11:00.000000'),
(18186, 777, 137, 'JOINED', '2022-12-06 00:35:00.000000', '2022-12-07 00:20:36.000000'),
(18187, 777, 138, 'JOINED', '2022-12-06 00:35:00.000000', '2022-12-11 10:11:00.000000'),
(18188, 777, 139, 'JOINED', '2022-12-06 00:35:00.000000', '2022-12-08 17:31:38.400000'),
(18189, 777, 140, 'JOINED', '2022-12-06 00:35:00.000000', '2022-12-11 10:11:00.000000');
INSERT INTO report (id, created_by_id, title, content, rejected_reason, report_status, created_time, updated_time, reviewed_time)
VALUES
(DEFAULT, 18180, 'Employee 111 submit Report', 'Completed Task.', NULL, 'APPROVED', '2022-12-11 12:55:09.600000', '2022-12-11 12:55:09.600000', '2022-12-11 13:00:09.600000'),
(DEFAULT, 18181, 'Employee 112 submit Report', 'Completed Task.', NULL, 'APPROVED', '2022-12-28 10:34:02.400000', '2022-12-28 10:34:02.400000', '2022-12-28 10:39:02.400000'),
(DEFAULT, 18182, 'Employee 113 submit Report', 'Completed Task.', NULL, 'APPROVED', '2022-12-08 03:16:16.800000', '2022-12-08 03:16:16.800000', '2022-12-08 03:21:16.800000'),
(DEFAULT, 18183, 'Employee 114 submit Report', 'Completed Task.', NULL, 'APPROVED', '2022-12-07 12:00:26.400000', '2022-12-07 12:00:26.400000', '2022-12-07 12:05:26.400000'),
(DEFAULT, 18184, 'Employee 115 submit Report', 'Completed Task.', NULL, 'APPROVED', '2022-12-10 05:31:38.400000', '2022-12-10 05:31:38.400000', '2022-12-10 05:36:38.400000'),
(DEFAULT, 18185, 'Employee 136 submit Report', 'Completed Task.', NULL, 'APPROVED', '2022-12-24 04:28:16.800000', '2022-12-24 04:28:16.800000', '2022-12-24 04:33:16.800000'),
(DEFAULT, 18186, 'Employee 137 submit Report', 'Completed Task.', NULL, 'APPROVED', '2022-12-09 05:02:50.400000', '2022-12-09 05:02:50.400000', '2022-12-09 05:07:50.400000'),
(DEFAULT, 18187, 'Employee 138 submit Report', 'Completed Task.', NULL, 'APPROVED', '2022-12-27 00:17:43.200000', '2022-12-27 00:17:43.200000', '2022-12-27 00:22:43.200000'),
(DEFAULT, 18188, 'Employee 139 submit Report', 'Completed Task.', NULL, 'APPROVED', '2022-12-11 11:37:24.000000', '2022-12-11 11:37:24.000000', '2022-12-11 11:42:24.000000'),
(DEFAULT, 18189, 'Employee 140 submit Report', 'Completed Task.', NULL, 'APPROVED', '2022-12-26 07:44:07.200000', '2022-12-26 07:44:07.200000', '2022-12-26 07:49:07.200000');

-- 2022-12-13 00:35:00.000000
-- 2022-12-13
INSERT INTO task (id, collection_id, created_by_id, root_task_id, name, description, report_format, level, task_type, priority, is_locked, start_date, end_date, deadline, created_time, updated_time)
VALUES (778, 59, 151, NULL, 'Verify Cross-Domain Interaction Stability', 'This is Verify Cross-Domain Interaction Stability', NULL, 'HARD', 'TEST', 'NORMAL', FALSE, '2022-12-13', '2023-01-05', '2022-12-19', '2022-12-13 00:35:00.000000', '2022-12-13 00:35:00.000000');

INSERT INTO task_for_users (id, task_id, assigned_to_id, user_task_status, updated_time, started_time)
VALUES
(18191, 778, 111, 'JOINED', '2022-12-13 00:35:00.000000', '2022-12-13 19:26:50.400000'),
(18192, 778, 112, 'JOINED', '2022-12-13 00:35:00.000000', '2022-12-18 10:11:00.000000'),
(18193, 778, 113, 'JOINED', '2022-12-13 00:35:00.000000', '2022-12-14 20:56:07.200000'),
(18194, 778, 114, 'JOINED', '2022-12-13 00:35:00.000000', '2022-12-13 16:51:19.200000'),
(18195, 778, 115, 'JOINED', '2022-12-13 00:35:00.000000', '2022-12-14 01:55:38.400000'),
(18196, 778, 136, 'JOINED', '2022-12-13 00:35:00.000000', '2022-12-14 22:09:33.600000'),
(18197, 778, 137, 'JOINED', '2022-12-13 00:35:00.000000', '2022-12-18 10:11:00.000000'),
(18198, 778, 138, 'JOINED', '2022-12-13 00:35:00.000000', '2022-12-18 10:11:00.000000'),
(18199, 778, 139, 'JOINED', '2022-12-13 00:35:00.000000', '2022-12-14 13:57:04.800000'),
(18200, 778, 140, 'JOINED', '2022-12-13 00:35:00.000000', '2022-12-14 09:07:38.400000');
INSERT INTO report (id, created_by_id, title, content, rejected_reason, report_status, created_time, updated_time, reviewed_time)
VALUES
(DEFAULT, 18191, 'Employee 111 submit Report', 'Completed Task.', NULL, 'APPROVED', '2022-12-18 22:16:45.600000', '2022-12-18 22:16:45.600000', '2022-12-18 22:21:45.600000'),
(DEFAULT, 18192, 'Employee 112 submit Report', 'Completed Task.', NULL, 'APPROVED', '2023-01-05 04:51:19.200000', '2023-01-05 04:51:19.200000', '2023-01-05 04:56:19.200000'),
(DEFAULT, 18193, 'Employee 113 submit Report', 'Completed Task.', NULL, 'APPROVED', '2022-12-16 16:51:19.200000', '2022-12-16 16:51:19.200000', '2022-12-16 16:56:19.200000'),
(DEFAULT, 18194, 'Employee 114 submit Report', 'Completed Task.', NULL, 'APPROVED', '2022-12-15 00:49:24.000000', '2022-12-15 00:49:24.000000', '2022-12-15 00:54:24.000000'),
(DEFAULT, 18195, 'Employee 115 submit Report', 'Completed Task.', NULL, 'APPROVED', '2022-12-23 23:14:21.600000', '2022-12-23 23:14:21.600000', '2022-12-23 23:19:21.600000'),
(DEFAULT, 18196, 'Employee 136 submit Report', 'Completed Task.', NULL, 'APPROVED', '2022-12-23 03:00:26.400000', '2022-12-23 03:00:26.400000', '2022-12-23 03:05:26.400000'),
(DEFAULT, 18197, 'Employee 137 submit Report', 'Completed Task.', NULL, 'APPROVED', '2023-01-04 10:16:45.600000', '2023-01-04 10:16:45.600000', '2023-01-04 10:21:45.600000'),
(DEFAULT, 18198, 'Employee 138 submit Report', 'Completed Task.', NULL, 'APPROVED', '2023-01-01 12:09:04.800000', '2023-01-01 12:09:04.800000', '2023-01-01 12:14:04.800000'),
(DEFAULT, 18199, 'Employee 139 submit Report', 'Completed Task.', NULL, 'APPROVED', '2022-12-23 11:12:55.200000', '2022-12-23 11:12:55.200000', '2022-12-23 11:17:55.200000'),
(DEFAULT, 18200, 'Employee 140 submit Report', 'Completed Task.', NULL, 'APPROVED', '2022-12-17 03:30:40.800000', '2022-12-17 03:30:40.800000', '2022-12-17 03:35:40.800000');

-- 2022-12-20 00:35:00.000000
-- 2022-12-20
INSERT INTO task (id, collection_id, created_by_id, root_task_id, name, description, report_format, level, task_type, priority, is_locked, start_date, end_date, deadline, created_time, updated_time)
VALUES (779, 59, 151, NULL, 'Verify Refactor Regression Coverage', 'This is Verify Refactor Regression Coverage', NULL, 'HARD', 'TEST', 'NORMAL', FALSE, '2022-12-20', '2023-01-12', '2022-12-26', '2022-12-20 00:35:00.000000', '2022-12-20 00:35:00.000000');

INSERT INTO task_for_users (id, task_id, assigned_to_id, user_task_status, updated_time, started_time)
VALUES
(18202, 779, 111, 'JOINED', '2022-12-20 00:35:00.000000', '2022-12-20 03:58:02.400000'),
(18203, 779, 112, 'JOINED', '2022-12-20 00:35:00.000000', '2022-12-20 04:19:38.400000'),
(18204, 779, 113, 'JOINED', '2022-12-20 00:35:00.000000', '2022-12-21 08:59:00.000000'),
(18205, 779, 114, 'JOINED', '2022-12-20 00:35:00.000000', '2022-12-20 01:00:55.200000'),
(18206, 779, 115, 'JOINED', '2022-12-20 00:35:00.000000', '2022-12-20 22:02:21.600000'),
(18207, 779, 136, 'JOINED', '2022-12-20 00:35:00.000000', '2022-12-25 10:11:00.000000'),
(18208, 779, 137, 'JOINED', '2022-12-20 00:35:00.000000', '2022-12-22 18:49:24.000000'),
(18209, 779, 138, 'JOINED', '2022-12-20 00:35:00.000000', '2022-12-25 10:11:00.000000'),
(18210, 779, 139, 'JOINED', '2022-12-20 00:35:00.000000', '2022-12-25 10:11:00.000000'),
(18211, 779, 140, 'JOINED', '2022-12-20 00:35:00.000000', '2022-12-22 02:02:50.400000');
INSERT INTO report (id, created_by_id, title, content, rejected_reason, report_status, created_time, updated_time, reviewed_time)
VALUES
(DEFAULT, 18202, 'Employee 111 submit Report', 'Completed Task.', NULL, 'APPROVED', '2022-12-31 21:11:57.600000', '2022-12-31 21:11:57.600000', '2022-12-31 21:16:57.600000'),
(DEFAULT, 18203, 'Employee 112 submit Report', 'Completed Task.', NULL, 'APPROVED', '2022-12-23 07:12:26.400000', '2022-12-23 07:12:26.400000', '2022-12-23 07:17:26.400000'),
(DEFAULT, 18204, 'Employee 113 submit Report', 'Completed Task.', NULL, 'APPROVED', '2022-12-25 04:08:07.200000', '2022-12-25 04:08:07.200000', '2022-12-25 04:13:07.200000'),
(DEFAULT, 18205, 'Employee 114 submit Report', 'Completed Task.', NULL, 'APPROVED', '2022-12-21 11:08:36.000000', '2022-12-21 11:08:36.000000', '2022-12-21 11:13:36.000000'),
(DEFAULT, 18206, 'Employee 115 submit Report', 'Completed Task.', NULL, 'APPROVED', '2022-12-22 10:36:55.200000', '2022-12-22 10:36:55.200000', '2022-12-22 10:41:55.200000'),
(DEFAULT, 18207, 'Employee 136 submit Report', 'Completed Task.', NULL, 'APPROVED', '2023-01-12 04:16:45.600000', '2023-01-12 04:16:45.600000', '2023-01-12 04:21:45.600000'),
(DEFAULT, 18208, 'Employee 137 submit Report', 'Completed Task.', NULL, 'APPROVED', '2022-12-25 03:16:16.800000', '2022-12-25 03:16:16.800000', '2022-12-25 03:21:16.800000'),
(DEFAULT, 18209, 'Employee 138 submit Report', 'Completed Task.', NULL, 'APPROVED', '2023-01-06 17:48:55.200000', '2023-01-06 17:48:55.200000', '2023-01-06 17:53:55.200000'),
(DEFAULT, 18210, 'Employee 139 submit Report', 'Completed Task.', NULL, 'APPROVED', '2023-01-09 13:21:04.800000', '2023-01-09 13:21:04.800000', '2023-01-09 13:26:04.800000'),
(DEFAULT, 18211, 'Employee 140 submit Report', 'Completed Task.', NULL, 'APPROVED', '2022-12-29 23:07:09.600000', '2022-12-29 23:07:09.600000', '2022-12-29 23:12:09.600000');

-- 2022-12-27 00:35:00.000000
-- 2022-12-27
INSERT INTO task (id, collection_id, created_by_id, root_task_id, name, description, report_format, level, task_type, priority, is_locked, start_date, end_date, deadline, created_time, updated_time)
VALUES (780, 59, 151, NULL, 'Execute Full Regression Suite', 'This is Execute Full Regression Suite', NULL, 'HARD', 'TEST', 'NORMAL', FALSE, '2022-12-27', '2023-01-18', '2023-01-02', '2022-12-27 00:35:00.000000', '2022-12-27 00:35:00.000000');

INSERT INTO task_for_users (id, task_id, assigned_to_id, user_task_status, updated_time, started_time)
VALUES
(18213, 780, 111, 'JOINED', '2022-12-27 00:35:00.000000', '2022-12-27 09:09:04.800000'),
(18214, 780, 112, 'JOINED', '2022-12-27 00:35:00.000000', '2022-12-27 09:30:40.800000'),
(18215, 780, 113, 'JOINED', '2022-12-27 00:35:00.000000', '2022-12-31 02:04:16.800000'),
(18216, 780, 114, 'JOINED', '2022-12-27 00:35:00.000000', '2022-12-27 02:10:02.400000'),
(18217, 780, 115, 'JOINED', '2022-12-27 00:35:00.000000', '2022-12-27 21:27:48.000000'),
(18218, 780, 136, 'JOINED', '2022-12-27 00:35:00.000000', '2022-12-27 08:30:12.000000'),
(18219, 780, 137, 'JOINED', '2022-12-27 00:35:00.000000', '2023-01-01 10:11:00.000000'),
(18220, 780, 138, 'JOINED', '2022-12-27 00:35:00.000000', '2022-12-27 02:10:02.400000'),
(18221, 780, 139, 'JOINED', '2022-12-27 00:35:00.000000', '2022-12-27 23:46:02.400000'),
(18222, 780, 140, 'JOINED', '2022-12-27 00:35:00.000000', '2022-12-27 03:36:26.400000');
INSERT INTO report (id, created_by_id, title, content, rejected_reason, report_status, created_time, updated_time, reviewed_time)
VALUES
(DEFAULT, 18213, 'Employee 111 submit Report', 'Completed Task.', NULL, 'APPROVED', '2023-01-07 16:00:55.200000', '2023-01-07 16:00:55.200000', '2023-01-07 16:05:55.200000'),
(DEFAULT, 18214, 'Employee 112 submit Report', 'Completed Task.', NULL, 'APPROVED', '2022-12-30 11:57:33.600000', '2022-12-30 11:57:33.600000', '2022-12-30 12:02:33.600000'),
(DEFAULT, 18215, 'Employee 113 submit Report', 'Completed Task.', NULL, 'APPROVED', '2023-01-01 04:25:24.000000', '2023-01-01 04:25:24.000000', '2023-01-01 04:30:24.000000'),
(DEFAULT, 18216, 'Employee 114 submit Report', 'Completed Task.', NULL, 'APPROVED', '2022-12-29 22:34:02.400000', '2022-12-29 22:34:02.400000', '2022-12-29 22:39:02.400000'),
(DEFAULT, 18217, 'Employee 115 submit Report', 'Completed Task.', NULL, 'APPROVED', '2022-12-29 00:23:28.800000', '2022-12-29 00:23:28.800000', '2022-12-29 00:28:28.800000'),
(DEFAULT, 18218, 'Employee 136 submit Report', 'Completed Task.', NULL, 'APPROVED', '2023-01-07 16:39:48.000000', '2023-01-07 16:39:48.000000', '2023-01-07 16:44:48.000000'),
(DEFAULT, 18219, 'Employee 137 submit Report', 'Completed Task.', NULL, 'APPROVED', '2023-01-18 16:54:12.000000', '2023-01-18 16:54:12.000000', '2023-01-18 16:59:12.000000'),
(DEFAULT, 18220, 'Employee 138 submit Report', 'Completed Task.', NULL, 'APPROVED', '2022-12-29 20:59:00.000000', '2022-12-29 20:59:00.000000', '2022-12-29 21:04:00.000000'),
(DEFAULT, 18221, 'Employee 139 submit Report', 'Completed Task.', NULL, 'APPROVED', '2023-01-01 03:24:55.200000', '2023-01-01 03:24:55.200000', '2023-01-01 03:29:55.200000'),
(DEFAULT, 18222, 'Employee 140 submit Report', 'Completed Task.', NULL, 'APPROVED', '2022-12-30 02:27:19.200000', '2022-12-30 02:27:19.200000', '2022-12-30 02:32:19.200000');

-- 2023-01-03 00:35:00.000000
-- 2023-01-03
INSERT INTO task (id, collection_id, created_by_id, root_task_id, name, description, report_format, level, task_type, priority, is_locked, start_date, end_date, deadline, created_time, updated_time)
VALUES (781, 59, 151, NULL, 'Analyze Regression Test Results', 'This is Analyze Regression Test Results', NULL, 'HARD', 'TEST', 'NORMAL', FALSE, '2023-01-03', '2023-01-23', '2023-01-09', '2023-01-03 00:35:00.000000', '2023-01-03 00:35:00.000000');

INSERT INTO task_for_users (id, task_id, assigned_to_id, user_task_status, updated_time, started_time)
VALUES
(18224, 781, 111, 'JOINED', '2023-01-03 00:35:00.000000', '2023-01-08 10:11:00.000000'),
(18225, 781, 112, 'JOINED', '2023-01-03 00:35:00.000000', '2023-01-04 02:30:12.000000'),
(18226, 781, 113, 'JOINED', '2023-01-03 00:35:00.000000', '2023-01-03 01:26:50.400000'),
(18227, 781, 114, 'JOINED', '2023-01-03 00:35:00.000000', '2023-01-03 13:06:40.800000'),
(18228, 781, 115, 'JOINED', '2023-01-03 00:35:00.000000', '2023-01-03 08:56:07.200000'),
(18229, 781, 136, 'JOINED', '2023-01-03 00:35:00.000000', '2023-01-04 21:56:36.000000'),
(18230, 781, 137, 'JOINED', '2023-01-03 00:35:00.000000', '2023-01-03 20:10:02.400000'),
(18231, 781, 138, 'JOINED', '2023-01-03 00:35:00.000000', '2023-01-03 01:44:07.200000'),
(18232, 781, 139, 'JOINED', '2023-01-03 00:35:00.000000', '2023-01-08 10:11:00.000000'),
(18233, 781, 140, 'JOINED', '2023-01-03 00:35:00.000000', '2023-01-04 13:52:45.600000');
INSERT INTO report (id, created_by_id, title, content, rejected_reason, report_status, created_time, updated_time, reviewed_time)
VALUES
(DEFAULT, 18224, 'Employee 111 submit Report', 'Completed Task.', NULL, 'APPROVED', '2023-01-22 04:31:09.600000', '2023-01-22 04:31:09.600000', '2023-01-22 04:36:09.600000'),
(DEFAULT, 18225, 'Employee 112 submit Report', 'Completed Task.', NULL, 'APPROVED', '2023-01-06 01:52:45.600000', '2023-01-06 01:52:45.600000', '2023-01-06 01:57:45.600000'),
(DEFAULT, 18226, 'Employee 113 submit Report', 'Completed Task.', NULL, 'APPROVED', '2023-01-07 00:03:19.200000', '2023-01-07 00:03:19.200000', '2023-01-07 00:08:19.200000'),
(DEFAULT, 18227, 'Employee 114 submit Report', 'Completed Task.', NULL, 'APPROVED', '2023-01-04 16:19:38.400000', '2023-01-04 16:19:38.400000', '2023-01-04 16:24:38.400000'),
(DEFAULT, 18228, 'Employee 115 submit Report', 'Completed Task.', NULL, 'APPROVED', '2023-01-05 01:06:40.800000', '2023-01-05 01:06:40.800000', '2023-01-05 01:11:40.800000'),
(DEFAULT, 18229, 'Employee 136 submit Report', 'Completed Task.', NULL, 'APPROVED', '2023-01-13 03:13:24.000000', '2023-01-13 03:13:24.000000', '2023-01-13 03:18:24.000000'),
(DEFAULT, 18230, 'Employee 137 submit Report', 'Completed Task.', NULL, 'APPROVED', '2023-01-07 20:56:07.200000', '2023-01-07 20:56:07.200000', '2023-01-07 21:01:07.200000'),
(DEFAULT, 18231, 'Employee 138 submit Report', 'Completed Task.', NULL, 'APPROVED', '2023-01-14 23:25:52.800000', '2023-01-14 23:25:52.800000', '2023-01-14 23:30:52.800000'),
(DEFAULT, 18232, 'Employee 139 submit Report', 'Completed Task.', NULL, 'APPROVED', '2023-01-23 08:35:57.600000', '2023-01-23 08:35:57.600000', '2023-01-23 08:40:57.600000'),
(DEFAULT, 18233, 'Employee 140 submit Report', 'Completed Task.', NULL, 'APPROVED', '2023-01-13 11:17:14.400000', '2023-01-13 11:17:14.400000', '2023-01-13 11:22:14.400000');

-- 2023-01-10 00:35:00.000000
-- 2023-01-10
INSERT INTO task (id, collection_id, created_by_id, root_task_id, name, description, report_format, level, task_type, priority, is_locked, start_date, end_date, deadline, created_time, updated_time)
VALUES (782, 59, 151, NULL, 'Sign Off Regression Testing', 'This is Sign Off Regression Testing', NULL, 'HARD', 'TEST', 'NORMAL', FALSE, '2023-01-10', '2023-02-02', '2023-01-16', '2023-01-10 00:35:00.000000', '2023-01-10 00:35:00.000000');

INSERT INTO task_for_users (id, task_id, assigned_to_id, user_task_status, updated_time, started_time)
VALUES
(18235, 782, 111, 'JOINED', '2023-01-10 00:35:00.000000', '2023-01-10 02:10:02.400000'),
(18236, 782, 112, 'JOINED', '2023-01-10 00:35:00.000000', '2023-01-10 12:40:45.600000'),
(18237, 782, 113, 'JOINED', '2023-01-10 00:35:00.000000', '2023-01-12 16:31:09.600000'),
(18238, 782, 114, 'JOINED', '2023-01-10 00:35:00.000000', '2023-01-10 07:21:04.800000'),
(18239, 782, 115, 'JOINED', '2023-01-10 00:35:00.000000', '2023-01-10 04:19:38.400000'),
(18240, 782, 136, 'JOINED', '2023-01-10 00:35:00.000000', '2023-01-15 10:11:00.000000'),
(18241, 782, 137, 'JOINED', '2023-01-10 00:35:00.000000', '2023-01-10 12:06:12.000000'),
(18242, 782, 138, 'JOINED', '2023-01-10 00:35:00.000000', '2023-01-15 10:11:00.000000'),
(18243, 782, 139, 'JOINED', '2023-01-10 00:35:00.000000', '2023-01-11 22:13:52.800000'),
(18244, 782, 140, 'JOINED', '2023-01-10 00:35:00.000000', '2023-01-11 13:09:33.600000');
INSERT INTO report (id, created_by_id, title, content, rejected_reason, report_status, created_time, updated_time, reviewed_time)
VALUES
(DEFAULT, 18235, 'Employee 111 submit Report', 'Completed Task.', NULL, 'APPROVED', '2023-01-12 13:12:26.400000', '2023-01-12 13:12:26.400000', '2023-01-12 13:17:26.400000'),
(DEFAULT, 18236, 'Employee 112 submit Report', 'Completed Task.', NULL, 'APPROVED', '2023-01-21 12:29:14.400000', '2023-01-21 12:29:14.400000', '2023-01-21 12:34:14.400000'),
(DEFAULT, 18237, 'Employee 113 submit Report', 'Completed Task.', NULL, 'APPROVED', '2023-01-14 03:47:57.600000', '2023-01-14 03:47:57.600000', '2023-01-14 03:52:57.600000'),
(DEFAULT, 18238, 'Employee 114 submit Report', 'Completed Task.', NULL, 'APPROVED', '2023-01-14 04:13:52.800000', '2023-01-14 04:13:52.800000', '2023-01-14 04:18:52.800000'),
(DEFAULT, 18239, 'Employee 115 submit Report', 'Completed Task.', NULL, 'APPROVED', '2023-01-11 08:50:21.600000', '2023-01-11 08:50:21.600000', '2023-01-11 08:55:21.600000'),
(DEFAULT, 18240, 'Employee 136 submit Report', 'Completed Task.', NULL, 'APPROVED', '2023-02-02 05:08:36.000000', '2023-02-02 05:08:36.000000', '2023-02-02 05:13:36.000000'),
(DEFAULT, 18241, 'Employee 137 submit Report', 'Completed Task.', NULL, 'APPROVED', '2023-01-14 22:57:04.800000', '2023-01-14 22:57:04.800000', '2023-01-14 23:02:04.800000'),
(DEFAULT, 18242, 'Employee 138 submit Report', 'Completed Task.', NULL, 'APPROVED', '2023-01-28 09:22:02.400000', '2023-01-28 09:22:02.400000', '2023-01-28 09:27:02.400000'),
(DEFAULT, 18243, 'Employee 139 submit Report', 'Completed Task.', NULL, 'APPROVED', '2023-01-15 06:52:16.800000', '2023-01-15 06:52:16.800000', '2023-01-15 06:57:16.800000'),
(DEFAULT, 18244, 'Employee 140 submit Report', 'Completed Task.', NULL, 'APPROVED', '2023-01-15 15:22:02.400000', '2023-01-15 15:22:02.400000', '2023-01-15 15:27:02.400000');

INSERT INTO collection (`id`, `created_time`, `description`, `due_date`, `start_date`, `name`, `updated_time`, `phase_id`, `created_by_id`)
VALUES (60, '2023-01-16 00:35:00.000000', 'This is API & Integration Testing After Refactor', '2023-09-18', '2023-01-16', 'API & Integration Testing After Refactor', '2023-01-16 00:35:00.000000', 10, 154);


-- 2023-01-17 00:40:00.000000
-- 2023-01-17
INSERT INTO task (id, collection_id, created_by_id, root_task_id, name, description, report_format, level, task_type, priority, is_locked, start_date, end_date, deadline, created_time, updated_time)
VALUES (783, 60, 151, NULL, 'Verify API Contract Post-Refactor', 'This is Verify API Contract Post-Refactor', NULL, 'HARD', 'TEST', 'NORMAL', FALSE, '2023-01-17', '2023-02-05', '2023-01-23', '2023-01-17 00:40:00.000000', '2023-01-17 00:40:00.000000');

INSERT INTO task_for_users (id, task_id, assigned_to_id, user_task_status, updated_time, started_time)
VALUES
(18246, 783, 111, 'JOINED', '2023-01-17 00:40:00.000000', '2023-01-17 07:52:00.000000'),
(18247, 783, 112, 'JOINED', '2023-01-17 00:40:00.000000', '2023-01-22 10:16:00.000000'),
(18248, 783, 113, 'JOINED', '2023-01-17 00:40:00.000000', '2023-01-19 17:19:21.600000'),
(18249, 783, 114, 'JOINED', '2023-01-17 00:40:00.000000', '2023-01-22 10:16:00.000000'),
(18250, 783, 115, 'JOINED', '2023-01-17 00:40:00.000000', '2023-01-18 19:52:00.000000'),
(18251, 783, 136, 'JOINED', '2023-01-17 00:40:00.000000', '2023-01-18 07:03:02.400000'),
(18252, 783, 137, 'JOINED', '2023-01-17 00:40:00.000000', '2023-01-17 18:05:26.400000'),
(18253, 783, 138, 'JOINED', '2023-01-17 00:40:00.000000', '2023-01-18 08:03:31.200000'),
(18254, 783, 139, 'JOINED', '2023-01-17 00:40:00.000000', '2023-01-17 04:50:33.600000'),
(18255, 783, 140, 'JOINED', '2023-01-17 00:40:00.000000', '2023-01-18 09:12:38.400000');
INSERT INTO report (id, created_by_id, title, content, rejected_reason, report_status, created_time, updated_time, reviewed_time)
VALUES
(DEFAULT, 18246, 'Employee 111 submit Report', 'Completed Task.', NULL, 'APPROVED', '2023-01-18 19:00:09.600000', '2023-01-18 19:00:09.600000', '2023-01-18 19:05:09.600000'),
(DEFAULT, 18247, 'Employee 112 submit Report', 'Completed Task.', NULL, 'APPROVED', '2023-02-05 17:07:50.400000', '2023-02-05 17:07:50.400000', '2023-02-05 17:12:50.400000'),
(DEFAULT, 18248, 'Employee 113 submit Report', 'Completed Task.', NULL, 'APPROVED', '2023-01-20 19:49:07.200000', '2023-01-20 19:49:07.200000', '2023-01-20 19:54:07.200000'),
(DEFAULT, 18249, 'Employee 114 submit Report', 'Completed Task.', NULL, 'APPROVED', '2023-02-05 22:01:36.000000', '2023-02-05 22:01:36.000000', '2023-02-05 22:06:36.000000'),
(DEFAULT, 18250, 'Employee 115 submit Report', 'Completed Task.', NULL, 'APPROVED', '2023-01-20 21:06:52.800000', '2023-01-20 21:06:52.800000', '2023-01-20 21:11:52.800000'),
(DEFAULT, 18251, 'Employee 136 submit Report', 'Completed Task.', NULL, 'APPROVED', '2023-01-20 07:17:26.400000', '2023-01-20 07:17:26.400000', '2023-01-20 07:22:26.400000'),
(DEFAULT, 18252, 'Employee 137 submit Report', 'Completed Task.', NULL, 'APPROVED', '2023-01-28 07:14:33.600000', '2023-01-28 07:14:33.600000', '2023-01-28 07:19:33.600000'),
(DEFAULT, 18253, 'Employee 138 submit Report', 'Completed Task.', NULL, 'APPROVED', '2023-01-27 17:16:28.800000', '2023-01-27 17:16:28.800000', '2023-01-27 17:21:28.800000'),
(DEFAULT, 18254, 'Employee 139 submit Report', 'Completed Task.', NULL, 'APPROVED', '2023-01-19 02:46:43.200000', '2023-01-19 02:46:43.200000', '2023-01-19 02:51:43.200000'),
(DEFAULT, 18255, 'Employee 140 submit Report', 'Completed Task.', NULL, 'APPROVED', '2023-01-21 21:44:19.200000', '2023-01-21 21:44:19.200000', '2023-01-21 21:49:19.200000');

-- 2023-01-24 00:40:00.000000
-- 2023-01-24
INSERT INTO task (id, collection_id, created_by_id, root_task_id, name, description, report_format, level, task_type, priority, is_locked, start_date, end_date, deadline, created_time, updated_time)
VALUES (784, 60, 151, NULL, 'Verify API Request Validation', 'This is Verify API Request Validation', NULL, 'HARD', 'TEST', 'NORMAL', FALSE, '2023-01-24', '2023-02-10', '2023-01-30', '2023-01-24 00:40:00.000000', '2023-01-24 00:40:00.000000');

INSERT INTO task_for_users (id, task_id, assigned_to_id, user_task_status, updated_time, started_time)
VALUES
(18257, 784, 111, 'JOINED', '2023-01-24 00:40:00.000000', '2023-01-24 05:16:28.800000'),
(18258, 784, 112, 'JOINED', '2023-01-24 00:40:00.000000', '2023-01-29 10:16:00.000000'),
(18259, 784, 113, 'JOINED', '2023-01-24 00:40:00.000000', '2023-01-25 07:03:02.400000'),
(18260, 784, 114, 'JOINED', '2023-01-24 00:40:00.000000', '2023-01-25 06:54:24.000000'),
(18261, 784, 115, 'JOINED', '2023-01-24 00:40:00.000000', '2023-01-24 08:26:33.600000'),
(18262, 784, 136, 'JOINED', '2023-01-24 00:40:00.000000', '2023-01-24 14:12:09.600000'),
(18263, 784, 137, 'JOINED', '2023-01-24 00:40:00.000000', '2023-01-24 04:24:38.400000'),
(18264, 784, 138, 'JOINED', '2023-01-24 00:40:00.000000', '2023-01-26 00:02:33.600000'),
(18265, 784, 139, 'JOINED', '2023-01-24 00:40:00.000000', '2023-01-24 07:43:21.600000'),
(18266, 784, 140, 'JOINED', '2023-01-24 00:40:00.000000', '2023-01-24 13:28:57.600000');
INSERT INTO report (id, created_by_id, title, content, rejected_reason, report_status, created_time, updated_time, reviewed_time)
VALUES
(DEFAULT, 18257, 'Employee 111 submit Report', 'Completed Task.', NULL, 'APPROVED', '2023-01-27 19:14:33.600000', '2023-01-27 19:14:33.600000', '2023-01-27 19:19:33.600000'),
(DEFAULT, 18258, 'Employee 112 submit Report', 'Completed Task.', NULL, 'APPROVED', '2023-02-10 18:54:24.000000', '2023-02-10 18:54:24.000000', '2023-02-10 18:59:24.000000'),
(DEFAULT, 18259, 'Employee 113 submit Report', 'Completed Task.', NULL, 'APPROVED', '2023-01-26 14:17:55.200000', '2023-01-26 14:17:55.200000', '2023-01-26 14:22:55.200000'),
(DEFAULT, 18260, 'Employee 114 submit Report', 'Completed Task.', NULL, 'APPROVED', '2023-01-27 01:23:12.000000', '2023-01-27 01:23:12.000000', '2023-01-27 01:28:12.000000'),
(DEFAULT, 18261, 'Employee 115 submit Report', 'Completed Task.', NULL, 'APPROVED', '2023-01-25 21:18:24.000000', '2023-01-25 21:18:24.000000', '2023-01-25 21:23:24.000000'),
(DEFAULT, 18262, 'Employee 136 submit Report', 'Completed Task.', NULL, 'APPROVED', '2023-01-26 23:48:09.600000', '2023-01-26 23:48:09.600000', '2023-01-26 23:53:09.600000'),
(DEFAULT, 18263, 'Employee 137 submit Report', 'Completed Task.', NULL, 'APPROVED', '2023-01-26 21:47:12.000000', '2023-01-26 21:47:12.000000', '2023-01-26 21:52:12.000000'),
(DEFAULT, 18264, 'Employee 138 submit Report', 'Completed Task.', NULL, 'APPROVED', '2023-01-27 19:40:28.800000', '2023-01-27 19:40:28.800000', '2023-01-27 19:45:28.800000'),
(DEFAULT, 18265, 'Employee 139 submit Report', 'Completed Task.', NULL, 'APPROVED', '2023-01-26 05:04:57.600000', '2023-01-26 05:04:57.600000', '2023-01-26 05:09:57.600000'),
(DEFAULT, 18266, 'Employee 140 submit Report', 'Completed Task.', NULL, 'APPROVED', '2023-01-27 09:35:40.800000', '2023-01-27 09:35:40.800000', '2023-01-27 09:40:40.800000');

-- 2023-01-31 00:40:00.000000
-- 2023-01-31
INSERT INTO task (id, collection_id, created_by_id, root_task_id, name, description, report_format, level, task_type, priority, is_locked, start_date, end_date, deadline, created_time, updated_time)
VALUES (785, 60, 151, NULL, 'Verify API Response Mapping', 'This is Verify API Response Mapping', NULL, 'HARD', 'TEST', 'NORMAL', FALSE, '2023-01-31', '2023-02-22', '2023-02-06', '2023-01-31 00:40:00.000000', '2023-01-31 00:40:00.000000');

INSERT INTO task_for_users (id, task_id, assigned_to_id, user_task_status, updated_time, started_time)
VALUES
(18268, 785, 111, 'JOINED', '2023-01-31 00:40:00.000000', '2023-01-31 18:48:38.400000'),
(18269, 785, 112, 'JOINED', '2023-01-31 00:40:00.000000', '2023-02-03 01:40:28.800000'),
(18270, 785, 113, 'JOINED', '2023-01-31 00:40:00.000000', '2023-01-31 11:45:16.800000'),
(18271, 785, 114, 'JOINED', '2023-01-31 00:40:00.000000', '2023-01-31 06:16:57.600000'),
(18272, 785, 115, 'JOINED', '2023-01-31 00:40:00.000000', '2023-01-31 10:53:26.400000'),
(18273, 785, 136, 'JOINED', '2023-01-31 00:40:00.000000', '2023-02-05 10:16:00.000000'),
(18274, 785, 137, 'JOINED', '2023-01-31 00:40:00.000000', '2023-02-01 12:48:38.400000'),
(18275, 785, 138, 'JOINED', '2023-01-31 00:40:00.000000', '2023-02-05 10:16:00.000000'),
(18276, 785, 139, 'JOINED', '2023-01-31 00:40:00.000000', '2023-02-05 10:16:00.000000'),
(18277, 785, 140, 'JOINED', '2023-01-31 00:40:00.000000', '2023-02-01 19:00:09.600000');
INSERT INTO report (id, created_by_id, title, content, rejected_reason, report_status, created_time, updated_time, reviewed_time)
VALUES
(DEFAULT, 18268, 'Employee 111 submit Report', 'Completed Task.', NULL, 'APPROVED', '2023-02-04 06:11:12.000000', '2023-02-04 06:11:12.000000', '2023-02-04 06:16:12.000000'),
(DEFAULT, 18269, 'Employee 112 submit Report', 'Completed Task.', NULL, 'APPROVED', '2023-02-04 18:08:19.200000', '2023-02-04 18:08:19.200000', '2023-02-04 18:13:19.200000'),
(DEFAULT, 18270, 'Employee 113 submit Report', 'Completed Task.', NULL, 'APPROVED', '2023-02-02 12:42:52.800000', '2023-02-02 12:42:52.800000', '2023-02-02 12:47:52.800000'),
(DEFAULT, 18271, 'Employee 114 submit Report', 'Completed Task.', NULL, 'APPROVED', '2023-02-02 19:37:36.000000', '2023-02-02 19:37:36.000000', '2023-02-02 19:42:36.000000'),
(DEFAULT, 18272, 'Employee 115 submit Report', 'Completed Task.', NULL, 'APPROVED', '2023-02-02 04:56:19.200000', '2023-02-02 04:56:19.200000', '2023-02-02 05:01:19.200000'),
(DEFAULT, 18273, 'Employee 136 submit Report', 'Completed Task.', NULL, 'APPROVED', '2023-02-22 22:27:31.200000', '2023-02-22 22:27:31.200000', '2023-02-22 22:32:31.200000'),
(DEFAULT, 18274, 'Employee 137 submit Report', 'Completed Task.', NULL, 'APPROVED', '2023-02-05 02:29:26.400000', '2023-02-05 02:29:26.400000', '2023-02-05 02:34:26.400000'),
(DEFAULT, 18275, 'Employee 138 submit Report', 'Completed Task.', NULL, 'APPROVED', '2023-02-18 22:24:38.400000', '2023-02-18 22:24:38.400000', '2023-02-18 22:29:38.400000'),
(DEFAULT, 18276, 'Employee 139 submit Report', 'Completed Task.', NULL, 'APPROVED', '2023-02-22 00:51:31.200000', '2023-02-22 00:51:31.200000', '2023-02-22 00:56:31.200000'),
(DEFAULT, 18277, 'Employee 140 submit Report', 'Completed Task.', NULL, 'APPROVED', '2023-02-04 15:32:48.000000', '2023-02-04 15:32:48.000000', '2023-02-04 15:37:48.000000');

-- 2023-02-07 00:40:00.000000
-- 2023-02-07
INSERT INTO task (id, collection_id, created_by_id, root_task_id, name, description, report_format, level, task_type, priority, is_locked, start_date, end_date, deadline, created_time, updated_time)
VALUES (786, 60, 151, NULL, 'Verify API Error Code Consistency', 'This is Verify API Error Code Consistency', NULL, 'HARD', 'TEST', 'NORMAL', FALSE, '2023-02-07', '2023-02-28', '2023-02-13', '2023-02-07 00:40:00.000000', '2023-02-07 00:40:00.000000');

INSERT INTO task_for_users (id, task_id, assigned_to_id, user_task_status, updated_time, started_time)
VALUES
(18279, 786, 111, 'JOINED', '2023-02-07 00:40:00.000000', '2023-02-09 06:31:21.600000'),
(18280, 786, 112, 'JOINED', '2023-02-07 00:40:00.000000', '2023-02-07 01:05:55.200000'),
(18281, 786, 113, 'JOINED', '2023-02-07 00:40:00.000000', '2023-02-08 13:05:55.200000'),
(18282, 786, 114, 'JOINED', '2023-02-07 00:40:00.000000', '2023-02-08 13:40:28.800000'),
(18283, 786, 115, 'JOINED', '2023-02-07 00:40:00.000000', '2023-02-12 10:16:00.000000'),
(18284, 786, 136, 'JOINED', '2023-02-07 00:40:00.000000', '2023-02-08 00:51:31.200000'),
(18285, 786, 137, 'JOINED', '2023-02-07 00:40:00.000000', '2023-02-07 03:58:43.200000'),
(18286, 786, 138, 'JOINED', '2023-02-07 00:40:00.000000', '2023-02-12 10:16:00.000000'),
(18287, 786, 139, 'JOINED', '2023-02-07 00:40:00.000000', '2023-02-12 10:16:00.000000'),
(18288, 786, 140, 'JOINED', '2023-02-07 00:40:00.000000', '2023-02-07 03:15:31.200000');
INSERT INTO report (id, created_by_id, title, content, rejected_reason, report_status, created_time, updated_time, reviewed_time)
VALUES
(DEFAULT, 18279, 'Employee 111 submit Report', 'Completed Task.', NULL, 'APPROVED', '2023-02-16 18:48:38.400000', '2023-02-16 18:48:38.400000', '2023-02-16 18:53:38.400000'),
(DEFAULT, 18280, 'Employee 112 submit Report', 'Completed Task.', NULL, 'APPROVED', '2023-02-08 12:31:21.600000', '2023-02-08 12:31:21.600000', '2023-02-08 12:36:21.600000'),
(DEFAULT, 18281, 'Employee 113 submit Report', 'Completed Task.', NULL, 'APPROVED', '2023-02-10 03:24:09.600000', '2023-02-10 03:24:09.600000', '2023-02-10 03:29:09.600000'),
(DEFAULT, 18282, 'Employee 114 submit Report', 'Completed Task.', NULL, 'APPROVED', '2023-02-09 17:45:16.800000', '2023-02-09 17:45:16.800000', '2023-02-09 17:50:16.800000'),
(DEFAULT, 18283, 'Employee 115 submit Report', 'Completed Task.', NULL, 'APPROVED', '2023-02-28 10:18:52.800000', '2023-02-28 10:18:52.800000', '2023-02-28 10:23:52.800000'),
(DEFAULT, 18284, 'Employee 136 submit Report', 'Completed Task.', NULL, 'APPROVED', '2023-02-10 19:05:55.200000', '2023-02-10 19:05:55.200000', '2023-02-10 19:10:55.200000'),
(DEFAULT, 18285, 'Employee 137 submit Report', 'Completed Task.', NULL, 'APPROVED', '2023-02-09 00:11:12.000000', '2023-02-09 00:11:12.000000', '2023-02-09 00:16:12.000000'),
(DEFAULT, 18286, 'Employee 138 submit Report', 'Completed Task.', NULL, 'APPROVED', '2023-02-24 11:42:24.000000', '2023-02-24 11:42:24.000000', '2023-02-24 11:47:24.000000'),
(DEFAULT, 18287, 'Employee 139 submit Report', 'Completed Task.', NULL, 'APPROVED', '2023-02-26 03:18:24.000000', '2023-02-26 03:18:24.000000', '2023-02-26 03:23:24.000000'),
(DEFAULT, 18288, 'Employee 140 submit Report', 'Completed Task.', NULL, 'APPROVED', '2023-02-09 07:05:55.200000', '2023-02-09 07:05:55.200000', '2023-02-09 07:10:55.200000');

-- 2023-02-14 00:40:00.000000
-- 2023-02-14
INSERT INTO task (id, collection_id, created_by_id, root_task_id, name, description, report_format, level, task_type, priority, is_locked, start_date, end_date, deadline, created_time, updated_time)
VALUES (787, 60, 151, NULL, 'Verify API Authorization Rules', 'This is Verify API Authorization Rules', NULL, 'HARD', 'TEST', 'NORMAL', FALSE, '2023-02-14', '2023-03-09', '2023-02-20', '2023-02-14 00:40:00.000000', '2023-02-14 00:40:00.000000');

INSERT INTO task_for_users (id, task_id, assigned_to_id, user_task_status, updated_time, started_time)
VALUES
(18290, 787, 111, 'JOINED', '2023-02-14 00:40:00.000000', '2023-02-14 03:32:48.000000'),
(18291, 787, 112, 'JOINED', '2023-02-14 00:40:00.000000', '2023-02-15 04:18:52.800000'),
(18292, 787, 113, 'JOINED', '2023-02-14 00:40:00.000000', '2023-02-14 10:36:09.600000'),
(18293, 787, 114, 'JOINED', '2023-02-14 00:40:00.000000', '2023-02-19 10:16:00.000000'),
(18294, 787, 115, 'JOINED', '2023-02-14 00:40:00.000000', '2023-02-15 17:42:24.000000'),
(18295, 787, 136, 'JOINED', '2023-02-14 00:40:00.000000', '2023-02-14 08:43:50.400000'),
(18296, 787, 137, 'JOINED', '2023-02-14 00:40:00.000000', '2023-02-19 10:16:00.000000'),
(18297, 787, 138, 'JOINED', '2023-02-14 00:40:00.000000', '2023-02-19 10:16:00.000000'),
(18298, 787, 139, 'JOINED', '2023-02-14 00:40:00.000000', '2023-02-14 10:36:09.600000'),
(18299, 787, 140, 'JOINED', '2023-02-14 00:40:00.000000', '2023-02-15 07:07:21.600000');
INSERT INTO report (id, created_by_id, title, content, rejected_reason, report_status, created_time, updated_time, reviewed_time)
VALUES
(DEFAULT, 18290, 'Employee 111 submit Report', 'Completed Task.', NULL, 'APPROVED', '2023-02-16 18:28:28.800000', '2023-02-16 18:28:28.800000', '2023-02-16 18:33:28.800000'),
(DEFAULT, 18291, 'Employee 112 submit Report', 'Completed Task.', NULL, 'APPROVED', '2023-02-16 18:02:33.600000', '2023-02-16 18:02:33.600000', '2023-02-16 18:07:33.600000'),
(DEFAULT, 18292, 'Employee 113 submit Report', 'Completed Task.', NULL, 'APPROVED', '2023-02-25 14:43:50.400000', '2023-02-25 14:43:50.400000', '2023-02-25 14:48:50.400000'),
(DEFAULT, 18293, 'Employee 114 submit Report', 'Completed Task.', NULL, 'APPROVED', '2023-03-09 01:54:52.800000', '2023-03-09 01:54:52.800000', '2023-03-09 01:59:52.800000'),
(DEFAULT, 18294, 'Employee 115 submit Report', 'Completed Task.', NULL, 'APPROVED', '2023-02-19 08:23:40.800000', '2023-02-19 08:23:40.800000', '2023-02-19 08:28:40.800000'),
(DEFAULT, 18295, 'Employee 136 submit Report', 'Completed Task.', NULL, 'APPROVED', '2023-02-16 18:28:28.800000', '2023-02-16 18:28:28.800000', '2023-02-16 18:33:28.800000'),
(DEFAULT, 18296, 'Employee 137 submit Report', 'Completed Task.', NULL, 'APPROVED', '2023-03-08 09:29:55.200000', '2023-03-08 09:29:55.200000', '2023-03-08 09:34:55.200000'),
(DEFAULT, 18297, 'Employee 138 submit Report', 'Completed Task.', NULL, 'APPROVED', '2023-03-07 09:35:40.800000', '2023-03-07 09:35:40.800000', '2023-03-07 09:40:40.800000'),
(DEFAULT, 18298, 'Employee 139 submit Report', 'Completed Task.', NULL, 'APPROVED', '2023-02-18 01:52:00.000000', '2023-02-18 01:52:00.000000', '2023-02-18 01:57:00.000000'),
(DEFAULT, 18299, 'Employee 140 submit Report', 'Completed Task.', NULL, 'APPROVED', '2023-02-24 18:12:38.400000', '2023-02-24 18:12:38.400000', '2023-02-24 18:17:38.400000');

-- 2023-02-21 00:40:00.000000
-- 2023-02-21
INSERT INTO task (id, collection_id, created_by_id, root_task_id, name, description, report_format, level, task_type, priority, is_locked, start_date, end_date, deadline, created_time, updated_time)
VALUES (788, 60, 151, NULL, 'Verify API Authentication Flow', 'This is Verify API Authentication Flow', NULL, 'HARD', 'TEST', 'NORMAL', FALSE, '2023-02-21', '2023-03-13', '2023-02-27', '2023-02-21 00:40:00.000000', '2023-02-21 00:40:00.000000');

INSERT INTO task_for_users (id, task_id, assigned_to_id, user_task_status, updated_time, started_time)
VALUES
(18301, 788, 111, 'JOINED', '2023-02-21 00:40:00.000000', '2023-02-23 07:57:45.600000'),
(18302, 788, 112, 'JOINED', '2023-02-21 00:40:00.000000', '2023-02-23 10:37:36.000000'),
(18303, 788, 113, 'JOINED', '2023-02-21 00:40:00.000000', '2023-02-22 03:44:19.200000'),
(18304, 788, 114, 'JOINED', '2023-02-21 00:40:00.000000', '2023-02-21 18:40:00.000000'),
(18305, 788, 115, 'JOINED', '2023-02-21 00:40:00.000000', '2023-02-26 10:16:00.000000'),
(18306, 788, 136, 'JOINED', '2023-02-21 00:40:00.000000', '2023-02-21 00:48:38.400000'),
(18307, 788, 137, 'JOINED', '2023-02-21 00:40:00.000000', '2023-02-21 14:03:31.200000'),
(18308, 788, 138, 'JOINED', '2023-02-21 00:40:00.000000', '2023-02-22 01:39:02.400000'),
(18309, 788, 139, 'JOINED', '2023-02-21 00:40:00.000000', '2023-02-22 01:34:43.200000'),
(18310, 788, 140, 'JOINED', '2023-02-21 00:40:00.000000', '2023-02-26 10:16:00.000000');
INSERT INTO report (id, created_by_id, title, content, rejected_reason, report_status, created_time, updated_time, reviewed_time)
VALUES
(DEFAULT, 18301, 'Employee 111 submit Report', 'Completed Task.', NULL, 'APPROVED', '2023-02-25 10:04:28.800000', '2023-02-25 10:04:28.800000', '2023-02-25 10:09:28.800000'),
(DEFAULT, 18302, 'Employee 112 submit Report', 'Completed Task.', NULL, 'APPROVED', '2023-03-02 14:42:24.000000', '2023-03-02 14:42:24.000000', '2023-03-02 14:47:24.000000'),
(DEFAULT, 18303, 'Employee 113 submit Report', 'Completed Task.', NULL, 'APPROVED', '2023-02-23 09:32:48.000000', '2023-02-23 09:32:48.000000', '2023-02-23 09:37:48.000000'),
(DEFAULT, 18304, 'Employee 114 submit Report', 'Completed Task.', NULL, 'APPROVED', '2023-02-23 20:03:31.200000', '2023-02-23 20:03:31.200000', '2023-02-23 20:08:31.200000'),
(DEFAULT, 18305, 'Employee 115 submit Report', 'Completed Task.', NULL, 'APPROVED', '2023-03-11 21:24:09.600000', '2023-03-11 21:24:09.600000', '2023-03-11 21:29:09.600000'),
(DEFAULT, 18306, 'Employee 136 submit Report', 'Completed Task.', NULL, 'APPROVED', '2023-02-22 22:53:26.400000', '2023-02-22 22:53:26.400000', '2023-02-22 22:58:26.400000'),
(DEFAULT, 18307, 'Employee 137 submit Report', 'Completed Task.', NULL, 'APPROVED', '2023-02-25 02:26:33.600000', '2023-02-25 02:26:33.600000', '2023-02-25 02:31:33.600000'),
(DEFAULT, 18308, 'Employee 138 submit Report', 'Completed Task.', NULL, 'APPROVED', '2023-03-03 23:40:57.600000', '2023-03-03 23:40:57.600000', '2023-03-03 23:45:57.600000'),
(DEFAULT, 18309, 'Employee 139 submit Report', 'Completed Task.', NULL, 'APPROVED', '2023-02-23 21:04:00.000000', '2023-02-23 21:04:00.000000', '2023-02-23 21:09:00.000000'),
(DEFAULT, 18310, 'Employee 140 submit Report', 'Completed Task.', NULL, 'APPROVED', '2023-03-13 15:27:02.400000', '2023-03-13 15:27:02.400000', '2023-03-13 15:32:02.400000');

-- 2023-02-28 00:40:00.000000
-- 2023-02-28
INSERT INTO task (id, collection_id, created_by_id, root_task_id, name, description, report_format, level, task_type, priority, is_locked, start_date, end_date, deadline, created_time, updated_time)
VALUES (789, 60, 151, NULL, 'Verify API Pagination Parameters', 'This is Verify API Pagination Parameters', NULL, 'HARD', 'TEST', 'NORMAL', FALSE, '2023-02-28', '2023-03-21', '2023-03-06', '2023-02-28 00:40:00.000000', '2023-02-28 00:40:00.000000');

INSERT INTO task_for_users (id, task_id, assigned_to_id, user_task_status, updated_time, started_time)
VALUES
(18312, 789, 111, 'JOINED', '2023-02-28 00:40:00.000000', '2023-03-02 21:12:38.400000'),
(18313, 789, 112, 'JOINED', '2023-02-28 00:40:00.000000', '2023-03-01 00:16:57.600000'),
(18314, 789, 113, 'JOINED', '2023-02-28 00:40:00.000000', '2023-03-05 10:16:00.000000'),
(18315, 789, 114, 'JOINED', '2023-02-28 00:40:00.000000', '2023-02-28 03:06:52.800000'),
(18316, 789, 115, 'JOINED', '2023-02-28 00:40:00.000000', '2023-03-01 01:00:09.600000'),
(18317, 789, 136, 'JOINED', '2023-02-28 00:40:00.000000', '2023-02-28 06:51:31.200000'),
(18318, 789, 137, 'JOINED', '2023-02-28 00:40:00.000000', '2023-02-28 01:49:07.200000'),
(18319, 789, 138, 'JOINED', '2023-02-28 00:40:00.000000', '2023-02-28 00:40:00.000000'),
(18320, 789, 139, 'JOINED', '2023-02-28 00:40:00.000000', '2023-02-28 17:09:16.800000'),
(18321, 789, 140, 'JOINED', '2023-02-28 00:40:00.000000', '2023-03-05 10:16:00.000000');
INSERT INTO report (id, created_by_id, title, content, rejected_reason, report_status, created_time, updated_time, reviewed_time)
VALUES
(DEFAULT, 18312, 'Employee 111 submit Report', 'Completed Task.', NULL, 'APPROVED', '2023-03-09 04:07:21.600000', '2023-03-09 04:07:21.600000', '2023-03-09 04:12:21.600000'),
(DEFAULT, 18313, 'Employee 112 submit Report', 'Completed Task.', NULL, 'APPROVED', '2023-03-11 01:03:02.400000', '2023-03-11 01:03:02.400000', '2023-03-11 01:08:02.400000'),
(DEFAULT, 18314, 'Employee 113 submit Report', 'Completed Task.', NULL, 'APPROVED', '2023-03-21 19:49:07.200000', '2023-03-21 19:49:07.200000', '2023-03-21 19:54:07.200000'),
(DEFAULT, 18315, 'Employee 114 submit Report', 'Completed Task.', NULL, 'APPROVED', '2023-03-01 15:15:31.200000', '2023-03-01 15:15:31.200000', '2023-03-01 15:20:31.200000'),
(DEFAULT, 18316, 'Employee 115 submit Report', 'Completed Task.', NULL, 'APPROVED', '2023-03-03 08:26:33.600000', '2023-03-03 08:26:33.600000', '2023-03-03 08:31:33.600000'),
(DEFAULT, 18317, 'Employee 136 submit Report', 'Completed Task.', NULL, 'APPROVED', '2023-03-02 09:58:43.200000', '2023-03-02 09:58:43.200000', '2023-03-02 10:03:43.200000'),
(DEFAULT, 18318, 'Employee 137 submit Report', 'Completed Task.', NULL, 'APPROVED', '2023-03-05 14:26:33.600000', '2023-03-05 14:26:33.600000', '2023-03-05 14:31:33.600000'),
(DEFAULT, 18319, 'Employee 138 submit Report', 'Completed Task.', NULL, 'APPROVED', '2023-03-03 18:22:43.200000', '2023-03-03 18:22:43.200000', '2023-03-03 18:27:43.200000'),
(DEFAULT, 18320, 'Employee 139 submit Report', 'Completed Task.', NULL, 'APPROVED', '2023-03-11 08:10:43.200000', '2023-03-11 08:10:43.200000', '2023-03-11 08:15:43.200000'),
(DEFAULT, 18321, 'Employee 140 submit Report', 'Completed Task.', NULL, 'APPROVED', '2023-03-20 13:17:26.400000', '2023-03-20 13:17:26.400000', '2023-03-20 13:22:26.400000');

-- 2023-03-07 00:40:00.000000
-- 2023-03-07
INSERT INTO task (id, collection_id, created_by_id, root_task_id, name, description, report_format, level, task_type, priority, is_locked, start_date, end_date, deadline, created_time, updated_time)
VALUES (790, 60, 151, NULL, 'Verify API Filtering Parameters', 'This is Verify API Filtering Parameters', NULL, 'HARD', 'TEST', 'NORMAL', FALSE, '2023-03-07', '2023-03-29', '2023-03-13', '2023-03-07 00:40:00.000000', '2023-03-07 00:40:00.000000');

INSERT INTO task_for_users (id, task_id, assigned_to_id, user_task_status, updated_time, started_time)
VALUES
(18323, 790, 111, 'JOINED', '2023-03-07 00:40:00.000000', '2023-03-08 15:06:52.800000'),
(18324, 790, 112, 'JOINED', '2023-03-07 00:40:00.000000', '2023-03-09 18:45:45.600000'),
(18325, 790, 113, 'JOINED', '2023-03-07 00:40:00.000000', '2023-03-12 10:16:00.000000'),
(18326, 790, 114, 'JOINED', '2023-03-07 00:40:00.000000', '2023-03-09 02:29:26.400000'),
(18327, 790, 115, 'JOINED', '2023-03-07 00:40:00.000000', '2023-03-09 11:25:07.200000'),
(18328, 790, 136, 'JOINED', '2023-03-07 00:40:00.000000', '2023-03-12 10:16:00.000000'),
(18329, 790, 137, 'JOINED', '2023-03-07 00:40:00.000000', '2023-03-08 23:45:16.800000'),
(18330, 790, 138, 'JOINED', '2023-03-07 00:40:00.000000', '2023-03-07 01:23:12.000000'),
(18331, 790, 139, 'JOINED', '2023-03-07 00:40:00.000000', '2023-03-07 10:53:26.400000'),
(18332, 790, 140, 'JOINED', '2023-03-07 00:40:00.000000', '2023-03-07 08:56:48.000000');
INSERT INTO report (id, created_by_id, title, content, rejected_reason, report_status, created_time, updated_time, reviewed_time)
VALUES
(DEFAULT, 18323, 'Employee 111 submit Report', 'Completed Task.', NULL, 'APPROVED', '2023-03-11 16:24:38.400000', '2023-03-11 16:24:38.400000', '2023-03-11 16:29:38.400000'),
(DEFAULT, 18324, 'Employee 112 submit Report', 'Completed Task.', NULL, 'APPROVED', '2023-03-12 15:27:02.400000', '2023-03-12 15:27:02.400000', '2023-03-12 15:32:02.400000'),
(DEFAULT, 18325, 'Employee 113 submit Report', 'Completed Task.', NULL, 'APPROVED', '2023-03-28 10:18:52.800000', '2023-03-28 10:18:52.800000', '2023-03-28 10:23:52.800000'),
(DEFAULT, 18326, 'Employee 114 submit Report', 'Completed Task.', NULL, 'APPROVED', '2023-03-16 22:50:33.600000', '2023-03-16 22:50:33.600000', '2023-03-16 22:55:33.600000'),
(DEFAULT, 18327, 'Employee 115 submit Report', 'Completed Task.', NULL, 'APPROVED', '2023-03-16 13:54:52.800000', '2023-03-16 13:54:52.800000', '2023-03-16 13:59:52.800000'),
(DEFAULT, 18328, 'Employee 136 submit Report', 'Completed Task.', NULL, 'APPROVED', '2023-03-29 06:45:45.600000', '2023-03-29 06:45:45.600000', '2023-03-29 06:50:45.600000'),
(DEFAULT, 18329, 'Employee 137 submit Report', 'Completed Task.', NULL, 'APPROVED', '2023-03-10 19:14:33.600000', '2023-03-10 19:14:33.600000', '2023-03-10 19:19:33.600000'),
(DEFAULT, 18330, 'Employee 138 submit Report', 'Completed Task.', NULL, 'APPROVED', '2023-03-08 20:35:12.000000', '2023-03-08 20:35:12.000000', '2023-03-08 20:40:12.000000'),
(DEFAULT, 18331, 'Employee 139 submit Report', 'Completed Task.', NULL, 'APPROVED', '2023-03-11 23:45:16.800000', '2023-03-11 23:45:16.800000', '2023-03-11 23:50:16.800000'),
(DEFAULT, 18332, 'Employee 140 submit Report', 'Completed Task.', NULL, 'APPROVED', '2023-03-18 16:23:12.000000', '2023-03-18 16:23:12.000000', '2023-03-18 16:28:12.000000');

-- 2023-03-14 00:40:00.000000
-- 2023-03-14
INSERT INTO task (id, collection_id, created_by_id, root_task_id, name, description, report_format, level, task_type, priority, is_locked, start_date, end_date, deadline, created_time, updated_time)
VALUES (791, 60, 151, NULL, 'Verify API Sorting Parameters', 'This is Verify API Sorting Parameters', NULL, 'HARD', 'TEST', 'NORMAL', FALSE, '2023-03-14', '2023-04-04', '2023-03-20', '2023-03-14 00:40:00.000000', '2023-03-14 00:40:00.000000');

INSERT INTO task_for_users (id, task_id, assigned_to_id, user_task_status, updated_time, started_time)
VALUES
(18334, 791, 111, 'JOINED', '2023-03-14 00:40:00.000000', '2023-03-17 13:46:14.400000'),
(18335, 791, 112, 'JOINED', '2023-03-14 00:40:00.000000', '2023-03-15 02:00:38.400000'),
(18336, 791, 113, 'JOINED', '2023-03-14 00:40:00.000000', '2023-03-16 01:11:40.800000'),
(18337, 791, 114, 'JOINED', '2023-03-14 00:40:00.000000', '2023-03-16 13:08:48.000000'),
(18338, 791, 115, 'JOINED', '2023-03-14 00:40:00.000000', '2023-03-15 06:54:24.000000'),
(18339, 791, 136, 'JOINED', '2023-03-14 00:40:00.000000', '2023-03-19 10:16:00.000000'),
(18340, 791, 137, 'JOINED', '2023-03-14 00:40:00.000000', '2023-03-14 23:25:07.200000'),
(18341, 791, 138, 'JOINED', '2023-03-14 00:40:00.000000', '2023-03-15 06:45:45.600000'),
(18342, 791, 139, 'JOINED', '2023-03-14 00:40:00.000000', '2023-03-16 07:49:07.200000'),
(18343, 791, 140, 'JOINED', '2023-03-14 00:40:00.000000', '2023-03-14 06:29:55.200000');
INSERT INTO report (id, created_by_id, title, content, rejected_reason, report_status, created_time, updated_time, reviewed_time)
VALUES
(DEFAULT, 18334, 'Employee 111 submit Report', 'Completed Task.', NULL, 'APPROVED', '2023-03-22 11:33:45.600000', '2023-03-22 11:33:45.600000', '2023-03-22 11:38:45.600000'),
(DEFAULT, 18335, 'Employee 112 submit Report', 'Completed Task.', NULL, 'APPROVED', '2023-03-16 13:34:43.200000', '2023-03-16 13:34:43.200000', '2023-03-16 13:39:43.200000'),
(DEFAULT, 18336, 'Employee 113 submit Report', 'Completed Task.', NULL, 'APPROVED', '2023-03-17 03:32:48.000000', '2023-03-17 03:32:48.000000', '2023-03-17 03:37:48.000000'),
(DEFAULT, 18337, 'Employee 114 submit Report', 'Completed Task.', NULL, 'APPROVED', '2023-03-23 12:11:12.000000', '2023-03-23 12:11:12.000000', '2023-03-23 12:16:12.000000'),
(DEFAULT, 18338, 'Employee 115 submit Report', 'Completed Task.', NULL, 'APPROVED', '2023-03-16 18:45:45.600000', '2023-03-16 18:45:45.600000', '2023-03-16 18:50:45.600000'),
(DEFAULT, 18339, 'Employee 136 submit Report', 'Completed Task.', NULL, 'APPROVED', '2023-04-04 15:38:33.600000', '2023-04-04 15:38:33.600000', '2023-04-04 15:43:33.600000'),
(DEFAULT, 18340, 'Employee 137 submit Report', 'Completed Task.', NULL, 'APPROVED', '2023-03-16 22:04:28.800000', '2023-03-16 22:04:28.800000', '2023-03-16 22:09:28.800000'),
(DEFAULT, 18341, 'Employee 138 submit Report', 'Completed Task.', NULL, 'APPROVED', '2023-03-18 09:21:16.800000', '2023-03-18 09:21:16.800000', '2023-03-18 09:26:16.800000'),
(DEFAULT, 18342, 'Employee 139 submit Report', 'Completed Task.', NULL, 'APPROVED', '2023-03-19 05:13:36.000000', '2023-03-19 05:13:36.000000', '2023-03-19 05:18:36.000000'),
(DEFAULT, 18343, 'Employee 140 submit Report', 'Completed Task.', NULL, 'APPROVED', '2023-03-25 18:50:04.800000', '2023-03-25 18:50:04.800000', '2023-03-25 18:55:04.800000');

-- 2023-03-21 00:40:00.000000
-- 2023-03-21
INSERT INTO task (id, collection_id, created_by_id, root_task_id, name, description, report_format, level, task_type, priority, is_locked, start_date, end_date, deadline, created_time, updated_time)
VALUES (792, 60, 151, NULL, 'Verify API Payload Structure', 'This is Verify API Payload Structure', NULL, 'HARD', 'TEST', 'NORMAL', FALSE, '2023-03-21', '2023-04-10', '2023-03-27', '2023-03-21 00:40:00.000000', '2023-03-21 00:40:00.000000');

INSERT INTO task_for_users (id, task_id, assigned_to_id, user_task_status, updated_time, started_time)
VALUES
(18345, 792, 111, 'JOINED', '2023-03-21 00:40:00.000000', '2023-03-21 03:06:52.800000'),
(18346, 792, 112, 'JOINED', '2023-03-21 00:40:00.000000', '2023-03-26 10:16:00.000000'),
(18347, 792, 113, 'JOINED', '2023-03-21 00:40:00.000000', '2023-03-23 04:47:40.800000'),
(18348, 792, 114, 'JOINED', '2023-03-21 00:40:00.000000', '2023-03-23 01:54:52.800000'),
(18349, 792, 115, 'JOINED', '2023-03-21 00:40:00.000000', '2023-03-21 06:42:52.800000'),
(18350, 792, 136, 'JOINED', '2023-03-21 00:40:00.000000', '2023-03-21 05:07:50.400000'),
(18351, 792, 137, 'JOINED', '2023-03-21 00:40:00.000000', '2023-03-22 14:49:36.000000'),
(18352, 792, 138, 'JOINED', '2023-03-21 00:40:00.000000', '2023-03-26 10:16:00.000000'),
(18353, 792, 139, 'JOINED', '2023-03-21 00:40:00.000000', '2023-03-22 08:33:45.600000'),
(18354, 792, 140, 'JOINED', '2023-03-21 00:40:00.000000', '2023-03-26 10:16:00.000000');
INSERT INTO report (id, created_by_id, title, content, rejected_reason, report_status, created_time, updated_time, reviewed_time)
VALUES
(DEFAULT, 18345, 'Employee 111 submit Report', 'Completed Task.', NULL, 'APPROVED', '2023-03-26 00:54:24.000000', '2023-03-26 00:54:24.000000', '2023-03-26 00:59:24.000000'),
(DEFAULT, 18346, 'Employee 112 submit Report', 'Completed Task.', NULL, 'APPROVED', '2023-04-09 20:09:16.800000', '2023-04-09 20:09:16.800000', '2023-04-09 20:14:16.800000'),
(DEFAULT, 18347, 'Employee 113 submit Report', 'Completed Task.', NULL, 'APPROVED', '2023-03-25 16:24:38.400000', '2023-03-25 16:24:38.400000', '2023-03-25 16:29:38.400000'),
(DEFAULT, 18348, 'Employee 114 submit Report', 'Completed Task.', NULL, 'APPROVED', '2023-03-25 10:47:40.800000', '2023-03-25 10:47:40.800000', '2023-03-25 10:52:40.800000'),
(DEFAULT, 18349, 'Employee 115 submit Report', 'Completed Task.', NULL, 'APPROVED', '2023-03-22 18:25:36.000000', '2023-03-22 18:25:36.000000', '2023-03-22 18:30:36.000000'),
(DEFAULT, 18350, 'Employee 136 submit Report', 'Completed Task.', NULL, 'APPROVED', '2023-03-26 23:30:52.800000', '2023-03-26 23:30:52.800000', '2023-03-26 23:35:52.800000'),
(DEFAULT, 18351, 'Employee 137 submit Report', 'Completed Task.', NULL, 'APPROVED', '2023-03-26 18:28:28.800000', '2023-03-26 18:28:28.800000', '2023-03-26 18:33:28.800000'),
(DEFAULT, 18352, 'Employee 138 submit Report', 'Completed Task.', NULL, 'APPROVED', '2023-04-08 16:04:28.800000', '2023-04-08 16:04:28.800000', '2023-04-08 16:09:28.800000'),
(DEFAULT, 18353, 'Employee 139 submit Report', 'Completed Task.', NULL, 'APPROVED', '2023-03-31 16:46:14.400000', '2023-03-31 16:46:14.400000', '2023-03-31 16:51:14.400000'),
(DEFAULT, 18354, 'Employee 140 submit Report', 'Completed Task.', NULL, 'APPROVED', '2023-04-10 18:19:50.400000', '2023-04-10 18:19:50.400000', '2023-04-10 18:24:50.400000');

-- 2023-03-28 00:40:00.000000
-- 2023-03-28
INSERT INTO task (id, collection_id, created_by_id, root_task_id, name, description, report_format, level, task_type, priority, is_locked, start_date, end_date, deadline, created_time, updated_time)
VALUES (793, 60, 151, NULL, 'Verify CV Upload API After Refactor', 'This is Verify CV Upload API After Refactor', NULL, 'HARD', 'TEST', 'NORMAL', FALSE, '2023-03-28', '2023-04-19', '2023-04-03', '2023-03-28 00:40:00.000000', '2023-03-28 00:40:00.000000');

INSERT INTO task_for_users (id, task_id, assigned_to_id, user_task_status, updated_time, started_time)
VALUES
(18356, 793, 111, 'JOINED', '2023-03-28 00:40:00.000000', '2023-04-02 10:16:00.000000'),
(18357, 793, 112, 'JOINED', '2023-03-28 00:40:00.000000', '2023-03-31 14:33:45.600000'),
(18358, 793, 113, 'JOINED', '2023-03-28 00:40:00.000000', '2023-04-02 10:16:00.000000'),
(18359, 793, 114, 'JOINED', '2023-03-28 00:40:00.000000', '2023-04-02 10:16:00.000000'),
(18360, 793, 115, 'JOINED', '2023-03-28 00:40:00.000000', '2023-04-02 10:16:00.000000'),
(18361, 793, 136, 'JOINED', '2023-03-28 00:40:00.000000', '2023-03-29 04:44:48.000000'),
(18362, 793, 137, 'JOINED', '2023-03-28 00:40:00.000000', '2023-04-02 10:16:00.000000'),
(18363, 793, 138, 'JOINED', '2023-03-28 00:40:00.000000', '2023-04-02 10:16:00.000000'),
(18364, 793, 139, 'JOINED', '2023-03-28 00:40:00.000000', '2023-04-02 10:16:00.000000'),
(18365, 793, 140, 'JOINED', '2023-03-28 00:40:00.000000', '2023-03-28 01:49:07.200000');
INSERT INTO report (id, created_by_id, title, content, rejected_reason, report_status, created_time, updated_time, reviewed_time)
VALUES
(DEFAULT, 18356, 'Employee 111 submit Report', 'Completed Task.', NULL, 'APPROVED', '2023-04-16 04:36:09.600000', '2023-04-16 04:36:09.600000', '2023-04-16 04:41:09.600000'),
(DEFAULT, 18357, 'Employee 112 submit Report', 'Completed Task.', NULL, 'APPROVED', '2023-04-05 10:46:14.400000', '2023-04-05 10:46:14.400000', '2023-04-05 10:51:14.400000'),
(DEFAULT, 18358, 'Employee 113 submit Report', 'Completed Task.', NULL, 'APPROVED', '2023-04-14 11:42:24.000000', '2023-04-14 11:42:24.000000', '2023-04-14 11:47:24.000000'),
(DEFAULT, 18359, 'Employee 114 submit Report', 'Completed Task.', NULL, 'APPROVED', '2023-04-19 14:15:02.400000', '2023-04-19 14:15:02.400000', '2023-04-19 14:20:02.400000'),
(DEFAULT, 18360, 'Employee 115 submit Report', 'Completed Task.', NULL, 'APPROVED', '2023-04-19 11:48:09.600000', '2023-04-19 11:48:09.600000', '2023-04-19 11:53:09.600000'),
(DEFAULT, 18361, 'Employee 136 submit Report', 'Completed Task.', NULL, 'APPROVED', '2023-04-07 20:35:12.000000', '2023-04-07 20:35:12.000000', '2023-04-07 20:40:12.000000'),
(DEFAULT, 18362, 'Employee 137 submit Report', 'Completed Task.', NULL, 'APPROVED', '2023-04-17 20:38:04.800000', '2023-04-17 20:38:04.800000', '2023-04-17 20:43:04.800000'),
(DEFAULT, 18363, 'Employee 138 submit Report', 'Completed Task.', NULL, 'APPROVED', '2023-04-19 00:34:14.400000', '2023-04-19 00:34:14.400000', '2023-04-19 00:39:14.400000'),
(DEFAULT, 18364, 'Employee 139 submit Report', 'Completed Task.', NULL, 'APPROVED', '2023-04-16 16:16:00.000000', '2023-04-16 16:16:00.000000', '2023-04-16 16:21:00.000000'),
(DEFAULT, 18365, 'Employee 140 submit Report', 'Completed Task.', NULL, 'APPROVED', '2023-04-08 23:30:52.800000', '2023-04-08 23:30:52.800000', '2023-04-08 23:35:52.800000');

-- 2023-04-04 00:40:00.000000
-- 2023-04-04
INSERT INTO task (id, collection_id, created_by_id, root_task_id, name, description, report_format, level, task_type, priority, is_locked, start_date, end_date, deadline, created_time, updated_time)
VALUES (794, 60, 151, NULL, 'Verify CV Parsing API Integration', 'This is Verify CV Parsing API Integration', NULL, 'HARD', 'TEST', 'NORMAL', FALSE, '2023-04-04', '2023-04-23', '2023-04-10', '2023-04-04 00:40:00.000000', '2023-04-04 00:40:00.000000');

INSERT INTO task_for_users (id, task_id, assigned_to_id, user_task_status, updated_time, started_time)
VALUES
(18367, 794, 111, 'JOINED', '2023-04-04 00:40:00.000000', '2023-04-06 02:46:43.200000'),
(18368, 794, 112, 'JOINED', '2023-04-04 00:40:00.000000', '2023-04-04 23:33:45.600000'),
(18369, 794, 113, 'JOINED', '2023-04-04 00:40:00.000000', '2023-04-05 06:02:33.600000'),
(18370, 794, 114, 'JOINED', '2023-04-04 00:40:00.000000', '2023-04-04 08:43:50.400000'),
(18371, 794, 115, 'JOINED', '2023-04-04 00:40:00.000000', '2023-04-08 00:08:19.200000'),
(18372, 794, 136, 'JOINED', '2023-04-04 00:40:00.000000', '2023-04-04 04:33:16.800000'),
(18373, 794, 137, 'JOINED', '2023-04-04 00:40:00.000000', '2023-04-04 13:37:36.000000'),
(18374, 794, 138, 'JOINED', '2023-04-04 00:40:00.000000', '2023-04-05 09:04:00.000000'),
(18375, 794, 139, 'JOINED', '2023-04-04 00:40:00.000000', '2023-04-09 10:16:00.000000'),
(18376, 794, 140, 'JOINED', '2023-04-04 00:40:00.000000', '2023-04-09 10:16:00.000000');
INSERT INTO report (id, created_by_id, title, content, rejected_reason, report_status, created_time, updated_time, reviewed_time)
VALUES
(DEFAULT, 18367, 'Employee 111 submit Report', 'Completed Task.', NULL, 'APPROVED', '2023-04-07 07:17:26.400000', '2023-04-07 07:17:26.400000', '2023-04-07 07:22:26.400000'),
(DEFAULT, 18368, 'Employee 112 submit Report', 'Completed Task.', NULL, 'APPROVED', '2023-04-07 07:34:43.200000', '2023-04-07 07:34:43.200000', '2023-04-07 07:39:43.200000'),
(DEFAULT, 18369, 'Employee 113 submit Report', 'Completed Task.', NULL, 'APPROVED', '2023-04-06 05:13:36.000000', '2023-04-06 05:13:36.000000', '2023-04-06 05:18:36.000000'),
(DEFAULT, 18370, 'Employee 114 submit Report', 'Completed Task.', NULL, 'APPROVED', '2023-04-05 20:35:12.000000', '2023-04-05 20:35:12.000000', '2023-04-05 20:40:12.000000'),
(DEFAULT, 18371, 'Employee 115 submit Report', 'Completed Task.', NULL, 'APPROVED', '2023-04-09 12:25:36.000000', '2023-04-09 12:25:36.000000', '2023-04-09 12:30:36.000000'),
(DEFAULT, 18372, 'Employee 136 submit Report', 'Completed Task.', NULL, 'APPROVED', '2023-04-09 22:30:24.000000', '2023-04-09 22:30:24.000000', '2023-04-09 22:35:24.000000'),
(DEFAULT, 18373, 'Employee 137 submit Report', 'Completed Task.', NULL, 'APPROVED', '2023-04-15 11:42:24.000000', '2023-04-15 11:42:24.000000', '2023-04-15 11:47:24.000000'),
(DEFAULT, 18374, 'Employee 138 submit Report', 'Completed Task.', NULL, 'APPROVED', '2023-04-09 20:38:04.800000', '2023-04-09 20:38:04.800000', '2023-04-09 20:43:04.800000'),
(DEFAULT, 18375, 'Employee 139 submit Report', 'Completed Task.', NULL, 'APPROVED', '2023-04-23 15:15:31.200000', '2023-04-23 15:15:31.200000', '2023-04-23 15:20:31.200000'),
(DEFAULT, 18376, 'Employee 140 submit Report', 'Completed Task.', NULL, 'APPROVED', '2023-04-22 17:13:36.000000', '2023-04-22 17:13:36.000000', '2023-04-22 17:18:36.000000');

-- 2023-04-11 00:40:00.000000
-- 2023-04-11
INSERT INTO task (id, collection_id, created_by_id, root_task_id, name, description, report_format, level, task_type, priority, is_locked, start_date, end_date, deadline, created_time, updated_time)
VALUES (795, 60, 151, NULL, 'Verify Scoring API Integration', 'This is Verify Scoring API Integration', NULL, 'HARD', 'TEST', 'NORMAL', FALSE, '2023-04-11', '2023-05-03', '2023-04-17', '2023-04-11 00:40:00.000000', '2023-04-11 00:40:00.000000');

INSERT INTO task_for_users (id, task_id, assigned_to_id, user_task_status, updated_time, started_time)
VALUES
(18378, 795, 111, 'JOINED', '2023-04-11 00:40:00.000000', '2023-04-12 20:48:09.600000'),
(18379, 795, 112, 'JOINED', '2023-04-11 00:40:00.000000', '2023-04-11 18:14:04.800000'),
(18380, 795, 113, 'JOINED', '2023-04-11 00:40:00.000000', '2023-04-11 22:50:33.600000'),
(18381, 795, 114, 'JOINED', '2023-04-11 00:40:00.000000', '2023-04-11 04:50:33.600000'),
(18382, 795, 115, 'JOINED', '2023-04-11 00:40:00.000000', '2023-04-11 12:19:50.400000'),
(18383, 795, 136, 'JOINED', '2023-04-11 00:40:00.000000', '2023-04-16 10:16:00.000000'),
(18384, 795, 137, 'JOINED', '2023-04-11 00:40:00.000000', '2023-04-16 10:16:00.000000'),
(18385, 795, 138, 'JOINED', '2023-04-11 00:40:00.000000', '2023-04-11 03:28:28.800000'),
(18386, 795, 139, 'JOINED', '2023-04-11 00:40:00.000000', '2023-04-16 10:16:00.000000'),
(18387, 795, 140, 'JOINED', '2023-04-11 00:40:00.000000', '2023-04-11 03:58:43.200000');
INSERT INTO report (id, created_by_id, title, content, rejected_reason, report_status, created_time, updated_time, reviewed_time)
VALUES
(DEFAULT, 18378, 'Employee 111 submit Report', 'Completed Task.', NULL, 'APPROVED', '2023-04-21 04:31:50.400000', '2023-04-21 04:31:50.400000', '2023-04-21 04:36:50.400000'),
(DEFAULT, 18379, 'Employee 112 submit Report', 'Completed Task.', NULL, 'APPROVED', '2023-04-12 20:09:16.800000', '2023-04-12 20:09:16.800000', '2023-04-12 20:14:16.800000'),
(DEFAULT, 18380, 'Employee 113 submit Report', 'Completed Task.', NULL, 'APPROVED', '2023-04-22 02:29:26.400000', '2023-04-22 02:29:26.400000', '2023-04-22 02:34:26.400000'),
(DEFAULT, 18381, 'Employee 114 submit Report', 'Completed Task.', NULL, 'APPROVED', '2023-04-14 23:07:50.400000', '2023-04-14 23:07:50.400000', '2023-04-14 23:12:50.400000'),
(DEFAULT, 18382, 'Employee 115 submit Report', 'Completed Task.', NULL, 'APPROVED', '2023-04-13 18:11:12.000000', '2023-04-13 18:11:12.000000', '2023-04-13 18:16:12.000000'),
(DEFAULT, 18383, 'Employee 136 submit Report', 'Completed Task.', NULL, 'APPROVED', '2023-05-03 20:17:55.200000', '2023-05-03 20:17:55.200000', '2023-05-03 20:22:55.200000'),
(DEFAULT, 18384, 'Employee 137 submit Report', 'Completed Task.', NULL, 'APPROVED', '2023-04-29 16:04:28.800000', '2023-04-29 16:04:28.800000', '2023-04-29 16:09:28.800000'),
(DEFAULT, 18385, 'Employee 138 submit Report', 'Completed Task.', NULL, 'APPROVED', '2023-04-22 21:51:31.200000', '2023-04-22 21:51:31.200000', '2023-04-22 21:56:31.200000'),
(DEFAULT, 18386, 'Employee 139 submit Report', 'Completed Task.', NULL, 'APPROVED', '2023-04-30 22:27:31.200000', '2023-04-30 22:27:31.200000', '2023-04-30 22:32:31.200000'),
(DEFAULT, 18387, 'Employee 140 submit Report', 'Completed Task.', NULL, 'APPROVED', '2023-04-22 21:21:16.800000', '2023-04-22 21:21:16.800000', '2023-04-22 21:26:16.800000');

-- 2023-04-18 00:40:00.000000
-- 2023-04-18
INSERT INTO task (id, collection_id, created_by_id, root_task_id, name, description, report_format, level, task_type, priority, is_locked, start_date, end_date, deadline, created_time, updated_time)
VALUES (796, 60, 151, NULL, 'Verify Recommendation API Integration', 'This is Verify Recommendation API Integration', NULL, 'HARD', 'TEST', 'LOW', FALSE, '2023-04-18', '2023-05-06', '2023-04-23', '2023-04-18 00:40:00.000000', '2023-04-18 00:40:00.000000');

INSERT INTO task_for_users (id, task_id, assigned_to_id, user_task_status, updated_time, started_time)
VALUES
(18389, 796, 111, 'JOINED', '2023-04-18 00:40:00.000000', '2023-04-22 12:40:00.000000'),
(18390, 796, 112, 'JOINED', '2023-04-18 00:40:00.000000', '2023-04-19 00:00:24.000000'),
(18391, 796, 113, 'JOINED', '2023-04-18 00:40:00.000000', '2023-04-22 12:40:00.000000'),
(18392, 796, 114, 'JOINED', '2023-04-18 00:40:00.000000', '2023-04-19 00:25:36.000000'),
(18393, 796, 115, 'JOINED', '2023-04-18 00:40:00.000000', '2023-04-18 18:47:12.000000'),
(18394, 796, 136, 'JOINED', '2023-04-18 00:40:00.000000', '2023-04-22 12:40:00.000000'),
(18395, 796, 137, 'JOINED', '2023-04-18 00:40:00.000000', '2023-04-22 12:40:00.000000'),
(18396, 796, 138, 'JOINED', '2023-04-18 00:40:00.000000', '2023-04-22 12:40:00.000000'),
(18397, 796, 139, 'JOINED', '2023-04-18 00:40:00.000000', '2023-04-22 12:40:00.000000'),
(18398, 796, 140, 'JOINED', '2023-04-18 00:40:00.000000', '2023-04-19 01:44:48.000000');
INSERT INTO report (id, created_by_id, title, content, rejected_reason, report_status, created_time, updated_time, reviewed_time)
VALUES
(DEFAULT, 18389, 'Employee 111 submit Report', 'Completed Task.', NULL, 'APPROVED', '2023-05-06 23:35:12.000000', '2023-05-06 23:35:12.000000', '2023-05-06 23:40:12.000000'),
(DEFAULT, 18390, 'Employee 112 submit Report', 'Completed Task.', NULL, 'APPROVED', '2023-04-27 01:19:36.000000', '2023-04-27 01:19:36.000000', '2023-04-27 01:24:36.000000'),
(DEFAULT, 18391, 'Employee 113 submit Report', 'Completed Task.', NULL, 'APPROVED', '2023-05-03 18:11:12.000000', '2023-05-03 18:11:12.000000', '2023-05-03 18:16:12.000000'),
(DEFAULT, 18392, 'Employee 114 submit Report', 'Completed Task.', NULL, 'APPROVED', '2023-04-20 13:52:00.000000', '2023-04-20 13:52:00.000000', '2023-04-20 13:57:00.000000'),
(DEFAULT, 18393, 'Employee 115 submit Report', 'Completed Task.', NULL, 'APPROVED', '2023-04-21 02:06:24.000000', '2023-04-21 02:06:24.000000', '2023-04-21 02:11:24.000000'),
(DEFAULT, 18394, 'Employee 136 submit Report', 'Completed Task.', NULL, 'APPROVED', '2023-05-03 17:06:24.000000', '2023-05-03 17:06:24.000000', '2023-05-03 17:11:24.000000'),
(DEFAULT, 18395, 'Employee 137 submit Report', 'Completed Task.', NULL, 'APPROVED', '2023-05-06 10:01:36.000000', '2023-05-06 10:01:36.000000', '2023-05-06 10:06:36.000000'),
(DEFAULT, 18396, 'Employee 138 submit Report', 'Completed Task.', NULL, 'APPROVED', '2023-05-03 01:37:36.000000', '2023-05-03 01:37:36.000000', '2023-05-03 01:42:36.000000'),
(DEFAULT, 18397, 'Employee 139 submit Report', 'Completed Task.', NULL, 'APPROVED', '2023-05-05 21:18:24.000000', '2023-05-05 21:18:24.000000', '2023-05-05 21:23:24.000000'),
(DEFAULT, 18398, 'Employee 140 submit Report', 'Completed Task.', NULL, 'APPROVED', '2023-04-21 23:28:00.000000', '2023-04-21 23:28:00.000000', '2023-04-21 23:33:00.000000');

-- 2023-04-24 00:40:00.000000
-- 2023-04-24
INSERT INTO task (id, collection_id, created_by_id, root_task_id, name, description, report_format, level, task_type, priority, is_locked, start_date, end_date, deadline, created_time, updated_time)
VALUES (797, 60, 151, NULL, 'Verify External Service Integration', 'This is Verify External Service Integration', NULL, 'HARD', 'TEST', 'LOW', FALSE, '2023-04-24', '2023-05-12', '2023-04-29', '2023-04-24 00:40:00.000000', '2023-04-24 00:40:00.000000');

INSERT INTO task_for_users (id, task_id, assigned_to_id, user_task_status, updated_time, started_time)
VALUES
(18400, 797, 111, 'JOINED', '2023-04-24 00:40:00.000000', '2023-04-24 12:32:48.000000'),
(18401, 797, 112, 'JOINED', '2023-04-24 00:40:00.000000', '2023-04-24 15:25:36.000000'),
(18402, 797, 113, 'JOINED', '2023-04-24 00:40:00.000000', '2023-04-25 13:01:36.000000'),
(18403, 797, 114, 'JOINED', '2023-04-24 00:40:00.000000', '2023-04-25 10:01:36.000000'),
(18404, 797, 115, 'JOINED', '2023-04-24 00:40:00.000000', '2023-04-24 01:44:48.000000'),
(18405, 797, 136, 'JOINED', '2023-04-24 00:40:00.000000', '2023-04-28 12:40:00.000000'),
(18406, 797, 137, 'JOINED', '2023-04-24 00:40:00.000000', '2023-04-25 09:11:12.000000'),
(18407, 797, 138, 'JOINED', '2023-04-24 00:40:00.000000', '2023-04-24 02:20:48.000000'),
(18408, 797, 139, 'JOINED', '2023-04-24 00:40:00.000000', '2023-04-24 01:01:36.000000'),
(18409, 797, 140, 'JOINED', '2023-04-24 00:40:00.000000', '2023-04-28 12:40:00.000000');
INSERT INTO report (id, created_by_id, title, content, rejected_reason, report_status, created_time, updated_time, reviewed_time)
VALUES
(DEFAULT, 18400, 'Employee 111 submit Report', 'Completed Task.', NULL, 'APPROVED', '2023-04-27 11:06:24.000000', '2023-04-27 11:06:24.000000', '2023-04-27 11:11:24.000000'),
(DEFAULT, 18401, 'Employee 112 submit Report', 'Completed Task.', NULL, 'APPROVED', '2023-04-25 15:47:12.000000', '2023-04-25 15:47:12.000000', '2023-04-25 15:52:12.000000'),
(DEFAULT, 18402, 'Employee 113 submit Report', 'Completed Task.', NULL, 'APPROVED', '2023-04-26 10:01:36.000000', '2023-04-26 10:01:36.000000', '2023-04-26 10:06:36.000000'),
(DEFAULT, 18403, 'Employee 114 submit Report', 'Completed Task.', NULL, 'APPROVED', '2023-04-27 04:23:12.000000', '2023-04-27 04:23:12.000000', '2023-04-27 04:28:12.000000'),
(DEFAULT, 18404, 'Employee 115 submit Report', 'Completed Task.', NULL, 'APPROVED', '2023-04-25 17:13:36.000000', '2023-04-25 17:13:36.000000', '2023-04-25 17:18:36.000000'),
(DEFAULT, 18405, 'Employee 136 submit Report', 'Completed Task.', NULL, 'APPROVED', '2023-05-11 08:28:00.000000', '2023-05-11 08:28:00.000000', '2023-05-11 08:33:00.000000'),
(DEFAULT, 18406, 'Employee 137 submit Report', 'Completed Task.', NULL, 'APPROVED', '2023-04-28 19:44:48.000000', '2023-04-28 19:44:48.000000', '2023-04-28 19:49:48.000000'),
(DEFAULT, 18407, 'Employee 138 submit Report', 'Completed Task.', NULL, 'APPROVED', '2023-04-26 14:56:48.000000', '2023-04-26 14:56:48.000000', '2023-04-26 15:01:48.000000'),
(DEFAULT, 18408, 'Employee 139 submit Report', 'Completed Task.', NULL, 'APPROVED', '2023-04-26 22:23:12.000000', '2023-04-26 22:23:12.000000', '2023-04-26 22:28:12.000000'),
(DEFAULT, 18409, 'Employee 140 submit Report', 'Completed Task.', NULL, 'APPROVED', '2023-05-12 06:25:36.000000', '2023-05-12 06:25:36.000000', '2023-05-12 06:30:36.000000');

-- 2023-04-30 00:40:00.000000
-- 2023-04-30
INSERT INTO task (id, collection_id, created_by_id, root_task_id, name, description, report_format, level, task_type, priority, is_locked, start_date, end_date, deadline, created_time, updated_time)
VALUES (798, 60, 151, NULL, 'Verify Partial Failure Handling', 'This is Verify Partial Failure Handling', NULL, 'HARD', 'TEST', 'LOW', FALSE, '2023-04-30', '2023-05-19', '2023-05-05', '2023-04-30 00:40:00.000000', '2023-04-30 00:40:00.000000');

INSERT INTO task_for_users (id, task_id, assigned_to_id, user_task_status, updated_time, started_time)
VALUES
(18411, 798, 111, 'JOINED', '2023-04-30 00:40:00.000000', '2023-04-30 13:23:12.000000'),
(18412, 798, 112, 'JOINED', '2023-04-30 00:40:00.000000', '2023-05-04 12:40:00.000000'),
(18413, 798, 113, 'JOINED', '2023-04-30 00:40:00.000000', '2023-04-30 02:20:48.000000'),
(18414, 798, 114, 'JOINED', '2023-04-30 00:40:00.000000', '2023-05-01 00:32:48.000000'),
(18415, 798, 115, 'JOINED', '2023-04-30 00:40:00.000000', '2023-04-30 03:47:12.000000'),
(18416, 798, 136, 'JOINED', '2023-04-30 00:40:00.000000', '2023-05-04 12:40:00.000000'),
(18417, 798, 137, 'JOINED', '2023-04-30 00:40:00.000000', '2023-04-30 18:04:00.000000'),
(18418, 798, 138, 'JOINED', '2023-04-30 00:40:00.000000', '2023-05-04 12:40:00.000000'),
(18419, 798, 139, 'JOINED', '2023-04-30 00:40:00.000000', '2023-05-04 12:40:00.000000'),
(18420, 798, 140, 'JOINED', '2023-04-30 00:40:00.000000', '2023-05-04 12:40:00.000000');
INSERT INTO report (id, created_by_id, title, content, rejected_reason, report_status, created_time, updated_time, reviewed_time)
VALUES
(DEFAULT, 18411, 'Employee 111 submit Report', 'Completed Task.', NULL, 'APPROVED', '2023-05-02 21:25:36.000000', '2023-05-02 21:25:36.000000', '2023-05-02 21:30:36.000000'),
(DEFAULT, 18412, 'Employee 112 submit Report', 'Completed Task.', NULL, 'APPROVED', '2023-05-15 04:59:12.000000', '2023-05-15 04:59:12.000000', '2023-05-15 05:04:12.000000'),
(DEFAULT, 18413, 'Employee 113 submit Report', 'Completed Task.', NULL, 'APPROVED', '2023-05-01 11:56:48.000000', '2023-05-01 11:56:48.000000', '2023-05-01 12:01:48.000000'),
(DEFAULT, 18414, 'Employee 114 submit Report', 'Completed Task.', NULL, 'APPROVED', '2023-05-03 01:52:00.000000', '2023-05-03 01:52:00.000000', '2023-05-03 01:57:00.000000'),
(DEFAULT, 18415, 'Employee 115 submit Report', 'Completed Task.', NULL, 'APPROVED', '2023-05-01 11:20:48.000000', '2023-05-01 11:20:48.000000', '2023-05-01 11:25:48.000000'),
(DEFAULT, 18416, 'Employee 136 submit Report', 'Completed Task.', NULL, 'APPROVED', '2023-05-16 01:52:00.000000', '2023-05-16 01:52:00.000000', '2023-05-16 01:57:00.000000'),
(DEFAULT, 18417, 'Employee 137 submit Report', 'Completed Task.', NULL, 'APPROVED', '2023-05-09 07:16:00.000000', '2023-05-09 07:16:00.000000', '2023-05-09 07:21:00.000000'),
(DEFAULT, 18418, 'Employee 138 submit Report', 'Completed Task.', NULL, 'APPROVED', '2023-05-19 06:11:12.000000', '2023-05-19 06:11:12.000000', '2023-05-19 06:16:12.000000'),
(DEFAULT, 18419, 'Employee 139 submit Report', 'Completed Task.', NULL, 'APPROVED', '2023-05-18 21:40:00.000000', '2023-05-18 21:40:00.000000', '2023-05-18 21:45:00.000000'),
(DEFAULT, 18420, 'Employee 140 submit Report', 'Completed Task.', NULL, 'APPROVED', '2023-05-16 07:01:36.000000', '2023-05-16 07:01:36.000000', '2023-05-16 07:06:36.000000');

-- 2023-05-06 00:40:00.000000
-- 2023-05-06
INSERT INTO task (id, collection_id, created_by_id, root_task_id, name, description, report_format, level, task_type, priority, is_locked, start_date, end_date, deadline, created_time, updated_time)
VALUES (799, 60, 151, NULL, 'Verify Transaction Rollback Logic', 'This is Verify Transaction Rollback Logic', NULL, 'HARD', 'TEST', 'LOW', FALSE, '2023-05-06', '2023-05-25', '2023-05-11', '2023-05-06 00:40:00.000000', '2023-05-06 00:40:00.000000');

INSERT INTO task_for_users (id, task_id, assigned_to_id, user_task_status, updated_time, started_time)
VALUES
(18422, 799, 111, 'JOINED', '2023-05-06 00:40:00.000000', '2023-05-06 17:20:48.000000'),
(18423, 799, 112, 'JOINED', '2023-05-06 00:40:00.000000', '2023-05-07 03:47:12.000000'),
(18424, 799, 113, 'JOINED', '2023-05-06 00:40:00.000000', '2023-05-07 15:11:12.000000'),
(18425, 799, 114, 'JOINED', '2023-05-06 00:40:00.000000', '2023-05-08 17:35:12.000000'),
(18426, 799, 115, 'JOINED', '2023-05-06 00:40:00.000000', '2023-05-10 12:40:00.000000'),
(18427, 799, 136, 'JOINED', '2023-05-06 00:40:00.000000', '2023-05-07 22:52:00.000000'),
(18428, 799, 137, 'JOINED', '2023-05-06 00:40:00.000000', '2023-05-10 12:40:00.000000'),
(18429, 799, 138, 'JOINED', '2023-05-06 00:40:00.000000', '2023-05-10 12:40:00.000000'),
(18430, 799, 139, 'JOINED', '2023-05-06 00:40:00.000000', '2023-05-06 01:59:12.000000'),
(18431, 799, 140, 'JOINED', '2023-05-06 00:40:00.000000', '2023-05-06 09:04:00.000000');
INSERT INTO report (id, created_by_id, title, content, rejected_reason, report_status, created_time, updated_time, reviewed_time)
VALUES
(DEFAULT, 18422, 'Employee 111 submit Report', 'Completed Task.', NULL, 'APPROVED', '2023-05-08 09:47:12.000000', '2023-05-08 09:47:12.000000', '2023-05-08 09:52:12.000000'),
(DEFAULT, 18423, 'Employee 112 submit Report', 'Completed Task.', NULL, 'APPROVED', '2023-05-10 01:30:24.000000', '2023-05-10 01:30:24.000000', '2023-05-10 01:35:24.000000'),
(DEFAULT, 18424, 'Employee 113 submit Report', 'Completed Task.', NULL, 'APPROVED', '2023-05-10 07:44:48.000000', '2023-05-10 07:44:48.000000', '2023-05-10 07:49:48.000000'),
(DEFAULT, 18425, 'Employee 114 submit Report', 'Completed Task.', NULL, 'APPROVED', '2023-05-13 07:44:48.000000', '2023-05-13 07:44:48.000000', '2023-05-13 07:49:48.000000'),
(DEFAULT, 18426, 'Employee 115 submit Report', 'Completed Task.', NULL, 'APPROVED', '2023-05-23 08:35:12.000000', '2023-05-23 08:35:12.000000', '2023-05-23 08:40:12.000000'),
(DEFAULT, 18427, 'Employee 136 submit Report', 'Completed Task.', NULL, 'APPROVED', '2023-05-10 16:08:48.000000', '2023-05-10 16:08:48.000000', '2023-05-10 16:13:48.000000'),
(DEFAULT, 18428, 'Employee 137 submit Report', 'Completed Task.', NULL, 'APPROVED', '2023-05-22 02:20:48.000000', '2023-05-22 02:20:48.000000', '2023-05-22 02:25:48.000000'),
(DEFAULT, 18429, 'Employee 138 submit Report', 'Completed Task.', NULL, 'APPROVED', '2023-05-25 10:23:12.000000', '2023-05-25 10:23:12.000000', '2023-05-25 10:28:12.000000'),
(DEFAULT, 18430, 'Employee 139 submit Report', 'Completed Task.', NULL, 'APPROVED', '2023-05-09 03:18:24.000000', '2023-05-09 03:18:24.000000', '2023-05-09 03:23:24.000000'),
(DEFAULT, 18431, 'Employee 140 submit Report', 'Completed Task.', NULL, 'APPROVED', '2023-05-09 01:08:48.000000', '2023-05-09 01:08:48.000000', '2023-05-09 01:13:48.000000');

-- 2023-05-12 00:40:00.000000
-- 2023-05-12
INSERT INTO task (id, collection_id, created_by_id, root_task_id, name, description, report_format, level, task_type, priority, is_locked, start_date, end_date, deadline, created_time, updated_time)
VALUES (800, 60, 151, NULL, 'Verify Concurrent API Requests', 'This is Verify Concurrent API Requests', NULL, 'HARD', 'TEST', 'LOW', FALSE, '2023-05-12', '2023-05-30', '2023-05-17', '2023-05-12 00:40:00.000000', '2023-05-12 00:40:00.000000');

INSERT INTO task_for_users (id, task_id, assigned_to_id, user_task_status, updated_time, started_time)
VALUES
(18433, 800, 111, 'JOINED', '2023-05-12 00:40:00.000000', '2023-05-16 12:40:00.000000'),
(18434, 800, 112, 'JOINED', '2023-05-12 00:40:00.000000', '2023-05-16 12:40:00.000000'),
(18435, 800, 113, 'JOINED', '2023-05-12 00:40:00.000000', '2023-05-12 12:11:12.000000'),
(18436, 800, 114, 'JOINED', '2023-05-12 00:40:00.000000', '2023-05-13 13:16:00.000000'),
(18437, 800, 115, 'JOINED', '2023-05-12 00:40:00.000000', '2023-05-14 20:49:36.000000'),
(18438, 800, 136, 'JOINED', '2023-05-12 00:40:00.000000', '2023-05-16 12:40:00.000000'),
(18439, 800, 137, 'JOINED', '2023-05-12 00:40:00.000000', '2023-05-16 12:40:00.000000'),
(18440, 800, 138, 'JOINED', '2023-05-12 00:40:00.000000', '2023-05-16 12:40:00.000000'),
(18441, 800, 139, 'JOINED', '2023-05-12 00:40:00.000000', '2023-05-13 00:14:48.000000'),
(18442, 800, 140, 'JOINED', '2023-05-12 00:40:00.000000', '2023-05-12 06:47:12.000000');
INSERT INTO report (id, created_by_id, title, content, rejected_reason, report_status, created_time, updated_time, reviewed_time)
VALUES
(DEFAULT, 18433, 'Employee 111 submit Report', 'Completed Task.', NULL, 'APPROVED', '2023-05-26 23:13:36.000000', '2023-05-26 23:13:36.000000', '2023-05-26 23:18:36.000000'),
(DEFAULT, 18434, 'Employee 112 submit Report', 'Completed Task.', NULL, 'APPROVED', '2023-05-28 13:59:12.000000', '2023-05-28 13:59:12.000000', '2023-05-28 14:04:12.000000'),
(DEFAULT, 18435, 'Employee 113 submit Report', 'Completed Task.', NULL, 'APPROVED', '2023-05-14 11:42:24.000000', '2023-05-14 11:42:24.000000', '2023-05-14 11:47:24.000000'),
(DEFAULT, 18436, 'Employee 114 submit Report', 'Completed Task.', NULL, 'APPROVED', '2023-05-20 12:04:00.000000', '2023-05-20 12:04:00.000000', '2023-05-20 12:09:00.000000'),
(DEFAULT, 18437, 'Employee 115 submit Report', 'Completed Task.', NULL, 'APPROVED', '2023-05-16 01:16:00.000000', '2023-05-16 01:16:00.000000', '2023-05-16 01:21:00.000000'),
(DEFAULT, 18438, 'Employee 136 submit Report', 'Completed Task.', NULL, 'APPROVED', '2023-05-28 23:20:48.000000', '2023-05-28 23:20:48.000000', '2023-05-28 23:25:48.000000'),
(DEFAULT, 18439, 'Employee 137 submit Report', 'Completed Task.', NULL, 'APPROVED', '2023-05-30 04:01:36.000000', '2023-05-30 04:01:36.000000', '2023-05-30 04:06:36.000000'),
(DEFAULT, 18440, 'Employee 138 submit Report', 'Completed Task.', NULL, 'APPROVED', '2023-05-29 16:16:00.000000', '2023-05-29 16:16:00.000000', '2023-05-29 16:21:00.000000'),
(DEFAULT, 18441, 'Employee 139 submit Report', 'Completed Task.', NULL, 'APPROVED', '2023-05-21 01:05:12.000000', '2023-05-21 01:05:12.000000', '2023-05-21 01:10:12.000000'),
(DEFAULT, 18442, 'Employee 140 submit Report', 'Completed Task.', NULL, 'APPROVED', '2023-05-21 18:32:48.000000', '2023-05-21 18:32:48.000000', '2023-05-21 18:37:48.000000');

-- 2023-05-18 00:40:00.000000
-- 2023-05-18
INSERT INTO task (id, collection_id, created_by_id, root_task_id, name, description, report_format, level, task_type, priority, is_locked, start_date, end_date, deadline, created_time, updated_time)
VALUES (801, 60, 151, NULL, 'Verify API Idempotency', 'This is Verify API Idempotency', NULL, 'HARD', 'TEST', 'LOW', FALSE, '2023-05-18', '2023-06-03', '2023-05-23', '2023-05-18 00:40:00.000000', '2023-05-18 00:40:00.000000');

INSERT INTO task_for_users (id, task_id, assigned_to_id, user_task_status, updated_time, started_time)
VALUES
(18444, 801, 111, 'JOINED', '2023-05-18 00:40:00.000000', '2023-05-20 02:42:24.000000'),
(18445, 801, 112, 'JOINED', '2023-05-18 00:40:00.000000', '2023-05-20 10:08:48.000000'),
(18446, 801, 113, 'JOINED', '2023-05-18 00:40:00.000000', '2023-05-18 11:49:36.000000'),
(18447, 801, 114, 'JOINED', '2023-05-18 00:40:00.000000', '2023-05-20 12:04:00.000000'),
(18448, 801, 115, 'JOINED', '2023-05-18 00:40:00.000000', '2023-05-19 09:47:12.000000'),
(18449, 801, 136, 'JOINED', '2023-05-18 00:40:00.000000', '2023-05-18 05:06:24.000000'),
(18450, 801, 137, 'JOINED', '2023-05-18 00:40:00.000000', '2023-05-18 02:56:48.000000'),
(18451, 801, 138, 'JOINED', '2023-05-18 00:40:00.000000', '2023-05-22 12:40:00.000000'),
(18452, 801, 139, 'JOINED', '2023-05-18 00:40:00.000000', '2023-05-18 20:46:00.000000'),
(18453, 801, 140, 'JOINED', '2023-05-18 00:40:00.000000', '2023-05-18 03:32:48.000000');
INSERT INTO report (id, created_by_id, title, content, rejected_reason, report_status, created_time, updated_time, reviewed_time)
VALUES
(DEFAULT, 18444, 'Employee 111 submit Report', 'Completed Task.', NULL, 'APPROVED', '2023-05-21 21:47:12.000000', '2023-05-21 21:47:12.000000', '2023-05-21 21:52:12.000000'),
(DEFAULT, 18445, 'Employee 112 submit Report', 'Completed Task.', NULL, 'APPROVED', '2023-05-25 15:11:12.000000', '2023-05-25 15:11:12.000000', '2023-05-25 15:16:12.000000'),
(DEFAULT, 18446, 'Employee 113 submit Report', 'Completed Task.', NULL, 'APPROVED', '2023-05-19 08:56:48.000000', '2023-05-19 08:56:48.000000', '2023-05-19 09:01:48.000000'),
(DEFAULT, 18447, 'Employee 114 submit Report', 'Completed Task.', NULL, 'APPROVED', '2023-05-22 04:30:24.000000', '2023-05-22 04:30:24.000000', '2023-05-22 04:35:24.000000'),
(DEFAULT, 18448, 'Employee 115 submit Report', 'Completed Task.', NULL, 'APPROVED', '2023-05-22 22:37:36.000000', '2023-05-22 22:37:36.000000', '2023-05-22 22:42:36.000000'),
(DEFAULT, 18449, 'Employee 136 submit Report', 'Completed Task.', NULL, 'APPROVED', '2023-05-20 18:11:12.000000', '2023-05-20 18:11:12.000000', '2023-05-20 18:16:12.000000'),
(DEFAULT, 18450, 'Employee 137 submit Report', 'Completed Task.', NULL, 'APPROVED', '2023-05-21 04:59:12.000000', '2023-05-21 04:59:12.000000', '2023-05-21 05:04:12.000000'),
(DEFAULT, 18451, 'Employee 138 submit Report', 'Completed Task.', NULL, 'APPROVED', '2023-06-03 22:59:12.000000', '2023-06-03 22:59:12.000000', '2023-06-03 23:04:12.000000'),
(DEFAULT, 18452, 'Employee 139 submit Report', 'Completed Task.', NULL, 'APPROVED', '2023-05-27 04:34:00.000000', '2023-05-27 04:34:00.000000', '2023-05-27 04:39:00.000000'),
(DEFAULT, 18453, 'Employee 140 submit Report', 'Completed Task.', NULL, 'APPROVED', '2023-05-22 11:28:00.000000', '2023-05-22 11:28:00.000000', '2023-05-22 11:33:00.000000');

-- 2023-05-24 00:40:00.000000
-- 2023-05-24
INSERT INTO task (id, collection_id, created_by_id, root_task_id, name, description, report_format, level, task_type, priority, is_locked, start_date, end_date, deadline, created_time, updated_time)
VALUES (802, 60, 151, NULL, 'Verify Message Ordering', 'This is Verify Message Ordering', NULL, 'HARD', 'TEST', 'LOW', FALSE, '2023-05-24', '2023-06-07', '2023-05-29', '2023-05-24 00:40:00.000000', '2023-05-24 00:40:00.000000');

INSERT INTO task_for_users (id, task_id, assigned_to_id, user_task_status, updated_time, started_time)
VALUES
(18455, 802, 111, 'JOINED', '2023-05-24 00:40:00.000000', '2023-05-24 01:37:36.000000'),
(18456, 802, 112, 'JOINED', '2023-05-24 00:40:00.000000', '2023-05-24 18:32:48.000000'),
(18457, 802, 113, 'JOINED', '2023-05-24 00:40:00.000000', '2023-05-25 13:52:00.000000'),
(18458, 802, 114, 'JOINED', '2023-05-24 00:40:00.000000', '2023-05-24 17:56:48.000000'),
(18459, 802, 115, 'JOINED', '2023-05-24 00:40:00.000000', '2023-05-24 14:42:24.000000'),
(18460, 802, 136, 'JOINED', '2023-05-24 00:40:00.000000', '2023-05-24 06:11:12.000000'),
(18461, 802, 137, 'JOINED', '2023-05-24 00:40:00.000000', '2023-05-28 12:40:00.000000'),
(18462, 802, 138, 'JOINED', '2023-05-24 00:40:00.000000', '2023-05-28 12:40:00.000000'),
(18463, 802, 139, 'JOINED', '2023-05-24 00:40:00.000000', '2023-05-24 05:35:12.000000'),
(18464, 802, 140, 'JOINED', '2023-05-24 00:40:00.000000', '2023-05-24 12:22:00.000000');
INSERT INTO report (id, created_by_id, title, content, rejected_reason, report_status, created_time, updated_time, reviewed_time)
VALUES
(DEFAULT, 18455, 'Employee 111 submit Report', 'Completed Task.', NULL, 'APPROVED', '2023-05-25 07:16:00.000000', '2023-05-25 07:16:00.000000', '2023-05-25 07:21:00.000000'),
(DEFAULT, 18456, 'Employee 112 submit Report', 'Completed Task.', NULL, 'APPROVED', '2023-05-25 13:23:12.000000', '2023-05-25 13:23:12.000000', '2023-05-25 13:28:12.000000'),
(DEFAULT, 18457, 'Employee 113 submit Report', 'Completed Task.', NULL, 'APPROVED', '2023-05-27 05:20:48.000000', '2023-05-27 05:20:48.000000', '2023-05-27 05:25:48.000000'),
(DEFAULT, 18458, 'Employee 114 submit Report', 'Completed Task.', NULL, 'APPROVED', '2023-05-27 09:40:00.000000', '2023-05-27 09:40:00.000000', '2023-05-27 09:45:00.000000'),
(DEFAULT, 18459, 'Employee 115 submit Report', 'Completed Task.', NULL, 'APPROVED', '2023-05-26 03:40:00.000000', '2023-05-26 03:40:00.000000', '2023-05-26 03:45:00.000000'),
(DEFAULT, 18460, 'Employee 136 submit Report', 'Completed Task.', NULL, 'APPROVED', '2023-05-27 14:20:48.000000', '2023-05-27 14:20:48.000000', '2023-05-27 14:25:48.000000'),
(DEFAULT, 18461, 'Employee 137 submit Report', 'Completed Task.', NULL, 'APPROVED', '2023-06-07 18:54:24.000000', '2023-06-07 18:54:24.000000', '2023-06-07 18:59:24.000000'),
(DEFAULT, 18462, 'Employee 138 submit Report', 'Completed Task.', NULL, 'APPROVED', '2023-06-07 17:49:36.000000', '2023-06-07 17:49:36.000000', '2023-06-07 17:54:36.000000'),
(DEFAULT, 18463, 'Employee 139 submit Report', 'Completed Task.', NULL, 'APPROVED', '2023-05-28 14:06:24.000000', '2023-05-28 14:06:24.000000', '2023-05-28 14:11:24.000000'),
(DEFAULT, 18464, 'Employee 140 submit Report', 'Completed Task.', NULL, 'APPROVED', '2023-06-02 12:58:00.000000', '2023-06-02 12:58:00.000000', '2023-06-02 13:03:00.000000');

-- 2023-05-30 00:40:00.000000
-- 2023-05-30
INSERT INTO task (id, collection_id, created_by_id, root_task_id, name, description, report_format, level, task_type, priority, is_locked, start_date, end_date, deadline, created_time, updated_time)
VALUES (803, 60, 151, NULL, 'Verify API Versioning Rules', 'This is Verify API Versioning Rules', NULL, 'HARD', 'TEST', 'LOW', FALSE, '2023-05-30', '2023-06-18', '2023-06-04', '2023-05-30 00:40:00.000000', '2023-05-30 00:40:00.000000');

INSERT INTO task_for_users (id, task_id, assigned_to_id, user_task_status, updated_time, started_time)
VALUES
(18466, 803, 111, 'JOINED', '2023-05-30 00:40:00.000000', '2023-05-30 08:42:24.000000'),
(18467, 803, 112, 'JOINED', '2023-05-30 00:40:00.000000', '2023-06-03 12:40:00.000000'),
(18468, 803, 113, 'JOINED', '2023-05-30 00:40:00.000000', '2023-05-30 21:11:12.000000'),
(18469, 803, 114, 'JOINED', '2023-05-30 00:40:00.000000', '2023-05-30 18:29:12.000000'),
(18470, 803, 115, 'JOINED', '2023-05-30 00:40:00.000000', '2023-05-30 19:23:12.000000'),
(18471, 803, 136, 'JOINED', '2023-05-30 00:40:00.000000', '2023-06-03 12:40:00.000000'),
(18472, 803, 137, 'JOINED', '2023-05-30 00:40:00.000000', '2023-06-03 12:40:00.000000'),
(18473, 803, 138, 'JOINED', '2023-05-30 00:40:00.000000', '2023-05-30 01:23:12.000000'),
(18474, 803, 139, 'JOINED', '2023-05-30 00:40:00.000000', '2023-05-30 10:23:12.000000'),
(18475, 803, 140, 'JOINED', '2023-05-30 00:40:00.000000', '2023-05-30 06:40:00.000000');
INSERT INTO report (id, created_by_id, title, content, rejected_reason, report_status, created_time, updated_time, reviewed_time)
VALUES
(DEFAULT, 18466, 'Employee 111 submit Report', 'Completed Task.', NULL, 'APPROVED', '2023-05-31 03:25:36.000000', '2023-05-31 03:25:36.000000', '2023-05-31 03:30:36.000000'),
(DEFAULT, 18467, 'Employee 112 submit Report', 'Completed Task.', NULL, 'APPROVED', '2023-06-14 00:47:12.000000', '2023-06-14 00:47:12.000000', '2023-06-14 00:52:12.000000'),
(DEFAULT, 18468, 'Employee 113 submit Report', 'Completed Task.', NULL, 'APPROVED', '2023-05-31 17:06:24.000000', '2023-05-31 17:06:24.000000', '2023-05-31 17:11:24.000000'),
(DEFAULT, 18469, 'Employee 114 submit Report', 'Completed Task.', NULL, 'APPROVED', '2023-06-08 06:50:48.000000', '2023-06-08 06:50:48.000000', '2023-06-08 06:55:48.000000'),
(DEFAULT, 18470, 'Employee 115 submit Report', 'Completed Task.', NULL, 'APPROVED', '2023-06-02 10:30:24.000000', '2023-06-02 10:30:24.000000', '2023-06-02 10:35:24.000000'),
(DEFAULT, 18471, 'Employee 136 submit Report', 'Completed Task.', NULL, 'APPROVED', '2023-06-18 01:59:12.000000', '2023-06-18 01:59:12.000000', '2023-06-18 02:04:12.000000'),
(DEFAULT, 18472, 'Employee 137 submit Report', 'Completed Task.', NULL, 'APPROVED', '2023-06-14 01:08:48.000000', '2023-06-14 01:08:48.000000', '2023-06-14 01:13:48.000000'),
(DEFAULT, 18473, 'Employee 138 submit Report', 'Completed Task.', NULL, 'APPROVED', '2023-06-03 14:28:00.000000', '2023-06-03 14:28:00.000000', '2023-06-03 14:33:00.000000'),
(DEFAULT, 18474, 'Employee 139 submit Report', 'Completed Task.', NULL, 'APPROVED', '2023-06-08 14:56:48.000000', '2023-06-08 14:56:48.000000', '2023-06-08 15:01:48.000000'),
(DEFAULT, 18475, 'Employee 140 submit Report', 'Completed Task.', NULL, 'APPROVED', '2023-06-02 13:44:48.000000', '2023-06-02 13:44:48.000000', '2023-06-02 13:49:48.000000');

-- 2023-06-05 00:40:00.000000
-- 2023-06-05
INSERT INTO task (id, collection_id, created_by_id, root_task_id, name, description, report_format, level, task_type, priority, is_locked, start_date, end_date, deadline, created_time, updated_time)
VALUES (804, 60, 151, NULL, 'Verify API Logging Behavior', 'This is Verify API Logging Behavior', NULL, 'HARD', 'TEST', 'LOW', FALSE, '2023-06-05', '2023-06-24', '2023-06-10', '2023-06-05 00:40:00.000000', '2023-06-05 00:40:00.000000');

INSERT INTO task_for_users (id, task_id, assigned_to_id, user_task_status, updated_time, started_time)
VALUES
(18477, 804, 111, 'JOINED', '2023-06-05 00:40:00.000000', '2023-06-09 12:40:00.000000'),
(18478, 804, 112, 'JOINED', '2023-06-05 00:40:00.000000', '2023-06-06 09:18:24.000000'),
(18479, 804, 113, 'JOINED', '2023-06-05 00:40:00.000000', '2023-06-05 15:25:36.000000'),
(18480, 804, 114, 'JOINED', '2023-06-05 00:40:00.000000', '2023-06-05 03:47:12.000000'),
(18481, 804, 115, 'JOINED', '2023-06-05 00:40:00.000000', '2023-06-05 06:04:00.000000'),
(18482, 804, 136, 'JOINED', '2023-06-05 00:40:00.000000', '2023-06-09 12:40:00.000000'),
(18483, 804, 137, 'JOINED', '2023-06-05 00:40:00.000000', '2023-06-05 11:35:12.000000'),
(18484, 804, 138, 'JOINED', '2023-06-05 00:40:00.000000', '2023-06-05 09:18:24.000000'),
(18485, 804, 139, 'JOINED', '2023-06-05 00:40:00.000000', '2023-06-09 12:40:00.000000'),
(18486, 804, 140, 'JOINED', '2023-06-05 00:40:00.000000', '2023-06-06 10:44:48.000000');
INSERT INTO report (id, created_by_id, title, content, rejected_reason, report_status, created_time, updated_time, reviewed_time)
VALUES
(DEFAULT, 18477, 'Employee 111 submit Report', 'Completed Task.', NULL, 'APPROVED', '2023-06-19 18:40:00.000000', '2023-06-19 18:40:00.000000', '2023-06-19 18:45:00.000000'),
(DEFAULT, 18478, 'Employee 112 submit Report', 'Completed Task.', NULL, 'APPROVED', '2023-06-07 10:16:00.000000', '2023-06-07 10:16:00.000000', '2023-06-07 10:21:00.000000'),
(DEFAULT, 18479, 'Employee 113 submit Report', 'Completed Task.', NULL, 'APPROVED', '2023-06-06 19:37:36.000000', '2023-06-06 19:37:36.000000', '2023-06-06 19:42:36.000000'),
(DEFAULT, 18480, 'Employee 114 submit Report', 'Completed Task.', NULL, 'APPROVED', '2023-06-06 01:16:00.000000', '2023-06-06 01:16:00.000000', '2023-06-06 01:21:00.000000'),
(DEFAULT, 18481, 'Employee 115 submit Report', 'Completed Task.', NULL, 'APPROVED', '2023-06-07 13:08:48.000000', '2023-06-07 13:08:48.000000', '2023-06-07 13:13:48.000000'),
(DEFAULT, 18482, 'Employee 136 submit Report', 'Completed Task.', NULL, 'APPROVED', '2023-06-24 11:56:48.000000', '2023-06-24 11:56:48.000000', '2023-06-24 12:01:48.000000'),
(DEFAULT, 18483, 'Employee 137 submit Report', 'Completed Task.', NULL, 'APPROVED', '2023-06-08 02:06:24.000000', '2023-06-08 02:06:24.000000', '2023-06-08 02:11:24.000000'),
(DEFAULT, 18484, 'Employee 138 submit Report', 'Completed Task.', NULL, 'APPROVED', '2023-06-08 06:18:24.000000', '2023-06-08 06:18:24.000000', '2023-06-08 06:23:24.000000'),
(DEFAULT, 18485, 'Employee 139 submit Report', 'Completed Task.', NULL, 'APPROVED', '2023-06-21 02:28:00.000000', '2023-06-21 02:28:00.000000', '2023-06-21 02:33:00.000000'),
(DEFAULT, 18486, 'Employee 140 submit Report', 'Completed Task.', NULL, 'APPROVED', '2023-06-09 00:18:24.000000', '2023-06-09 00:18:24.000000', '2023-06-09 00:23:24.000000');

-- 2023-06-11 00:40:00.000000
-- 2023-06-11
INSERT INTO task (id, collection_id, created_by_id, root_task_id, name, description, report_format, level, task_type, priority, is_locked, start_date, end_date, deadline, created_time, updated_time)
VALUES (805, 60, 151, NULL, 'Verify Security Headers', 'This is Verify Security Headers', NULL, 'HARD', 'TEST', 'LOW', FALSE, '2023-06-11', '2023-06-29', '2023-06-16', '2023-06-11 00:40:00.000000', '2023-06-11 00:40:00.000000');

INSERT INTO task_for_users (id, task_id, assigned_to_id, user_task_status, updated_time, started_time)
VALUES
(18488, 805, 111, 'JOINED', '2023-06-11 00:40:00.000000', '2023-06-12 02:06:24.000000'),
(18489, 805, 112, 'JOINED', '2023-06-11 00:40:00.000000', '2023-06-11 21:32:48.000000'),
(18490, 805, 113, 'JOINED', '2023-06-11 00:40:00.000000', '2023-06-12 06:29:12.000000'),
(18491, 805, 114, 'JOINED', '2023-06-11 00:40:00.000000', '2023-06-14 02:42:24.000000'),
(18492, 805, 115, 'JOINED', '2023-06-11 00:40:00.000000', '2023-06-11 12:32:48.000000'),
(18493, 805, 136, 'JOINED', '2023-06-11 00:40:00.000000', '2023-06-15 12:40:00.000000'),
(18494, 805, 137, 'JOINED', '2023-06-11 00:40:00.000000', '2023-06-11 05:06:24.000000'),
(18495, 805, 138, 'JOINED', '2023-06-11 00:40:00.000000', '2023-06-11 00:47:12.000000'),
(18496, 805, 139, 'JOINED', '2023-06-11 00:40:00.000000', '2023-06-15 12:40:00.000000'),
(18497, 805, 140, 'JOINED', '2023-06-11 00:40:00.000000', '2023-06-11 12:18:24.000000');
INSERT INTO report (id, created_by_id, title, content, rejected_reason, report_status, created_time, updated_time, reviewed_time)
VALUES
(DEFAULT, 18488, 'Employee 111 submit Report', 'Completed Task.', NULL, 'APPROVED', '2023-06-15 14:13:36.000000', '2023-06-15 14:13:36.000000', '2023-06-15 14:18:36.000000'),
(DEFAULT, 18489, 'Employee 112 submit Report', 'Completed Task.', NULL, 'APPROVED', '2023-06-13 10:44:48.000000', '2023-06-13 10:44:48.000000', '2023-06-13 10:49:48.000000'),
(DEFAULT, 18490, 'Employee 113 submit Report', 'Completed Task.', NULL, 'APPROVED', '2023-06-19 18:50:48.000000', '2023-06-19 18:50:48.000000', '2023-06-19 18:55:48.000000'),
(DEFAULT, 18491, 'Employee 114 submit Report', 'Completed Task.', NULL, 'APPROVED', '2023-06-15 16:59:12.000000', '2023-06-15 16:59:12.000000', '2023-06-15 17:04:12.000000'),
(DEFAULT, 18492, 'Employee 115 submit Report', 'Completed Task.', NULL, 'APPROVED', '2023-06-12 11:28:00.000000', '2023-06-12 11:28:00.000000', '2023-06-12 11:33:00.000000'),
(DEFAULT, 18493, 'Employee 136 submit Report', 'Completed Task.', NULL, 'APPROVED', '2023-06-28 05:49:36.000000', '2023-06-28 05:49:36.000000', '2023-06-28 05:54:36.000000'),
(DEFAULT, 18494, 'Employee 137 submit Report', 'Completed Task.', NULL, 'APPROVED', '2023-06-15 03:25:36.000000', '2023-06-15 03:25:36.000000', '2023-06-15 03:30:36.000000'),
(DEFAULT, 18495, 'Employee 138 submit Report', 'Completed Task.', NULL, 'APPROVED', '2023-06-13 18:11:12.000000', '2023-06-13 18:11:12.000000', '2023-06-13 18:16:12.000000'),
(DEFAULT, 18496, 'Employee 139 submit Report', 'Completed Task.', NULL, 'APPROVED', '2023-06-29 18:11:12.000000', '2023-06-29 18:11:12.000000', '2023-06-29 18:16:12.000000'),
(DEFAULT, 18497, 'Employee 140 submit Report', 'Completed Task.', NULL, 'APPROVED', '2023-06-20 13:01:36.000000', '2023-06-20 13:01:36.000000', '2023-06-20 13:06:36.000000');

-- 2023-06-17 00:40:00.000000
-- 2023-06-17
INSERT INTO task (id, collection_id, created_by_id, root_task_id, name, description, report_format, level, task_type, priority, is_locked, start_date, end_date, deadline, created_time, updated_time)
VALUES (806, 60, 151, NULL, 'Verify Injection Attack Protection', 'This is Verify Injection Attack Protection', NULL, 'HARD', 'TEST', 'LOW', FALSE, '2023-06-17', '2023-07-05', '2023-06-22', '2023-06-17 00:40:00.000000', '2023-06-17 00:40:00.000000');

INSERT INTO task_for_users (id, task_id, assigned_to_id, user_task_status, updated_time, started_time)
VALUES
(18499, 806, 111, 'JOINED', '2023-06-17 00:40:00.000000', '2023-06-17 07:44:48.000000'),
(18500, 806, 112, 'JOINED', '2023-06-17 00:40:00.000000', '2023-06-18 13:59:12.000000'),
(18501, 806, 113, 'JOINED', '2023-06-17 00:40:00.000000', '2023-06-21 12:40:00.000000'),
(18502, 806, 114, 'JOINED', '2023-06-17 00:40:00.000000', '2023-06-17 15:29:12.000000'),
(18503, 806, 115, 'JOINED', '2023-06-17 00:40:00.000000', '2023-06-21 12:40:00.000000'),
(18504, 806, 136, 'JOINED', '2023-06-17 00:40:00.000000', '2023-06-19 03:11:12.000000'),
(18505, 806, 137, 'JOINED', '2023-06-17 00:40:00.000000', '2023-06-17 15:43:36.000000'),
(18506, 806, 138, 'JOINED', '2023-06-17 00:40:00.000000', '2023-06-17 16:37:36.000000'),
(18507, 806, 139, 'JOINED', '2023-06-17 00:40:00.000000', '2023-06-21 12:40:00.000000'),
(18508, 806, 140, 'JOINED', '2023-06-17 00:40:00.000000', '2023-06-17 18:32:48.000000');
INSERT INTO report (id, created_by_id, title, content, rejected_reason, report_status, created_time, updated_time, reviewed_time)
VALUES
(DEFAULT, 18499, 'Employee 111 submit Report', 'Completed Task.', NULL, 'APPROVED', '2023-06-19 18:11:12.000000', '2023-06-19 18:11:12.000000', '2023-06-19 18:16:12.000000'),
(DEFAULT, 18500, 'Employee 112 submit Report', 'Completed Task.', NULL, 'APPROVED', '2023-06-20 12:25:36.000000', '2023-06-20 12:25:36.000000', '2023-06-20 12:30:36.000000'),
(DEFAULT, 18501, 'Employee 113 submit Report', 'Completed Task.', NULL, 'APPROVED', '2023-07-05 06:40:00.000000', '2023-07-05 06:40:00.000000', '2023-07-05 06:45:00.000000'),
(DEFAULT, 18502, 'Employee 114 submit Report', 'Completed Task.', NULL, 'APPROVED', '2023-06-26 09:50:48.000000', '2023-06-26 09:50:48.000000', '2023-06-26 09:55:48.000000'),
(DEFAULT, 18503, 'Employee 115 submit Report', 'Completed Task.', NULL, 'APPROVED', '2023-07-01 15:18:24.000000', '2023-07-01 15:18:24.000000', '2023-07-01 15:23:24.000000'),
(DEFAULT, 18504, 'Employee 136 submit Report', 'Completed Task.', NULL, 'APPROVED', '2023-06-21 18:11:12.000000', '2023-06-21 18:11:12.000000', '2023-06-21 18:16:12.000000'),
(DEFAULT, 18505, 'Employee 137 submit Report', 'Completed Task.', NULL, 'APPROVED', '2023-06-26 09:36:24.000000', '2023-06-26 09:36:24.000000', '2023-06-26 09:41:24.000000'),
(DEFAULT, 18506, 'Employee 138 submit Report', 'Completed Task.', NULL, 'APPROVED', '2023-06-21 04:59:12.000000', '2023-06-21 04:59:12.000000', '2023-06-21 05:04:12.000000'),
(DEFAULT, 18507, 'Employee 139 submit Report', 'Completed Task.', NULL, 'APPROVED', '2023-07-05 22:30:24.000000', '2023-07-05 22:30:24.000000', '2023-07-05 22:35:24.000000'),
(DEFAULT, 18508, 'Employee 140 submit Report', 'Completed Task.', NULL, 'APPROVED', '2023-06-26 06:47:12.000000', '2023-06-26 06:47:12.000000', '2023-06-26 06:52:12.000000');

-- 2023-06-23 00:40:00.000000
-- 2023-06-23
INSERT INTO task (id, collection_id, created_by_id, root_task_id, name, description, report_format, level, task_type, priority, is_locked, start_date, end_date, deadline, created_time, updated_time)
VALUES (807, 60, 151, NULL, 'Verify Authorization Bypass Protection', 'This is Verify Authorization Bypass Protection', NULL, 'HARD', 'TEST', 'LOW', FALSE, '2023-06-23', '2023-07-10', '2023-06-28', '2023-06-23 00:40:00.000000', '2023-06-23 00:40:00.000000');

INSERT INTO task_for_users (id, task_id, assigned_to_id, user_task_status, updated_time, started_time)
VALUES
(18510, 807, 111, 'JOINED', '2023-06-23 00:40:00.000000', '2023-06-25 07:01:36.000000'),
(18511, 807, 112, 'JOINED', '2023-06-23 00:40:00.000000', '2023-06-23 18:11:12.000000'),
(18512, 807, 113, 'JOINED', '2023-06-23 00:40:00.000000', '2023-06-23 04:44:48.000000'),
(18513, 807, 114, 'JOINED', '2023-06-23 00:40:00.000000', '2023-06-24 00:32:48.000000'),
(18514, 807, 115, 'JOINED', '2023-06-23 00:40:00.000000', '2023-06-27 12:40:00.000000'),
(18515, 807, 136, 'JOINED', '2023-06-23 00:40:00.000000', '2023-06-27 12:40:00.000000'),
(18516, 807, 137, 'JOINED', '2023-06-23 00:40:00.000000', '2023-06-27 12:40:00.000000'),
(18517, 807, 138, 'JOINED', '2023-06-23 00:40:00.000000', '2023-06-27 12:40:00.000000'),
(18518, 807, 139, 'JOINED', '2023-06-23 00:40:00.000000', '2023-06-23 20:46:00.000000'),
(18519, 807, 140, 'JOINED', '2023-06-23 00:40:00.000000', '2023-06-27 12:40:00.000000');
INSERT INTO report (id, created_by_id, title, content, rejected_reason, report_status, created_time, updated_time, reviewed_time)
VALUES
(DEFAULT, 18510, 'Employee 111 submit Report', 'Completed Task.', NULL, 'APPROVED', '2023-06-26 03:47:12.000000', '2023-06-26 03:47:12.000000', '2023-06-26 03:52:12.000000'),
(DEFAULT, 18511, 'Employee 112 submit Report', 'Completed Task.', NULL, 'APPROVED', '2023-06-26 11:13:36.000000', '2023-06-26 11:13:36.000000', '2023-06-26 11:18:36.000000'),
(DEFAULT, 18512, 'Employee 113 submit Report', 'Completed Task.', NULL, 'APPROVED', '2023-06-25 09:04:00.000000', '2023-06-25 09:04:00.000000', '2023-06-25 09:09:00.000000'),
(DEFAULT, 18513, 'Employee 114 submit Report', 'Completed Task.', NULL, 'APPROVED', '2023-06-24 22:59:12.000000', '2023-06-24 22:59:12.000000', '2023-06-24 23:04:12.000000'),
(DEFAULT, 18514, 'Employee 115 submit Report', 'Completed Task.', NULL, 'APPROVED', '2023-07-09 21:40:00.000000', '2023-07-09 21:40:00.000000', '2023-07-09 21:45:00.000000'),
(DEFAULT, 18515, 'Employee 136 submit Report', 'Completed Task.', NULL, 'APPROVED', '2023-07-10 08:28:00.000000', '2023-07-10 08:28:00.000000', '2023-07-10 08:33:00.000000'),
(DEFAULT, 18516, 'Employee 137 submit Report', 'Completed Task.', NULL, 'APPROVED', '2023-07-07 17:06:24.000000', '2023-07-07 17:06:24.000000', '2023-07-07 17:11:24.000000'),
(DEFAULT, 18517, 'Employee 138 submit Report', 'Completed Task.', NULL, 'APPROVED', '2023-07-09 09:40:00.000000', '2023-07-09 09:40:00.000000', '2023-07-09 09:45:00.000000'),
(DEFAULT, 18518, 'Employee 139 submit Report', 'Completed Task.', NULL, 'APPROVED', '2023-07-02 04:34:00.000000', '2023-07-02 04:34:00.000000', '2023-07-02 04:39:00.000000'),
(DEFAULT, 18519, 'Employee 140 submit Report', 'Completed Task.', NULL, 'APPROVED', '2023-07-08 07:23:12.000000', '2023-07-08 07:23:12.000000', '2023-07-08 07:28:12.000000');

-- 2023-06-29 00:40:00.000000
-- 2023-06-29
INSERT INTO task (id, collection_id, created_by_id, root_task_id, name, description, report_format, level, task_type, priority, is_locked, start_date, end_date, deadline, created_time, updated_time)
VALUES (808, 60, 151, NULL, 'Verify API Performance Under Load', 'This is Verify API Performance Under Load', NULL, 'HARD', 'TEST', 'LOW', FALSE, '2023-06-29', '2023-07-17', '2023-07-04', '2023-06-29 00:40:00.000000', '2023-06-29 00:40:00.000000');

INSERT INTO task_for_users (id, task_id, assigned_to_id, user_task_status, updated_time, started_time)
VALUES
(18521, 808, 111, 'JOINED', '2023-06-29 00:40:00.000000', '2023-06-30 01:01:36.000000'),
(18522, 808, 112, 'JOINED', '2023-06-29 00:40:00.000000', '2023-06-30 05:49:36.000000'),
(18523, 808, 113, 'JOINED', '2023-06-29 00:40:00.000000', '2023-07-01 05:06:24.000000'),
(18524, 808, 114, 'JOINED', '2023-06-29 00:40:00.000000', '2023-07-03 12:40:00.000000'),
(18525, 808, 115, 'JOINED', '2023-06-29 00:40:00.000000', '2023-06-29 23:42:24.000000'),
(18526, 808, 136, 'JOINED', '2023-06-29 00:40:00.000000', '2023-07-03 12:40:00.000000'),
(18527, 808, 137, 'JOINED', '2023-06-29 00:40:00.000000', '2023-06-29 11:35:12.000000'),
(18528, 808, 138, 'JOINED', '2023-06-29 00:40:00.000000', '2023-06-29 23:46:00.000000'),
(18529, 808, 139, 'JOINED', '2023-06-29 00:40:00.000000', '2023-06-29 16:34:00.000000'),
(18530, 808, 140, 'JOINED', '2023-06-29 00:40:00.000000', '2023-07-03 12:40:00.000000');
INSERT INTO report (id, created_by_id, title, content, rejected_reason, report_status, created_time, updated_time, reviewed_time)
VALUES
(DEFAULT, 18521, 'Employee 111 submit Report', 'Completed Task.', NULL, 'APPROVED', '2023-07-02 08:35:12.000000', '2023-07-02 08:35:12.000000', '2023-07-02 08:40:12.000000'),
(DEFAULT, 18522, 'Employee 112 submit Report', 'Completed Task.', NULL, 'APPROVED', '2023-07-07 19:30:24.000000', '2023-07-07 19:30:24.000000', '2023-07-07 19:35:24.000000'),
(DEFAULT, 18523, 'Employee 113 submit Report', 'Completed Task.', NULL, 'APPROVED', '2023-07-02 09:18:24.000000', '2023-07-02 09:18:24.000000', '2023-07-02 09:23:24.000000'),
(DEFAULT, 18524, 'Employee 114 submit Report', 'Completed Task.', NULL, 'APPROVED', '2023-07-17 09:54:24.000000', '2023-07-17 09:54:24.000000', '2023-07-17 09:59:24.000000'),
(DEFAULT, 18525, 'Employee 115 submit Report', 'Completed Task.', NULL, 'APPROVED', '2023-07-03 09:04:00.000000', '2023-07-03 09:04:00.000000', '2023-07-03 09:09:00.000000'),
(DEFAULT, 18526, 'Employee 136 submit Report', 'Completed Task.', NULL, 'APPROVED', '2023-07-17 21:40:00.000000', '2023-07-17 21:40:00.000000', '2023-07-17 21:45:00.000000'),
(DEFAULT, 18527, 'Employee 137 submit Report', 'Completed Task.', NULL, 'APPROVED', '2023-07-08 13:44:48.000000', '2023-07-08 13:44:48.000000', '2023-07-08 13:49:48.000000'),
(DEFAULT, 18528, 'Employee 138 submit Report', 'Completed Task.', NULL, 'APPROVED', '2023-07-08 01:34:00.000000', '2023-07-08 01:34:00.000000', '2023-07-08 01:39:00.000000'),
(DEFAULT, 18529, 'Employee 139 submit Report', 'Completed Task.', NULL, 'APPROVED', '2023-07-08 08:46:00.000000', '2023-07-08 08:46:00.000000', '2023-07-08 08:51:00.000000'),
(DEFAULT, 18530, 'Employee 140 submit Report', 'Completed Task.', NULL, 'APPROVED', '2023-07-16 03:18:24.000000', '2023-07-16 03:18:24.000000', '2023-07-16 03:23:24.000000');

-- 2023-07-05 00:40:00.000000
-- 2023-07-05
INSERT INTO task (id, collection_id, created_by_id, root_task_id, name, description, report_format, level, task_type, priority, is_locked, start_date, end_date, deadline, created_time, updated_time)
VALUES (809, 60, 151, NULL, 'Verify API Timeout Handling', 'This is Verify API Timeout Handling', NULL, 'HARD', 'TEST', 'LOW', FALSE, '2023-07-05', '2023-07-22', '2023-07-10', '2023-07-05 00:40:00.000000', '2023-07-05 00:40:00.000000');

INSERT INTO task_for_users (id, task_id, assigned_to_id, user_task_status, updated_time, started_time)
VALUES
(18532, 809, 111, 'JOINED', '2023-07-05 00:40:00.000000', '2023-07-05 00:54:24.000000'),
(18533, 809, 112, 'JOINED', '2023-07-05 00:40:00.000000', '2023-07-07 19:37:36.000000'),
(18534, 809, 113, 'JOINED', '2023-07-05 00:40:00.000000', '2023-07-05 23:56:48.000000'),
(18535, 809, 114, 'JOINED', '2023-07-05 00:40:00.000000', '2023-07-06 21:18:24.000000'),
(18536, 809, 115, 'JOINED', '2023-07-05 00:40:00.000000', '2023-07-05 11:56:48.000000'),
(18537, 809, 136, 'JOINED', '2023-07-05 00:40:00.000000', '2023-07-09 12:40:00.000000'),
(18538, 809, 137, 'JOINED', '2023-07-05 00:40:00.000000', '2023-07-09 12:40:00.000000'),
(18539, 809, 138, 'JOINED', '2023-07-05 00:40:00.000000', '2023-07-09 12:40:00.000000'),
(18540, 809, 139, 'JOINED', '2023-07-05 00:40:00.000000', '2023-07-09 12:40:00.000000'),
(18541, 809, 140, 'JOINED', '2023-07-05 00:40:00.000000', '2023-07-09 12:40:00.000000');
INSERT INTO report (id, created_by_id, title, content, rejected_reason, report_status, created_time, updated_time, reviewed_time)
VALUES
(DEFAULT, 18532, 'Employee 111 submit Report', 'Completed Task.', NULL, 'APPROVED', '2023-07-06 07:37:36.000000', '2023-07-06 07:37:36.000000', '2023-07-06 07:42:36.000000'),
(DEFAULT, 18533, 'Employee 112 submit Report', 'Completed Task.', NULL, 'APPROVED', '2023-07-08 17:20:48.000000', '2023-07-08 17:20:48.000000', '2023-07-08 17:25:48.000000'),
(DEFAULT, 18534, 'Employee 113 submit Report', 'Completed Task.', NULL, 'APPROVED', '2023-07-07 21:47:12.000000', '2023-07-07 21:47:12.000000', '2023-07-07 21:52:12.000000'),
(DEFAULT, 18535, 'Employee 114 submit Report', 'Completed Task.', NULL, 'APPROVED', '2023-07-07 21:32:48.000000', '2023-07-07 21:32:48.000000', '2023-07-07 21:37:48.000000'),
(DEFAULT, 18536, 'Employee 115 submit Report', 'Completed Task.', NULL, 'APPROVED', '2023-07-07 03:25:36.000000', '2023-07-07 03:25:36.000000', '2023-07-07 03:30:36.000000'),
(DEFAULT, 18537, 'Employee 136 submit Report', 'Completed Task.', NULL, 'APPROVED', '2023-07-22 03:25:36.000000', '2023-07-22 03:25:36.000000', '2023-07-22 03:30:36.000000'),
(DEFAULT, 18538, 'Employee 137 submit Report', 'Completed Task.', NULL, 'APPROVED', '2023-07-19 23:28:00.000000', '2023-07-19 23:28:00.000000', '2023-07-19 23:33:00.000000'),
(DEFAULT, 18539, 'Employee 138 submit Report', 'Completed Task.', NULL, 'APPROVED', '2023-07-21 10:44:48.000000', '2023-07-21 10:44:48.000000', '2023-07-21 10:49:48.000000'),
(DEFAULT, 18540, 'Employee 139 submit Report', 'Completed Task.', NULL, 'APPROVED', '2023-07-20 13:01:36.000000', '2023-07-20 13:01:36.000000', '2023-07-20 13:06:36.000000'),
(DEFAULT, 18541, 'Employee 140 submit Report', 'Completed Task.', NULL, 'APPROVED', '2023-07-20 22:23:12.000000', '2023-07-20 22:23:12.000000', '2023-07-20 22:28:12.000000');

-- 2023-07-11 00:40:00.000000
-- 2023-07-11
INSERT INTO task (id, collection_id, created_by_id, root_task_id, name, description, report_format, level, task_type, priority, is_locked, start_date, end_date, deadline, created_time, updated_time)
VALUES (810, 60, 151, NULL, 'Verify Retry Mechanism', 'This is Verify Retry Mechanism', NULL, 'HARD', 'TEST', 'LOW', FALSE, '2023-07-11', '2023-07-27', '2023-07-16', '2023-07-11 00:40:00.000000', '2023-07-11 00:40:00.000000');

INSERT INTO task_for_users (id, task_id, assigned_to_id, user_task_status, updated_time, started_time)
VALUES
(18543, 810, 111, 'JOINED', '2023-07-11 00:40:00.000000', '2023-07-11 09:04:00.000000'),
(18544, 810, 112, 'JOINED', '2023-07-11 00:40:00.000000', '2023-07-12 22:30:24.000000'),
(18545, 810, 113, 'JOINED', '2023-07-11 00:40:00.000000', '2023-07-12 10:52:00.000000'),
(18546, 810, 114, 'JOINED', '2023-07-11 00:40:00.000000', '2023-07-11 12:18:24.000000'),
(18547, 810, 115, 'JOINED', '2023-07-11 00:40:00.000000', '2023-07-13 05:56:48.000000'),
(18548, 810, 136, 'JOINED', '2023-07-11 00:40:00.000000', '2023-07-11 09:14:48.000000'),
(18549, 810, 137, 'JOINED', '2023-07-11 00:40:00.000000', '2023-07-11 01:37:36.000000'),
(18550, 810, 138, 'JOINED', '2023-07-11 00:40:00.000000', '2023-07-15 12:40:00.000000'),
(18551, 810, 139, 'JOINED', '2023-07-11 00:40:00.000000', '2023-07-11 05:17:12.000000'),
(18552, 810, 140, 'JOINED', '2023-07-11 00:40:00.000000', '2023-07-11 07:30:24.000000');
INSERT INTO report (id, created_by_id, title, content, rejected_reason, report_status, created_time, updated_time, reviewed_time)
VALUES
(DEFAULT, 18543, 'Employee 111 submit Report', 'Completed Task.', NULL, 'APPROVED', '2023-07-12 13:23:12.000000', '2023-07-12 13:23:12.000000', '2023-07-12 13:28:12.000000'),
(DEFAULT, 18544, 'Employee 112 submit Report', 'Completed Task.', NULL, 'APPROVED', '2023-07-19 02:49:36.000000', '2023-07-19 02:49:36.000000', '2023-07-19 02:54:36.000000'),
(DEFAULT, 18545, 'Employee 113 submit Report', 'Completed Task.', NULL, 'APPROVED', '2023-07-13 04:59:12.000000', '2023-07-13 04:59:12.000000', '2023-07-13 05:04:12.000000'),
(DEFAULT, 18546, 'Employee 114 submit Report', 'Completed Task.', NULL, 'APPROVED', '2023-07-15 19:44:48.000000', '2023-07-15 19:44:48.000000', '2023-07-15 19:49:48.000000'),
(DEFAULT, 18547, 'Employee 115 submit Report', 'Completed Task.', NULL, 'APPROVED', '2023-07-18 19:23:12.000000', '2023-07-18 19:23:12.000000', '2023-07-18 19:28:12.000000'),
(DEFAULT, 18548, 'Employee 136 submit Report', 'Completed Task.', NULL, 'APPROVED', '2023-07-20 16:05:12.000000', '2023-07-20 16:05:12.000000', '2023-07-20 16:10:12.000000'),
(DEFAULT, 18549, 'Employee 137 submit Report', 'Completed Task.', NULL, 'APPROVED', '2023-07-14 04:08:48.000000', '2023-07-14 04:08:48.000000', '2023-07-14 04:13:48.000000'),
(DEFAULT, 18550, 'Employee 138 submit Report', 'Completed Task.', NULL, 'APPROVED', '2023-07-27 12:11:12.000000', '2023-07-27 12:11:12.000000', '2023-07-27 12:16:12.000000'),
(DEFAULT, 18551, 'Employee 139 submit Report', 'Completed Task.', NULL, 'APPROVED', '2023-07-20 20:02:48.000000', '2023-07-20 20:02:48.000000', '2023-07-20 20:07:48.000000'),
(DEFAULT, 18552, 'Employee 140 submit Report', 'Completed Task.', NULL, 'APPROVED', '2023-07-20 17:49:36.000000', '2023-07-20 17:49:36.000000', '2023-07-20 17:54:36.000000');

-- 2023-07-17 00:40:00.000000
-- 2023-07-17
INSERT INTO task (id, collection_id, created_by_id, root_task_id, name, description, report_format, level, task_type, priority, is_locked, start_date, end_date, deadline, created_time, updated_time)
VALUES (811, 60, 151, NULL, 'Verify Rate Limiting Rules', 'This is Verify Rate Limiting Rules', NULL, 'HARD', 'TEST', 'LOW', FALSE, '2023-07-17', '2023-08-04', '2023-07-22', '2023-07-17 00:40:00.000000', '2023-07-17 00:40:00.000000');

INSERT INTO task_for_users (id, task_id, assigned_to_id, user_task_status, updated_time, started_time)
VALUES
(18554, 811, 111, 'JOINED', '2023-07-17 00:40:00.000000', '2023-07-17 16:37:36.000000'),
(18555, 811, 112, 'JOINED', '2023-07-17 00:40:00.000000', '2023-07-18 13:52:00.000000'),
(18556, 811, 113, 'JOINED', '2023-07-17 00:40:00.000000', '2023-07-17 01:59:12.000000'),
(18557, 811, 114, 'JOINED', '2023-07-17 00:40:00.000000', '2023-07-21 12:40:00.000000'),
(18558, 811, 115, 'JOINED', '2023-07-17 00:40:00.000000', '2023-07-17 03:43:36.000000'),
(18559, 811, 136, 'JOINED', '2023-07-17 00:40:00.000000', '2023-07-21 12:40:00.000000'),
(18560, 811, 137, 'JOINED', '2023-07-17 00:40:00.000000', '2023-07-17 16:30:24.000000'),
(18561, 811, 138, 'JOINED', '2023-07-17 00:40:00.000000', '2023-07-18 00:25:36.000000'),
(18562, 811, 139, 'JOINED', '2023-07-17 00:40:00.000000', '2023-07-21 12:40:00.000000'),
(18563, 811, 140, 'JOINED', '2023-07-17 00:40:00.000000', '2023-07-21 12:40:00.000000');
INSERT INTO report (id, created_by_id, title, content, rejected_reason, report_status, created_time, updated_time, reviewed_time)
VALUES
(DEFAULT, 18554, 'Employee 111 submit Report', 'Completed Task.', NULL, 'APPROVED', '2023-07-19 03:11:12.000000', '2023-07-19 03:11:12.000000', '2023-07-19 03:16:12.000000'),
(DEFAULT, 18555, 'Employee 112 submit Report', 'Completed Task.', NULL, 'APPROVED', '2023-07-19 13:16:00.000000', '2023-07-19 13:16:00.000000', '2023-07-19 13:21:00.000000'),
(DEFAULT, 18556, 'Employee 113 submit Report', 'Completed Task.', NULL, 'APPROVED', '2023-07-18 08:20:48.000000', '2023-07-18 08:20:48.000000', '2023-07-18 08:25:48.000000'),
(DEFAULT, 18557, 'Employee 114 submit Report', 'Completed Task.', NULL, 'APPROVED', '2023-07-31 16:52:00.000000', '2023-07-31 16:52:00.000000', '2023-07-31 16:57:00.000000'),
(DEFAULT, 18558, 'Employee 115 submit Report', 'Completed Task.', NULL, 'APPROVED', '2023-07-26 21:36:24.000000', '2023-07-26 21:36:24.000000', '2023-07-26 21:41:24.000000'),
(DEFAULT, 18559, 'Employee 136 submit Report', 'Completed Task.', NULL, 'APPROVED', '2023-08-04 17:28:00.000000', '2023-08-04 17:28:00.000000', '2023-08-04 17:33:00.000000'),
(DEFAULT, 18560, 'Employee 137 submit Report', 'Completed Task.', NULL, 'APPROVED', '2023-07-26 08:49:36.000000', '2023-07-26 08:49:36.000000', '2023-07-26 08:54:36.000000'),
(DEFAULT, 18561, 'Employee 138 submit Report', 'Completed Task.', NULL, 'APPROVED', '2023-07-20 15:40:00.000000', '2023-07-20 15:40:00.000000', '2023-07-20 15:45:00.000000'),
(DEFAULT, 18562, 'Employee 139 submit Report', 'Completed Task.', NULL, 'APPROVED', '2023-08-01 05:56:48.000000', '2023-08-01 05:56:48.000000', '2023-08-01 06:01:48.000000'),
(DEFAULT, 18563, 'Employee 140 submit Report', 'Completed Task.', NULL, 'APPROVED', '2023-08-01 16:59:12.000000', '2023-08-01 16:59:12.000000', '2023-08-01 17:04:12.000000');

-- 2023-07-23 00:40:00.000000
-- 2023-07-23
INSERT INTO task (id, collection_id, created_by_id, root_task_id, name, description, report_format, level, task_type, priority, is_locked, start_date, end_date, deadline, created_time, updated_time)
VALUES (812, 60, 151, NULL, 'Verify API Graceful Degradation', 'This is Verify API Graceful Degradation', NULL, 'HARD', 'TEST', 'LOW', FALSE, '2023-07-23', '2023-08-10', '2023-07-28', '2023-07-23 00:40:00.000000', '2023-07-23 00:40:00.000000');

INSERT INTO task_for_users (id, task_id, assigned_to_id, user_task_status, updated_time, started_time)
VALUES
(18565, 812, 111, 'JOINED', '2023-07-23 00:40:00.000000', '2023-07-25 22:19:36.000000'),
(18566, 812, 112, 'JOINED', '2023-07-23 00:40:00.000000', '2023-07-25 10:52:00.000000'),
(18567, 812, 113, 'JOINED', '2023-07-23 00:40:00.000000', '2023-07-27 12:40:00.000000'),
(18568, 812, 114, 'JOINED', '2023-07-23 00:40:00.000000', '2023-07-23 05:13:36.000000'),
(18569, 812, 115, 'JOINED', '2023-07-23 00:40:00.000000', '2023-07-25 15:54:24.000000'),
(18570, 812, 136, 'JOINED', '2023-07-23 00:40:00.000000', '2023-07-23 20:24:24.000000'),
(18571, 812, 137, 'JOINED', '2023-07-23 00:40:00.000000', '2023-07-27 12:40:00.000000'),
(18572, 812, 138, 'JOINED', '2023-07-23 00:40:00.000000', '2023-07-23 14:02:48.000000'),
(18573, 812, 139, 'JOINED', '2023-07-23 00:40:00.000000', '2023-07-27 12:40:00.000000'),
(18574, 812, 140, 'JOINED', '2023-07-23 00:40:00.000000', '2023-07-23 15:54:24.000000');
INSERT INTO report (id, created_by_id, title, content, rejected_reason, report_status, created_time, updated_time, reviewed_time)
VALUES
(DEFAULT, 18565, 'Employee 111 submit Report', 'Completed Task.', NULL, 'APPROVED', '2023-07-30 03:00:24.000000', '2023-07-30 03:00:24.000000', '2023-07-30 03:05:24.000000'),
(DEFAULT, 18566, 'Employee 112 submit Report', 'Completed Task.', NULL, 'APPROVED', '2023-07-27 10:52:00.000000', '2023-07-27 10:52:00.000000', '2023-07-27 10:57:00.000000'),
(DEFAULT, 18567, 'Employee 113 submit Report', 'Completed Task.', NULL, 'APPROVED', '2023-08-10 03:54:24.000000', '2023-08-10 03:54:24.000000', '2023-08-10 03:59:24.000000'),
(DEFAULT, 18568, 'Employee 114 submit Report', 'Completed Task.', NULL, 'APPROVED', '2023-07-24 08:49:36.000000', '2023-07-24 08:49:36.000000', '2023-07-24 08:54:36.000000'),
(DEFAULT, 18569, 'Employee 115 submit Report', 'Completed Task.', NULL, 'APPROVED', '2023-07-30 09:25:36.000000', '2023-07-30 09:25:36.000000', '2023-07-30 09:30:36.000000'),
(DEFAULT, 18570, 'Employee 136 submit Report', 'Completed Task.', NULL, 'APPROVED', '2023-08-01 04:55:36.000000', '2023-08-01 04:55:36.000000', '2023-08-01 05:00:36.000000'),
(DEFAULT, 18571, 'Employee 137 submit Report', 'Completed Task.', NULL, 'APPROVED', '2023-08-06 18:25:36.000000', '2023-08-06 18:25:36.000000', '2023-08-06 18:30:36.000000'),
(DEFAULT, 18572, 'Employee 138 submit Report', 'Completed Task.', NULL, 'APPROVED', '2023-08-01 11:17:12.000000', '2023-08-01 11:17:12.000000', '2023-08-01 11:22:12.000000'),
(DEFAULT, 18573, 'Employee 139 submit Report', 'Completed Task.', NULL, 'APPROVED', '2023-08-07 23:56:48.000000', '2023-08-07 23:56:48.000000', '2023-08-08 00:01:48.000000'),
(DEFAULT, 18574, 'Employee 140 submit Report', 'Completed Task.', NULL, 'APPROVED', '2023-08-01 09:25:36.000000', '2023-08-01 09:25:36.000000', '2023-08-01 09:30:36.000000');

-- 2023-07-29 00:40:00.000000
-- 2023-07-29
INSERT INTO task (id, collection_id, created_by_id, root_task_id, name, description, report_format, level, task_type, priority, is_locked, start_date, end_date, deadline, created_time, updated_time)
VALUES (813, 60, 151, NULL, 'Verify API Monitoring Hooks', 'This is Verify API Monitoring Hooks', NULL, 'HARD', 'TEST', 'LOW', FALSE, '2023-07-29', '2023-08-14', '2023-08-03', '2023-07-29 00:40:00.000000', '2023-07-29 00:40:00.000000');

INSERT INTO task_for_users (id, task_id, assigned_to_id, user_task_status, updated_time, started_time)
VALUES
(18576, 813, 111, 'JOINED', '2023-07-29 00:40:00.000000', '2023-07-29 03:04:00.000000'),
(18577, 813, 112, 'JOINED', '2023-07-29 00:40:00.000000', '2023-08-02 12:40:00.000000'),
(18578, 813, 113, 'JOINED', '2023-07-29 00:40:00.000000', '2023-07-29 08:17:12.000000'),
(18579, 813, 114, 'JOINED', '2023-07-29 00:40:00.000000', '2023-07-30 10:30:24.000000'),
(18580, 813, 115, 'JOINED', '2023-07-29 00:40:00.000000', '2023-07-31 11:56:48.000000'),
(18581, 813, 136, 'JOINED', '2023-07-29 00:40:00.000000', '2023-08-02 12:40:00.000000'),
(18582, 813, 137, 'JOINED', '2023-07-29 00:40:00.000000', '2023-08-02 12:40:00.000000'),
(18583, 813, 138, 'JOINED', '2023-07-29 00:40:00.000000', '2023-07-29 14:46:00.000000'),
(18584, 813, 139, 'JOINED', '2023-07-29 00:40:00.000000', '2023-08-02 12:40:00.000000'),
(18585, 813, 140, 'JOINED', '2023-07-29 00:40:00.000000', '2023-08-02 12:40:00.000000');
INSERT INTO report (id, created_by_id, title, content, rejected_reason, report_status, created_time, updated_time, reviewed_time)
VALUES
(DEFAULT, 18576, 'Employee 111 submit Report', 'Completed Task.', NULL, 'APPROVED', '2023-08-07 22:16:00.000000', '2023-08-07 22:16:00.000000', '2023-08-07 22:21:00.000000'),
(DEFAULT, 18577, 'Employee 112 submit Report', 'Completed Task.', NULL, 'APPROVED', '2023-08-14 20:35:12.000000', '2023-08-14 20:35:12.000000', '2023-08-14 20:40:12.000000'),
(DEFAULT, 18578, 'Employee 113 submit Report', 'Completed Task.', NULL, 'APPROVED', '2023-08-07 17:02:48.000000', '2023-08-07 17:02:48.000000', '2023-08-07 17:07:48.000000'),
(DEFAULT, 18579, 'Employee 114 submit Report', 'Completed Task.', NULL, 'APPROVED', '2023-08-01 12:18:24.000000', '2023-08-01 12:18:24.000000', '2023-08-01 12:23:24.000000'),
(DEFAULT, 18580, 'Employee 115 submit Report', 'Completed Task.', NULL, 'APPROVED', '2023-08-02 03:32:48.000000', '2023-08-02 03:32:48.000000', '2023-08-02 03:37:48.000000'),
(DEFAULT, 18581, 'Employee 136 submit Report', 'Completed Task.', NULL, 'APPROVED', '2023-08-12 13:44:48.000000', '2023-08-12 13:44:48.000000', '2023-08-12 13:49:48.000000'),
(DEFAULT, 18582, 'Employee 137 submit Report', 'Completed Task.', NULL, 'APPROVED', '2023-08-14 10:01:36.000000', '2023-08-14 10:01:36.000000', '2023-08-14 10:06:36.000000'),
(DEFAULT, 18583, 'Employee 138 submit Report', 'Completed Task.', NULL, 'APPROVED', '2023-08-07 10:34:00.000000', '2023-08-07 10:34:00.000000', '2023-08-07 10:39:00.000000'),
(DEFAULT, 18584, 'Employee 139 submit Report', 'Completed Task.', NULL, 'APPROVED', '2023-08-14 11:06:24.000000', '2023-08-14 11:06:24.000000', '2023-08-14 11:11:24.000000'),
(DEFAULT, 18585, 'Employee 140 submit Report', 'Completed Task.', NULL, 'APPROVED', '2023-08-13 18:54:24.000000', '2023-08-13 18:54:24.000000', '2023-08-13 18:59:24.000000');

-- 2023-08-04 00:40:00.000000
-- 2023-08-04
INSERT INTO task (id, collection_id, created_by_id, root_task_id, name, description, report_format, level, task_type, priority, is_locked, start_date, end_date, deadline, created_time, updated_time)
VALUES (814, 60, 151, NULL, 'Verify API Metrics Accuracy', 'This is Verify API Metrics Accuracy', NULL, 'HARD', 'TEST', 'LOW', FALSE, '2023-08-04', '2023-08-22', '2023-08-09', '2023-08-04 00:40:00.000000', '2023-08-04 00:40:00.000000');

INSERT INTO task_for_users (id, task_id, assigned_to_id, user_task_status, updated_time, started_time)
VALUES
(18587, 814, 111, 'JOINED', '2023-08-04 00:40:00.000000', '2023-08-05 01:08:48.000000'),
(18588, 814, 112, 'JOINED', '2023-08-04 00:40:00.000000', '2023-08-08 12:40:00.000000'),
(18589, 814, 113, 'JOINED', '2023-08-04 00:40:00.000000', '2023-08-06 17:13:36.000000'),
(18590, 814, 114, 'JOINED', '2023-08-04 00:40:00.000000', '2023-08-04 12:04:00.000000'),
(18591, 814, 115, 'JOINED', '2023-08-04 00:40:00.000000', '2023-08-05 19:34:00.000000'),
(18592, 814, 136, 'JOINED', '2023-08-04 00:40:00.000000', '2023-08-08 12:40:00.000000'),
(18593, 814, 137, 'JOINED', '2023-08-04 00:40:00.000000', '2023-08-08 12:40:00.000000'),
(18594, 814, 138, 'JOINED', '2023-08-04 00:40:00.000000', '2023-08-08 12:40:00.000000'),
(18595, 814, 139, 'JOINED', '2023-08-04 00:40:00.000000', '2023-08-04 09:25:36.000000'),
(18596, 814, 140, 'JOINED', '2023-08-04 00:40:00.000000', '2023-08-05 03:36:24.000000');
INSERT INTO report (id, created_by_id, title, content, rejected_reason, report_status, created_time, updated_time, reviewed_time)
VALUES
(DEFAULT, 18587, 'Employee 111 submit Report', 'Completed Task.', NULL, 'APPROVED', '2023-08-13 00:11:12.000000', '2023-08-13 00:11:12.000000', '2023-08-13 00:16:12.000000'),
(DEFAULT, 18588, 'Employee 112 submit Report', 'Completed Task.', NULL, 'APPROVED', '2023-08-20 04:08:48.000000', '2023-08-20 04:08:48.000000', '2023-08-20 04:13:48.000000'),
(DEFAULT, 18589, 'Employee 113 submit Report', 'Completed Task.', NULL, 'APPROVED', '2023-08-08 11:42:24.000000', '2023-08-08 11:42:24.000000', '2023-08-08 11:47:24.000000'),
(DEFAULT, 18590, 'Employee 114 submit Report', 'Completed Task.', NULL, 'APPROVED', '2023-08-05 10:01:36.000000', '2023-08-05 10:01:36.000000', '2023-08-05 10:06:36.000000'),
(DEFAULT, 18591, 'Employee 115 submit Report', 'Completed Task.', NULL, 'APPROVED', '2023-08-12 05:46:00.000000', '2023-08-12 05:46:00.000000', '2023-08-12 05:51:00.000000'),
(DEFAULT, 18592, 'Employee 136 submit Report', 'Completed Task.', NULL, 'APPROVED', '2023-08-20 19:30:24.000000', '2023-08-20 19:30:24.000000', '2023-08-20 19:35:24.000000'),
(DEFAULT, 18593, 'Employee 137 submit Report', 'Completed Task.', NULL, 'APPROVED', '2023-08-22 22:52:00.000000', '2023-08-22 22:52:00.000000', '2023-08-22 22:57:00.000000'),
(DEFAULT, 18594, 'Employee 138 submit Report', 'Completed Task.', NULL, 'APPROVED', '2023-08-19 02:35:12.000000', '2023-08-19 02:35:12.000000', '2023-08-19 02:40:12.000000'),
(DEFAULT, 18595, 'Employee 139 submit Report', 'Completed Task.', NULL, 'APPROVED', '2023-08-08 07:08:48.000000', '2023-08-08 07:08:48.000000', '2023-08-08 07:13:48.000000'),
(DEFAULT, 18596, 'Employee 140 submit Report', 'Completed Task.', NULL, 'APPROVED', '2023-08-12 21:43:36.000000', '2023-08-12 21:43:36.000000', '2023-08-12 21:48:36.000000');

-- 2023-08-10 00:40:00.000000
-- 2023-08-10
INSERT INTO task (id, collection_id, created_by_id, root_task_id, name, description, report_format, level, task_type, priority, is_locked, start_date, end_date, deadline, created_time, updated_time)
VALUES (815, 60, 151, NULL, 'Verify Reporting API Accuracy', 'This is Verify Reporting API Accuracy', NULL, 'HARD', 'TEST', 'LOW', FALSE, '2023-08-10', '2023-08-29', '2023-08-15', '2023-08-10 00:40:00.000000', '2023-08-10 00:40:00.000000');

INSERT INTO task_for_users (id, task_id, assigned_to_id, user_task_status, updated_time, started_time)
VALUES
(18598, 815, 111, 'JOINED', '2023-08-10 00:40:00.000000', '2023-08-10 01:44:48.000000'),
(18599, 815, 112, 'JOINED', '2023-08-10 00:40:00.000000', '2023-08-11 12:32:48.000000'),
(18600, 815, 113, 'JOINED', '2023-08-10 00:40:00.000000', '2023-08-11 19:52:00.000000'),
(18601, 815, 114, 'JOINED', '2023-08-10 00:40:00.000000', '2023-08-10 15:11:12.000000'),
(18602, 815, 115, 'JOINED', '2023-08-10 00:40:00.000000', '2023-08-14 12:40:00.000000'),
(18603, 815, 136, 'JOINED', '2023-08-10 00:40:00.000000', '2023-08-14 12:40:00.000000'),
(18604, 815, 137, 'JOINED', '2023-08-10 00:40:00.000000', '2023-08-14 12:40:00.000000'),
(18605, 815, 138, 'JOINED', '2023-08-10 00:40:00.000000', '2023-08-10 01:01:36.000000'),
(18606, 815, 139, 'JOINED', '2023-08-10 00:40:00.000000', '2023-08-14 12:40:00.000000'),
(18607, 815, 140, 'JOINED', '2023-08-10 00:40:00.000000', '2023-08-14 12:40:00.000000');
INSERT INTO report (id, created_by_id, title, content, rejected_reason, report_status, created_time, updated_time, reviewed_time)
VALUES
(DEFAULT, 18598, 'Employee 111 submit Report', 'Completed Task.', NULL, 'APPROVED', '2023-08-11 16:01:36.000000', '2023-08-11 16:01:36.000000', '2023-08-11 16:06:36.000000'),
(DEFAULT, 18599, 'Employee 112 submit Report', 'Completed Task.', NULL, 'APPROVED', '2023-08-13 00:40:00.000000', '2023-08-13 00:40:00.000000', '2023-08-13 00:45:00.000000'),
(DEFAULT, 18600, 'Employee 113 submit Report', 'Completed Task.', NULL, 'APPROVED', '2023-08-13 13:30:24.000000', '2023-08-13 13:30:24.000000', '2023-08-13 13:35:24.000000'),
(DEFAULT, 18601, 'Employee 114 submit Report', 'Completed Task.', NULL, 'APPROVED', '2023-08-13 09:40:00.000000', '2023-08-13 09:40:00.000000', '2023-08-13 09:45:00.000000'),
(DEFAULT, 18602, 'Employee 115 submit Report', 'Completed Task.', NULL, 'APPROVED', '2023-08-26 15:25:36.000000', '2023-08-26 15:25:36.000000', '2023-08-26 15:30:36.000000'),
(DEFAULT, 18603, 'Employee 136 submit Report', 'Completed Task.', NULL, 'APPROVED', '2023-08-25 21:11:12.000000', '2023-08-25 21:11:12.000000', '2023-08-25 21:16:12.000000'),
(DEFAULT, 18604, 'Employee 137 submit Report', 'Completed Task.', NULL, 'APPROVED', '2023-08-25 14:35:12.000000', '2023-08-25 14:35:12.000000', '2023-08-25 14:40:12.000000'),
(DEFAULT, 18605, 'Employee 138 submit Report', 'Completed Task.', NULL, 'APPROVED', '2023-08-12 15:18:24.000000', '2023-08-12 15:18:24.000000', '2023-08-12 15:23:24.000000'),
(DEFAULT, 18606, 'Employee 139 submit Report', 'Completed Task.', NULL, 'APPROVED', '2023-08-29 04:59:12.000000', '2023-08-29 04:59:12.000000', '2023-08-29 05:04:12.000000'),
(DEFAULT, 18607, 'Employee 140 submit Report', 'Completed Task.', NULL, 'APPROVED', '2023-08-26 16:01:36.000000', '2023-08-26 16:01:36.000000', '2023-08-26 16:06:36.000000');

-- 2023-08-16 00:40:00.000000
-- 2023-08-16
INSERT INTO task (id, collection_id, created_by_id, root_task_id, name, description, report_format, level, task_type, priority, is_locked, start_date, end_date, deadline, created_time, updated_time)
VALUES (816, 60, 151, NULL, 'Verify Analytics API Data', 'This is Verify Analytics API Data', NULL, 'HARD', 'TEST', 'LOW', FALSE, '2023-08-16', '2023-09-03', '2023-08-21', '2023-08-16 00:40:00.000000', '2023-08-16 00:40:00.000000');

INSERT INTO task_for_users (id, task_id, assigned_to_id, user_task_status, updated_time, started_time)
VALUES
(18609, 816, 111, 'JOINED', '2023-08-16 00:40:00.000000', '2023-08-16 02:20:48.000000'),
(18610, 816, 112, 'JOINED', '2023-08-16 00:40:00.000000', '2023-08-17 04:30:24.000000'),
(18611, 816, 113, 'JOINED', '2023-08-16 00:40:00.000000', '2023-08-20 12:40:00.000000'),
(18612, 816, 114, 'JOINED', '2023-08-16 00:40:00.000000', '2023-08-17 12:18:24.000000'),
(18613, 816, 115, 'JOINED', '2023-08-16 00:40:00.000000', '2023-08-17 21:18:24.000000'),
(18614, 816, 136, 'JOINED', '2023-08-16 00:40:00.000000', '2023-08-16 15:04:00.000000'),
(18615, 816, 137, 'JOINED', '2023-08-16 00:40:00.000000', '2023-08-17 02:24:24.000000'),
(18616, 816, 138, 'JOINED', '2023-08-16 00:40:00.000000', '2023-08-16 01:44:48.000000'),
(18617, 816, 139, 'JOINED', '2023-08-16 00:40:00.000000', '2023-08-17 10:23:12.000000'),
(18618, 816, 140, 'JOINED', '2023-08-16 00:40:00.000000', '2023-08-16 19:34:00.000000');
INSERT INTO report (id, created_by_id, title, content, rejected_reason, report_status, created_time, updated_time, reviewed_time)
VALUES
(DEFAULT, 18609, 'Employee 111 submit Report', 'Completed Task.', NULL, 'APPROVED', '2023-08-21 00:04:00.000000', '2023-08-21 00:04:00.000000', '2023-08-21 00:09:00.000000'),
(DEFAULT, 18610, 'Employee 112 submit Report', 'Completed Task.', NULL, 'APPROVED', '2023-08-19 00:04:00.000000', '2023-08-19 00:04:00.000000', '2023-08-19 00:09:00.000000'),
(DEFAULT, 18611, 'Employee 113 submit Report', 'Completed Task.', NULL, 'APPROVED', '2023-09-03 17:35:12.000000', '2023-09-03 17:35:12.000000', '2023-09-03 17:40:12.000000'),
(DEFAULT, 18612, 'Employee 114 submit Report', 'Completed Task.', NULL, 'APPROVED', '2023-08-18 15:18:24.000000', '2023-08-18 15:18:24.000000', '2023-08-18 15:23:24.000000'),
(DEFAULT, 18613, 'Employee 115 submit Report', 'Completed Task.', NULL, 'APPROVED', '2023-08-19 09:04:00.000000', '2023-08-19 09:04:00.000000', '2023-08-19 09:09:00.000000'),
(DEFAULT, 18614, 'Employee 136 submit Report', 'Completed Task.', NULL, 'APPROVED', '2023-08-25 10:16:00.000000', '2023-08-25 10:16:00.000000', '2023-08-25 10:21:00.000000'),
(DEFAULT, 18615, 'Employee 137 submit Report', 'Completed Task.', NULL, 'APPROVED', '2023-08-24 22:55:36.000000', '2023-08-24 22:55:36.000000', '2023-08-24 23:00:36.000000'),
(DEFAULT, 18616, 'Employee 138 submit Report', 'Completed Task.', NULL, 'APPROVED', '2023-08-18 23:35:12.000000', '2023-08-18 23:35:12.000000', '2023-08-18 23:40:12.000000'),
(DEFAULT, 18617, 'Employee 139 submit Report', 'Completed Task.', NULL, 'APPROVED', '2023-08-20 09:40:00.000000', '2023-08-20 09:40:00.000000', '2023-08-20 09:45:00.000000'),
(DEFAULT, 18618, 'Employee 140 submit Report', 'Completed Task.', NULL, 'APPROVED', '2023-08-25 05:46:00.000000', '2023-08-25 05:46:00.000000', '2023-08-25 05:51:00.000000');

-- 2023-08-22 00:40:00.000000
-- 2023-08-22
INSERT INTO task (id, collection_id, created_by_id, root_task_id, name, description, report_format, level, task_type, priority, is_locked, start_date, end_date, deadline, created_time, updated_time)
VALUES (817, 60, 151, NULL, 'Verify End-to-End API Flow', 'This is Verify End-to-End API Flow', NULL, 'HARD', 'TEST', 'LOW', FALSE, '2023-08-22', '2023-09-09', '2023-08-27', '2023-08-22 00:40:00.000000', '2023-08-22 00:40:00.000000');

INSERT INTO task_for_users (id, task_id, assigned_to_id, user_task_status, updated_time, started_time)
VALUES
(18620, 817, 111, 'JOINED', '2023-08-22 00:40:00.000000', '2023-08-26 12:40:00.000000'),
(18621, 817, 112, 'JOINED', '2023-08-22 00:40:00.000000', '2023-08-24 16:30:24.000000'),
(18622, 817, 113, 'JOINED', '2023-08-22 00:40:00.000000', '2023-08-22 05:42:24.000000'),
(18623, 817, 114, 'JOINED', '2023-08-22 00:40:00.000000', '2023-08-22 08:28:00.000000'),
(18624, 817, 115, 'JOINED', '2023-08-22 00:40:00.000000', '2023-08-23 13:01:36.000000'),
(18625, 817, 136, 'JOINED', '2023-08-22 00:40:00.000000', '2023-08-22 02:06:24.000000'),
(18626, 817, 137, 'JOINED', '2023-08-22 00:40:00.000000', '2023-08-22 10:19:36.000000'),
(18627, 817, 138, 'JOINED', '2023-08-22 00:40:00.000000', '2023-08-26 12:40:00.000000'),
(18628, 817, 139, 'JOINED', '2023-08-22 00:40:00.000000', '2023-08-23 10:44:48.000000'),
(18629, 817, 140, 'JOINED', '2023-08-22 00:40:00.000000', '2023-08-22 06:25:36.000000');
INSERT INTO report (id, created_by_id, title, content, rejected_reason, report_status, created_time, updated_time, reviewed_time)
VALUES
(DEFAULT, 18620, 'Employee 111 submit Report', 'Completed Task.', NULL, 'APPROVED', '2023-09-09 06:11:12.000000', '2023-09-09 06:11:12.000000', '2023-09-09 06:16:12.000000'),
(DEFAULT, 18621, 'Employee 112 submit Report', 'Completed Task.', NULL, 'APPROVED', '2023-08-29 08:49:36.000000', '2023-08-29 08:49:36.000000', '2023-08-29 08:54:36.000000'),
(DEFAULT, 18622, 'Employee 113 submit Report', 'Completed Task.', NULL, 'APPROVED', '2023-08-23 07:23:12.000000', '2023-08-23 07:23:12.000000', '2023-08-23 07:28:12.000000'),
(DEFAULT, 18623, 'Employee 114 submit Report', 'Completed Task.', NULL, 'APPROVED', '2023-08-24 22:44:48.000000', '2023-08-24 22:44:48.000000', '2023-08-24 22:49:48.000000'),
(DEFAULT, 18624, 'Employee 115 submit Report', 'Completed Task.', NULL, 'APPROVED', '2023-08-25 20:42:24.000000', '2023-08-25 20:42:24.000000', '2023-08-25 20:47:24.000000'),
(DEFAULT, 18625, 'Employee 136 submit Report', 'Completed Task.', NULL, 'APPROVED', '2023-08-24 16:37:36.000000', '2023-08-24 16:37:36.000000', '2023-08-24 16:42:36.000000'),
(DEFAULT, 18626, 'Employee 137 submit Report', 'Completed Task.', NULL, 'APPROVED', '2023-08-31 15:00:24.000000', '2023-08-31 15:00:24.000000', '2023-08-31 15:05:24.000000'),
(DEFAULT, 18627, 'Employee 138 submit Report', 'Completed Task.', NULL, 'APPROVED', '2023-09-08 01:08:48.000000', '2023-09-08 01:08:48.000000', '2023-09-08 01:13:48.000000'),
(DEFAULT, 18628, 'Employee 139 submit Report', 'Completed Task.', NULL, 'APPROVED', '2023-08-26 15:04:00.000000', '2023-08-26 15:04:00.000000', '2023-08-26 15:09:00.000000'),
(DEFAULT, 18629, 'Employee 140 submit Report', 'Completed Task.', NULL, 'APPROVED', '2023-08-24 18:47:12.000000', '2023-08-24 18:47:12.000000', '2023-08-24 18:52:12.000000');

-- 2023-08-28 00:40:00.000000
-- 2023-08-28
INSERT INTO task (id, collection_id, created_by_id, root_task_id, name, description, report_format, level, task_type, priority, is_locked, start_date, end_date, deadline, created_time, updated_time)
VALUES (818, 60, 151, NULL, 'Execute Integration Test Suite', 'This is Execute Integration Test Suite', NULL, 'HARD', 'TEST', 'LOW', FALSE, '2023-08-28', '2023-09-16', '2023-09-02', '2023-08-28 00:40:00.000000', '2023-08-28 00:40:00.000000');

INSERT INTO task_for_users (id, task_id, assigned_to_id, user_task_status, updated_time, started_time)
VALUES
(18631, 818, 111, 'JOINED', '2023-08-28 00:40:00.000000', '2023-08-30 08:20:48.000000'),
(18632, 818, 112, 'JOINED', '2023-08-28 00:40:00.000000', '2023-09-01 12:40:00.000000'),
(18633, 818, 113, 'JOINED', '2023-08-28 00:40:00.000000', '2023-08-28 00:47:12.000000'),
(18634, 818, 114, 'JOINED', '2023-08-28 00:40:00.000000', '2023-08-29 00:32:48.000000'),
(18635, 818, 115, 'JOINED', '2023-08-28 00:40:00.000000', '2023-08-28 20:42:24.000000');
INSERT INTO report (id, created_by_id, title, content, rejected_reason, report_status, created_time, updated_time, reviewed_time)
VALUES
(DEFAULT, 18631, 'Employee 111 submit Report', 'Completed Task.', NULL, 'APPROVED', '2023-09-01 13:52:00.000000', '2023-09-01 13:52:00.000000', '2023-09-01 13:57:00.000000'),
(DEFAULT, 18632, 'Employee 112 submit Report', 'Completed Task.', NULL, 'APPROVED', '2023-09-16 04:08:48.000000', '2023-09-16 04:08:48.000000', '2023-09-16 04:13:48.000000'),
(DEFAULT, 18633, 'Employee 113 submit Report', 'Completed Task.', NULL, 'APPROVED', '2023-08-29 16:30:24.000000', '2023-08-29 16:30:24.000000', '2023-08-29 16:35:24.000000'),
(DEFAULT, 18634, 'Employee 114 submit Report', 'Completed Task.', NULL, 'APPROVED', '2023-09-06 00:47:12.000000', '2023-09-06 00:47:12.000000', '2023-09-06 00:52:12.000000'),
(DEFAULT, 18635, 'Employee 115 submit Report', 'Completed Task.', NULL, 'APPROVED', '2023-09-01 01:01:36.000000', '2023-09-01 01:01:36.000000', '2023-09-01 01:06:36.000000');

-- 2023-09-03 00:40:00.000000
-- 2023-09-03
INSERT INTO task (id, collection_id, created_by_id, root_task_id, name, description, report_format, level, task_type, priority, is_locked, start_date, end_date, deadline, created_time, updated_time)
VALUES (819, 60, 151, NULL, 'Analyze Integration Test Results', 'This is Analyze Integration Test Results', NULL, 'ADVANCED', 'TEST', 'LOW', FALSE, '2023-09-03', '2023-09-18', '2023-09-07', '2023-09-03 00:40:00.000000', '2023-09-03 00:40:00.000000');

INSERT INTO task_for_users (id, task_id, assigned_to_id, user_task_status, updated_time, started_time)
VALUES
(18637, 819, 111, 'JOINED', '2023-09-03 00:40:00.000000', '2023-09-03 20:55:21.600000'),
(18638, 819, 112, 'JOINED', '2023-09-03 00:40:00.000000', '2023-09-03 06:02:33.600000'),
(18639, 819, 113, 'JOINED', '2023-09-03 00:40:00.000000', '2023-09-04 17:28:00.000000'),
(18640, 819, 114, 'JOINED', '2023-09-03 00:40:00.000000', '2023-09-05 16:07:21.600000'),
(18641, 819, 115, 'JOINED', '2023-09-03 00:40:00.000000', '2023-09-04 09:29:55.200000'),
(18642, 819, 116, 'JOINED', '2023-09-03 00:40:00.000000', '2023-09-04 21:24:09.600000'),
(18643, 819, 117, 'JOINED', '2023-09-03 00:40:00.000000', '2023-09-04 08:55:21.600000'),
(18644, 819, 118, 'JOINED', '2023-09-03 00:40:00.000000', '2023-09-03 05:36:38.400000'),
(18645, 819, 119, 'JOINED', '2023-09-03 00:40:00.000000', '2023-09-06 15:04:00.000000'),
(18646, 819, 120, 'JOINED', '2023-09-03 00:40:00.000000', '2023-09-06 15:04:00.000000'),
(18647, 819, 121, 'JOINED', '2023-09-03 00:40:00.000000', '2023-09-03 15:06:52.800000'),
(18648, 819, 122, 'JOINED', '2023-09-03 00:40:00.000000', '2023-09-03 18:48:38.400000'),
(18649, 819, 123, 'JOINED', '2023-09-03 00:40:00.000000', '2023-09-04 02:17:55.200000'),
(18650, 819, 124, 'JOINED', '2023-09-03 00:40:00.000000', '2023-09-03 19:49:07.200000'),
(18651, 819, 125, 'JOINED', '2023-09-03 00:40:00.000000', '2023-09-04 14:23:40.800000'),
(18652, 819, 126, 'JOINED', '2023-09-03 00:40:00.000000', '2023-09-04 06:37:07.200000'),
(18653, 819, 127, 'JOINED', '2023-09-03 00:40:00.000000', '2023-09-04 18:08:19.200000'),
(18654, 819, 128, 'JOINED', '2023-09-03 00:40:00.000000', '2023-09-04 20:26:33.600000'),
(18655, 819, 129, 'JOINED', '2023-09-03 00:40:00.000000', '2023-09-06 15:04:00.000000'),
(18656, 819, 130, 'JOINED', '2023-09-03 00:40:00.000000', '2023-09-06 15:04:00.000000'),
(18657, 819, 131, 'JOINED', '2023-09-03 00:40:00.000000', '2023-09-03 03:04:00.000000'),
(18658, 819, 132, 'JOINED', '2023-09-03 00:40:00.000000', '2023-09-04 11:02:04.800000'),
(18659, 819, 133, 'JOINED', '2023-09-03 00:40:00.000000', '2023-09-03 04:30:24.000000'),
(18660, 819, 134, 'JOINED', '2023-09-03 00:40:00.000000', '2023-09-03 02:58:14.400000'),
(18661, 819, 135, 'JOINED', '2023-09-03 00:40:00.000000', '2023-09-06 15:04:00.000000');
INSERT INTO report (id, created_by_id, title, content, rejected_reason, report_status, created_time, updated_time, reviewed_time)
VALUES
(DEFAULT, 18637, 'Employee 111 submit Report', 'Completed Task.', NULL, 'APPROVED', '2023-09-05 11:07:50.400000', '2023-09-05 11:07:50.400000', '2023-09-05 11:12:50.400000'),
(DEFAULT, 18638, 'Employee 112 submit Report', 'Completed Task.', NULL, 'APPROVED', '2023-09-03 22:10:14.400000', '2023-09-03 22:10:14.400000', '2023-09-03 22:15:14.400000'),
(DEFAULT, 18639, 'Employee 113 submit Report', 'Completed Task.', NULL, 'APPROVED', '2023-09-06 14:52:28.800000', '2023-09-06 14:52:28.800000', '2023-09-06 14:57:28.800000'),
(DEFAULT, 18640, 'Employee 114 submit Report', 'Completed Task.', NULL, 'APPROVED', '2023-09-06 23:30:52.800000', '2023-09-06 23:30:52.800000', '2023-09-06 23:35:52.800000'),
(DEFAULT, 18641, 'Employee 115 submit Report', 'Completed Task.', NULL, 'APPROVED', '2023-09-05 10:39:02.400000', '2023-09-05 10:39:02.400000', '2023-09-05 10:44:02.400000'),
(DEFAULT, 18642, 'Employee 116 submit Report', 'Completed Task.', NULL, 'APPROVED', '2023-09-06 21:18:24.000000', '2023-09-06 21:18:24.000000', '2023-09-06 21:23:24.000000'),
(DEFAULT, 18643, 'Employee 117 submit Report', 'Completed Task.', NULL, 'APPROVED', '2023-09-05 09:41:26.400000', '2023-09-05 09:41:26.400000', '2023-09-05 09:46:26.400000'),
(DEFAULT, 18644, 'Employee 118 submit Report', 'Completed Task.', NULL, 'APPROVED', '2023-09-10 19:43:21.600000', '2023-09-10 19:43:21.600000', '2023-09-10 19:48:21.600000'),
(DEFAULT, 18645, 'Employee 119 submit Report', 'Completed Task.', NULL, 'APPROVED', '2023-09-17 03:15:31.200000', '2023-09-17 03:15:31.200000', '2023-09-17 03:20:31.200000'),
(DEFAULT, 18646, 'Employee 120 submit Report', 'Completed Task.', NULL, 'APPROVED', '2023-09-18 00:45:45.600000', '2023-09-18 00:45:45.600000', '2023-09-18 00:50:45.600000'),
(DEFAULT, 18647, 'Employee 121 submit Report', 'Completed Task.', NULL, 'APPROVED', '2023-09-10 10:13:07.200000', '2023-09-10 10:13:07.200000', '2023-09-10 10:18:07.200000'),
(DEFAULT, 18648, 'Employee 122 submit Report', 'Completed Task.', NULL, 'APPROVED', '2023-09-04 14:06:24.000000', '2023-09-04 14:06:24.000000', '2023-09-04 14:11:24.000000'),
(DEFAULT, 18649, 'Employee 123 submit Report', 'Completed Task.', NULL, 'APPROVED', '2023-09-04 16:59:12.000000', '2023-09-04 16:59:12.000000', '2023-09-04 17:04:12.000000'),
(DEFAULT, 18650, 'Employee 124 submit Report', 'Completed Task.', NULL, 'APPROVED', '2023-09-10 05:30:52.800000', '2023-09-10 05:30:52.800000', '2023-09-10 05:35:52.800000'),
(DEFAULT, 18651, 'Employee 125 submit Report', 'Completed Task.', NULL, 'APPROVED', '2023-09-06 09:12:38.400000', '2023-09-06 09:12:38.400000', '2023-09-06 09:17:38.400000'),
(DEFAULT, 18652, 'Employee 126 submit Report', 'Completed Task.', NULL, 'APPROVED', '2023-09-06 04:24:38.400000', '2023-09-06 04:24:38.400000', '2023-09-06 04:29:38.400000'),
(DEFAULT, 18653, 'Employee 127 submit Report', 'Completed Task.', NULL, 'APPROVED', '2023-09-06 18:54:24.000000', '2023-09-06 18:54:24.000000', '2023-09-06 18:59:24.000000'),
(DEFAULT, 18654, 'Employee 128 submit Report', 'Completed Task.', NULL, 'APPROVED', '2023-09-09 04:53:26.400000', '2023-09-09 04:53:26.400000', '2023-09-09 04:58:26.400000'),
(DEFAULT, 18655, 'Employee 129 submit Report', 'Completed Task.', NULL, 'APPROVED', '2023-09-15 05:28:00.000000', '2023-09-15 05:28:00.000000', '2023-09-15 05:33:00.000000'),
(DEFAULT, 18656, 'Employee 130 submit Report', 'Completed Task.', NULL, 'APPROVED', '2023-09-17 18:14:04.800000', '2023-09-17 18:14:04.800000', '2023-09-17 18:19:04.800000'),
(DEFAULT, 18657, 'Employee 131 submit Report', 'Completed Task.', NULL, 'APPROVED', '2023-09-04 20:09:16.800000', '2023-09-04 20:09:16.800000', '2023-09-04 20:14:16.800000'),
(DEFAULT, 18658, 'Employee 132 submit Report', 'Completed Task.', NULL, 'APPROVED', '2023-09-06 02:58:14.400000', '2023-09-06 02:58:14.400000', '2023-09-06 03:03:14.400000'),
(DEFAULT, 18659, 'Employee 133 submit Report', 'Completed Task.', NULL, 'APPROVED', '2023-09-04 00:34:14.400000', '2023-09-04 00:34:14.400000', '2023-09-04 00:39:14.400000'),
(DEFAULT, 18660, 'Employee 134 submit Report', 'Completed Task.', NULL, 'APPROVED', '2023-09-03 23:19:21.600000', '2023-09-03 23:19:21.600000', '2023-09-03 23:24:21.600000'),
(DEFAULT, 18661, 'Employee 135 submit Report', 'Completed Task.', NULL, 'APPROVED', '2023-09-17 15:55:50.400000', '2023-09-17 15:55:50.400000', '2023-09-17 16:00:50.400000');

-- 2023-09-08 00:40:00.000000
-- 2023-09-08
INSERT INTO task (id, collection_id, created_by_id, root_task_id, name, description, report_format, level, task_type, priority, is_locked, start_date, end_date, deadline, created_time, updated_time)
VALUES (820, 60, 151, NULL, 'Sign Off Integration Refactor Testing', 'This is Sign Off Integration Refactor Testing', NULL, 'NORMAL', 'TEST', 'LOW', FALSE, '2023-09-08', '2023-09-10', '2023-09-11', '2023-09-08 00:40:00.000000', '2023-09-08 00:40:00.000000');

INSERT INTO task_for_users (id, task_id, assigned_to_id, user_task_status, updated_time, started_time)
VALUES
(18663, 820, 128, 'JOINED', '2023-09-08 00:40:00.000000', '2023-09-09 05:10:43.200000');
INSERT INTO report (id, created_by_id, title, content, rejected_reason, report_status, created_time, updated_time, reviewed_time)
VALUES
(DEFAULT, 18663, 'Employee 128 submit Report', 'Completed Task.', NULL, 'APPROVED', '2023-09-10 12:04:00.000000', '2023-09-10 12:04:00.000000', '2023-09-10 12:09:00.000000');

-- 2023-09-12 00:40:00.000000
-- 2023-09-12
INSERT INTO task (id, collection_id, created_by_id, root_task_id, name, description, report_format, level, task_type, priority, is_locked, start_date, end_date, deadline, created_time, updated_time)
VALUES (821, 60, 151, NULL, 'Finalize API Refactor Test Report', 'This is Finalize API Refactor Test Report', NULL, 'ADVANCED', 'TEST', 'LOW', FALSE, '2023-09-12', '2023-09-26', '2023-09-16', '2023-09-12 00:40:00.000000', '2023-09-12 00:40:00.000000');

INSERT INTO task_for_users (id, task_id, assigned_to_id, user_task_status, updated_time, started_time)
VALUES
(18665, 821, 111, 'JOINED', '2023-09-12 00:40:00.000000', '2023-09-12 21:29:55.200000'),
(18666, 821, 112, 'JOINED', '2023-09-12 00:40:00.000000', '2023-09-13 13:14:33.600000'),
(18667, 821, 113, 'JOINED', '2023-09-12 00:40:00.000000', '2023-09-14 19:40:28.800000'),
(18668, 821, 114, 'JOINED', '2023-09-12 00:40:00.000000', '2023-09-13 05:39:31.200000'),
(18669, 821, 115, 'JOINED', '2023-09-12 00:40:00.000000', '2023-09-14 23:42:24.000000'),
(18670, 821, 116, 'JOINED', '2023-09-12 00:40:00.000000', '2023-09-12 08:49:36.000000'),
(18671, 821, 117, 'JOINED', '2023-09-12 00:40:00.000000', '2023-09-13 06:14:04.800000'),
(18672, 821, 118, 'JOINED', '2023-09-12 00:40:00.000000', '2023-09-13 18:37:07.200000'),
(18673, 821, 119, 'JOINED', '2023-09-12 00:40:00.000000', '2023-09-15 15:04:00.000000'),
(18674, 821, 120, 'JOINED', '2023-09-12 00:40:00.000000', '2023-09-13 02:17:55.200000'),
(18675, 821, 121, 'JOINED', '2023-09-12 00:40:00.000000', '2023-09-13 14:00:38.400000'),
(18676, 821, 122, 'JOINED', '2023-09-12 00:40:00.000000', '2023-09-12 07:34:43.200000'),
(18677, 821, 123, 'JOINED', '2023-09-12 00:40:00.000000', '2023-09-14 06:14:04.800000'),
(18678, 821, 124, 'JOINED', '2023-09-12 00:40:00.000000', '2023-09-15 15:04:00.000000'),
(18679, 821, 125, 'JOINED', '2023-09-12 00:40:00.000000', '2023-09-12 04:39:02.400000'),
(18680, 821, 126, 'JOINED', '2023-09-12 00:40:00.000000', '2023-09-12 18:37:07.200000'),
(18681, 821, 127, 'JOINED', '2023-09-12 00:40:00.000000', '2023-09-13 20:15:02.400000'),
(18682, 821, 128, 'JOINED', '2023-09-12 00:40:00.000000', '2023-09-13 04:07:21.600000'),
(18683, 821, 129, 'JOINED', '2023-09-12 00:40:00.000000', '2023-09-15 15:04:00.000000'),
(18684, 821, 130, 'JOINED', '2023-09-12 00:40:00.000000', '2023-09-15 15:04:00.000000'),
(18685, 821, 131, 'JOINED', '2023-09-12 00:40:00.000000', '2023-09-15 15:04:00.000000'),
(18686, 821, 132, 'JOINED', '2023-09-12 00:40:00.000000', '2023-09-12 03:15:31.200000'),
(18687, 821, 133, 'JOINED', '2023-09-12 00:40:00.000000', '2023-09-13 05:22:14.400000'),
(18688, 821, 134, 'JOINED', '2023-09-12 00:40:00.000000', '2023-09-15 15:04:00.000000'),
(18689, 821, 135, 'JOINED', '2023-09-12 00:40:00.000000', '2023-09-15 15:04:00.000000');
INSERT INTO report (id, created_by_id, title, content, rejected_reason, report_status, created_time, updated_time, reviewed_time)
VALUES
(DEFAULT, 18665, 'Employee 111 submit Report', 'Completed Task.', NULL, 'APPROVED', '2023-09-14 04:59:12.000000', '2023-09-14 04:59:12.000000', '2023-09-14 05:04:12.000000'),
(DEFAULT, 18666, 'Employee 112 submit Report', 'Completed Task.', NULL, 'APPROVED', '2023-09-15 12:11:12.000000', '2023-09-15 12:11:12.000000', '2023-09-15 12:16:12.000000'),
(DEFAULT, 18667, 'Employee 113 submit Report', 'Completed Task.', NULL, 'APPROVED', '2023-09-15 16:13:07.200000', '2023-09-15 16:13:07.200000', '2023-09-15 16:18:07.200000'),
(DEFAULT, 18668, 'Employee 114 submit Report', 'Completed Task.', NULL, 'APPROVED', '2023-09-13 20:38:04.800000', '2023-09-13 20:38:04.800000', '2023-09-13 20:43:04.800000'),
(DEFAULT, 18669, 'Employee 115 submit Report', 'Completed Task.', NULL, 'APPROVED', '2023-09-15 14:58:14.400000', '2023-09-15 14:58:14.400000', '2023-09-15 15:03:14.400000'),
(DEFAULT, 18670, 'Employee 116 submit Report', 'Completed Task.', NULL, 'APPROVED', '2023-09-14 01:49:07.200000', '2023-09-14 01:49:07.200000', '2023-09-14 01:54:07.200000'),
(DEFAULT, 18671, 'Employee 117 submit Report', 'Completed Task.', NULL, 'APPROVED', '2023-09-15 10:56:19.200000', '2023-09-15 10:56:19.200000', '2023-09-15 11:01:19.200000'),
(DEFAULT, 18672, 'Employee 118 submit Report', 'Completed Task.', NULL, 'APPROVED', '2023-09-15 10:33:16.800000', '2023-09-15 10:33:16.800000', '2023-09-15 10:38:16.800000'),
(DEFAULT, 18673, 'Employee 119 submit Report', 'Completed Task.', NULL, 'APPROVED', '2023-09-24 21:52:57.600000', '2023-09-24 21:52:57.600000', '2023-09-24 21:57:57.600000'),
(DEFAULT, 18674, 'Employee 120 submit Report', 'Completed Task.', NULL, 'APPROVED', '2023-09-14 02:12:09.600000', '2023-09-14 02:12:09.600000', '2023-09-14 02:17:09.600000'),
(DEFAULT, 18675, 'Employee 121 submit Report', 'Completed Task.', NULL, 'APPROVED', '2023-09-15 16:53:26.400000', '2023-09-15 16:53:26.400000', '2023-09-15 16:58:26.400000'),
(DEFAULT, 18676, 'Employee 122 submit Report', 'Completed Task.', NULL, 'APPROVED', '2023-09-13 12:16:57.600000', '2023-09-13 12:16:57.600000', '2023-09-13 12:21:57.600000'),
(DEFAULT, 18677, 'Employee 123 submit Report', 'Completed Task.', NULL, 'APPROVED', '2023-09-14 22:21:45.600000', '2023-09-14 22:21:45.600000', '2023-09-14 22:26:45.600000'),
(DEFAULT, 18678, 'Employee 124 submit Report', 'Completed Task.', NULL, 'APPROVED', '2023-09-26 07:00:09.600000', '2023-09-26 07:00:09.600000', '2023-09-26 07:05:09.600000'),
(DEFAULT, 18679, 'Employee 125 submit Report', 'Completed Task.', NULL, 'APPROVED', '2023-09-19 20:40:57.600000', '2023-09-19 20:40:57.600000', '2023-09-19 20:45:57.600000'),
(DEFAULT, 18680, 'Employee 126 submit Report', 'Completed Task.', NULL, 'APPROVED', '2023-09-13 10:21:45.600000', '2023-09-13 10:21:45.600000', '2023-09-13 10:26:45.600000'),
(DEFAULT, 18681, 'Employee 127 submit Report', 'Completed Task.', NULL, 'APPROVED', '2023-09-14 22:16:00.000000', '2023-09-14 22:16:00.000000', '2023-09-14 22:21:00.000000'),
(DEFAULT, 18682, 'Employee 128 submit Report', 'Completed Task.', NULL, 'APPROVED', '2023-09-14 17:28:00.000000', '2023-09-14 17:28:00.000000', '2023-09-14 17:33:00.000000'),
(DEFAULT, 18683, 'Employee 129 submit Report', 'Completed Task.', NULL, 'APPROVED', '2023-09-24 04:30:24.000000', '2023-09-24 04:30:24.000000', '2023-09-24 04:35:24.000000'),
(DEFAULT, 18684, 'Employee 130 submit Report', 'Completed Task.', NULL, 'APPROVED', '2023-09-23 15:21:16.800000', '2023-09-23 15:21:16.800000', '2023-09-23 15:26:16.800000'),
(DEFAULT, 18685, 'Employee 131 submit Report', 'Completed Task.', NULL, 'APPROVED', '2023-09-25 19:05:55.200000', '2023-09-25 19:05:55.200000', '2023-09-25 19:10:55.200000'),
(DEFAULT, 18686, 'Employee 132 submit Report', 'Completed Task.', NULL, 'APPROVED', '2023-09-13 13:14:33.600000', '2023-09-13 13:14:33.600000', '2023-09-13 13:19:33.600000'),
(DEFAULT, 18687, 'Employee 133 submit Report', 'Completed Task.', NULL, 'APPROVED', '2023-09-15 15:32:48.000000', '2023-09-15 15:32:48.000000', '2023-09-15 15:37:48.000000'),
(DEFAULT, 18688, 'Employee 134 submit Report', 'Completed Task.', NULL, 'APPROVED', '2023-09-24 06:54:24.000000', '2023-09-24 06:54:24.000000', '2023-09-24 06:59:24.000000'),
(DEFAULT, 18689, 'Employee 135 submit Report', 'Completed Task.', NULL, 'APPROVED', '2023-09-26 07:34:43.200000', '2023-09-26 07:34:43.200000', '2023-09-26 07:39:43.200000');

-- 2023-09-17 00:40:00.000000
-- 2023-09-17
INSERT INTO task (id, collection_id, created_by_id, root_task_id, name, description, report_format, level, task_type, priority, is_locked, start_date, end_date, deadline, created_time, updated_time)
VALUES (822, 60, 151, NULL, 'Close Integration Testing Phase', 'This is Close Integration Testing Phase', NULL, 'NORMAL', 'TEST', 'LOW', FALSE, '2023-09-17', '2023-09-18', '2023-09-20', '2023-09-17 00:40:00.000000', '2023-09-17 00:40:00.000000');

INSERT INTO task_for_users (id, task_id, assigned_to_id, user_task_status, updated_time, started_time)
VALUES
(18691, 822, 128, 'JOINED', '2023-09-17 00:40:00.000000', '2023-09-17 11:32:19.200000');
INSERT INTO report (id, created_by_id, title, content, rejected_reason, report_status, created_time, updated_time, reviewed_time)
VALUES
(DEFAULT, 18691, 'Employee 128 submit Report', 'Completed Task.', NULL, 'APPROVED', '2023-09-18 07:54:52.800000', '2023-09-18 07:54:52.800000', '2023-09-18 07:59:52.800000');

INSERT INTO collection (`id`, `created_time`, `description`, `due_date`, `start_date`, `name`, `updated_time`, `phase_id`, `created_by_id`)
VALUES (61, '2023-09-20 00:40:00.000000', 'This is Non-functional & Stability Testing After Refactor', '2024-07-18', '2023-09-20', 'Non-functional & Stability Testing After Refactor', '2023-09-20 00:40:00.000000', 10, 154);


-- 2023-09-21 00:45:00.000000
-- 2023-09-21
INSERT INTO task (id, collection_id, created_by_id, root_task_id, name, description, report_format, level, task_type, priority, is_locked, start_date, end_date, deadline, created_time, updated_time)
VALUES (823, 61, 151, NULL, 'Verify Performance Baseline After Refactor', 'This is Verify Performance Baseline After Refactor', NULL, 'ADVANCED', 'TEST', 'LOW', FALSE, '2023-09-21', '2023-10-05', '2023-09-25', '2023-09-21 00:45:00.000000', '2023-09-21 00:45:00.000000');

INSERT INTO task_for_users (id, task_id, assigned_to_id, user_task_status, updated_time, started_time)
VALUES
(18693, 823, 111, 'JOINED', '2023-09-21 00:45:00.000000', '2023-09-22 11:41:38.400000'),
(18694, 823, 112, 'JOINED', '2023-09-21 00:45:00.000000', '2023-09-23 04:06:36.000000'),
(18695, 823, 113, 'JOINED', '2023-09-21 00:45:00.000000', '2023-09-21 11:07:04.800000'),
(18696, 823, 114, 'JOINED', '2023-09-21 00:45:00.000000', '2023-09-22 06:01:48.000000'),
(18697, 823, 115, 'JOINED', '2023-09-21 00:45:00.000000', '2023-09-21 10:49:48.000000'),
(18698, 823, 116, 'JOINED', '2023-09-21 00:45:00.000000', '2023-09-22 00:56:31.200000'),
(18699, 823, 117, 'JOINED', '2023-09-21 00:45:00.000000', '2023-09-21 10:23:52.800000'),
(18700, 823, 118, 'JOINED', '2023-09-21 00:45:00.000000', '2023-09-22 12:04:40.800000'),
(18701, 823, 119, 'JOINED', '2023-09-21 00:45:00.000000', '2023-09-21 00:50:45.600000'),
(18702, 823, 120, 'JOINED', '2023-09-21 00:45:00.000000', '2023-09-24 15:09:00.000000'),
(18703, 823, 121, 'JOINED', '2023-09-21 00:45:00.000000', '2023-09-23 10:44:02.400000'),
(18704, 823, 122, 'JOINED', '2023-09-21 00:45:00.000000', '2023-09-22 15:32:02.400000'),
(18705, 823, 123, 'JOINED', '2023-09-21 00:45:00.000000', '2023-09-21 03:26:16.800000'),
(18706, 823, 124, 'JOINED', '2023-09-21 00:45:00.000000', '2023-09-21 08:31:33.600000'),
(18707, 823, 125, 'JOINED', '2023-09-21 00:45:00.000000', '2023-09-21 07:33:57.600000'),
(18708, 823, 126, 'JOINED', '2023-09-21 00:45:00.000000', '2023-09-21 01:13:48.000000'),
(18709, 823, 127, 'JOINED', '2023-09-21 00:45:00.000000', '2023-09-22 04:23:52.800000'),
(18710, 823, 128, 'JOINED', '2023-09-21 00:45:00.000000', '2023-09-21 10:32:31.200000'),
(18711, 823, 129, 'JOINED', '2023-09-21 00:45:00.000000', '2023-09-22 18:47:52.800000'),
(18712, 823, 130, 'JOINED', '2023-09-21 00:45:00.000000', '2023-09-22 17:27:14.400000'),
(18713, 823, 131, 'JOINED', '2023-09-21 00:45:00.000000', '2023-09-21 08:31:33.600000'),
(18714, 823, 132, 'JOINED', '2023-09-21 00:45:00.000000', '2023-09-23 07:57:00.000000'),
(18715, 823, 133, 'JOINED', '2023-09-21 00:45:00.000000', '2023-09-21 16:12:21.600000'),
(18716, 823, 134, 'JOINED', '2023-09-21 00:45:00.000000', '2023-09-21 19:28:12.000000'),
(18717, 823, 135, 'JOINED', '2023-09-21 00:45:00.000000', '2023-09-21 10:09:28.800000');
INSERT INTO report (id, created_by_id, title, content, rejected_reason, report_status, created_time, updated_time, reviewed_time)
VALUES
(DEFAULT, 18693, 'Employee 111 submit Report', 'Completed Task.', NULL, 'APPROVED', '2023-09-23 03:20:31.200000', '2023-09-23 03:20:31.200000', '2023-09-23 03:25:31.200000'),
(DEFAULT, 18694, 'Employee 112 submit Report', 'Completed Task.', NULL, 'APPROVED', '2023-09-24 07:05:09.600000', '2023-09-24 07:05:09.600000', '2023-09-24 07:10:09.600000'),
(DEFAULT, 18695, 'Employee 113 submit Report', 'Completed Task.', NULL, 'APPROVED', '2023-09-23 09:23:24.000000', '2023-09-23 09:23:24.000000', '2023-09-23 09:28:24.000000'),
(DEFAULT, 18696, 'Employee 114 submit Report', 'Completed Task.', NULL, 'APPROVED', '2023-09-22 23:30:07.200000', '2023-09-22 23:30:07.200000', '2023-09-22 23:35:07.200000'),
(DEFAULT, 18697, 'Employee 115 submit Report', 'Completed Task.', NULL, 'APPROVED', '2023-09-22 04:06:36.000000', '2023-09-22 04:06:36.000000', '2023-09-22 04:11:36.000000'),
(DEFAULT, 18698, 'Employee 116 submit Report', 'Completed Task.', NULL, 'APPROVED', '2023-09-23 13:59:52.800000', '2023-09-23 13:59:52.800000', '2023-09-23 14:04:52.800000'),
(DEFAULT, 18699, 'Employee 117 submit Report', 'Completed Task.', NULL, 'APPROVED', '2023-09-28 15:06:07.200000', '2023-09-28 15:06:07.200000', '2023-09-28 15:11:07.200000'),
(DEFAULT, 18700, 'Employee 118 submit Report', 'Completed Task.', NULL, 'APPROVED', '2023-09-23 17:27:14.400000', '2023-09-23 17:27:14.400000', '2023-09-23 17:32:14.400000'),
(DEFAULT, 18701, 'Employee 119 submit Report', 'Completed Task.', NULL, 'APPROVED', '2023-09-22 13:25:19.200000', '2023-09-22 13:25:19.200000', '2023-09-22 13:30:19.200000'),
(DEFAULT, 18702, 'Employee 120 submit Report', 'Completed Task.', NULL, 'APPROVED', '2023-10-05 19:57:00.000000', '2023-10-05 19:57:00.000000', '2023-10-05 20:02:00.000000'),
(DEFAULT, 18703, 'Employee 121 submit Report', 'Completed Task.', NULL, 'APPROVED', '2023-09-24 17:56:02.400000', '2023-09-24 17:56:02.400000', '2023-09-24 18:01:02.400000'),
(DEFAULT, 18704, 'Employee 122 submit Report', 'Completed Task.', NULL, 'APPROVED', '2023-09-23 09:06:07.200000', '2023-09-23 09:06:07.200000', '2023-09-23 09:11:07.200000'),
(DEFAULT, 18705, 'Employee 123 submit Report', 'Completed Task.', NULL, 'APPROVED', '2023-09-21 23:24:21.600000', '2023-09-21 23:24:21.600000', '2023-09-21 23:29:21.600000'),
(DEFAULT, 18706, 'Employee 124 submit Report', 'Completed Task.', NULL, 'APPROVED', '2023-09-22 15:03:14.400000', '2023-09-22 15:03:14.400000', '2023-09-22 15:08:14.400000'),
(DEFAULT, 18707, 'Employee 125 submit Report', 'Completed Task.', NULL, 'APPROVED', '2023-09-22 03:43:33.600000', '2023-09-22 03:43:33.600000', '2023-09-22 03:48:33.600000'),
(DEFAULT, 18708, 'Employee 126 submit Report', 'Completed Task.', NULL, 'APPROVED', '2023-09-23 14:05:38.400000', '2023-09-23 14:05:38.400000', '2023-09-23 14:10:38.400000'),
(DEFAULT, 18709, 'Employee 127 submit Report', 'Completed Task.', NULL, 'APPROVED', '2023-09-27 21:06:07.200000', '2023-09-27 21:06:07.200000', '2023-09-27 21:11:07.200000'),
(DEFAULT, 18710, 'Employee 128 submit Report', 'Completed Task.', NULL, 'APPROVED', '2023-09-22 11:41:38.400000', '2023-09-22 11:41:38.400000', '2023-09-22 11:46:38.400000'),
(DEFAULT, 18711, 'Employee 129 submit Report', 'Completed Task.', NULL, 'APPROVED', '2023-09-24 19:22:26.400000', '2023-09-24 19:22:26.400000', '2023-09-24 19:27:26.400000'),
(DEFAULT, 18712, 'Employee 130 submit Report', 'Completed Task.', NULL, 'APPROVED', '2023-09-24 23:12:50.400000', '2023-09-24 23:12:50.400000', '2023-09-24 23:17:50.400000'),
(DEFAULT, 18713, 'Employee 131 submit Report', 'Completed Task.', NULL, 'APPROVED', '2023-09-22 04:29:38.400000', '2023-09-22 04:29:38.400000', '2023-09-22 04:34:38.400000'),
(DEFAULT, 18714, 'Employee 132 submit Report', 'Completed Task.', NULL, 'APPROVED', '2023-09-23 23:01:19.200000', '2023-09-23 23:01:19.200000', '2023-09-23 23:06:19.200000'),
(DEFAULT, 18715, 'Employee 133 submit Report', 'Completed Task.', NULL, 'APPROVED', '2023-09-22 17:09:57.600000', '2023-09-22 17:09:57.600000', '2023-09-22 17:14:57.600000'),
(DEFAULT, 18716, 'Employee 134 submit Report', 'Completed Task.', NULL, 'APPROVED', '2023-09-22 15:49:19.200000', '2023-09-22 15:49:19.200000', '2023-09-22 15:54:19.200000'),
(DEFAULT, 18717, 'Employee 135 submit Report', 'Completed Task.', NULL, 'APPROVED', '2023-09-22 01:25:19.200000', '2023-09-22 01:25:19.200000', '2023-09-22 01:30:19.200000');

-- 2023-09-26 00:45:00.000000
-- 2023-09-26
INSERT INTO task (id, collection_id, created_by_id, root_task_id, name, description, report_format, level, task_type, priority, is_locked, start_date, end_date, deadline, created_time, updated_time)
VALUES (824, 61, 151, NULL, 'Verify Load Handling After Refactor', 'This is Verify Load Handling After Refactor', NULL, 'NORMAL', 'TEST', 'NORMAL', FALSE, '2023-09-26', '2023-09-28', '2023-09-30', '2023-09-26 00:45:00.000000', '2023-09-26 00:45:00.000000');

INSERT INTO task_for_users (id, task_id, assigned_to_id, user_task_status, updated_time, started_time)
VALUES
(18719, 824, 124, 'JOINED', '2023-09-26 00:45:00.000000', '2023-09-26 19:16:40.800000');
INSERT INTO report (id, created_by_id, title, content, rejected_reason, report_status, created_time, updated_time, reviewed_time)
VALUES
(DEFAULT, 18719, 'Employee 124 submit Report', 'Completed Task.', NULL, 'APPROVED', '2023-09-28 08:54:36.000000', '2023-09-28 08:54:36.000000', '2023-09-28 08:59:36.000000');

-- 2023-10-01 00:45:00.000000
-- 2023-10-01
INSERT INTO task (id, collection_id, created_by_id, root_task_id, name, description, report_format, level, task_type, priority, is_locked, start_date, end_date, deadline, created_time, updated_time)
VALUES (825, 61, 151, NULL, 'Verify Stress Handling', 'This is Verify Stress Handling', NULL, 'NORMAL', 'TEST', 'URGENT', FALSE, '2023-10-01', '2023-10-22', '2023-10-07', '2023-10-01 00:45:00.000000', '2023-10-01 00:45:00.000000');

INSERT INTO task_for_users (id, task_id, assigned_to_id, user_task_status, updated_time, started_time)
VALUES
(18721, 825, 116, 'JOINED', '2023-10-01 00:45:00.000000', '2023-10-01 18:19:04.800000'),
(18722, 825, 117, 'JOINED', '2023-10-01 00:45:00.000000', '2023-10-03 10:12:21.600000'),
(18723, 825, 118, 'JOINED', '2023-10-01 00:45:00.000000', '2023-10-02 03:49:19.200000'),
(18724, 825, 119, 'JOINED', '2023-10-01 00:45:00.000000', '2023-10-04 09:40:40.800000'),
(18725, 825, 120, 'JOINED', '2023-10-01 00:45:00.000000', '2023-10-03 09:11:52.800000'),
(18726, 825, 121, 'JOINED', '2023-10-01 00:45:00.000000', '2023-10-01 16:09:28.800000'),
(18727, 825, 122, 'JOINED', '2023-10-01 00:45:00.000000', '2023-10-04 07:57:00.000000'),
(18728, 825, 123, 'JOINED', '2023-10-01 00:45:00.000000', '2023-10-01 01:19:33.600000'),
(18729, 825, 124, 'JOINED', '2023-10-01 00:45:00.000000', '2023-10-03 20:17:09.600000'),
(18730, 825, 125, 'JOINED', '2023-10-01 00:45:00.000000', '2023-10-03 00:33:28.800000'),
(18731, 825, 126, 'JOINED', '2023-10-01 00:45:00.000000', '2023-10-01 08:05:38.400000'),
(18732, 825, 127, 'JOINED', '2023-10-01 00:45:00.000000', '2023-10-03 03:00:21.600000'),
(18733, 825, 128, 'JOINED', '2023-10-01 00:45:00.000000', '2023-10-06 10:21:00.000000'),
(18734, 825, 129, 'JOINED', '2023-10-01 00:45:00.000000', '2023-10-01 00:53:38.400000'),
(18735, 825, 130, 'JOINED', '2023-10-01 00:45:00.000000', '2023-10-01 02:45:57.600000'),
(18736, 825, 131, 'JOINED', '2023-10-01 00:45:00.000000', '2023-10-06 10:21:00.000000'),
(18737, 825, 132, 'JOINED', '2023-10-01 00:45:00.000000', '2023-10-02 04:02:16.800000'),
(18738, 825, 133, 'JOINED', '2023-10-01 00:45:00.000000', '2023-10-01 00:53:38.400000'),
(18739, 825, 134, 'JOINED', '2023-10-01 00:45:00.000000', '2023-10-01 12:29:09.600000'),
(18740, 825, 135, 'JOINED', '2023-10-01 00:45:00.000000', '2023-10-03 03:43:33.600000'),
(18741, 825, 136, 'JOINED', '2023-10-01 00:45:00.000000', '2023-10-06 10:21:00.000000'),
(18742, 825, 137, 'JOINED', '2023-10-01 00:45:00.000000', '2023-10-06 10:21:00.000000'),
(18743, 825, 138, 'JOINED', '2023-10-01 00:45:00.000000', '2023-10-06 10:21:00.000000'),
(18744, 825, 139, 'JOINED', '2023-10-01 00:45:00.000000', '2023-10-01 11:24:21.600000'),
(18745, 825, 140, 'JOINED', '2023-10-01 00:45:00.000000', '2023-10-01 11:33:00.000000');
INSERT INTO report (id, created_by_id, title, content, rejected_reason, report_status, created_time, updated_time, reviewed_time)
VALUES
(DEFAULT, 18721, 'Employee 116 submit Report', 'Completed Task.', NULL, 'APPROVED', '2023-10-04 08:40:12.000000', '2023-10-04 08:40:12.000000', '2023-10-04 08:45:12.000000'),
(DEFAULT, 18722, 'Employee 117 submit Report', 'Completed Task.', NULL, 'APPROVED', '2023-10-05 22:49:48.000000', '2023-10-05 22:49:48.000000', '2023-10-05 22:54:48.000000'),
(DEFAULT, 18723, 'Employee 118 submit Report', 'Completed Task.', NULL, 'APPROVED', '2023-10-04 23:38:45.600000', '2023-10-04 23:38:45.600000', '2023-10-04 23:43:45.600000'),
(DEFAULT, 18724, 'Employee 119 submit Report', 'Completed Task.', NULL, 'APPROVED', '2023-10-06 07:36:50.400000', '2023-10-06 07:36:50.400000', '2023-10-06 07:41:50.400000'),
(DEFAULT, 18725, 'Employee 120 submit Report', 'Completed Task.', NULL, 'APPROVED', '2023-10-05 15:55:04.800000', '2023-10-05 15:55:04.800000', '2023-10-05 16:00:04.800000'),
(DEFAULT, 18726, 'Employee 121 submit Report', 'Completed Task.', NULL, 'APPROVED', '2023-10-04 01:02:16.800000', '2023-10-04 01:02:16.800000', '2023-10-04 01:07:16.800000'),
(DEFAULT, 18727, 'Employee 122 submit Report', 'Completed Task.', NULL, 'APPROVED', '2023-10-06 22:26:45.600000', '2023-10-06 22:26:45.600000', '2023-10-06 22:31:45.600000'),
(DEFAULT, 18728, 'Employee 123 submit Report', 'Completed Task.', NULL, 'APPROVED', '2023-10-03 02:25:48.000000', '2023-10-03 02:25:48.000000', '2023-10-03 02:30:48.000000'),
(DEFAULT, 18729, 'Employee 124 submit Report', 'Completed Task.', NULL, 'APPROVED', '2023-10-06 15:49:19.200000', '2023-10-06 15:49:19.200000', '2023-10-06 15:54:19.200000'),
(DEFAULT, 18730, 'Employee 125 submit Report', 'Completed Task.', NULL, 'APPROVED', '2023-10-05 17:56:02.400000', '2023-10-05 17:56:02.400000', '2023-10-05 18:01:02.400000'),
(DEFAULT, 18731, 'Employee 126 submit Report', 'Completed Task.', NULL, 'APPROVED', '2023-10-03 03:34:55.200000', '2023-10-03 03:34:55.200000', '2023-10-03 03:39:55.200000'),
(DEFAULT, 18732, 'Employee 127 submit Report', 'Completed Task.', NULL, 'APPROVED', '2023-10-05 22:58:26.400000', '2023-10-05 22:58:26.400000', '2023-10-05 23:03:26.400000'),
(DEFAULT, 18733, 'Employee 128 submit Report', 'Completed Task.', NULL, 'APPROVED', '2023-10-21 17:50:16.800000', '2023-10-21 17:50:16.800000', '2023-10-21 17:55:16.800000'),
(DEFAULT, 18734, 'Employee 129 submit Report', 'Completed Task.', NULL, 'APPROVED', '2023-10-03 02:43:04.800000', '2023-10-03 02:43:04.800000', '2023-10-03 02:48:04.800000'),
(DEFAULT, 18735, 'Employee 130 submit Report', 'Completed Task.', NULL, 'APPROVED', '2023-10-02 23:15:43.200000', '2023-10-02 23:15:43.200000', '2023-10-02 23:20:43.200000'),
(DEFAULT, 18736, 'Employee 131 submit Report', 'Completed Task.', NULL, 'APPROVED', '2023-10-19 16:09:28.800000', '2023-10-19 16:09:28.800000', '2023-10-19 16:14:28.800000'),
(DEFAULT, 18737, 'Employee 132 submit Report', 'Completed Task.', NULL, 'APPROVED', '2023-10-11 21:27:43.200000', '2023-10-11 21:27:43.200000', '2023-10-11 21:32:43.200000'),
(DEFAULT, 18738, 'Employee 133 submit Report', 'Completed Task.', NULL, 'APPROVED', '2023-10-03 05:01:19.200000', '2023-10-03 05:01:19.200000', '2023-10-03 05:06:19.200000'),
(DEFAULT, 18739, 'Employee 134 submit Report', 'Completed Task.', NULL, 'APPROVED', '2023-10-12 13:00:50.400000', '2023-10-12 13:00:50.400000', '2023-10-12 13:05:50.400000'),
(DEFAULT, 18740, 'Employee 135 submit Report', 'Completed Task.', NULL, 'APPROVED', '2023-10-05 19:39:43.200000', '2023-10-05 19:39:43.200000', '2023-10-05 19:44:43.200000'),
(DEFAULT, 18741, 'Employee 136 submit Report', 'Completed Task.', NULL, 'APPROVED', '2023-10-21 08:20:02.400000', '2023-10-21 08:20:02.400000', '2023-10-21 08:25:02.400000'),
(DEFAULT, 18742, 'Employee 137 submit Report', 'Completed Task.', NULL, 'APPROVED', '2023-10-20 06:33:28.800000', '2023-10-20 06:33:28.800000', '2023-10-20 06:38:28.800000'),
(DEFAULT, 18743, 'Employee 138 submit Report', 'Completed Task.', NULL, 'APPROVED', '2023-10-22 23:12:50.400000', '2023-10-22 23:12:50.400000', '2023-10-22 23:17:50.400000'),
(DEFAULT, 18744, 'Employee 139 submit Report', 'Completed Task.', NULL, 'APPROVED', '2023-10-12 14:05:38.400000', '2023-10-12 14:05:38.400000', '2023-10-12 14:10:38.400000'),
(DEFAULT, 18745, 'Employee 140 submit Report', 'Completed Task.', NULL, 'APPROVED', '2023-10-03 04:18:07.200000', '2023-10-03 04:18:07.200000', '2023-10-03 04:23:07.200000');

-- 2023-10-08 00:45:00.000000
-- 2023-10-08
INSERT INTO task (id, collection_id, created_by_id, root_task_id, name, description, report_format, level, task_type, priority, is_locked, start_date, end_date, deadline, created_time, updated_time)
VALUES (826, 61, 151, NULL, 'Verify Peak Traffic Stability', 'This is Verify Peak Traffic Stability', NULL, 'NORMAL', 'TEST', 'NORMAL', FALSE, '2023-10-08', '2023-10-10', '2023-10-12', '2023-10-08 00:45:00.000000', '2023-10-08 00:45:00.000000');

INSERT INTO task_for_users (id, task_id, assigned_to_id, user_task_status, updated_time, started_time)
VALUES
(18747, 826, 124, 'JOINED', '2023-10-08 00:45:00.000000', '2023-10-09 13:13:48.000000');
INSERT INTO report (id, created_by_id, title, content, rejected_reason, report_status, created_time, updated_time, reviewed_time)
VALUES
(DEFAULT, 18747, 'Employee 124 submit Report', 'Completed Task.', NULL, 'APPROVED', '2023-10-10 11:07:04.800000', '2023-10-10 11:07:04.800000', '2023-10-10 11:12:04.800000');

-- 2023-10-13 00:45:00.000000
-- 2023-10-13
INSERT INTO task (id, collection_id, created_by_id, root_task_id, name, description, report_format, level, task_type, priority, is_locked, start_date, end_date, deadline, created_time, updated_time)
VALUES (827, 61, 151, NULL, 'Verify Response Time SLA', 'This is Verify Response Time SLA', NULL, 'NORMAL', 'TEST', 'LOW', FALSE, '2023-10-13', '2023-10-18', '2023-10-16', '2023-10-13 00:45:00.000000', '2023-10-13 00:45:00.000000');

INSERT INTO task_for_users (id, task_id, assigned_to_id, user_task_status, updated_time, started_time)
VALUES
(18749, 827, 116, 'JOINED', '2023-10-13 00:45:00.000000', '2023-10-13 05:17:09.600000'),
(18750, 827, 117, 'JOINED', '2023-10-13 00:45:00.000000', '2023-10-13 02:50:16.800000'),
(18751, 827, 118, 'JOINED', '2023-10-13 00:45:00.000000', '2023-10-13 08:57:28.800000'),
(18752, 827, 119, 'JOINED', '2023-10-13 00:45:00.000000', '2023-10-13 04:16:40.800000'),
(18753, 827, 120, 'JOINED', '2023-10-13 00:45:00.000000', '2023-10-13 02:24:21.600000'),
(18754, 827, 121, 'JOINED', '2023-10-13 00:45:00.000000', '2023-10-15 01:33:57.600000'),
(18755, 827, 122, 'JOINED', '2023-10-13 00:45:00.000000', '2023-10-15 04:39:43.200000'),
(18756, 827, 123, 'JOINED', '2023-10-13 00:45:00.000000', '2023-10-13 16:48:21.600000'),
(18757, 827, 124, 'JOINED', '2023-10-13 00:45:00.000000', '2023-10-14 09:04:40.800000'),
(18758, 827, 125, 'JOINED', '2023-10-13 00:45:00.000000', '2023-10-13 17:48:50.400000'),
(18759, 827, 126, 'JOINED', '2023-10-13 00:45:00.000000', '2023-10-13 06:26:16.800000'),
(18760, 827, 127, 'JOINED', '2023-10-13 00:45:00.000000', '2023-10-13 02:07:04.800000'),
(18761, 827, 128, 'JOINED', '2023-10-13 00:45:00.000000', '2023-10-13 21:07:33.600000'),
(18762, 827, 129, 'JOINED', '2023-10-13 00:45:00.000000', '2023-10-13 22:08:02.400000'),
(18763, 827, 130, 'JOINED', '2023-10-13 00:45:00.000000', '2023-10-13 10:58:26.400000'),
(18764, 827, 131, 'JOINED', '2023-10-13 00:45:00.000000', '2023-10-14 15:07:33.600000'),
(18765, 827, 132, 'JOINED', '2023-10-13 00:45:00.000000', '2023-10-15 08:28:40.800000'),
(18766, 827, 133, 'JOINED', '2023-10-13 00:45:00.000000', '2023-10-13 10:19:33.600000'),
(18767, 827, 134, 'JOINED', '2023-10-13 00:45:00.000000', '2023-10-14 16:59:52.800000'),
(18768, 827, 135, 'JOINED', '2023-10-13 00:45:00.000000', '2023-10-13 04:03:43.200000'),
(18769, 827, 136, 'JOINED', '2023-10-13 00:45:00.000000', '2023-10-14 09:58:40.800000'),
(18770, 827, 137, 'JOINED', '2023-10-13 00:45:00.000000', '2023-10-14 08:21:28.800000'),
(18771, 827, 138, 'JOINED', '2023-10-13 00:45:00.000000', '2023-10-13 05:21:28.800000'),
(18772, 827, 139, 'JOINED', '2023-10-13 00:45:00.000000', '2023-10-14 06:16:12.000000'),
(18773, 827, 140, 'JOINED', '2023-10-13 00:45:00.000000', '2023-10-13 02:50:16.800000');
INSERT INTO report (id, created_by_id, title, content, rejected_reason, report_status, created_time, updated_time, reviewed_time)
VALUES
(DEFAULT, 18749, 'Employee 116 submit Report', 'Completed Task.', NULL, 'APPROVED', '2023-10-14 02:57:28.800000', '2023-10-14 02:57:28.800000', '2023-10-14 03:02:28.800000'),
(DEFAULT, 18750, 'Employee 117 submit Report', 'Completed Task.', NULL, 'APPROVED', '2023-10-14 02:18:36.000000', '2023-10-14 02:18:36.000000', '2023-10-14 02:23:36.000000'),
(DEFAULT, 18751, 'Employee 118 submit Report', 'Completed Task.', NULL, 'APPROVED', '2023-10-14 04:02:16.800000', '2023-10-14 04:02:16.800000', '2023-10-14 04:07:16.800000'),
(DEFAULT, 18752, 'Employee 119 submit Report', 'Completed Task.', NULL, 'APPROVED', '2023-10-14 12:49:19.200000', '2023-10-14 12:49:19.200000', '2023-10-14 12:54:19.200000'),
(DEFAULT, 18753, 'Employee 120 submit Report', 'Completed Task.', NULL, 'APPROVED', '2023-10-14 13:19:33.600000', '2023-10-14 13:19:33.600000', '2023-10-14 13:24:33.600000'),
(DEFAULT, 18754, 'Employee 121 submit Report', 'Completed Task.', NULL, 'APPROVED', '2023-10-15 22:26:45.600000', '2023-10-15 22:26:45.600000', '2023-10-15 22:31:45.600000'),
(DEFAULT, 18755, 'Employee 122 submit Report', 'Completed Task.', NULL, 'APPROVED', '2023-10-15 17:41:38.400000', '2023-10-15 17:41:38.400000', '2023-10-15 17:46:38.400000'),
(DEFAULT, 18756, 'Employee 123 submit Report', 'Completed Task.', NULL, 'APPROVED', '2023-10-18 08:41:38.400000', '2023-10-18 08:41:38.400000', '2023-10-18 08:46:38.400000'),
(DEFAULT, 18757, 'Employee 124 submit Report', 'Completed Task.', NULL, 'APPROVED', '2023-10-15 15:01:48.000000', '2023-10-15 15:01:48.000000', '2023-10-15 15:06:48.000000'),
(DEFAULT, 18758, 'Employee 125 submit Report', 'Completed Task.', NULL, 'APPROVED', '2023-10-15 01:21:00.000000', '2023-10-15 01:21:00.000000', '2023-10-15 01:26:00.000000'),
(DEFAULT, 18759, 'Employee 126 submit Report', 'Completed Task.', NULL, 'APPROVED', '2023-10-14 03:36:21.600000', '2023-10-14 03:36:21.600000', '2023-10-14 03:41:21.600000'),
(DEFAULT, 18760, 'Employee 127 submit Report', 'Completed Task.', NULL, 'APPROVED', '2023-10-13 17:05:38.400000', '2023-10-13 17:05:38.400000', '2023-10-13 17:10:38.400000'),
(DEFAULT, 18761, 'Employee 128 submit Report', 'Completed Task.', NULL, 'APPROVED', '2023-10-14 18:43:33.600000', '2023-10-14 18:43:33.600000', '2023-10-14 18:48:33.600000'),
(DEFAULT, 18762, 'Employee 129 submit Report', 'Completed Task.', NULL, 'APPROVED', '2023-10-15 02:43:04.800000', '2023-10-15 02:43:04.800000', '2023-10-15 02:48:04.800000'),
(DEFAULT, 18763, 'Employee 130 submit Report', 'Completed Task.', NULL, 'APPROVED', '2023-10-14 13:15:14.400000', '2023-10-14 13:15:14.400000', '2023-10-14 13:20:14.400000'),
(DEFAULT, 18764, 'Employee 131 submit Report', 'Completed Task.', NULL, 'APPROVED', '2023-10-15 20:56:02.400000', '2023-10-15 20:56:02.400000', '2023-10-15 21:01:02.400000'),
(DEFAULT, 18765, 'Employee 132 submit Report', 'Completed Task.', NULL, 'APPROVED', '2023-10-15 19:51:14.400000', '2023-10-15 19:51:14.400000', '2023-10-15 19:56:14.400000'),
(DEFAULT, 18766, 'Employee 133 submit Report', 'Completed Task.', NULL, 'APPROVED', '2023-10-18 15:10:26.400000', '2023-10-18 15:10:26.400000', '2023-10-18 15:15:26.400000'),
(DEFAULT, 18767, 'Employee 134 submit Report', 'Completed Task.', NULL, 'APPROVED', '2023-10-16 00:27:43.200000', '2023-10-16 00:27:43.200000', '2023-10-16 00:32:43.200000'),
(DEFAULT, 18768, 'Employee 135 submit Report', 'Completed Task.', NULL, 'APPROVED', '2023-10-13 16:22:26.400000', '2023-10-13 16:22:26.400000', '2023-10-13 16:27:26.400000'),
(DEFAULT, 18769, 'Employee 136 submit Report', 'Completed Task.', NULL, 'APPROVED', '2023-10-17 15:31:19.200000', '2023-10-17 15:31:19.200000', '2023-10-17 15:36:19.200000'),
(DEFAULT, 18770, 'Employee 137 submit Report', 'Completed Task.', NULL, 'APPROVED', '2023-10-15 22:57:00.000000', '2023-10-15 22:57:00.000000', '2023-10-15 23:02:00.000000'),
(DEFAULT, 18771, 'Employee 138 submit Report', 'Completed Task.', NULL, 'APPROVED', '2023-10-14 03:57:57.600000', '2023-10-14 03:57:57.600000', '2023-10-14 04:02:57.600000'),
(DEFAULT, 18772, 'Employee 139 submit Report', 'Completed Task.', NULL, 'APPROVED', '2023-10-17 19:13:48.000000', '2023-10-17 19:13:48.000000', '2023-10-17 19:18:48.000000'),
(DEFAULT, 18773, 'Employee 140 submit Report', 'Completed Task.', NULL, 'APPROVED', '2023-10-13 19:54:07.200000', '2023-10-13 19:54:07.200000', '2023-10-13 19:59:07.200000');

-- 2023-10-17 00:45:00.000000
-- 2023-10-17
INSERT INTO task (id, collection_id, created_by_id, root_task_id, name, description, report_format, level, task_type, priority, is_locked, start_date, end_date, deadline, created_time, updated_time)
VALUES (828, 61, 151, NULL, 'Verify Resource Utilization', 'This is Verify Resource Utilization', NULL, 'NORMAL', 'TEST', 'NORMAL', FALSE, '2023-10-17', '2023-10-30', '2023-10-21', '2023-10-17 00:45:00.000000', '2023-10-17 00:45:00.000000');

INSERT INTO task_for_users (id, task_id, assigned_to_id, user_task_status, updated_time, started_time)
VALUES
(18775, 828, 124, 'JOINED', '2023-10-17 00:45:00.000000', '2023-10-20 15:09:00.000000');
INSERT INTO report (id, created_by_id, title, content, rejected_reason, report_status, created_time, updated_time, reviewed_time)
VALUES
(DEFAULT, 18775, 'Employee 124 submit Report', 'Completed Task.', NULL, 'APPROVED', '2023-10-30 20:14:16.800000', '2023-10-30 20:14:16.800000', '2023-10-30 20:19:16.800000');

-- 2023-10-22 00:45:00.000000
-- 2023-10-22
INSERT INTO task (id, collection_id, created_by_id, root_task_id, name, description, report_format, level, task_type, priority, is_locked, start_date, end_date, deadline, created_time, updated_time)
VALUES (829, 61, 151, NULL, 'Verify Memory Stability', 'This is Verify Memory Stability', NULL, 'ADVANCED', 'TEST', 'URGENT', FALSE, '2023-10-22', '2023-11-17', '2023-10-29', '2023-10-22 00:45:00.000000', '2023-10-22 00:45:00.000000');

INSERT INTO task_for_users (id, task_id, assigned_to_id, user_task_status, updated_time, started_time)
VALUES
(18777, 829, 111, 'JOINED', '2023-10-22 00:45:00.000000', '2023-10-28 07:57:00.000000'),
(18778, 829, 112, 'JOINED', '2023-10-22 00:45:00.000000', '2023-10-22 19:44:02.400000'),
(18779, 829, 113, 'JOINED', '2023-10-22 00:45:00.000000', '2023-10-22 19:03:43.200000'),
(18780, 829, 115, 'JOINED', '2023-10-22 00:45:00.000000', '2023-10-25 03:30:36.000000'),
(18781, 829, 116, 'JOINED', '2023-10-22 00:45:00.000000', '2023-10-22 20:09:14.400000'),
(18782, 829, 117, 'JOINED', '2023-10-22 00:45:00.000000', '2023-10-22 09:39:14.400000'),
(18783, 829, 118, 'JOINED', '2023-10-22 00:45:00.000000', '2023-10-22 18:58:40.800000'),
(18784, 829, 119, 'JOINED', '2023-10-22 00:45:00.000000', '2023-10-22 01:25:19.200000'),
(18785, 829, 120, 'JOINED', '2023-10-22 00:45:00.000000', '2023-10-22 06:12:36.000000'),
(18786, 829, 121, 'JOINED', '2023-10-22 00:45:00.000000', '2023-10-24 02:58:55.200000'),
(18787, 829, 122, 'JOINED', '2023-10-22 00:45:00.000000', '2023-10-22 01:25:19.200000'),
(18788, 829, 123, 'JOINED', '2023-10-22 00:45:00.000000', '2023-10-23 10:51:14.400000'),
(18789, 829, 124, 'JOINED', '2023-10-22 00:45:00.000000', '2023-10-28 07:57:00.000000'),
(18790, 829, 125, 'JOINED', '2023-10-22 00:45:00.000000', '2023-10-28 07:57:00.000000'),
(18791, 829, 126, 'JOINED', '2023-10-22 00:45:00.000000', '2023-10-28 07:57:00.000000'),
(18792, 829, 127, 'JOINED', '2023-10-22 00:45:00.000000', '2023-10-25 01:39:43.200000'),
(18793, 829, 128, 'JOINED', '2023-10-22 00:45:00.000000', '2023-10-23 00:36:21.600000'),
(18794, 829, 129, 'JOINED', '2023-10-22 00:45:00.000000', '2023-10-28 07:57:00.000000'),
(18795, 829, 130, 'JOINED', '2023-10-22 00:45:00.000000', '2023-10-28 07:57:00.000000'),
(18796, 829, 131, 'JOINED', '2023-10-22 00:45:00.000000', '2023-10-28 07:57:00.000000'),
(18797, 829, 132, 'JOINED', '2023-10-22 00:45:00.000000', '2023-10-28 07:57:00.000000'),
(18798, 829, 133, 'JOINED', '2023-10-22 00:45:00.000000', '2023-10-28 07:57:00.000000'),
(18799, 829, 134, 'JOINED', '2023-10-22 00:45:00.000000', '2023-10-28 07:57:00.000000'),
(18800, 829, 135, 'JOINED', '2023-10-22 00:45:00.000000', '2023-10-24 15:14:45.600000');
INSERT INTO report (id, created_by_id, title, content, rejected_reason, report_status, created_time, updated_time, reviewed_time)
VALUES
(DEFAULT, 18777, 'Employee 111 submit Report', 'Completed Task.', NULL, 'APPROVED', '2023-11-13 07:19:33.600000', '2023-11-13 07:19:33.600000', '2023-11-13 07:24:33.600000'),
(DEFAULT, 18778, 'Employee 112 submit Report', 'Completed Task.', NULL, 'APPROVED', '2023-11-04 05:45:57.600000', '2023-11-04 05:45:57.600000', '2023-11-04 05:50:57.600000'),
(DEFAULT, 18779, 'Employee 113 submit Report', 'Completed Task.', NULL, 'APPROVED', '2023-11-04 06:26:16.800000', '2023-11-04 06:26:16.800000', '2023-11-04 06:31:16.800000'),
(DEFAULT, 18780, 'Employee 115 submit Report', 'Completed Task.', NULL, 'APPROVED', '2023-10-27 13:48:21.600000', '2023-10-27 13:48:21.600000', '2023-10-27 13:53:21.600000'),
(DEFAULT, 18781, 'Employee 116 submit Report', 'Completed Task.', NULL, 'APPROVED', '2023-11-04 05:20:45.600000', '2023-11-04 05:20:45.600000', '2023-11-04 05:25:45.600000'),
(DEFAULT, 18782, 'Employee 117 submit Report', 'Completed Task.', NULL, 'APPROVED', '2023-10-26 13:26:45.600000', '2023-10-26 13:26:45.600000', '2023-10-26 13:31:45.600000'),
(DEFAULT, 18783, 'Employee 118 submit Report', 'Completed Task.', NULL, 'APPROVED', '2023-11-04 06:31:19.200000', '2023-11-04 06:31:19.200000', '2023-11-04 06:36:19.200000'),
(DEFAULT, 18784, 'Employee 119 submit Report', 'Completed Task.', NULL, 'APPROVED', '2023-10-25 18:47:52.800000', '2023-10-25 18:47:52.800000', '2023-10-25 18:52:52.800000'),
(DEFAULT, 18785, 'Employee 120 submit Report', 'Completed Task.', NULL, 'APPROVED', '2023-11-04 19:17:24.000000', '2023-11-04 19:17:24.000000', '2023-11-04 19:22:24.000000'),
(DEFAULT, 18786, 'Employee 121 submit Report', 'Completed Task.', NULL, 'APPROVED', '2023-10-27 19:21:00.000000', '2023-10-27 19:21:00.000000', '2023-10-27 19:26:00.000000'),
(DEFAULT, 18787, 'Employee 122 submit Report', 'Completed Task.', NULL, 'APPROVED', '2023-10-28 14:50:16.800000', '2023-10-28 14:50:16.800000', '2023-10-28 14:55:16.800000'),
(DEFAULT, 18788, 'Employee 123 submit Report', 'Completed Task.', NULL, 'APPROVED', '2023-11-03 14:38:45.600000', '2023-11-03 14:38:45.600000', '2023-11-03 14:43:45.600000'),
(DEFAULT, 18789, 'Employee 124 submit Report', 'Completed Task.', NULL, 'APPROVED', '2023-11-17 13:58:26.400000', '2023-11-17 13:58:26.400000', '2023-11-17 14:03:26.400000'),
(DEFAULT, 18790, 'Employee 125 submit Report', 'Completed Task.', NULL, 'APPROVED', '2023-11-12 17:33:00.000000', '2023-11-12 17:33:00.000000', '2023-11-12 17:38:00.000000'),
(DEFAULT, 18791, 'Employee 126 submit Report', 'Completed Task.', NULL, 'APPROVED', '2023-11-13 12:32:02.400000', '2023-11-13 12:32:02.400000', '2023-11-13 12:37:02.400000'),
(DEFAULT, 18792, 'Employee 127 submit Report', 'Completed Task.', NULL, 'APPROVED', '2023-10-28 23:14:16.800000', '2023-10-28 23:14:16.800000', '2023-10-28 23:19:16.800000'),
(DEFAULT, 18793, 'Employee 128 submit Report', 'Completed Task.', NULL, 'APPROVED', '2023-10-27 23:33:00.000000', '2023-10-27 23:33:00.000000', '2023-10-27 23:38:00.000000'),
(DEFAULT, 18794, 'Employee 129 submit Report', 'Completed Task.', NULL, 'APPROVED', '2023-11-13 21:46:26.400000', '2023-11-13 21:46:26.400000', '2023-11-13 21:51:26.400000'),
(DEFAULT, 18795, 'Employee 130 submit Report', 'Completed Task.', NULL, 'APPROVED', '2023-11-17 14:08:31.200000', '2023-11-17 14:08:31.200000', '2023-11-17 14:13:31.200000'),
(DEFAULT, 18796, 'Employee 131 submit Report', 'Completed Task.', NULL, 'APPROVED', '2023-11-11 18:42:07.200000', '2023-11-11 18:42:07.200000', '2023-11-11 18:47:07.200000'),
(DEFAULT, 18797, 'Employee 132 submit Report', 'Completed Task.', NULL, 'APPROVED', '2023-11-14 14:24:21.600000', '2023-11-14 14:24:21.600000', '2023-11-14 14:29:21.600000'),
(DEFAULT, 18798, 'Employee 133 submit Report', 'Completed Task.', NULL, 'APPROVED', '2023-11-17 02:43:04.800000', '2023-11-17 02:43:04.800000', '2023-11-17 02:48:04.800000'),
(DEFAULT, 18799, 'Employee 134 submit Report', 'Completed Task.', NULL, 'APPROVED', '2023-11-17 21:32:02.400000', '2023-11-17 21:32:02.400000', '2023-11-17 21:37:02.400000'),
(DEFAULT, 18800, 'Employee 135 submit Report', 'Completed Task.', NULL, 'APPROVED', '2023-10-28 20:33:00.000000', '2023-10-28 20:33:00.000000', '2023-10-28 20:38:00.000000');

-- 2023-10-30 00:45:00.000000
-- 2023-10-30
INSERT INTO task (id, collection_id, created_by_id, root_task_id, name, description, report_format, level, task_type, priority, is_locked, start_date, end_date, deadline, created_time, updated_time)
VALUES (830, 61, 151, NULL, 'Verify CPU Usage Stability', 'This is Verify CPU Usage Stability', NULL, 'NORMAL', 'TEST', 'HIGH', FALSE, '2023-10-30', '2023-11-01', '2023-11-04', '2023-10-30 00:45:00.000000', '2023-10-30 00:45:00.000000');

INSERT INTO task_for_users (id, task_id, assigned_to_id, user_task_status, updated_time, started_time)
VALUES
(18802, 830, 133, 'JOINED', '2023-10-30 00:45:00.000000', '2023-10-31 20:33:00.000000');
INSERT INTO report (id, created_by_id, title, content, rejected_reason, report_status, created_time, updated_time, reviewed_time)
VALUES
(DEFAULT, 18802, 'Employee 133 submit Report', 'Completed Task.', NULL, 'APPROVED', '2023-11-01 22:42:36.000000', '2023-11-01 22:42:36.000000', '2023-11-01 22:47:36.000000');

-- 2023-11-05 00:45:00.000000
-- 2023-11-05
INSERT INTO task (id, collection_id, created_by_id, root_task_id, name, description, report_format, level, task_type, priority, is_locked, start_date, end_date, deadline, created_time, updated_time)
VALUES (831, 61, 151, NULL, 'Verify Database Performance', 'This is Verify Database Performance', NULL, 'ADVANCED', 'TEST', 'HIGH', FALSE, '2023-11-05', '2023-11-28', '2023-11-11', '2023-11-05 00:45:00.000000', '2023-11-05 00:45:00.000000');

INSERT INTO task_for_users (id, task_id, assigned_to_id, user_task_status, updated_time, started_time)
VALUES
(18804, 831, 111, 'JOINED', '2023-11-05 00:45:00.000000', '2023-11-08 12:50:45.600000'),
(18805, 831, 112, 'JOINED', '2023-11-05 00:45:00.000000', '2023-11-05 22:03:43.200000'),
(18806, 831, 113, 'JOINED', '2023-11-05 00:45:00.000000', '2023-11-10 10:21:00.000000'),
(18807, 831, 115, 'JOINED', '2023-11-05 00:45:00.000000', '2023-11-08 20:37:19.200000'),
(18808, 831, 116, 'JOINED', '2023-11-05 00:45:00.000000', '2023-11-05 05:04:12.000000'),
(18809, 831, 117, 'JOINED', '2023-11-05 00:45:00.000000', '2023-11-06 03:53:38.400000'),
(18810, 831, 118, 'JOINED', '2023-11-05 00:45:00.000000', '2023-11-06 20:14:16.800000'),
(18811, 831, 119, 'JOINED', '2023-11-05 00:45:00.000000', '2023-11-10 10:21:00.000000'),
(18812, 831, 120, 'JOINED', '2023-11-05 00:45:00.000000', '2023-11-10 10:21:00.000000'),
(18813, 831, 121, 'JOINED', '2023-11-05 00:45:00.000000', '2023-11-06 18:09:00.000000'),
(18814, 831, 122, 'JOINED', '2023-11-05 00:45:00.000000', '2023-11-10 10:21:00.000000'),
(18815, 831, 123, 'JOINED', '2023-11-05 00:45:00.000000', '2023-11-06 11:53:09.600000'),
(18816, 831, 124, 'JOINED', '2023-11-05 00:45:00.000000', '2023-11-08 04:46:55.200000'),
(18817, 831, 125, 'JOINED', '2023-11-05 00:45:00.000000', '2023-11-05 03:20:31.200000'),
(18818, 831, 126, 'JOINED', '2023-11-05 00:45:00.000000', '2023-11-10 10:21:00.000000'),
(18819, 831, 127, 'JOINED', '2023-11-05 00:45:00.000000', '2023-11-10 10:21:00.000000'),
(18820, 831, 128, 'JOINED', '2023-11-05 00:45:00.000000', '2023-11-05 02:28:40.800000'),
(18821, 831, 129, 'JOINED', '2023-11-05 00:45:00.000000', '2023-11-10 10:21:00.000000'),
(18822, 831, 130, 'JOINED', '2023-11-05 00:45:00.000000', '2023-11-06 05:07:04.800000'),
(18823, 831, 131, 'JOINED', '2023-11-05 00:45:00.000000', '2023-11-06 04:15:14.400000'),
(18824, 831, 132, 'JOINED', '2023-11-05 00:45:00.000000', '2023-11-10 10:21:00.000000'),
(18825, 831, 133, 'JOINED', '2023-11-05 00:45:00.000000', '2023-11-07 00:20:31.200000'),
(18826, 831, 134, 'JOINED', '2023-11-05 00:45:00.000000', '2023-11-06 00:00:21.600000'),
(18827, 831, 135, 'JOINED', '2023-11-05 00:45:00.000000', '2023-11-05 18:36:21.600000');
INSERT INTO report (id, created_by_id, title, content, rejected_reason, report_status, created_time, updated_time, reviewed_time)
VALUES
(DEFAULT, 18804, 'Employee 111 submit Report', 'Completed Task.', NULL, 'APPROVED', '2023-11-10 20:08:31.200000', '2023-11-10 20:08:31.200000', '2023-11-10 20:13:31.200000'),
(DEFAULT, 18805, 'Employee 112 submit Report', 'Completed Task.', NULL, 'APPROVED', '2023-11-07 23:53:09.600000', '2023-11-07 23:53:09.600000', '2023-11-07 23:58:09.600000'),
(DEFAULT, 18806, 'Employee 113 submit Report', 'Completed Task.', NULL, 'APPROVED', '2023-11-24 15:11:52.800000', '2023-11-24 15:11:52.800000', '2023-11-24 15:16:52.800000'),
(DEFAULT, 18807, 'Employee 115 submit Report', 'Completed Task.', NULL, 'APPROVED', '2023-11-10 13:13:48.000000', '2023-11-10 13:13:48.000000', '2023-11-10 13:18:48.000000'),
(DEFAULT, 18808, 'Employee 116 submit Report', 'Completed Task.', NULL, 'APPROVED', '2023-11-08 04:29:38.400000', '2023-11-08 04:29:38.400000', '2023-11-08 04:34:38.400000'),
(DEFAULT, 18809, 'Employee 117 submit Report', 'Completed Task.', NULL, 'APPROVED', '2023-11-15 21:36:21.600000', '2023-11-15 21:36:21.600000', '2023-11-15 21:41:21.600000'),
(DEFAULT, 18810, 'Employee 118 submit Report', 'Completed Task.', NULL, 'APPROVED', '2023-11-08 18:36:21.600000', '2023-11-08 18:36:21.600000', '2023-11-08 18:41:21.600000'),
(DEFAULT, 18811, 'Employee 119 submit Report', 'Completed Task.', NULL, 'APPROVED', '2023-11-28 06:53:38.400000', '2023-11-28 06:53:38.400000', '2023-11-28 06:58:38.400000'),
(DEFAULT, 18812, 'Employee 120 submit Report', 'Completed Task.', NULL, 'APPROVED', '2023-11-23 02:45:57.600000', '2023-11-23 02:45:57.600000', '2023-11-23 02:50:57.600000'),
(DEFAULT, 18813, 'Employee 121 submit Report', 'Completed Task.', NULL, 'APPROVED', '2023-11-15 07:21:00.000000', '2023-11-15 07:21:00.000000', '2023-11-15 07:26:00.000000'),
(DEFAULT, 18814, 'Employee 122 submit Report', 'Completed Task.', NULL, 'APPROVED', '2023-11-28 08:54:36.000000', '2023-11-28 08:54:36.000000', '2023-11-28 08:59:36.000000'),
(DEFAULT, 18815, 'Employee 123 submit Report', 'Completed Task.', NULL, 'APPROVED', '2023-11-10 03:09:00.000000', '2023-11-10 03:09:00.000000', '2023-11-10 03:14:00.000000'),
(DEFAULT, 18816, 'Employee 124 submit Report', 'Completed Task.', NULL, 'APPROVED', '2023-11-10 13:31:04.800000', '2023-11-10 13:31:04.800000', '2023-11-10 13:36:04.800000'),
(DEFAULT, 18817, 'Employee 125 submit Report', 'Completed Task.', NULL, 'APPROVED', '2023-11-09 18:13:19.200000', '2023-11-09 18:13:19.200000', '2023-11-09 18:18:19.200000'),
(DEFAULT, 18818, 'Employee 126 submit Report', 'Completed Task.', NULL, 'APPROVED', '2023-11-23 02:45:57.600000', '2023-11-23 02:45:57.600000', '2023-11-23 02:50:57.600000'),
(DEFAULT, 18819, 'Employee 127 submit Report', 'Completed Task.', NULL, 'APPROVED', '2023-11-27 11:35:52.800000', '2023-11-27 11:35:52.800000', '2023-11-27 11:40:52.800000'),
(DEFAULT, 18820, 'Employee 128 submit Report', 'Completed Task.', NULL, 'APPROVED', '2023-11-07 05:09:57.600000', '2023-11-07 05:09:57.600000', '2023-11-07 05:14:57.600000'),
(DEFAULT, 18821, 'Employee 129 submit Report', 'Completed Task.', NULL, 'APPROVED', '2023-11-26 08:05:38.400000', '2023-11-26 08:05:38.400000', '2023-11-26 08:10:38.400000'),
(DEFAULT, 18822, 'Employee 130 submit Report', 'Completed Task.', NULL, 'APPROVED', '2023-11-08 02:11:24.000000', '2023-11-08 02:11:24.000000', '2023-11-08 02:16:24.000000'),
(DEFAULT, 18823, 'Employee 131 submit Report', 'Completed Task.', NULL, 'APPROVED', '2023-11-10 06:19:04.800000', '2023-11-10 06:19:04.800000', '2023-11-10 06:24:04.800000'),
(DEFAULT, 18824, 'Employee 132 submit Report', 'Completed Task.', NULL, 'APPROVED', '2023-11-27 15:03:14.400000', '2023-11-27 15:03:14.400000', '2023-11-27 15:08:14.400000'),
(DEFAULT, 18825, 'Employee 133 submit Report', 'Completed Task.', NULL, 'APPROVED', '2023-11-15 01:09:28.800000', '2023-11-15 01:09:28.800000', '2023-11-15 01:14:28.800000'),
(DEFAULT, 18826, 'Employee 134 submit Report', 'Completed Task.', NULL, 'APPROVED', '2023-11-16 01:29:38.400000', '2023-11-16 01:29:38.400000', '2023-11-16 01:34:38.400000'),
(DEFAULT, 18827, 'Employee 135 submit Report', 'Completed Task.', NULL, 'APPROVED', '2023-11-16 06:53:38.400000', '2023-11-16 06:53:38.400000', '2023-11-16 06:58:38.400000');

-- 2023-11-12 00:45:00.000000
-- 2023-11-12
INSERT INTO task (id, collection_id, created_by_id, root_task_id, name, description, report_format, level, task_type, priority, is_locked, start_date, end_date, deadline, created_time, updated_time)
VALUES (832, 61, 151, NULL, 'Verify Cache Effectiveness', 'This is Verify Cache Effectiveness', NULL, 'NORMAL', 'TEST', 'HIGH', FALSE, '2023-11-12', '2023-11-14', '2023-11-17', '2023-11-12 00:45:00.000000', '2023-11-12 00:45:00.000000');

INSERT INTO task_for_users (id, task_id, assigned_to_id, user_task_status, updated_time, started_time)
VALUES
(18829, 832, 133, 'JOINED', '2023-11-12 00:45:00.000000', '2023-11-12 02:04:12.000000');
INSERT INTO report (id, created_by_id, title, content, rejected_reason, report_status, created_time, updated_time, reviewed_time)
VALUES
(DEFAULT, 18829, 'Employee 133 submit Report', 'Completed Task.', NULL, 'APPROVED', '2023-11-14 04:42:36.000000', '2023-11-14 04:42:36.000000', '2023-11-14 04:47:36.000000');

-- 2023-11-18 00:45:00.000000
-- 2023-11-18
INSERT INTO task (id, collection_id, created_by_id, root_task_id, name, description, report_format, level, task_type, priority, is_locked, start_date, end_date, deadline, created_time, updated_time)
VALUES (833, 61, 151, NULL, 'Verify Security Compliance', 'This is Verify Security Compliance', NULL, 'ADVANCED', 'TEST', 'NORMAL', FALSE, '2023-11-18', '2023-12-05', '2023-11-23', '2023-11-18 00:45:00.000000', '2023-11-18 00:45:00.000000');

INSERT INTO task_for_users (id, task_id, assigned_to_id, user_task_status, updated_time, started_time)
VALUES
(18831, 833, 112, 'JOINED', '2023-11-18 00:45:00.000000', '2023-11-18 05:43:48.000000'),
(18832, 833, 113, 'JOINED', '2023-11-18 00:45:00.000000', '2023-11-20 23:04:12.000000'),
(18833, 833, 114, 'JOINED', '2023-11-18 00:45:00.000000', '2023-11-20 18:23:24.000000'),
(18834, 833, 115, 'JOINED', '2023-11-18 00:45:00.000000', '2023-11-18 18:23:24.000000'),
(18835, 833, 116, 'JOINED', '2023-11-18 00:45:00.000000', '2023-11-18 14:25:48.000000'),
(18836, 833, 117, 'JOINED', '2023-11-18 00:45:00.000000', '2023-11-18 16:28:12.000000'),
(18837, 833, 118, 'JOINED', '2023-11-18 00:45:00.000000', '2023-11-19 11:40:12.000000'),
(18838, 833, 119, 'JOINED', '2023-11-18 00:45:00.000000', '2023-11-18 21:01:48.000000'),
(18839, 833, 120, 'JOINED', '2023-11-18 00:45:00.000000', '2023-11-20 08:04:12.000000'),
(18840, 833, 121, 'JOINED', '2023-11-18 00:45:00.000000', '2023-11-18 01:06:36.000000'),
(18841, 833, 122, 'JOINED', '2023-11-18 00:45:00.000000', '2023-11-20 22:57:00.000000'),
(18842, 833, 123, 'JOINED', '2023-11-18 00:45:00.000000', '2023-11-18 11:11:24.000000'),
(18843, 833, 124, 'JOINED', '2023-11-18 00:45:00.000000', '2023-11-18 16:57:00.000000'),
(18844, 833, 125, 'JOINED', '2023-11-18 00:45:00.000000', '2023-11-20 20:36:36.000000'),
(18845, 833, 126, 'JOINED', '2023-11-18 00:45:00.000000', '2023-11-18 14:54:36.000000'),
(18846, 833, 127, 'JOINED', '2023-11-18 00:45:00.000000', '2023-11-19 17:58:12.000000'),
(18847, 833, 128, 'JOINED', '2023-11-18 00:45:00.000000', '2023-11-20 04:13:48.000000'),
(18848, 833, 129, 'JOINED', '2023-11-18 00:45:00.000000', '2023-11-22 12:45:00.000000'),
(18849, 833, 130, 'JOINED', '2023-11-18 00:45:00.000000', '2023-11-18 06:52:12.000000'),
(18850, 833, 131, 'JOINED', '2023-11-18 00:45:00.000000', '2023-11-18 03:30:36.000000'),
(18851, 833, 132, 'JOINED', '2023-11-18 00:45:00.000000', '2023-11-22 12:45:00.000000'),
(18852, 833, 133, 'JOINED', '2023-11-18 00:45:00.000000', '2023-11-19 12:45:00.000000'),
(18853, 833, 134, 'JOINED', '2023-11-18 00:45:00.000000', '2023-11-18 15:01:48.000000'),
(18854, 833, 135, 'JOINED', '2023-11-18 00:45:00.000000', '2023-11-20 09:30:36.000000');
INSERT INTO report (id, created_by_id, title, content, rejected_reason, report_status, created_time, updated_time, reviewed_time)
VALUES
(DEFAULT, 18831, 'Employee 112 submit Report', 'Completed Task.', NULL, 'APPROVED', '2023-11-27 19:46:12.000000', '2023-11-27 19:46:12.000000', '2023-11-27 19:51:12.000000'),
(DEFAULT, 18832, 'Employee 113 submit Report', 'Completed Task.', NULL, 'APPROVED', '2023-11-22 04:57:00.000000', '2023-11-22 04:57:00.000000', '2023-11-22 05:02:00.000000'),
(DEFAULT, 18833, 'Employee 114 submit Report', 'Completed Task.', NULL, 'APPROVED', '2023-11-21 18:37:48.000000', '2023-11-21 18:37:48.000000', '2023-11-21 18:42:48.000000'),
(DEFAULT, 18834, 'Employee 115 submit Report', 'Completed Task.', NULL, 'APPROVED', '2023-11-19 13:21:00.000000', '2023-11-19 13:21:00.000000', '2023-11-19 13:26:00.000000'),
(DEFAULT, 18835, 'Employee 116 submit Report', 'Completed Task.', NULL, 'APPROVED', '2023-11-22 23:47:24.000000', '2023-11-22 23:47:24.000000', '2023-11-22 23:52:24.000000'),
(DEFAULT, 18836, 'Employee 117 submit Report', 'Completed Task.', NULL, 'APPROVED', '2023-11-20 09:01:48.000000', '2023-11-20 09:01:48.000000', '2023-11-20 09:06:48.000000'),
(DEFAULT, 18837, 'Employee 118 submit Report', 'Completed Task.', NULL, 'APPROVED', '2023-11-21 19:28:12.000000', '2023-11-21 19:28:12.000000', '2023-11-21 19:33:12.000000'),
(DEFAULT, 18838, 'Employee 119 submit Report', 'Completed Task.', NULL, 'APPROVED', '2023-11-20 02:47:24.000000', '2023-11-20 02:47:24.000000', '2023-11-20 02:52:24.000000'),
(DEFAULT, 18839, 'Employee 120 submit Report', 'Completed Task.', NULL, 'APPROVED', '2023-11-22 19:35:24.000000', '2023-11-22 19:35:24.000000', '2023-11-22 19:40:24.000000'),
(DEFAULT, 18840, 'Employee 121 submit Report', 'Completed Task.', NULL, 'APPROVED', '2023-11-19 07:06:36.000000', '2023-11-19 07:06:36.000000', '2023-11-19 07:11:36.000000'),
(DEFAULT, 18841, 'Employee 122 submit Report', 'Completed Task.', NULL, 'APPROVED', '2023-11-25 02:33:00.000000', '2023-11-25 02:33:00.000000', '2023-11-25 02:38:00.000000'),
(DEFAULT, 18842, 'Employee 123 submit Report', 'Completed Task.', NULL, 'APPROVED', '2023-11-19 09:52:12.000000', '2023-11-19 09:52:12.000000', '2023-11-19 09:57:12.000000'),
(DEFAULT, 18843, 'Employee 124 submit Report', 'Completed Task.', NULL, 'APPROVED', '2023-11-19 21:01:48.000000', '2023-11-19 21:01:48.000000', '2023-11-19 21:06:48.000000'),
(DEFAULT, 18844, 'Employee 125 submit Report', 'Completed Task.', NULL, 'APPROVED', '2023-11-25 04:53:24.000000', '2023-11-25 04:53:24.000000', '2023-11-25 04:58:24.000000'),
(DEFAULT, 18845, 'Employee 126 submit Report', 'Completed Task.', NULL, 'APPROVED', '2023-11-19 19:35:24.000000', '2023-11-19 19:35:24.000000', '2023-11-19 19:40:24.000000'),
(DEFAULT, 18846, 'Employee 127 submit Report', 'Completed Task.', NULL, 'APPROVED', '2023-11-26 07:31:48.000000', '2023-11-26 07:31:48.000000', '2023-11-26 07:36:48.000000'),
(DEFAULT, 18847, 'Employee 128 submit Report', 'Completed Task.', NULL, 'APPROVED', '2023-11-22 23:40:12.000000', '2023-11-22 23:40:12.000000', '2023-11-22 23:45:12.000000'),
(DEFAULT, 18848, 'Employee 129 submit Report', 'Completed Task.', NULL, 'APPROVED', '2023-12-04 12:09:00.000000', '2023-12-04 12:09:00.000000', '2023-12-04 12:14:00.000000'),
(DEFAULT, 18849, 'Employee 130 submit Report', 'Completed Task.', NULL, 'APPROVED', '2023-11-19 22:57:00.000000', '2023-11-19 22:57:00.000000', '2023-11-19 23:02:00.000000'),
(DEFAULT, 18850, 'Employee 131 submit Report', 'Completed Task.', NULL, 'APPROVED', '2023-11-19 12:59:24.000000', '2023-11-19 12:59:24.000000', '2023-11-19 13:04:24.000000'),
(DEFAULT, 18851, 'Employee 132 submit Report', 'Completed Task.', NULL, 'APPROVED', '2023-12-05 23:11:24.000000', '2023-12-05 23:11:24.000000', '2023-12-05 23:16:24.000000'),
(DEFAULT, 18852, 'Employee 133 submit Report', 'Completed Task.', NULL, 'APPROVED', '2023-11-21 18:16:12.000000', '2023-11-21 18:16:12.000000', '2023-11-21 18:21:12.000000'),
(DEFAULT, 18853, 'Employee 134 submit Report', 'Completed Task.', NULL, 'APPROVED', '2023-11-20 03:52:12.000000', '2023-11-20 03:52:12.000000', '2023-11-20 03:57:12.000000'),
(DEFAULT, 18854, 'Employee 135 submit Report', 'Completed Task.', NULL, 'APPROVED', '2023-11-25 15:59:24.000000', '2023-11-25 15:59:24.000000', '2023-11-25 16:04:24.000000');

-- 2023-11-24 00:45:00.000000
-- 2023-11-24
INSERT INTO task (id, collection_id, created_by_id, root_task_id, name, description, report_format, level, task_type, priority, is_locked, start_date, end_date, deadline, created_time, updated_time)
VALUES (834, 61, 151, NULL, 'Verify Authentication Attack Resistance', 'This is Verify Authentication Attack Resistance', NULL, 'NORMAL', 'TEST', 'URGENT', FALSE, '2023-11-24', '2023-12-11', '2023-11-30', '2023-11-24 00:45:00.000000', '2023-11-24 00:45:00.000000');

INSERT INTO task_for_users (id, task_id, assigned_to_id, user_task_status, updated_time, started_time)
VALUES
(18856, 834, 118, 'JOINED', '2023-11-24 00:45:00.000000', '2023-11-29 10:21:00.000000');
INSERT INTO report (id, created_by_id, title, content, rejected_reason, report_status, created_time, updated_time, reviewed_time)
VALUES
(DEFAULT, 18856, 'Employee 118 submit Report', 'Completed Task.', NULL, 'APPROVED', '2023-12-11 12:30:36.000000', '2023-12-11 12:30:36.000000', '2023-12-11 12:35:36.000000');

-- 2023-12-01 00:45:00.000000
-- 2023-12-01
INSERT INTO task (id, collection_id, created_by_id, root_task_id, name, description, report_format, level, task_type, priority, is_locked, start_date, end_date, deadline, created_time, updated_time)
VALUES (835, 61, 151, NULL, 'Verify Authorization Escalation Protection', 'This is Verify Authorization Escalation Protection', NULL, 'ADVANCED', 'TEST', 'NORMAL', FALSE, '2023-12-01', '2023-12-19', '2023-12-06', '2023-12-01 00:45:00.000000', '2023-12-01 00:45:00.000000');

INSERT INTO task_for_users (id, task_id, assigned_to_id, user_task_status, updated_time, started_time)
VALUES
(18858, 835, 112, 'JOINED', '2023-12-01 00:45:00.000000', '2023-12-01 10:06:36.000000'),
(18859, 835, 113, 'JOINED', '2023-12-01 00:45:00.000000', '2023-12-04 20:40:12.000000'),
(18860, 835, 114, 'JOINED', '2023-12-01 00:45:00.000000', '2023-12-04 02:47:24.000000'),
(18861, 835, 115, 'JOINED', '2023-12-01 00:45:00.000000', '2023-12-01 03:34:12.000000'),
(18862, 835, 116, 'JOINED', '2023-12-01 00:45:00.000000', '2023-12-03 16:35:24.000000'),
(18863, 835, 117, 'JOINED', '2023-12-01 00:45:00.000000', '2023-12-05 12:45:00.000000'),
(18864, 835, 118, 'JOINED', '2023-12-01 00:45:00.000000', '2023-12-05 12:45:00.000000'),
(18865, 835, 119, 'JOINED', '2023-12-01 00:45:00.000000', '2023-12-05 12:45:00.000000'),
(18866, 835, 120, 'JOINED', '2023-12-01 00:45:00.000000', '2023-12-01 09:01:48.000000'),
(18867, 835, 121, 'JOINED', '2023-12-01 00:45:00.000000', '2023-12-01 02:47:24.000000'),
(18868, 835, 122, 'JOINED', '2023-12-01 00:45:00.000000', '2023-12-01 07:06:36.000000'),
(18869, 835, 123, 'JOINED', '2023-12-01 00:45:00.000000', '2023-12-01 12:16:12.000000'),
(18870, 835, 124, 'JOINED', '2023-12-01 00:45:00.000000', '2023-12-02 22:13:48.000000'),
(18871, 835, 125, 'JOINED', '2023-12-01 00:45:00.000000', '2023-12-05 12:45:00.000000'),
(18872, 835, 126, 'JOINED', '2023-12-01 00:45:00.000000', '2023-12-01 08:40:12.000000'),
(18873, 835, 127, 'JOINED', '2023-12-01 00:45:00.000000', '2023-12-01 14:04:12.000000'),
(18874, 835, 128, 'JOINED', '2023-12-01 00:45:00.000000', '2023-12-02 01:42:36.000000'),
(18875, 835, 129, 'JOINED', '2023-12-01 00:45:00.000000', '2023-12-02 06:23:24.000000'),
(18876, 835, 130, 'JOINED', '2023-12-01 00:45:00.000000', '2023-12-02 20:00:36.000000'),
(18877, 835, 131, 'JOINED', '2023-12-01 00:45:00.000000', '2023-12-01 05:47:24.000000'),
(18878, 835, 132, 'JOINED', '2023-12-01 00:45:00.000000', '2023-12-01 16:06:36.000000'),
(18879, 835, 133, 'JOINED', '2023-12-01 00:45:00.000000', '2023-12-01 13:35:24.000000'),
(18880, 835, 134, 'JOINED', '2023-12-01 00:45:00.000000', '2023-12-05 12:45:00.000000'),
(18881, 835, 135, 'JOINED', '2023-12-01 00:45:00.000000', '2023-12-01 21:01:48.000000');
INSERT INTO report (id, created_by_id, title, content, rejected_reason, report_status, created_time, updated_time, reviewed_time)
VALUES
(DEFAULT, 18858, 'Employee 112 submit Report', 'Completed Task.', NULL, 'APPROVED', '2023-12-03 19:13:48.000000', '2023-12-03 19:13:48.000000', '2023-12-03 19:18:48.000000'),
(DEFAULT, 18859, 'Employee 113 submit Report', 'Completed Task.', NULL, 'APPROVED', '2023-12-05 17:18:36.000000', '2023-12-05 17:18:36.000000', '2023-12-05 17:23:36.000000'),
(DEFAULT, 18860, 'Employee 114 submit Report', 'Completed Task.', NULL, 'APPROVED', '2023-12-05 22:57:00.000000', '2023-12-05 22:57:00.000000', '2023-12-05 23:02:00.000000'),
(DEFAULT, 18861, 'Employee 115 submit Report', 'Completed Task.', NULL, 'APPROVED', '2023-12-10 21:55:48.000000', '2023-12-10 21:55:48.000000', '2023-12-10 22:00:48.000000'),
(DEFAULT, 18862, 'Employee 116 submit Report', 'Completed Task.', NULL, 'APPROVED', '2023-12-05 09:59:24.000000', '2023-12-05 09:59:24.000000', '2023-12-05 10:04:24.000000'),
(DEFAULT, 18863, 'Employee 117 submit Report', 'Completed Task.', NULL, 'APPROVED', '2023-12-16 05:11:24.000000', '2023-12-16 05:11:24.000000', '2023-12-16 05:16:24.000000'),
(DEFAULT, 18864, 'Employee 118 submit Report', 'Completed Task.', NULL, 'APPROVED', '2023-12-19 05:47:24.000000', '2023-12-19 05:47:24.000000', '2023-12-19 05:52:24.000000'),
(DEFAULT, 18865, 'Employee 119 submit Report', 'Completed Task.', NULL, 'APPROVED', '2023-12-19 12:37:48.000000', '2023-12-19 12:37:48.000000', '2023-12-19 12:42:48.000000'),
(DEFAULT, 18866, 'Employee 120 submit Report', 'Completed Task.', NULL, 'APPROVED', '2023-12-02 03:09:00.000000', '2023-12-02 03:09:00.000000', '2023-12-02 03:14:00.000000'),
(DEFAULT, 18867, 'Employee 121 submit Report', 'Completed Task.', NULL, 'APPROVED', '2023-12-02 04:13:48.000000', '2023-12-02 04:13:48.000000', '2023-12-02 04:18:48.000000'),
(DEFAULT, 18868, 'Employee 122 submit Report', 'Completed Task.', NULL, 'APPROVED', '2023-12-02 09:37:48.000000', '2023-12-02 09:37:48.000000', '2023-12-02 09:42:48.000000'),
(DEFAULT, 18869, 'Employee 123 submit Report', 'Completed Task.', NULL, 'APPROVED', '2023-12-03 02:33:00.000000', '2023-12-03 02:33:00.000000', '2023-12-03 02:38:00.000000'),
(DEFAULT, 18870, 'Employee 124 submit Report', 'Completed Task.', NULL, 'APPROVED', '2023-12-03 23:47:24.000000', '2023-12-03 23:47:24.000000', '2023-12-03 23:52:24.000000'),
(DEFAULT, 18871, 'Employee 125 submit Report', 'Completed Task.', NULL, 'APPROVED', '2023-12-16 04:57:00.000000', '2023-12-16 04:57:00.000000', '2023-12-16 05:02:00.000000'),
(DEFAULT, 18872, 'Employee 126 submit Report', 'Completed Task.', NULL, 'APPROVED', '2023-12-02 06:59:24.000000', '2023-12-02 06:59:24.000000', '2023-12-02 07:04:24.000000'),
(DEFAULT, 18873, 'Employee 127 submit Report', 'Completed Task.', NULL, 'APPROVED', '2023-12-05 14:47:24.000000', '2023-12-05 14:47:24.000000', '2023-12-05 14:52:24.000000'),
(DEFAULT, 18874, 'Employee 128 submit Report', 'Completed Task.', NULL, 'APPROVED', '2023-12-04 10:35:24.000000', '2023-12-04 10:35:24.000000', '2023-12-04 10:40:24.000000'),
(DEFAULT, 18875, 'Employee 129 submit Report', 'Completed Task.', NULL, 'APPROVED', '2023-12-04 21:09:00.000000', '2023-12-04 21:09:00.000000', '2023-12-04 21:14:00.000000'),
(DEFAULT, 18876, 'Employee 130 submit Report', 'Completed Task.', NULL, 'APPROVED', '2023-12-09 05:29:24.000000', '2023-12-09 05:29:24.000000', '2023-12-09 05:34:24.000000'),
(DEFAULT, 18877, 'Employee 131 submit Report', 'Completed Task.', NULL, 'APPROVED', '2023-12-02 14:25:48.000000', '2023-12-02 14:25:48.000000', '2023-12-02 14:30:48.000000'),
(DEFAULT, 18878, 'Employee 132 submit Report', 'Completed Task.', NULL, 'APPROVED', '2023-12-05 22:42:36.000000', '2023-12-05 22:42:36.000000', '2023-12-05 22:47:36.000000'),
(DEFAULT, 18879, 'Employee 133 submit Report', 'Completed Task.', NULL, 'APPROVED', '2023-12-04 19:49:48.000000', '2023-12-04 19:49:48.000000', '2023-12-04 19:54:48.000000'),
(DEFAULT, 18880, 'Employee 134 submit Report', 'Completed Task.', NULL, 'APPROVED', '2023-12-17 22:57:00.000000', '2023-12-17 22:57:00.000000', '2023-12-17 23:02:00.000000'),
(DEFAULT, 18881, 'Employee 135 submit Report', 'Completed Task.', NULL, 'APPROVED', '2023-12-02 15:52:12.000000', '2023-12-02 15:52:12.000000', '2023-12-02 15:57:12.000000');

-- 2023-12-07 00:45:00.000000
-- 2023-12-07
INSERT INTO task (id, collection_id, created_by_id, root_task_id, name, description, report_format, level, task_type, priority, is_locked, start_date, end_date, deadline, created_time, updated_time)
VALUES (836, 61, 151, NULL, 'Verify Data Encryption Integrity', 'This is Verify Data Encryption Integrity', NULL, 'NORMAL', 'TEST', 'URGENT', FALSE, '2023-12-07', '2023-12-09', '2023-12-13', '2023-12-07 00:45:00.000000', '2023-12-07 00:45:00.000000');

INSERT INTO task_for_users (id, task_id, assigned_to_id, user_task_status, updated_time, started_time)
VALUES
(18883, 836, 118, 'JOINED', '2023-12-07 00:45:00.000000', '2023-12-07 18:53:38.400000');
INSERT INTO report (id, created_by_id, title, content, rejected_reason, report_status, created_time, updated_time, reviewed_time)
VALUES
(DEFAULT, 18883, 'Employee 118 submit Report', 'Completed Task.', NULL, 'APPROVED', '2023-12-09 18:42:07.200000', '2023-12-09 18:42:07.200000', '2023-12-09 18:47:07.200000');

-- 2023-12-14 00:45:00.000000
-- 2023-12-14
INSERT INTO task (id, collection_id, created_by_id, root_task_id, name, description, report_format, level, task_type, priority, is_locked, start_date, end_date, deadline, created_time, updated_time)
VALUES (837, 61, 151, NULL, 'Verify Sensitive Data Masking', 'This is Verify Sensitive Data Masking', NULL, 'ADVANCED', 'TEST', 'LOW', FALSE, '2023-12-14', '2023-12-28', '2023-12-18', '2023-12-14 00:45:00.000000', '2023-12-14 00:45:00.000000');

INSERT INTO task_for_users (id, task_id, assigned_to_id, user_task_status, updated_time, started_time)
VALUES
(18885, 837, 111, 'JOINED', '2023-12-14 00:45:00.000000', '2023-12-15 20:37:19.200000'),
(18886, 837, 113, 'JOINED', '2023-12-14 00:45:00.000000', '2023-12-16 07:57:00.000000'),
(18887, 837, 114, 'JOINED', '2023-12-14 00:45:00.000000', '2023-12-14 04:52:40.800000'),
(18888, 837, 115, 'JOINED', '2023-12-14 00:45:00.000000', '2023-12-14 01:02:16.800000'),
(18889, 837, 116, 'JOINED', '2023-12-14 00:45:00.000000', '2023-12-14 01:19:33.600000'),
(18890, 837, 117, 'JOINED', '2023-12-14 00:45:00.000000', '2023-12-14 08:20:02.400000'),
(18891, 837, 118, 'JOINED', '2023-12-14 00:45:00.000000', '2023-12-17 00:50:45.600000'),
(18892, 837, 119, 'JOINED', '2023-12-14 00:45:00.000000', '2023-12-14 08:08:31.200000'),
(18893, 837, 120, 'JOINED', '2023-12-14 00:45:00.000000', '2023-12-15 14:11:24.000000'),
(18894, 837, 121, 'JOINED', '2023-12-14 00:45:00.000000', '2023-12-14 19:51:14.400000'),
(18895, 837, 122, 'JOINED', '2023-12-14 00:45:00.000000', '2023-12-14 09:17:38.400000'),
(18896, 837, 123, 'JOINED', '2023-12-14 00:45:00.000000', '2023-12-14 11:53:09.600000'),
(18897, 837, 124, 'JOINED', '2023-12-14 00:45:00.000000', '2023-12-14 19:28:12.000000'),
(18898, 837, 125, 'JOINED', '2023-12-14 00:45:00.000000', '2023-12-15 00:50:45.600000'),
(18899, 837, 126, 'JOINED', '2023-12-14 00:45:00.000000', '2023-12-14 04:18:07.200000'),
(18900, 837, 127, 'JOINED', '2023-12-14 00:45:00.000000', '2023-12-14 15:20:31.200000'),
(18901, 837, 128, 'JOINED', '2023-12-14 00:45:00.000000', '2023-12-14 01:59:52.800000'),
(18902, 837, 129, 'JOINED', '2023-12-14 00:45:00.000000', '2023-12-15 08:08:31.200000'),
(18903, 837, 130, 'JOINED', '2023-12-14 00:45:00.000000', '2023-12-16 00:27:43.200000'),
(18904, 837, 131, 'JOINED', '2023-12-14 00:45:00.000000', '2023-12-14 23:53:09.600000'),
(18905, 837, 132, 'JOINED', '2023-12-14 00:45:00.000000', '2023-12-17 15:09:00.000000'),
(18906, 837, 133, 'JOINED', '2023-12-14 00:45:00.000000', '2023-12-14 14:45:57.600000'),
(18907, 837, 134, 'JOINED', '2023-12-14 00:45:00.000000', '2023-12-15 11:41:38.400000'),
(18908, 837, 135, 'JOINED', '2023-12-14 00:45:00.000000', '2023-12-14 13:36:50.400000');
INSERT INTO report (id, created_by_id, title, content, rejected_reason, report_status, created_time, updated_time, reviewed_time)
VALUES
(DEFAULT, 18885, 'Employee 111 submit Report', 'Completed Task.', NULL, 'APPROVED', '2023-12-17 14:17:09.600000', '2023-12-17 14:17:09.600000', '2023-12-17 14:22:09.600000'),
(DEFAULT, 18886, 'Employee 113 submit Report', 'Completed Task.', NULL, 'APPROVED', '2023-12-17 19:33:57.600000', '2023-12-17 19:33:57.600000', '2023-12-17 19:38:57.600000'),
(DEFAULT, 18887, 'Employee 114 submit Report', 'Completed Task.', NULL, 'APPROVED', '2023-12-15 13:19:33.600000', '2023-12-15 13:19:33.600000', '2023-12-15 13:24:33.600000'),
(DEFAULT, 18888, 'Employee 115 submit Report', 'Completed Task.', NULL, 'APPROVED', '2023-12-15 17:33:00.000000', '2023-12-15 17:33:00.000000', '2023-12-15 17:38:00.000000'),
(DEFAULT, 18889, 'Employee 116 submit Report', 'Completed Task.', NULL, 'APPROVED', '2023-12-14 22:15:14.400000', '2023-12-14 22:15:14.400000', '2023-12-14 22:20:14.400000'),
(DEFAULT, 18890, 'Employee 117 submit Report', 'Completed Task.', NULL, 'APPROVED', '2023-12-17 00:04:40.800000', '2023-12-17 00:04:40.800000', '2023-12-17 00:09:40.800000'),
(DEFAULT, 18891, 'Employee 118 submit Report', 'Completed Task.', NULL, 'APPROVED', '2023-12-17 23:53:09.600000', '2023-12-17 23:53:09.600000', '2023-12-17 23:58:09.600000'),
(DEFAULT, 18892, 'Employee 119 submit Report', 'Completed Task.', NULL, 'APPROVED', '2023-12-15 00:27:43.200000', '2023-12-15 00:27:43.200000', '2023-12-15 00:32:43.200000'),
(DEFAULT, 18893, 'Employee 120 submit Report', 'Completed Task.', NULL, 'APPROVED', '2023-12-16 15:09:00.000000', '2023-12-16 15:09:00.000000', '2023-12-16 15:14:00.000000'),
(DEFAULT, 18894, 'Employee 121 submit Report', 'Completed Task.', NULL, 'APPROVED', '2023-12-15 19:57:00.000000', '2023-12-15 19:57:00.000000', '2023-12-15 20:02:00.000000'),
(DEFAULT, 18895, 'Employee 122 submit Report', 'Completed Task.', NULL, 'APPROVED', '2023-12-21 16:12:21.600000', '2023-12-21 16:12:21.600000', '2023-12-21 16:17:21.600000'),
(DEFAULT, 18896, 'Employee 123 submit Report', 'Completed Task.', NULL, 'APPROVED', '2023-12-17 05:33:00.000000', '2023-12-17 05:33:00.000000', '2023-12-17 05:38:00.000000'),
(DEFAULT, 18897, 'Employee 124 submit Report', 'Completed Task.', NULL, 'APPROVED', '2023-12-16 22:09:28.800000', '2023-12-16 22:09:28.800000', '2023-12-16 22:14:28.800000'),
(DEFAULT, 18898, 'Employee 125 submit Report', 'Completed Task.', NULL, 'APPROVED', '2023-12-16 16:41:09.600000', '2023-12-16 16:41:09.600000', '2023-12-16 16:46:09.600000'),
(DEFAULT, 18899, 'Employee 126 submit Report', 'Completed Task.', NULL, 'APPROVED', '2023-12-15 00:21:57.600000', '2023-12-15 00:21:57.600000', '2023-12-15 00:26:57.600000'),
(DEFAULT, 18900, 'Employee 127 submit Report', 'Completed Task.', NULL, 'APPROVED', '2023-12-21 10:09:28.800000', '2023-12-21 10:09:28.800000', '2023-12-21 10:14:28.800000'),
(DEFAULT, 18901, 'Employee 128 submit Report', 'Completed Task.', NULL, 'APPROVED', '2023-12-14 22:44:02.400000', '2023-12-14 22:44:02.400000', '2023-12-14 22:49:02.400000'),
(DEFAULT, 18902, 'Employee 129 submit Report', 'Completed Task.', NULL, 'APPROVED', '2023-12-17 12:45:00.000000', '2023-12-17 12:45:00.000000', '2023-12-17 12:50:00.000000'),
(DEFAULT, 18903, 'Employee 130 submit Report', 'Completed Task.', NULL, 'APPROVED', '2023-12-20 01:02:16.800000', '2023-12-20 01:02:16.800000', '2023-12-20 01:07:16.800000'),
(DEFAULT, 18904, 'Employee 131 submit Report', 'Completed Task.', NULL, 'APPROVED', '2023-12-17 07:57:00.000000', '2023-12-17 07:57:00.000000', '2023-12-17 08:02:00.000000'),
(DEFAULT, 18905, 'Employee 132 submit Report', 'Completed Task.', NULL, 'APPROVED', '2023-12-28 15:55:04.800000', '2023-12-28 15:55:04.800000', '2023-12-28 16:00:04.800000'),
(DEFAULT, 18906, 'Employee 133 submit Report', 'Completed Task.', NULL, 'APPROVED', '2023-12-16 13:08:02.400000', '2023-12-16 13:08:02.400000', '2023-12-16 13:13:02.400000'),
(DEFAULT, 18907, 'Employee 134 submit Report', 'Completed Task.', NULL, 'APPROVED', '2023-12-20 13:48:21.600000', '2023-12-20 13:48:21.600000', '2023-12-20 13:53:21.600000'),
(DEFAULT, 18908, 'Employee 135 submit Report', 'Completed Task.', NULL, 'APPROVED', '2023-12-16 13:02:16.800000', '2023-12-16 13:02:16.800000', '2023-12-16 13:07:16.800000');

-- 2023-12-19 00:45:00.000000
-- 2023-12-19
INSERT INTO task (id, collection_id, created_by_id, root_task_id, name, description, report_format, level, task_type, priority, is_locked, start_date, end_date, deadline, created_time, updated_time)
VALUES (838, 61, 151, NULL, 'Verify Logging Performance Impact', 'This is Verify Logging Performance Impact', NULL, 'ADVANCED', 'TEST', 'LOW', FALSE, '2023-12-19', '2023-12-22', '2023-12-23', '2023-12-19 00:45:00.000000', '2023-12-19 00:45:00.000000');

INSERT INTO task_for_users (id, task_id, assigned_to_id, user_task_status, updated_time, started_time)
VALUES
(18910, 838, 132, 'JOINED', '2023-12-19 00:45:00.000000', '2023-12-21 03:03:14.400000');
INSERT INTO report (id, created_by_id, title, content, rejected_reason, report_status, created_time, updated_time, reviewed_time)
VALUES
(DEFAULT, 18910, 'Employee 132 submit Report', 'Completed Task.', NULL, 'APPROVED', '2023-12-22 05:56:02.400000', '2023-12-22 05:56:02.400000', '2023-12-22 06:01:02.400000');

-- 2023-12-24 00:45:00.000000
-- 2023-12-24
INSERT INTO task (id, collection_id, created_by_id, root_task_id, name, description, report_format, level, task_type, priority, is_locked, start_date, end_date, deadline, created_time, updated_time)
VALUES (839, 61, 151, NULL, 'Verify Monitoring Alert Accuracy', 'This is Verify Monitoring Alert Accuracy', NULL, 'ADVANCED', 'TEST', 'LOW', FALSE, '2023-12-24', '2024-01-07', '2023-12-28', '2023-12-24 00:45:00.000000', '2023-12-24 00:45:00.000000');

INSERT INTO task_for_users (id, task_id, assigned_to_id, user_task_status, updated_time, started_time)
VALUES
(18912, 839, 111, 'JOINED', '2023-12-24 00:45:00.000000', '2023-12-26 00:16:12.000000'),
(18913, 839, 113, 'JOINED', '2023-12-24 00:45:00.000000', '2023-12-26 09:52:12.000000'),
(18914, 839, 114, 'JOINED', '2023-12-24 00:45:00.000000', '2023-12-26 10:26:45.600000'),
(18915, 839, 115, 'JOINED', '2023-12-24 00:45:00.000000', '2023-12-24 05:21:28.800000'),
(18916, 839, 116, 'JOINED', '2023-12-24 00:45:00.000000', '2023-12-24 02:34:26.400000'),
(18917, 839, 117, 'JOINED', '2023-12-24 00:45:00.000000', '2023-12-27 15:09:00.000000'),
(18918, 839, 118, 'JOINED', '2023-12-24 00:45:00.000000', '2023-12-26 04:21:00.000000'),
(18919, 839, 119, 'JOINED', '2023-12-24 00:45:00.000000', '2023-12-24 22:38:16.800000'),
(18920, 839, 120, 'JOINED', '2023-12-24 00:45:00.000000', '2023-12-24 14:34:26.400000'),
(18921, 839, 121, 'JOINED', '2023-12-24 00:45:00.000000', '2023-12-24 19:33:57.600000'),
(18922, 839, 122, 'JOINED', '2023-12-24 00:45:00.000000', '2023-12-24 02:22:55.200000'),
(18923, 839, 123, 'JOINED', '2023-12-24 00:45:00.000000', '2023-12-27 15:09:00.000000'),
(18924, 839, 124, 'JOINED', '2023-12-24 00:45:00.000000', '2023-12-25 08:31:33.600000'),
(18925, 839, 125, 'JOINED', '2023-12-24 00:45:00.000000', '2023-12-27 15:09:00.000000'),
(18926, 839, 126, 'JOINED', '2023-12-24 00:45:00.000000', '2023-12-24 10:38:16.800000'),
(18927, 839, 127, 'JOINED', '2023-12-24 00:45:00.000000', '2023-12-24 11:18:36.000000'),
(18928, 839, 128, 'JOINED', '2023-12-24 00:45:00.000000', '2023-12-26 14:28:40.800000'),
(18929, 839, 129, 'JOINED', '2023-12-24 00:45:00.000000', '2023-12-25 11:24:21.600000'),
(18930, 839, 130, 'JOINED', '2023-12-24 00:45:00.000000', '2023-12-24 17:44:31.200000'),
(18931, 839, 131, 'JOINED', '2023-12-24 00:45:00.000000', '2023-12-24 03:03:14.400000'),
(18932, 839, 132, 'JOINED', '2023-12-24 00:45:00.000000', '2023-12-24 05:21:28.800000'),
(18933, 839, 133, 'JOINED', '2023-12-24 00:45:00.000000', '2023-12-24 11:27:14.400000'),
(18934, 839, 134, 'JOINED', '2023-12-24 00:45:00.000000', '2023-12-26 09:09:00.000000'),
(18935, 839, 135, 'JOINED', '2023-12-24 00:45:00.000000', '2023-12-24 13:54:07.200000');
INSERT INTO report (id, created_by_id, title, content, rejected_reason, report_status, created_time, updated_time, reviewed_time)
VALUES
(DEFAULT, 18912, 'Employee 111 submit Report', 'Completed Task.', NULL, 'APPROVED', '2023-12-27 15:03:14.400000', '2023-12-27 15:03:14.400000', '2023-12-27 15:08:14.400000'),
(DEFAULT, 18913, 'Employee 113 submit Report', 'Completed Task.', NULL, 'APPROVED', '2023-12-27 15:09:00.000000', '2023-12-27 15:09:00.000000', '2023-12-27 15:14:00.000000'),
(DEFAULT, 18914, 'Employee 114 submit Report', 'Completed Task.', NULL, 'APPROVED', '2023-12-27 21:29:09.600000', '2023-12-27 21:29:09.600000', '2023-12-27 21:34:09.600000'),
(DEFAULT, 18915, 'Employee 115 submit Report', 'Completed Task.', NULL, 'APPROVED', '2023-12-24 21:57:57.600000', '2023-12-24 21:57:57.600000', '2023-12-24 22:02:57.600000'),
(DEFAULT, 18916, 'Employee 116 submit Report', 'Completed Task.', NULL, 'APPROVED', '2023-12-24 22:44:02.400000', '2023-12-24 22:44:02.400000', '2023-12-24 22:49:02.400000'),
(DEFAULT, 18917, 'Employee 117 submit Report', 'Completed Task.', NULL, 'APPROVED', '2024-01-07 03:55:04.800000', '2024-01-07 03:55:04.800000', '2024-01-07 04:00:04.800000'),
(DEFAULT, 18918, 'Employee 118 submit Report', 'Completed Task.', NULL, 'APPROVED', '2023-12-29 21:09:00.000000', '2023-12-29 21:09:00.000000', '2023-12-29 21:14:00.000000'),
(DEFAULT, 18919, 'Employee 119 submit Report', 'Completed Task.', NULL, 'APPROVED', '2023-12-26 05:44:31.200000', '2023-12-26 05:44:31.200000', '2023-12-26 05:49:31.200000'),
(DEFAULT, 18920, 'Employee 120 submit Report', 'Completed Task.', NULL, 'APPROVED', '2023-12-26 19:45:28.800000', '2023-12-26 19:45:28.800000', '2023-12-26 19:50:28.800000'),
(DEFAULT, 18921, 'Employee 121 submit Report', 'Completed Task.', NULL, 'APPROVED', '2023-12-26 16:06:36.000000', '2023-12-26 16:06:36.000000', '2023-12-26 16:11:36.000000'),
(DEFAULT, 18922, 'Employee 122 submit Report', 'Completed Task.', NULL, 'APPROVED', '2023-12-26 04:00:50.400000', '2023-12-26 04:00:50.400000', '2023-12-26 04:05:50.400000'),
(DEFAULT, 18923, 'Employee 123 submit Report', 'Completed Task.', NULL, 'APPROVED', '2024-01-07 07:22:26.400000', '2024-01-07 07:22:26.400000', '2024-01-07 07:27:26.400000'),
(DEFAULT, 18924, 'Employee 124 submit Report', 'Completed Task.', NULL, 'APPROVED', '2023-12-26 06:47:52.800000', '2023-12-26 06:47:52.800000', '2023-12-26 06:52:52.800000'),
(DEFAULT, 18925, 'Employee 125 submit Report', 'Completed Task.', NULL, 'APPROVED', '2024-01-07 09:52:12.000000', '2024-01-07 09:52:12.000000', '2024-01-07 09:57:12.000000'),
(DEFAULT, 18926, 'Employee 126 submit Report', 'Completed Task.', NULL, 'APPROVED', '2023-12-26 09:52:12.000000', '2023-12-26 09:52:12.000000', '2023-12-26 09:57:12.000000'),
(DEFAULT, 18927, 'Employee 127 submit Report', 'Completed Task.', NULL, 'APPROVED', '2023-12-27 19:10:55.200000', '2023-12-27 19:10:55.200000', '2023-12-27 19:15:55.200000'),
(DEFAULT, 18928, 'Employee 128 submit Report', 'Completed Task.', NULL, 'APPROVED', '2023-12-27 13:08:02.400000', '2023-12-27 13:08:02.400000', '2023-12-27 13:13:02.400000'),
(DEFAULT, 18929, 'Employee 129 submit Report', 'Completed Task.', NULL, 'APPROVED', '2023-12-27 13:54:07.200000', '2023-12-27 13:54:07.200000', '2023-12-27 13:59:07.200000'),
(DEFAULT, 18930, 'Employee 130 submit Report', 'Completed Task.', NULL, 'APPROVED', '2023-12-26 20:08:31.200000', '2023-12-26 20:08:31.200000', '2023-12-26 20:13:31.200000'),
(DEFAULT, 18931, 'Employee 131 submit Report', 'Completed Task.', NULL, 'APPROVED', '2023-12-26 16:23:52.800000', '2023-12-26 16:23:52.800000', '2023-12-26 16:28:52.800000'),
(DEFAULT, 18932, 'Employee 132 submit Report', 'Completed Task.', NULL, 'APPROVED', '2023-12-25 07:39:43.200000', '2023-12-25 07:39:43.200000', '2023-12-25 07:44:43.200000'),
(DEFAULT, 18933, 'Employee 133 submit Report', 'Completed Task.', NULL, 'APPROVED', '2023-12-31 14:02:45.600000', '2023-12-31 14:02:45.600000', '2023-12-31 14:07:45.600000'),
(DEFAULT, 18934, 'Employee 134 submit Report', 'Completed Task.', NULL, 'APPROVED', '2023-12-29 16:21:00.000000', '2023-12-29 16:21:00.000000', '2023-12-29 16:26:00.000000'),
(DEFAULT, 18935, 'Employee 135 submit Report', 'Completed Task.', NULL, 'APPROVED', '2023-12-27 01:59:52.800000', '2023-12-27 01:59:52.800000', '2023-12-27 02:04:52.800000');

-- 2023-12-29 00:45:00.000000
-- 2023-12-29
INSERT INTO task (id, collection_id, created_by_id, root_task_id, name, description, report_format, level, task_type, priority, is_locked, start_date, end_date, deadline, created_time, updated_time)
VALUES (840, 61, 151, NULL, 'Verify System Recovery Scenarios', 'This is Verify System Recovery Scenarios', NULL, 'ADVANCED', 'TEST', 'LOW', FALSE, '2023-12-29', '2023-12-31', '2024-01-02', '2023-12-29 00:45:00.000000', '2023-12-29 00:45:00.000000');

INSERT INTO task_for_users (id, task_id, assigned_to_id, user_task_status, updated_time, started_time)
VALUES
(18937, 840, 132, 'JOINED', '2023-12-29 00:45:00.000000', '2023-12-30 07:57:00.000000');
INSERT INTO report (id, created_by_id, title, content, rejected_reason, report_status, created_time, updated_time, reviewed_time)
VALUES
(DEFAULT, 18937, 'Employee 132 submit Report', 'Completed Task.', NULL, 'APPROVED', '2023-12-31 04:41:09.600000', '2023-12-31 04:41:09.600000', '2023-12-31 04:46:09.600000');

-- 2024-01-03 00:45:00.000000
-- 2024-01-03
INSERT INTO task (id, collection_id, created_by_id, root_task_id, name, description, report_format, level, task_type, priority, is_locked, start_date, end_date, deadline, created_time, updated_time)
VALUES (841, 61, 151, NULL, 'Verify Failover Behavior', 'This is Verify Failover Behavior', NULL, 'ADVANCED', 'TEST', 'LOW', FALSE, '2024-01-03', '2024-01-17', '2024-01-07', '2024-01-03 00:45:00.000000', '2024-01-03 00:45:00.000000');

INSERT INTO task_for_users (id, task_id, assigned_to_id, user_task_status, updated_time, started_time)
VALUES
(18939, 841, 111, 'JOINED', '2024-01-03 00:45:00.000000', '2024-01-04 02:40:12.000000'),
(18940, 841, 113, 'JOINED', '2024-01-03 00:45:00.000000', '2024-01-03 18:47:52.800000'),
(18941, 841, 114, 'JOINED', '2024-01-03 00:45:00.000000', '2024-01-06 01:02:16.800000'),
(18942, 841, 115, 'JOINED', '2024-01-03 00:45:00.000000', '2024-01-03 21:23:24.000000'),
(18943, 841, 116, 'JOINED', '2024-01-03 00:45:00.000000', '2024-01-06 15:09:00.000000'),
(18944, 841, 117, 'JOINED', '2024-01-03 00:45:00.000000', '2024-01-04 00:45:00.000000'),
(18945, 841, 118, 'JOINED', '2024-01-03 00:45:00.000000', '2024-01-05 09:00:21.600000'),
(18946, 841, 119, 'JOINED', '2024-01-03 00:45:00.000000', '2024-01-03 07:36:50.400000'),
(18947, 841, 120, 'JOINED', '2024-01-03 00:45:00.000000', '2024-01-03 17:38:45.600000'),
(18948, 841, 121, 'JOINED', '2024-01-03 00:45:00.000000', '2024-01-04 17:15:43.200000'),
(18949, 841, 122, 'JOINED', '2024-01-03 00:45:00.000000', '2024-01-05 03:09:00.000000'),
(18950, 841, 123, 'JOINED', '2024-01-03 00:45:00.000000', '2024-01-04 09:17:38.400000'),
(18951, 841, 124, 'JOINED', '2024-01-03 00:45:00.000000', '2024-01-03 19:59:52.800000'),
(18952, 841, 125, 'JOINED', '2024-01-03 00:45:00.000000', '2024-01-04 15:26:16.800000'),
(18953, 841, 126, 'JOINED', '2024-01-03 00:45:00.000000', '2024-01-03 01:25:19.200000'),
(18954, 841, 127, 'JOINED', '2024-01-03 00:45:00.000000', '2024-01-06 15:09:00.000000'),
(18955, 841, 128, 'JOINED', '2024-01-03 00:45:00.000000', '2024-01-04 21:49:19.200000'),
(18956, 841, 129, 'JOINED', '2024-01-03 00:45:00.000000', '2024-01-03 05:56:02.400000'),
(18957, 841, 130, 'JOINED', '2024-01-03 00:45:00.000000', '2024-01-03 21:46:26.400000'),
(18958, 841, 131, 'JOINED', '2024-01-03 00:45:00.000000', '2024-01-03 20:02:45.600000'),
(18959, 841, 132, 'JOINED', '2024-01-03 00:45:00.000000', '2024-01-03 07:22:26.400000'),
(18960, 841, 133, 'JOINED', '2024-01-03 00:45:00.000000', '2024-01-04 09:26:16.800000'),
(18961, 841, 134, 'JOINED', '2024-01-03 00:45:00.000000', '2024-01-06 15:09:00.000000'),
(18962, 841, 135, 'JOINED', '2024-01-03 00:45:00.000000', '2024-01-04 06:53:38.400000');
INSERT INTO report (id, created_by_id, title, content, rejected_reason, report_status, created_time, updated_time, reviewed_time)
VALUES
(DEFAULT, 18939, 'Employee 111 submit Report', 'Completed Task.', NULL, 'APPROVED', '2024-01-06 00:16:12.000000', '2024-01-06 00:16:12.000000', '2024-01-06 00:21:12.000000'),
(DEFAULT, 18940, 'Employee 113 submit Report', 'Completed Task.', NULL, 'APPROVED', '2024-01-10 06:42:07.200000', '2024-01-10 06:42:07.200000', '2024-01-10 06:47:07.200000'),
(DEFAULT, 18941, 'Employee 114 submit Report', 'Completed Task.', NULL, 'APPROVED', '2024-01-06 20:48:50.400000', '2024-01-06 20:48:50.400000', '2024-01-06 20:53:50.400000'),
(DEFAULT, 18942, 'Employee 115 submit Report', 'Completed Task.', NULL, 'APPROVED', '2024-01-05 13:48:21.600000', '2024-01-05 13:48:21.600000', '2024-01-05 13:53:21.600000'),
(DEFAULT, 18943, 'Employee 116 submit Report', 'Completed Task.', NULL, 'APPROVED', '2024-01-16 09:40:40.800000', '2024-01-16 09:40:40.800000', '2024-01-16 09:45:40.800000'),
(DEFAULT, 18944, 'Employee 117 submit Report', 'Completed Task.', NULL, 'APPROVED', '2024-01-06 17:27:14.400000', '2024-01-06 17:27:14.400000', '2024-01-06 17:32:14.400000'),
(DEFAULT, 18945, 'Employee 118 submit Report', 'Completed Task.', NULL, 'APPROVED', '2024-01-08 16:29:38.400000', '2024-01-08 16:29:38.400000', '2024-01-08 16:34:38.400000'),
(DEFAULT, 18946, 'Employee 119 submit Report', 'Completed Task.', NULL, 'APPROVED', '2024-01-10 17:53:09.600000', '2024-01-10 17:53:09.600000', '2024-01-10 17:58:09.600000'),
(DEFAULT, 18947, 'Employee 120 submit Report', 'Completed Task.', NULL, 'APPROVED', '2024-01-04 22:49:48.000000', '2024-01-04 22:49:48.000000', '2024-01-04 22:54:48.000000'),
(DEFAULT, 18948, 'Employee 121 submit Report', 'Completed Task.', NULL, 'APPROVED', '2024-01-09 08:14:16.800000', '2024-01-09 08:14:16.800000', '2024-01-09 08:19:16.800000'),
(DEFAULT, 18949, 'Employee 122 submit Report', 'Completed Task.', NULL, 'APPROVED', '2024-01-06 10:03:43.200000', '2024-01-06 10:03:43.200000', '2024-01-06 10:08:43.200000'),
(DEFAULT, 18950, 'Employee 123 submit Report', 'Completed Task.', NULL, 'APPROVED', '2024-01-06 16:18:07.200000', '2024-01-06 16:18:07.200000', '2024-01-06 16:23:07.200000'),
(DEFAULT, 18951, 'Employee 124 submit Report', 'Completed Task.', NULL, 'APPROVED', '2024-01-10 05:30:07.200000', '2024-01-10 05:30:07.200000', '2024-01-10 05:35:07.200000'),
(DEFAULT, 18952, 'Employee 125 submit Report', 'Completed Task.', NULL, 'APPROVED', '2024-01-09 10:03:43.200000', '2024-01-09 10:03:43.200000', '2024-01-09 10:08:43.200000'),
(DEFAULT, 18953, 'Employee 126 submit Report', 'Completed Task.', NULL, 'APPROVED', '2024-01-04 18:30:36.000000', '2024-01-04 18:30:36.000000', '2024-01-04 18:35:36.000000'),
(DEFAULT, 18954, 'Employee 127 submit Report', 'Completed Task.', NULL, 'APPROVED', '2024-01-16 21:46:26.400000', '2024-01-16 21:46:26.400000', '2024-01-16 21:51:26.400000'),
(DEFAULT, 18955, 'Employee 128 submit Report', 'Completed Task.', NULL, 'APPROVED', '2024-01-09 03:40:40.800000', '2024-01-09 03:40:40.800000', '2024-01-09 03:45:40.800000'),
(DEFAULT, 18956, 'Employee 129 submit Report', 'Completed Task.', NULL, 'APPROVED', '2024-01-05 10:55:33.600000', '2024-01-05 10:55:33.600000', '2024-01-05 11:00:33.600000'),
(DEFAULT, 18957, 'Employee 130 submit Report', 'Completed Task.', NULL, 'APPROVED', '2024-01-06 05:50:16.800000', '2024-01-06 05:50:16.800000', '2024-01-06 05:55:16.800000'),
(DEFAULT, 18958, 'Employee 131 submit Report', 'Completed Task.', NULL, 'APPROVED', '2024-01-05 08:20:02.400000', '2024-01-05 08:20:02.400000', '2024-01-05 08:25:02.400000'),
(DEFAULT, 18959, 'Employee 132 submit Report', 'Completed Task.', NULL, 'APPROVED', '2024-01-03 22:38:16.800000', '2024-01-03 22:38:16.800000', '2024-01-03 22:43:16.800000'),
(DEFAULT, 18960, 'Employee 133 submit Report', 'Completed Task.', NULL, 'APPROVED', '2024-01-09 16:03:43.200000', '2024-01-09 16:03:43.200000', '2024-01-09 16:08:43.200000'),
(DEFAULT, 18961, 'Employee 134 submit Report', 'Completed Task.', NULL, 'APPROVED', '2024-01-17 22:44:02.400000', '2024-01-17 22:44:02.400000', '2024-01-17 22:49:02.400000'),
(DEFAULT, 18962, 'Employee 135 submit Report', 'Completed Task.', NULL, 'APPROVED', '2024-01-06 14:28:40.800000', '2024-01-06 14:28:40.800000', '2024-01-06 14:33:40.800000');

-- 2024-01-08 00:45:00.000000
-- 2024-01-08
INSERT INTO task (id, collection_id, created_by_id, root_task_id, name, description, report_format, level, task_type, priority, is_locked, start_date, end_date, deadline, created_time, updated_time)
VALUES (842, 61, 151, NULL, 'Verify Backup & Restore Stability', 'This is Verify Backup & Restore Stability', NULL, 'ADVANCED', 'TEST', 'NORMAL', FALSE, '2024-01-08', '2024-01-09', '2024-01-13', '2024-01-08 00:45:00.000000', '2024-01-08 00:45:00.000000');

INSERT INTO task_for_users (id, task_id, assigned_to_id, user_task_status, updated_time, started_time)
VALUES
(18964, 842, 116, 'JOINED', '2024-01-08 00:45:00.000000', '2024-01-08 00:52:12.000000');
INSERT INTO report (id, created_by_id, title, content, rejected_reason, report_status, created_time, updated_time, reviewed_time)
VALUES
(DEFAULT, 18964, 'Employee 116 submit Report', 'Completed Task.', NULL, 'APPROVED', '2024-01-09 12:30:36.000000', '2024-01-09 12:30:36.000000', '2024-01-09 12:35:36.000000');

-- 2024-01-14 00:45:00.000000
-- 2024-01-14
INSERT INTO task (id, collection_id, created_by_id, root_task_id, name, description, report_format, level, task_type, priority, is_locked, start_date, end_date, deadline, created_time, updated_time)
VALUES (843, 61, 151, NULL, 'Verify Browser Compatibility After Refactor', 'This is Verify Browser Compatibility After Refactor', NULL, 'NORMAL', 'TEST', 'URGENT', FALSE, '2024-01-14', '2024-02-04', '2024-01-20', '2024-01-14 00:45:00.000000', '2024-01-14 00:45:00.000000');

INSERT INTO task_for_users (id, task_id, assigned_to_id, user_task_status, updated_time, started_time)
VALUES
(18966, 843, 116, 'JOINED', '2024-01-14 00:45:00.000000', '2024-01-14 01:02:16.800000'),
(18967, 843, 117, 'JOINED', '2024-01-14 00:45:00.000000', '2024-01-19 10:21:00.000000'),
(18968, 843, 118, 'JOINED', '2024-01-14 00:45:00.000000', '2024-01-17 03:29:09.600000'),
(18969, 843, 119, 'JOINED', '2024-01-14 00:45:00.000000', '2024-01-14 22:59:52.800000'),
(18970, 843, 120, 'JOINED', '2024-01-14 00:45:00.000000', '2024-01-17 06:04:40.800000'),
(18971, 843, 121, 'JOINED', '2024-01-14 00:45:00.000000', '2024-01-14 23:30:07.200000'),
(18972, 843, 122, 'JOINED', '2024-01-14 00:45:00.000000', '2024-01-15 13:45:28.800000'),
(18973, 843, 123, 'JOINED', '2024-01-14 00:45:00.000000', '2024-01-15 13:54:07.200000'),
(18974, 843, 124, 'JOINED', '2024-01-14 00:45:00.000000', '2024-01-14 02:02:45.600000'),
(18975, 843, 125, 'JOINED', '2024-01-14 00:45:00.000000', '2024-01-14 04:38:16.800000'),
(18976, 843, 126, 'JOINED', '2024-01-14 00:45:00.000000', '2024-01-14 12:33:28.800000'),
(18977, 843, 127, 'JOINED', '2024-01-14 00:45:00.000000', '2024-01-16 21:43:33.600000'),
(18978, 843, 128, 'JOINED', '2024-01-14 00:45:00.000000', '2024-01-15 00:26:16.800000'),
(18979, 843, 129, 'JOINED', '2024-01-14 00:45:00.000000', '2024-01-15 14:11:24.000000'),
(18980, 843, 130, 'JOINED', '2024-01-14 00:45:00.000000', '2024-01-15 01:22:26.400000'),
(18981, 843, 131, 'JOINED', '2024-01-14 00:45:00.000000', '2024-01-17 00:10:26.400000'),
(18982, 843, 132, 'JOINED', '2024-01-14 00:45:00.000000', '2024-01-19 10:21:00.000000'),
(18983, 843, 133, 'JOINED', '2024-01-14 00:45:00.000000', '2024-01-15 18:56:31.200000'),
(18984, 843, 134, 'JOINED', '2024-01-14 00:45:00.000000', '2024-01-14 21:37:48.000000'),
(18985, 843, 135, 'JOINED', '2024-01-14 00:45:00.000000', '2024-01-19 10:21:00.000000'),
(18986, 843, 136, 'JOINED', '2024-01-14 00:45:00.000000', '2024-01-19 10:21:00.000000'),
(18987, 843, 137, 'JOINED', '2024-01-14 00:45:00.000000', '2024-01-14 17:44:31.200000'),
(18988, 843, 138, 'JOINED', '2024-01-14 00:45:00.000000', '2024-01-19 10:21:00.000000'),
(18989, 843, 140, 'JOINED', '2024-01-14 00:45:00.000000', '2024-01-14 18:06:07.200000');
INSERT INTO report (id, created_by_id, title, content, rejected_reason, report_status, created_time, updated_time, reviewed_time)
VALUES
(DEFAULT, 18966, 'Employee 116 submit Report', 'Completed Task.', NULL, 'APPROVED', '2024-01-15 20:48:50.400000', '2024-01-15 20:48:50.400000', '2024-01-15 20:53:50.400000'),
(DEFAULT, 18967, 'Employee 117 submit Report', 'Completed Task.', NULL, 'APPROVED', '2024-02-02 01:05:09.600000', '2024-02-02 01:05:09.600000', '2024-02-02 01:10:09.600000'),
(DEFAULT, 18968, 'Employee 118 submit Report', 'Completed Task.', NULL, 'APPROVED', '2024-01-20 00:27:43.200000', '2024-01-20 00:27:43.200000', '2024-01-20 00:32:43.200000'),
(DEFAULT, 18969, 'Employee 119 submit Report', 'Completed Task.', NULL, 'APPROVED', '2024-01-25 02:30:07.200000', '2024-01-25 02:30:07.200000', '2024-01-25 02:35:07.200000'),
(DEFAULT, 18970, 'Employee 120 submit Report', 'Completed Task.', NULL, 'APPROVED', '2024-01-19 15:14:45.600000', '2024-01-19 15:14:45.600000', '2024-01-19 15:19:45.600000'),
(DEFAULT, 18971, 'Employee 121 submit Report', 'Completed Task.', NULL, 'APPROVED', '2024-01-17 17:35:52.800000', '2024-01-17 17:35:52.800000', '2024-01-17 17:40:52.800000'),
(DEFAULT, 18972, 'Employee 122 submit Report', 'Completed Task.', NULL, 'APPROVED', '2024-01-17 22:21:00.000000', '2024-01-17 22:21:00.000000', '2024-01-17 22:26:00.000000'),
(DEFAULT, 18973, 'Employee 123 submit Report', 'Completed Task.', NULL, 'APPROVED', '2024-01-18 10:18:07.200000', '2024-01-18 10:18:07.200000', '2024-01-18 10:23:07.200000'),
(DEFAULT, 18974, 'Employee 124 submit Report', 'Completed Task.', NULL, 'APPROVED', '2024-01-15 22:49:48.000000', '2024-01-15 22:49:48.000000', '2024-01-15 22:54:48.000000'),
(DEFAULT, 18975, 'Employee 125 submit Report', 'Completed Task.', NULL, 'APPROVED', '2024-01-25 20:51:43.200000', '2024-01-25 20:51:43.200000', '2024-01-25 20:56:43.200000'),
(DEFAULT, 18976, 'Employee 126 submit Report', 'Completed Task.', NULL, 'APPROVED', '2024-01-25 12:56:31.200000', '2024-01-25 12:56:31.200000', '2024-01-25 13:01:31.200000'),
(DEFAULT, 18977, 'Employee 127 submit Report', 'Completed Task.', NULL, 'APPROVED', '2024-01-19 15:23:24.000000', '2024-01-19 15:23:24.000000', '2024-01-19 15:28:24.000000'),
(DEFAULT, 18978, 'Employee 128 submit Report', 'Completed Task.', NULL, 'APPROVED', '2024-01-25 01:03:43.200000', '2024-01-25 01:03:43.200000', '2024-01-25 01:08:43.200000'),
(DEFAULT, 18979, 'Employee 129 submit Report', 'Completed Task.', NULL, 'APPROVED', '2024-01-17 23:47:24.000000', '2024-01-17 23:47:24.000000', '2024-01-17 23:52:24.000000'),
(DEFAULT, 18980, 'Employee 130 submit Report', 'Completed Task.', NULL, 'APPROVED', '2024-01-17 18:10:26.400000', '2024-01-17 18:10:26.400000', '2024-01-17 18:15:26.400000'),
(DEFAULT, 18981, 'Employee 131 submit Report', 'Completed Task.', NULL, 'APPROVED', '2024-01-19 18:07:33.600000', '2024-01-19 18:07:33.600000', '2024-01-19 18:12:33.600000'),
(DEFAULT, 18982, 'Employee 132 submit Report', 'Completed Task.', NULL, 'APPROVED', '2024-02-01 10:23:52.800000', '2024-02-01 10:23:52.800000', '2024-02-01 10:28:52.800000'),
(DEFAULT, 18983, 'Employee 133 submit Report', 'Completed Task.', NULL, 'APPROVED', '2024-01-18 10:35:24.000000', '2024-01-18 10:35:24.000000', '2024-01-18 10:40:24.000000'),
(DEFAULT, 18984, 'Employee 134 submit Report', 'Completed Task.', NULL, 'APPROVED', '2024-01-17 18:19:04.800000', '2024-01-17 18:19:04.800000', '2024-01-17 18:24:04.800000'),
(DEFAULT, 18985, 'Employee 135 submit Report', 'Completed Task.', NULL, 'APPROVED', '2024-02-04 00:27:43.200000', '2024-02-04 00:27:43.200000', '2024-02-04 00:32:43.200000'),
(DEFAULT, 18986, 'Employee 136 submit Report', 'Completed Task.', NULL, 'APPROVED', '2024-02-04 18:01:48.000000', '2024-02-04 18:01:48.000000', '2024-02-04 18:06:48.000000'),
(DEFAULT, 18987, 'Employee 137 submit Report', 'Completed Task.', NULL, 'APPROVED', '2024-01-16 06:19:04.800000', '2024-01-16 06:19:04.800000', '2024-01-16 06:24:04.800000'),
(DEFAULT, 18988, 'Employee 138 submit Report', 'Completed Task.', NULL, 'APPROVED', '2024-02-02 00:13:19.200000', '2024-02-02 00:13:19.200000', '2024-02-02 00:18:19.200000'),
(DEFAULT, 18989, 'Employee 140 submit Report', 'Completed Task.', NULL, 'APPROVED', '2024-01-25 07:23:52.800000', '2024-01-25 07:23:52.800000', '2024-01-25 07:28:52.800000');

-- 2024-01-21 00:45:00.000000
-- 2024-01-21
INSERT INTO task (id, collection_id, created_by_id, root_task_id, name, description, report_format, level, task_type, priority, is_locked, start_date, end_date, deadline, created_time, updated_time)
VALUES (844, 61, 151, NULL, 'Verify Mobile Responsiveness After Refactor', 'This is Verify Mobile Responsiveness After Refactor', NULL, 'ADVANCED', 'TEST', 'NORMAL', FALSE, '2024-01-21', '2024-01-23', '2024-01-26', '2024-01-21 00:45:00.000000', '2024-01-21 00:45:00.000000');

INSERT INTO task_for_users (id, task_id, assigned_to_id, user_task_status, updated_time, started_time)
VALUES
(18991, 844, 116, 'JOINED', '2024-01-21 00:45:00.000000', '2024-01-22 09:01:48.000000');
INSERT INTO report (id, created_by_id, title, content, rejected_reason, report_status, created_time, updated_time, reviewed_time)
VALUES
(DEFAULT, 18991, 'Employee 116 submit Report', 'Completed Task.', NULL, 'APPROVED', '2024-01-23 23:04:12.000000', '2024-01-23 23:04:12.000000', '2024-01-23 23:09:12.000000');

-- 2024-01-27 00:45:00.000000
-- 2024-01-27
INSERT INTO task (id, collection_id, created_by_id, root_task_id, name, description, report_format, level, task_type, priority, is_locked, start_date, end_date, deadline, created_time, updated_time)
VALUES (845, 61, 151, NULL, 'Verify Accessibility Compliance', 'This is Verify Accessibility Compliance', NULL, 'NORMAL', 'TEST', 'HIGH', FALSE, '2024-01-27', '2024-02-11', '2024-02-01', '2024-01-27 00:45:00.000000', '2024-01-27 00:45:00.000000');

INSERT INTO task_for_users (id, task_id, assigned_to_id, user_task_status, updated_time, started_time)
VALUES
(18993, 845, 116, 'JOINED', '2024-01-27 00:45:00.000000', '2024-01-29 07:42:36.000000'),
(18994, 845, 117, 'JOINED', '2024-01-27 00:45:00.000000', '2024-01-27 01:42:36.000000'),
(18995, 845, 118, 'JOINED', '2024-01-27 00:45:00.000000', '2024-01-27 07:06:36.000000'),
(18996, 845, 119, 'JOINED', '2024-01-27 00:45:00.000000', '2024-01-27 01:28:12.000000'),
(18997, 845, 120, 'JOINED', '2024-01-27 00:45:00.000000', '2024-01-28 00:23:24.000000'),
(18998, 845, 121, 'JOINED', '2024-01-27 00:45:00.000000', '2024-01-28 06:09:00.000000'),
(18999, 845, 122, 'JOINED', '2024-01-27 00:45:00.000000', '2024-01-27 12:09:00.000000'),
(19000, 845, 123, 'JOINED', '2024-01-27 00:45:00.000000', '2024-01-27 09:30:36.000000'),
(19001, 845, 124, 'JOINED', '2024-01-27 00:45:00.000000', '2024-01-29 15:52:12.000000'),
(19002, 845, 125, 'JOINED', '2024-01-27 00:45:00.000000', '2024-01-29 21:30:36.000000'),
(19003, 845, 126, 'JOINED', '2024-01-27 00:45:00.000000', '2024-01-31 12:45:00.000000'),
(19004, 845, 127, 'JOINED', '2024-01-27 00:45:00.000000', '2024-01-27 16:06:36.000000'),
(19005, 845, 128, 'JOINED', '2024-01-27 00:45:00.000000', '2024-01-29 02:04:12.000000'),
(19006, 845, 129, 'JOINED', '2024-01-27 00:45:00.000000', '2024-01-28 13:42:36.000000'),
(19007, 845, 130, 'JOINED', '2024-01-27 00:45:00.000000', '2024-01-28 11:11:24.000000'),
(19008, 845, 131, 'JOINED', '2024-01-27 00:45:00.000000', '2024-01-29 23:18:36.000000'),
(19009, 845, 132, 'JOINED', '2024-01-27 00:45:00.000000', '2024-01-27 02:40:12.000000'),
(19010, 845, 133, 'JOINED', '2024-01-27 00:45:00.000000', '2024-01-28 01:57:00.000000'),
(19011, 845, 134, 'JOINED', '2024-01-27 00:45:00.000000', '2024-01-29 10:35:24.000000'),
(19012, 845, 135, 'JOINED', '2024-01-27 00:45:00.000000', '2024-01-27 04:42:36.000000'),
(19013, 845, 136, 'JOINED', '2024-01-27 00:45:00.000000', '2024-01-28 08:51:00.000000'),
(19014, 845, 138, 'JOINED', '2024-01-27 00:45:00.000000', '2024-01-27 11:40:12.000000'),
(19015, 845, 139, 'JOINED', '2024-01-27 00:45:00.000000', '2024-01-28 15:52:12.000000'),
(19016, 845, 140, 'JOINED', '2024-01-27 00:45:00.000000', '2024-01-31 12:45:00.000000');
INSERT INTO report (id, created_by_id, title, content, rejected_reason, report_status, created_time, updated_time, reviewed_time)
VALUES
(DEFAULT, 18993, 'Employee 116 submit Report', 'Completed Task.', NULL, 'APPROVED', '2024-01-31 13:06:36.000000', '2024-01-31 13:06:36.000000', '2024-01-31 13:11:36.000000'),
(DEFAULT, 18994, 'Employee 117 submit Report', 'Completed Task.', NULL, 'APPROVED', '2024-01-29 00:37:48.000000', '2024-01-29 00:37:48.000000', '2024-01-29 00:42:48.000000'),
(DEFAULT, 18995, 'Employee 118 submit Report', 'Completed Task.', NULL, 'APPROVED', '2024-01-29 01:49:48.000000', '2024-01-29 01:49:48.000000', '2024-01-29 01:54:48.000000'),
(DEFAULT, 18996, 'Employee 119 submit Report', 'Completed Task.', NULL, 'APPROVED', '2024-01-28 11:18:36.000000', '2024-01-28 11:18:36.000000', '2024-01-28 11:23:36.000000'),
(DEFAULT, 18997, 'Employee 120 submit Report', 'Completed Task.', NULL, 'APPROVED', '2024-01-29 11:04:12.000000', '2024-01-29 11:04:12.000000', '2024-01-29 11:09:12.000000'),
(DEFAULT, 18998, 'Employee 121 submit Report', 'Completed Task.', NULL, 'APPROVED', '2024-01-29 07:28:12.000000', '2024-01-29 07:28:12.000000', '2024-01-29 07:33:12.000000'),
(DEFAULT, 18999, 'Employee 122 submit Report', 'Completed Task.', NULL, 'APPROVED', '2024-01-28 17:18:36.000000', '2024-01-28 17:18:36.000000', '2024-01-28 17:23:36.000000'),
(DEFAULT, 19000, 'Employee 123 submit Report', 'Completed Task.', NULL, 'APPROVED', '2024-01-29 00:30:36.000000', '2024-01-29 00:30:36.000000', '2024-01-29 00:35:36.000000'),
(DEFAULT, 19001, 'Employee 124 submit Report', 'Completed Task.', NULL, 'APPROVED', '2024-01-30 17:33:00.000000', '2024-01-30 17:33:00.000000', '2024-01-30 17:38:00.000000'),
(DEFAULT, 19002, 'Employee 125 submit Report', 'Completed Task.', NULL, 'APPROVED', '2024-01-30 21:45:00.000000', '2024-01-30 21:45:00.000000', '2024-01-30 21:50:00.000000'),
(DEFAULT, 19003, 'Employee 126 submit Report', 'Completed Task.', NULL, 'APPROVED', '2024-02-11 22:28:12.000000', '2024-02-11 22:28:12.000000', '2024-02-11 22:33:12.000000'),
(DEFAULT, 19004, 'Employee 127 submit Report', 'Completed Task.', NULL, 'APPROVED', '2024-01-28 16:42:36.000000', '2024-01-28 16:42:36.000000', '2024-01-28 16:47:36.000000'),
(DEFAULT, 19005, 'Employee 128 submit Report', 'Completed Task.', NULL, 'APPROVED', '2024-01-30 12:23:24.000000', '2024-01-30 12:23:24.000000', '2024-01-30 12:28:24.000000'),
(DEFAULT, 19006, 'Employee 129 submit Report', 'Completed Task.', NULL, 'APPROVED', '2024-01-30 19:49:48.000000', '2024-01-30 19:49:48.000000', '2024-01-30 19:54:48.000000'),
(DEFAULT, 19007, 'Employee 130 submit Report', 'Completed Task.', NULL, 'APPROVED', '2024-01-30 08:40:12.000000', '2024-01-30 08:40:12.000000', '2024-01-30 08:45:12.000000'),
(DEFAULT, 19008, 'Employee 131 submit Report', 'Completed Task.', NULL, 'APPROVED', '2024-01-31 22:42:36.000000', '2024-01-31 22:42:36.000000', '2024-01-31 22:47:36.000000'),
(DEFAULT, 19009, 'Employee 132 submit Report', 'Completed Task.', NULL, 'APPROVED', '2024-01-28 04:21:00.000000', '2024-01-28 04:21:00.000000', '2024-01-28 04:26:00.000000'),
(DEFAULT, 19010, 'Employee 133 submit Report', 'Completed Task.', NULL, 'APPROVED', '2024-01-29 05:11:24.000000', '2024-01-29 05:11:24.000000', '2024-01-29 05:16:24.000000'),
(DEFAULT, 19011, 'Employee 134 submit Report', 'Completed Task.', NULL, 'APPROVED', '2024-01-31 07:13:48.000000', '2024-01-31 07:13:48.000000', '2024-01-31 07:18:48.000000'),
(DEFAULT, 19012, 'Employee 135 submit Report', 'Completed Task.', NULL, 'APPROVED', '2024-01-28 14:33:00.000000', '2024-01-28 14:33:00.000000', '2024-01-28 14:38:00.000000'),
(DEFAULT, 19013, 'Employee 136 submit Report', 'Completed Task.', NULL, 'APPROVED', '2024-02-04 16:39:00.000000', '2024-02-04 16:39:00.000000', '2024-02-04 16:44:00.000000'),
(DEFAULT, 19014, 'Employee 138 submit Report', 'Completed Task.', NULL, 'APPROVED', '2024-01-30 06:23:24.000000', '2024-01-30 06:23:24.000000', '2024-01-30 06:28:24.000000'),
(DEFAULT, 19015, 'Employee 139 submit Report', 'Completed Task.', NULL, 'APPROVED', '2024-02-04 09:37:48.000000', '2024-02-04 09:37:48.000000', '2024-02-04 09:42:48.000000'),
(DEFAULT, 19016, 'Employee 140 submit Report', 'Completed Task.', NULL, 'APPROVED', '2024-02-11 23:18:36.000000', '2024-02-11 23:18:36.000000', '2024-02-11 23:23:36.000000');

-- 2024-02-02 00:45:00.000000
-- 2024-02-02
INSERT INTO task (id, collection_id, created_by_id, root_task_id, name, description, report_format, level, task_type, priority, is_locked, start_date, end_date, deadline, created_time, updated_time)
VALUES (846, 61, 151, NULL, 'Verify Localization Stability', 'This is Verify Localization Stability', NULL, 'ADVANCED', 'TEST', 'NORMAL', FALSE, '2024-02-02', '2024-02-05', '2024-02-07', '2024-02-02 00:45:00.000000', '2024-02-02 00:45:00.000000');

INSERT INTO task_for_users (id, task_id, assigned_to_id, user_task_status, updated_time, started_time)
VALUES
(19018, 846, 116, 'JOINED', '2024-02-02 00:45:00.000000', '2024-02-03 08:33:00.000000');
INSERT INTO report (id, created_by_id, title, content, rejected_reason, report_status, created_time, updated_time, reviewed_time)
VALUES
(DEFAULT, 19018, 'Employee 116 submit Report', 'Completed Task.', NULL, 'APPROVED', '2024-02-05 15:37:48.000000', '2024-02-05 15:37:48.000000', '2024-02-05 15:42:48.000000');

-- 2024-02-08 00:45:00.000000
-- 2024-02-08
INSERT INTO task (id, collection_id, created_by_id, root_task_id, name, description, report_format, level, task_type, priority, is_locked, start_date, end_date, deadline, created_time, updated_time)
VALUES (847, 61, 151, NULL, 'Verify Timezone Handling', 'This is Verify Timezone Handling', NULL, 'NORMAL', 'TEST', 'NORMAL', FALSE, '2024-02-08', '2024-02-22', '2024-02-12', '2024-02-08 00:45:00.000000', '2024-02-08 00:45:00.000000');

INSERT INTO task_for_users (id, task_id, assigned_to_id, user_task_status, updated_time, started_time)
VALUES
(19020, 847, 116, 'JOINED', '2024-02-08 00:45:00.000000', '2024-02-08 01:02:16.800000'),
(19021, 847, 117, 'JOINED', '2024-02-08 00:45:00.000000', '2024-02-09 19:57:00.000000'),
(19022, 847, 118, 'JOINED', '2024-02-08 00:45:00.000000', '2024-02-10 07:16:40.800000'),
(19023, 847, 119, 'JOINED', '2024-02-08 00:45:00.000000', '2024-02-09 00:10:26.400000'),
(19024, 847, 120, 'JOINED', '2024-02-08 00:45:00.000000', '2024-02-08 10:03:43.200000'),
(19025, 847, 121, 'JOINED', '2024-02-08 00:45:00.000000', '2024-02-10 09:11:52.800000'),
(19026, 847, 122, 'JOINED', '2024-02-08 00:45:00.000000', '2024-02-11 15:09:00.000000'),
(19027, 847, 123, 'JOINED', '2024-02-08 00:45:00.000000', '2024-02-09 12:10:26.400000'),
(19028, 847, 124, 'JOINED', '2024-02-08 00:45:00.000000', '2024-02-08 18:53:38.400000'),
(19029, 847, 125, 'JOINED', '2024-02-08 00:45:00.000000', '2024-02-10 04:55:33.600000'),
(19030, 847, 126, 'JOINED', '2024-02-08 00:45:00.000000', '2024-02-09 14:05:38.400000'),
(19031, 847, 127, 'JOINED', '2024-02-08 00:45:00.000000', '2024-02-08 03:55:04.800000'),
(19032, 847, 128, 'JOINED', '2024-02-08 00:45:00.000000', '2024-02-10 13:02:16.800000'),
(19033, 847, 129, 'JOINED', '2024-02-08 00:45:00.000000', '2024-02-10 16:46:55.200000'),
(19034, 847, 130, 'JOINED', '2024-02-08 00:45:00.000000', '2024-02-08 18:36:21.600000'),
(19035, 847, 131, 'JOINED', '2024-02-08 00:45:00.000000', '2024-02-10 18:24:50.400000'),
(19036, 847, 132, 'JOINED', '2024-02-08 00:45:00.000000', '2024-02-08 23:41:38.400000'),
(19037, 847, 133, 'JOINED', '2024-02-08 00:45:00.000000', '2024-02-08 08:54:36.000000'),
(19038, 847, 134, 'JOINED', '2024-02-08 00:45:00.000000', '2024-02-09 22:38:16.800000'),
(19039, 847, 135, 'JOINED', '2024-02-08 00:45:00.000000', '2024-02-08 08:37:19.200000'),
(19040, 847, 136, 'JOINED', '2024-02-08 00:45:00.000000', '2024-02-09 09:03:14.400000'),
(19041, 847, 137, 'JOINED', '2024-02-08 00:45:00.000000', '2024-02-11 15:09:00.000000'),
(19042, 847, 139, 'JOINED', '2024-02-08 00:45:00.000000', '2024-02-11 15:09:00.000000'),
(19043, 847, 140, 'JOINED', '2024-02-08 00:45:00.000000', '2024-02-10 08:57:28.800000');
INSERT INTO report (id, created_by_id, title, content, rejected_reason, report_status, created_time, updated_time, reviewed_time)
VALUES
(DEFAULT, 19020, 'Employee 116 submit Report', 'Completed Task.', NULL, 'APPROVED', '2024-02-09 00:21:57.600000', '2024-02-09 00:21:57.600000', '2024-02-09 00:26:57.600000'),
(DEFAULT, 19021, 'Employee 117 submit Report', 'Completed Task.', NULL, 'APPROVED', '2024-02-10 10:32:31.200000', '2024-02-10 10:32:31.200000', '2024-02-10 10:37:31.200000'),
(DEFAULT, 19022, 'Employee 118 submit Report', 'Completed Task.', NULL, 'APPROVED', '2024-02-12 00:33:28.800000', '2024-02-12 00:33:28.800000', '2024-02-12 00:38:28.800000'),
(DEFAULT, 19023, 'Employee 119 submit Report', 'Completed Task.', NULL, 'APPROVED', '2024-02-09 15:14:45.600000', '2024-02-09 15:14:45.600000', '2024-02-09 15:19:45.600000'),
(DEFAULT, 19024, 'Employee 120 submit Report', 'Completed Task.', NULL, 'APPROVED', '2024-02-09 10:03:43.200000', '2024-02-09 10:03:43.200000', '2024-02-09 10:08:43.200000'),
(DEFAULT, 19025, 'Employee 121 submit Report', 'Completed Task.', NULL, 'APPROVED', '2024-02-11 14:17:09.600000', '2024-02-11 14:17:09.600000', '2024-02-11 14:22:09.600000'),
(DEFAULT, 19026, 'Employee 122 submit Report', 'Completed Task.', NULL, 'APPROVED', '2024-02-21 18:42:07.200000', '2024-02-21 18:42:07.200000', '2024-02-21 18:47:07.200000'),
(DEFAULT, 19027, 'Employee 123 submit Report', 'Completed Task.', NULL, 'APPROVED', '2024-02-10 20:43:04.800000', '2024-02-10 20:43:04.800000', '2024-02-10 20:48:04.800000'),
(DEFAULT, 19028, 'Employee 124 submit Report', 'Completed Task.', NULL, 'APPROVED', '2024-02-09 13:25:19.200000', '2024-02-09 13:25:19.200000', '2024-02-09 13:30:19.200000'),
(DEFAULT, 19029, 'Employee 125 submit Report', 'Completed Task.', NULL, 'APPROVED', '2024-02-13 20:34:26.400000', '2024-02-13 20:34:26.400000', '2024-02-13 20:39:26.400000'),
(DEFAULT, 19030, 'Employee 126 submit Report', 'Completed Task.', NULL, 'APPROVED', '2024-02-10 20:25:48.000000', '2024-02-10 20:25:48.000000', '2024-02-10 20:30:48.000000'),
(DEFAULT, 19031, 'Employee 127 submit Report', 'Completed Task.', NULL, 'APPROVED', '2024-02-08 23:53:09.600000', '2024-02-08 23:53:09.600000', '2024-02-08 23:58:09.600000'),
(DEFAULT, 19032, 'Employee 128 submit Report', 'Completed Task.', NULL, 'APPROVED', '2024-02-11 12:04:40.800000', '2024-02-11 12:04:40.800000', '2024-02-11 12:09:40.800000'),
(DEFAULT, 19033, 'Employee 129 submit Report', 'Completed Task.', NULL, 'APPROVED', '2024-02-11 16:35:24.000000', '2024-02-11 16:35:24.000000', '2024-02-11 16:40:24.000000'),
(DEFAULT, 19034, 'Employee 130 submit Report', 'Completed Task.', NULL, 'APPROVED', '2024-02-10 03:55:04.800000', '2024-02-10 03:55:04.800000', '2024-02-10 04:00:04.800000'),
(DEFAULT, 19035, 'Employee 131 submit Report', 'Completed Task.', NULL, 'APPROVED', '2024-02-11 22:26:45.600000', '2024-02-11 22:26:45.600000', '2024-02-11 22:31:45.600000'),
(DEFAULT, 19036, 'Employee 132 submit Report', 'Completed Task.', NULL, 'APPROVED', '2024-02-10 06:59:24.000000', '2024-02-10 06:59:24.000000', '2024-02-10 07:04:24.000000'),
(DEFAULT, 19037, 'Employee 133 submit Report', 'Completed Task.', NULL, 'APPROVED', '2024-02-09 01:36:50.400000', '2024-02-09 01:36:50.400000', '2024-02-09 01:41:50.400000'),
(DEFAULT, 19038, 'Employee 134 submit Report', 'Completed Task.', NULL, 'APPROVED', '2024-02-11 18:13:19.200000', '2024-02-11 18:13:19.200000', '2024-02-11 18:18:19.200000'),
(DEFAULT, 19039, 'Employee 135 submit Report', 'Completed Task.', NULL, 'APPROVED', '2024-02-09 18:42:07.200000', '2024-02-09 18:42:07.200000', '2024-02-09 18:47:07.200000'),
(DEFAULT, 19040, 'Employee 136 submit Report', 'Completed Task.', NULL, 'APPROVED', '2024-02-14 16:26:45.600000', '2024-02-14 16:26:45.600000', '2024-02-14 16:31:45.600000'),
(DEFAULT, 19041, 'Employee 137 submit Report', 'Completed Task.', NULL, 'APPROVED', '2024-02-19 22:09:28.800000', '2024-02-19 22:09:28.800000', '2024-02-19 22:14:28.800000'),
(DEFAULT, 19042, 'Employee 139 submit Report', 'Completed Task.', NULL, 'APPROVED', '2024-02-22 08:20:02.400000', '2024-02-22 08:20:02.400000', '2024-02-22 08:25:02.400000'),
(DEFAULT, 19043, 'Employee 140 submit Report', 'Completed Task.', NULL, 'APPROVED', '2024-02-13 16:32:31.200000', '2024-02-13 16:32:31.200000', '2024-02-13 16:37:31.200000');

-- 2024-02-13 00:45:00.000000
-- 2024-02-13
INSERT INTO task (id, collection_id, created_by_id, root_task_id, name, description, report_format, level, task_type, priority, is_locked, start_date, end_date, deadline, created_time, updated_time)
VALUES (848, 61, 151, NULL, 'Verify Large Dataset Handling', 'This is Verify Large Dataset Handling', NULL, 'ADVANCED', 'TEST', 'NORMAL', FALSE, '2024-02-13', '2024-02-21', '2024-02-18', '2024-02-13 00:45:00.000000', '2024-02-13 00:45:00.000000');

INSERT INTO task_for_users (id, task_id, assigned_to_id, user_task_status, updated_time, started_time)
VALUES
(19045, 848, 116, 'JOINED', '2024-02-13 00:45:00.000000', '2024-02-14 12:27:00.000000');
INSERT INTO report (id, created_by_id, title, content, rejected_reason, report_status, created_time, updated_time, reviewed_time)
VALUES
(DEFAULT, 19045, 'Employee 116 submit Report', 'Completed Task.', NULL, 'APPROVED', '2024-02-21 13:03:00.000000', '2024-02-21 13:03:00.000000', '2024-02-21 13:08:00.000000');

-- 2024-02-19 00:45:00.000000
-- 2024-02-19
INSERT INTO task (id, collection_id, created_by_id, root_task_id, name, description, report_format, level, task_type, priority, is_locked, start_date, end_date, deadline, created_time, updated_time)
VALUES (849, 61, 151, NULL, 'Verify Long-running Session Stability', 'This is Verify Long-running Session Stability', NULL, 'ADVANCED', 'TEST', 'URGENT', FALSE, '2024-02-19', '2024-03-16', '2024-02-26', '2024-02-19 00:45:00.000000', '2024-02-19 00:45:00.000000');

INSERT INTO task_for_users (id, task_id, assigned_to_id, user_task_status, updated_time, started_time)
VALUES
(19047, 849, 112, 'JOINED', '2024-02-19 00:45:00.000000', '2024-02-20 05:48:50.400000'),
(19048, 849, 113, 'JOINED', '2024-02-19 00:45:00.000000', '2024-02-21 07:10:55.200000'),
(19049, 849, 115, 'JOINED', '2024-02-19 00:45:00.000000', '2024-02-20 09:00:21.600000'),
(19050, 849, 116, 'JOINED', '2024-02-19 00:45:00.000000', '2024-02-25 07:57:00.000000'),
(19051, 849, 117, 'JOINED', '2024-02-19 00:45:00.000000', '2024-02-20 16:39:00.000000'),
(19052, 849, 118, 'JOINED', '2024-02-19 00:45:00.000000', '2024-02-25 07:57:00.000000'),
(19053, 849, 119, 'JOINED', '2024-02-19 00:45:00.000000', '2024-02-20 11:11:24.000000'),
(19054, 849, 120, 'JOINED', '2024-02-19 00:45:00.000000', '2024-02-25 07:57:00.000000'),
(19055, 849, 121, 'JOINED', '2024-02-19 00:45:00.000000', '2024-02-20 10:31:04.800000'),
(19056, 849, 122, 'JOINED', '2024-02-19 00:45:00.000000', '2024-02-25 07:57:00.000000'),
(19057, 849, 123, 'JOINED', '2024-02-19 00:45:00.000000', '2024-02-20 19:15:14.400000'),
(19058, 849, 124, 'JOINED', '2024-02-19 00:45:00.000000', '2024-02-19 16:32:31.200000'),
(19059, 849, 125, 'JOINED', '2024-02-19 00:45:00.000000', '2024-02-25 07:57:00.000000'),
(19060, 849, 126, 'JOINED', '2024-02-19 00:45:00.000000', '2024-02-25 07:57:00.000000'),
(19061, 849, 127, 'JOINED', '2024-02-19 00:45:00.000000', '2024-02-25 07:57:00.000000'),
(19062, 849, 128, 'JOINED', '2024-02-19 00:45:00.000000', '2024-02-19 08:48:50.400000'),
(19063, 849, 129, 'JOINED', '2024-02-19 00:45:00.000000', '2024-02-19 18:28:26.400000'),
(19064, 849, 130, 'JOINED', '2024-02-19 00:45:00.000000', '2024-02-20 17:49:33.600000'),
(19065, 849, 131, 'JOINED', '2024-02-19 00:45:00.000000', '2024-02-25 07:57:00.000000'),
(19066, 849, 132, 'JOINED', '2024-02-19 00:45:00.000000', '2024-02-20 06:54:21.600000'),
(19067, 849, 133, 'JOINED', '2024-02-19 00:45:00.000000', '2024-02-19 09:29:09.600000'),
(19068, 849, 134, 'JOINED', '2024-02-19 00:45:00.000000', '2024-02-20 09:35:38.400000'),
(19069, 849, 135, 'JOINED', '2024-02-19 00:45:00.000000', '2024-02-20 09:15:28.800000');
INSERT INTO report (id, created_by_id, title, content, rejected_reason, report_status, created_time, updated_time, reviewed_time)
VALUES
(DEFAULT, 19047, 'Employee 112 submit Report', 'Completed Task.', NULL, 'APPROVED', '2024-02-23 02:31:33.600000', '2024-02-23 02:31:33.600000', '2024-02-23 02:36:33.600000'),
(DEFAULT, 19048, 'Employee 113 submit Report', 'Completed Task.', NULL, 'APPROVED', '2024-02-24 18:50:45.600000', '2024-02-24 18:50:45.600000', '2024-02-24 18:55:45.600000'),
(DEFAULT, 19049, 'Employee 115 submit Report', 'Completed Task.', NULL, 'APPROVED', '2024-02-23 00:10:26.400000', '2024-02-23 00:10:26.400000', '2024-02-23 00:15:26.400000'),
(DEFAULT, 19050, 'Employee 116 submit Report', 'Completed Task.', NULL, 'APPROVED', '2024-03-15 12:36:21.600000', '2024-03-15 12:36:21.600000', '2024-03-15 12:41:21.600000'),
(DEFAULT, 19051, 'Employee 117 submit Report', 'Completed Task.', NULL, 'APPROVED', '2024-03-02 08:51:00.000000', '2024-03-02 08:51:00.000000', '2024-03-02 08:56:00.000000'),
(DEFAULT, 19052, 'Employee 118 submit Report', 'Completed Task.', NULL, 'APPROVED', '2024-03-12 13:52:40.800000', '2024-03-12 13:52:40.800000', '2024-03-12 13:57:40.800000'),
(DEFAULT, 19053, 'Employee 119 submit Report', 'Completed Task.', NULL, 'APPROVED', '2024-03-02 14:18:36.000000', '2024-03-02 14:18:36.000000', '2024-03-02 14:23:36.000000'),
(DEFAULT, 19054, 'Employee 120 submit Report', 'Completed Task.', NULL, 'APPROVED', '2024-03-13 21:37:48.000000', '2024-03-13 21:37:48.000000', '2024-03-13 21:42:48.000000'),
(DEFAULT, 19055, 'Employee 121 submit Report', 'Completed Task.', NULL, 'APPROVED', '2024-02-25 01:44:02.400000', '2024-02-25 01:44:02.400000', '2024-02-25 01:49:02.400000'),
(DEFAULT, 19056, 'Employee 122 submit Report', 'Completed Task.', NULL, 'APPROVED', '2024-03-11 05:17:09.600000', '2024-03-11 05:17:09.600000', '2024-03-11 05:22:09.600000'),
(DEFAULT, 19057, 'Employee 123 submit Report', 'Completed Task.', NULL, 'APPROVED', '2024-02-25 06:06:07.200000', '2024-02-25 06:06:07.200000', '2024-02-25 06:11:07.200000'),
(DEFAULT, 19058, 'Employee 124 submit Report', 'Completed Task.', NULL, 'APPROVED', '2024-03-03 08:57:28.800000', '2024-03-03 08:57:28.800000', '2024-03-03 09:02:28.800000'),
(DEFAULT, 19059, 'Employee 125 submit Report', 'Completed Task.', NULL, 'APPROVED', '2024-03-15 14:47:24.000000', '2024-03-15 14:47:24.000000', '2024-03-15 14:52:24.000000'),
(DEFAULT, 19060, 'Employee 126 submit Report', 'Completed Task.', NULL, 'APPROVED', '2024-03-11 20:54:36.000000', '2024-03-11 20:54:36.000000', '2024-03-11 20:59:36.000000'),
(DEFAULT, 19061, 'Employee 127 submit Report', 'Completed Task.', NULL, 'APPROVED', '2024-03-16 04:13:48.000000', '2024-03-16 04:13:48.000000', '2024-03-16 04:18:48.000000'),
(DEFAULT, 19062, 'Employee 128 submit Report', 'Completed Task.', NULL, 'APPROVED', '2024-03-03 16:41:09.600000', '2024-03-03 16:41:09.600000', '2024-03-03 16:46:09.600000'),
(DEFAULT, 19063, 'Employee 129 submit Report', 'Completed Task.', NULL, 'APPROVED', '2024-03-03 07:01:33.600000', '2024-03-03 07:01:33.600000', '2024-03-03 07:06:33.600000'),
(DEFAULT, 19064, 'Employee 130 submit Report', 'Completed Task.', NULL, 'APPROVED', '2024-03-02 07:40:26.400000', '2024-03-02 07:40:26.400000', '2024-03-02 07:45:26.400000'),
(DEFAULT, 19065, 'Employee 131 submit Report', 'Completed Task.', NULL, 'APPROVED', '2024-03-11 01:35:24.000000', '2024-03-11 01:35:24.000000', '2024-03-11 01:40:24.000000'),
(DEFAULT, 19066, 'Employee 132 submit Report', 'Completed Task.', NULL, 'APPROVED', '2024-03-02 18:35:38.400000', '2024-03-02 18:35:38.400000', '2024-03-02 18:40:38.400000'),
(DEFAULT, 19067, 'Employee 133 submit Report', 'Completed Task.', NULL, 'APPROVED', '2024-03-03 16:00:50.400000', '2024-03-03 16:00:50.400000', '2024-03-03 16:05:50.400000'),
(DEFAULT, 19068, 'Employee 134 submit Report', 'Completed Task.', NULL, 'APPROVED', '2024-03-02 15:54:21.600000', '2024-03-02 15:54:21.600000', '2024-03-02 15:59:21.600000'),
(DEFAULT, 19069, 'Employee 135 submit Report', 'Completed Task.', NULL, 'APPROVED', '2024-03-02 16:14:31.200000', '2024-03-02 16:14:31.200000', '2024-03-02 16:19:31.200000');

-- 2024-02-27 00:45:00.000000
-- 2024-02-27
INSERT INTO task (id, collection_id, created_by_id, root_task_id, name, description, report_format, level, task_type, priority, is_locked, start_date, end_date, deadline, created_time, updated_time)
VALUES (850, 61, 151, NULL, 'Verify Error Recovery UX', 'This is Verify Error Recovery UX', NULL, 'ADVANCED', 'TEST', 'HIGH', FALSE, '2024-02-27', '2024-03-08', '2024-03-04', '2024-02-27 00:45:00.000000', '2024-02-27 00:45:00.000000');

INSERT INTO task_for_users (id, task_id, assigned_to_id, user_task_status, updated_time, started_time)
VALUES
(19071, 850, 117, 'JOINED', '2024-02-27 00:45:00.000000', '2024-02-28 20:27:14.400000');
INSERT INTO report (id, created_by_id, title, content, rejected_reason, report_status, created_time, updated_time, reviewed_time)
VALUES
(DEFAULT, 19071, 'Employee 117 submit Report', 'Completed Task.', NULL, 'APPROVED', '2024-03-08 05:02:45.600000', '2024-03-08 05:02:45.600000', '2024-03-08 05:07:45.600000');

-- 2024-03-05 00:45:00.000000
-- 2024-03-05
INSERT INTO task (id, collection_id, created_by_id, root_task_id, name, description, report_format, level, task_type, priority, is_locked, start_date, end_date, deadline, created_time, updated_time)
VALUES (851, 61, 151, NULL, 'Verify Notification Delivery Performance', 'This is Verify Notification Delivery Performance', NULL, 'ADVANCED', 'TEST', 'HIGH', FALSE, '2024-03-05', '2024-03-28', '2024-03-11', '2024-03-05 00:45:00.000000', '2024-03-05 00:45:00.000000');

INSERT INTO task_for_users (id, task_id, assigned_to_id, user_task_status, updated_time, started_time)
VALUES
(19073, 851, 111, 'JOINED', '2024-03-05 00:45:00.000000', '2024-03-07 04:26:45.600000'),
(19074, 851, 112, 'JOINED', '2024-03-05 00:45:00.000000', '2024-03-07 02:51:43.200000'),
(19075, 851, 115, 'JOINED', '2024-03-05 00:45:00.000000', '2024-03-08 13:08:02.400000'),
(19076, 851, 116, 'JOINED', '2024-03-05 00:45:00.000000', '2024-03-05 01:41:09.600000'),
(19077, 851, 117, 'JOINED', '2024-03-05 00:45:00.000000', '2024-03-10 10:21:00.000000'),
(19078, 851, 118, 'JOINED', '2024-03-05 00:45:00.000000', '2024-03-05 04:08:02.400000'),
(19079, 851, 119, 'JOINED', '2024-03-05 00:45:00.000000', '2024-03-10 10:21:00.000000'),
(19080, 851, 120, 'JOINED', '2024-03-05 00:45:00.000000', '2024-03-06 12:10:26.400000'),
(19081, 851, 121, 'JOINED', '2024-03-05 00:45:00.000000', '2024-03-05 13:33:57.600000'),
(19082, 851, 122, 'JOINED', '2024-03-05 00:45:00.000000', '2024-03-05 02:45:57.600000'),
(19083, 851, 123, 'JOINED', '2024-03-05 00:45:00.000000', '2024-03-06 05:15:43.200000'),
(19084, 851, 124, 'JOINED', '2024-03-05 00:45:00.000000', '2024-03-10 10:21:00.000000'),
(19085, 851, 125, 'JOINED', '2024-03-05 00:45:00.000000', '2024-03-06 22:15:14.400000'),
(19086, 851, 126, 'JOINED', '2024-03-05 00:45:00.000000', '2024-03-10 10:21:00.000000'),
(19087, 851, 127, 'JOINED', '2024-03-05 00:45:00.000000', '2024-03-06 10:09:28.800000'),
(19088, 851, 128, 'JOINED', '2024-03-05 00:45:00.000000', '2024-03-10 10:21:00.000000'),
(19089, 851, 129, 'JOINED', '2024-03-05 00:45:00.000000', '2024-03-05 00:53:38.400000'),
(19090, 851, 130, 'JOINED', '2024-03-05 00:45:00.000000', '2024-03-10 10:21:00.000000'),
(19091, 851, 131, 'JOINED', '2024-03-05 00:45:00.000000', '2024-03-10 10:21:00.000000'),
(19092, 851, 132, 'JOINED', '2024-03-05 00:45:00.000000', '2024-03-10 10:21:00.000000'),
(19093, 851, 133, 'JOINED', '2024-03-05 00:45:00.000000', '2024-03-06 15:20:31.200000'),
(19094, 851, 134, 'JOINED', '2024-03-05 00:45:00.000000', '2024-03-07 01:29:38.400000'),
(19095, 851, 135, 'JOINED', '2024-03-05 00:45:00.000000', '2024-03-05 05:47:24.000000');
INSERT INTO report (id, created_by_id, title, content, rejected_reason, report_status, created_time, updated_time, reviewed_time)
VALUES
(DEFAULT, 19073, 'Employee 111 submit Report', 'Completed Task.', NULL, 'APPROVED', '2024-03-09 20:40:12.000000', '2024-03-09 20:40:12.000000', '2024-03-09 20:45:12.000000'),
(DEFAULT, 19074, 'Employee 112 submit Report', 'Completed Task.', NULL, 'APPROVED', '2024-03-09 06:59:24.000000', '2024-03-09 06:59:24.000000', '2024-03-09 07:04:24.000000'),
(DEFAULT, 19075, 'Employee 115 submit Report', 'Completed Task.', NULL, 'APPROVED', '2024-03-09 21:06:07.200000', '2024-03-09 21:06:07.200000', '2024-03-09 21:11:07.200000'),
(DEFAULT, 19076, 'Employee 116 submit Report', 'Completed Task.', NULL, 'APPROVED', '2024-03-16 23:48:50.400000', '2024-03-16 23:48:50.400000', '2024-03-16 23:53:50.400000'),
(DEFAULT, 19077, 'Employee 117 submit Report', 'Completed Task.', NULL, 'APPROVED', '2024-03-25 00:33:28.800000', '2024-03-25 00:33:28.800000', '2024-03-25 00:38:28.800000'),
(DEFAULT, 19078, 'Employee 118 submit Report', 'Completed Task.', NULL, 'APPROVED', '2024-03-16 21:21:57.600000', '2024-03-16 21:21:57.600000', '2024-03-16 21:26:57.600000'),
(DEFAULT, 19079, 'Employee 119 submit Report', 'Completed Task.', NULL, 'APPROVED', '2024-03-24 07:25:19.200000', '2024-03-24 07:25:19.200000', '2024-03-24 07:30:19.200000'),
(DEFAULT, 19080, 'Employee 120 submit Report', 'Completed Task.', NULL, 'APPROVED', '2024-03-15 13:19:33.600000', '2024-03-15 13:19:33.600000', '2024-03-15 13:24:33.600000'),
(DEFAULT, 19081, 'Employee 121 submit Report', 'Completed Task.', NULL, 'APPROVED', '2024-03-08 06:56:31.200000', '2024-03-08 06:56:31.200000', '2024-03-08 07:01:31.200000'),
(DEFAULT, 19082, 'Employee 122 submit Report', 'Completed Task.', NULL, 'APPROVED', '2024-03-16 22:44:02.400000', '2024-03-16 22:44:02.400000', '2024-03-16 22:49:02.400000'),
(DEFAULT, 19083, 'Employee 123 submit Report', 'Completed Task.', NULL, 'APPROVED', '2024-03-09 00:30:36.000000', '2024-03-09 00:30:36.000000', '2024-03-09 00:35:36.000000'),
(DEFAULT, 19084, 'Employee 124 submit Report', 'Completed Task.', NULL, 'APPROVED', '2024-03-28 09:20:31.200000', '2024-03-28 09:20:31.200000', '2024-03-28 09:25:31.200000'),
(DEFAULT, 19085, 'Employee 125 submit Report', 'Completed Task.', NULL, 'APPROVED', '2024-03-10 20:34:26.400000', '2024-03-10 20:34:26.400000', '2024-03-10 20:39:26.400000'),
(DEFAULT, 19086, 'Employee 126 submit Report', 'Completed Task.', NULL, 'APPROVED', '2024-03-27 22:49:48.000000', '2024-03-27 22:49:48.000000', '2024-03-27 22:54:48.000000'),
(DEFAULT, 19087, 'Employee 127 submit Report', 'Completed Task.', NULL, 'APPROVED', '2024-03-10 02:08:31.200000', '2024-03-10 02:08:31.200000', '2024-03-10 02:13:31.200000'),
(DEFAULT, 19088, 'Employee 128 submit Report', 'Completed Task.', NULL, 'APPROVED', '2024-03-22 16:15:14.400000', '2024-03-22 16:15:14.400000', '2024-03-22 16:20:14.400000'),
(DEFAULT, 19089, 'Employee 129 submit Report', 'Completed Task.', NULL, 'APPROVED', '2024-03-06 21:57:57.600000', '2024-03-06 21:57:57.600000', '2024-03-06 22:02:57.600000'),
(DEFAULT, 19090, 'Employee 130 submit Report', 'Completed Task.', NULL, 'APPROVED', '2024-03-23 04:12:21.600000', '2024-03-23 04:12:21.600000', '2024-03-23 04:17:21.600000'),
(DEFAULT, 19091, 'Employee 131 submit Report', 'Completed Task.', NULL, 'APPROVED', '2024-03-22 10:55:33.600000', '2024-03-22 10:55:33.600000', '2024-03-22 11:00:33.600000'),
(DEFAULT, 19092, 'Employee 132 submit Report', 'Completed Task.', NULL, 'APPROVED', '2024-03-23 16:00:50.400000', '2024-03-23 16:00:50.400000', '2024-03-23 16:05:50.400000'),
(DEFAULT, 19093, 'Employee 133 submit Report', 'Completed Task.', NULL, 'APPROVED', '2024-03-10 20:34:26.400000', '2024-03-10 20:34:26.400000', '2024-03-10 20:39:26.400000'),
(DEFAULT, 19094, 'Employee 134 submit Report', 'Completed Task.', NULL, 'APPROVED', '2024-03-15 00:00:21.600000', '2024-03-15 00:00:21.600000', '2024-03-15 00:05:21.600000'),
(DEFAULT, 19095, 'Employee 135 submit Report', 'Completed Task.', NULL, 'APPROVED', '2024-03-07 07:19:33.600000', '2024-03-07 07:19:33.600000', '2024-03-07 07:24:33.600000');

-- 2024-03-12 00:45:00.000000
-- 2024-03-12
INSERT INTO task (id, collection_id, created_by_id, root_task_id, name, description, report_format, level, task_type, priority, is_locked, start_date, end_date, deadline, created_time, updated_time)
VALUES (852, 61, 151, NULL, 'Verify Report Generation Performance', 'This is Verify Report Generation Performance', NULL, 'ADVANCED', 'TEST', 'HIGH', FALSE, '2024-03-12', '2024-03-16', '2024-03-18', '2024-03-12 00:45:00.000000', '2024-03-12 00:45:00.000000');

INSERT INTO task_for_users (id, task_id, assigned_to_id, user_task_status, updated_time, started_time)
VALUES
(19097, 852, 117, 'JOINED', '2024-03-12 00:45:00.000000', '2024-03-13 10:09:28.800000');
INSERT INTO report (id, created_by_id, title, content, rejected_reason, report_status, created_time, updated_time, reviewed_time)
VALUES
(DEFAULT, 19097, 'Employee 117 submit Report', 'Completed Task.', NULL, 'APPROVED', '2024-03-16 10:35:24.000000', '2024-03-16 10:35:24.000000', '2024-03-16 10:40:24.000000');

-- 2024-03-19 00:45:00.000000
-- 2024-03-19
INSERT INTO task (id, collection_id, created_by_id, root_task_id, name, description, report_format, level, task_type, priority, is_locked, start_date, end_date, deadline, created_time, updated_time)
VALUES (853, 61, 151, NULL, 'Verify Analytics Accuracy Under Load', 'This is Verify Analytics Accuracy Under Load', NULL, 'ADVANCED', 'TEST', 'NORMAL', FALSE, '2024-03-19', '2024-04-03', '2024-03-24', '2024-03-19 00:45:00.000000', '2024-03-19 00:45:00.000000');

INSERT INTO task_for_users (id, task_id, assigned_to_id, user_task_status, updated_time, started_time)
VALUES
(19099, 853, 112, 'JOINED', '2024-03-19 00:45:00.000000', '2024-03-22 02:18:36.000000'),
(19100, 853, 113, 'JOINED', '2024-03-19 00:45:00.000000', '2024-03-20 10:57:00.000000'),
(19101, 853, 114, 'JOINED', '2024-03-19 00:45:00.000000', '2024-03-20 01:57:00.000000'),
(19102, 853, 116, 'JOINED', '2024-03-19 00:45:00.000000', '2024-03-19 01:03:00.000000'),
(19103, 853, 117, 'JOINED', '2024-03-19 00:45:00.000000', '2024-03-19 03:23:24.000000'),
(19104, 853, 118, 'JOINED', '2024-03-19 00:45:00.000000', '2024-03-20 17:33:00.000000'),
(19105, 853, 119, 'JOINED', '2024-03-19 00:45:00.000000', '2024-03-19 11:47:24.000000'),
(19106, 853, 120, 'JOINED', '2024-03-19 00:45:00.000000', '2024-03-19 18:23:24.000000'),
(19107, 853, 121, 'JOINED', '2024-03-19 00:45:00.000000', '2024-03-19 17:04:12.000000'),
(19108, 853, 122, 'JOINED', '2024-03-19 00:45:00.000000', '2024-03-19 16:42:36.000000'),
(19109, 853, 123, 'JOINED', '2024-03-19 00:45:00.000000', '2024-03-19 05:40:12.000000'),
(19110, 853, 124, 'JOINED', '2024-03-19 00:45:00.000000', '2024-03-23 12:45:00.000000'),
(19111, 853, 125, 'JOINED', '2024-03-19 00:45:00.000000', '2024-03-19 05:47:24.000000'),
(19112, 853, 126, 'JOINED', '2024-03-19 00:45:00.000000', '2024-03-19 00:59:24.000000'),
(19113, 853, 127, 'JOINED', '2024-03-19 00:45:00.000000', '2024-03-19 18:23:24.000000'),
(19114, 853, 128, 'JOINED', '2024-03-19 00:45:00.000000', '2024-03-20 09:59:24.000000'),
(19115, 853, 129, 'JOINED', '2024-03-19 00:45:00.000000', '2024-03-19 17:29:24.000000'),
(19116, 853, 130, 'JOINED', '2024-03-19 00:45:00.000000', '2024-03-19 15:45:00.000000'),
(19117, 853, 131, 'JOINED', '2024-03-19 00:45:00.000000', '2024-03-20 06:59:24.000000'),
(19118, 853, 132, 'JOINED', '2024-03-19 00:45:00.000000', '2024-03-21 14:25:48.000000'),
(19119, 853, 133, 'JOINED', '2024-03-19 00:45:00.000000', '2024-03-20 05:58:12.000000'),
(19120, 853, 134, 'JOINED', '2024-03-19 00:45:00.000000', '2024-03-23 12:45:00.000000'),
(19121, 853, 135, 'JOINED', '2024-03-19 00:45:00.000000', '2024-03-20 10:06:36.000000');
INSERT INTO report (id, created_by_id, title, content, rejected_reason, report_status, created_time, updated_time, reviewed_time)
VALUES
(DEFAULT, 19099, 'Employee 112 submit Report', 'Completed Task.', NULL, 'APPROVED', '2024-03-23 21:59:24.000000', '2024-03-23 21:59:24.000000', '2024-03-23 22:04:24.000000'),
(DEFAULT, 19100, 'Employee 113 submit Report', 'Completed Task.', NULL, 'APPROVED', '2024-03-27 14:33:00.000000', '2024-03-27 14:33:00.000000', '2024-03-27 14:38:00.000000'),
(DEFAULT, 19101, 'Employee 114 submit Report', 'Completed Task.', NULL, 'APPROVED', '2024-03-22 00:45:00.000000', '2024-03-22 00:45:00.000000', '2024-03-22 00:50:00.000000'),
(DEFAULT, 19102, 'Employee 116 submit Report', 'Completed Task.', NULL, 'APPROVED', '2024-03-29 00:27:00.000000', '2024-03-29 00:27:00.000000', '2024-03-29 00:32:00.000000'),
(DEFAULT, 19103, 'Employee 117 submit Report', 'Completed Task.', NULL, 'APPROVED', '2024-03-22 06:23:24.000000', '2024-03-22 06:23:24.000000', '2024-03-22 06:28:24.000000'),
(DEFAULT, 19104, 'Employee 118 submit Report', 'Completed Task.', NULL, 'APPROVED', '2024-03-23 05:11:24.000000', '2024-03-23 05:11:24.000000', '2024-03-23 05:16:24.000000'),
(DEFAULT, 19105, 'Employee 119 submit Report', 'Completed Task.', NULL, 'APPROVED', '2024-03-20 12:09:00.000000', '2024-03-20 12:09:00.000000', '2024-03-20 12:14:00.000000'),
(DEFAULT, 19106, 'Employee 120 submit Report', 'Completed Task.', NULL, 'APPROVED', '2024-03-22 07:42:36.000000', '2024-03-22 07:42:36.000000', '2024-03-22 07:47:36.000000'),
(DEFAULT, 19107, 'Employee 121 submit Report', 'Completed Task.', NULL, 'APPROVED', '2024-03-23 23:11:24.000000', '2024-03-23 23:11:24.000000', '2024-03-23 23:16:24.000000'),
(DEFAULT, 19108, 'Employee 122 submit Report', 'Completed Task.', NULL, 'APPROVED', '2024-03-21 06:30:36.000000', '2024-03-21 06:30:36.000000', '2024-03-21 06:35:36.000000'),
(DEFAULT, 19109, 'Employee 123 submit Report', 'Completed Task.', NULL, 'APPROVED', '2024-03-20 21:37:48.000000', '2024-03-20 21:37:48.000000', '2024-03-20 21:42:48.000000'),
(DEFAULT, 19110, 'Employee 124 submit Report', 'Completed Task.', NULL, 'APPROVED', '2024-04-03 12:30:36.000000', '2024-04-03 12:30:36.000000', '2024-04-03 12:35:36.000000'),
(DEFAULT, 19111, 'Employee 125 submit Report', 'Completed Task.', NULL, 'APPROVED', '2024-03-20 21:59:24.000000', '2024-03-20 21:59:24.000000', '2024-03-20 22:04:24.000000'),
(DEFAULT, 19112, 'Employee 126 submit Report', 'Completed Task.', NULL, 'APPROVED', '2024-03-22 07:35:24.000000', '2024-03-22 07:35:24.000000', '2024-03-22 07:40:24.000000'),
(DEFAULT, 19113, 'Employee 127 submit Report', 'Completed Task.', NULL, 'APPROVED', '2024-03-21 07:35:24.000000', '2024-03-21 07:35:24.000000', '2024-03-21 07:40:24.000000'),
(DEFAULT, 19114, 'Employee 128 submit Report', 'Completed Task.', NULL, 'APPROVED', '2024-03-22 09:59:24.000000', '2024-03-22 09:59:24.000000', '2024-03-22 10:04:24.000000'),
(DEFAULT, 19115, 'Employee 129 submit Report', 'Completed Task.', NULL, 'APPROVED', '2024-03-28 08:00:36.000000', '2024-03-28 08:00:36.000000', '2024-03-28 08:05:36.000000'),
(DEFAULT, 19116, 'Employee 130 submit Report', 'Completed Task.', NULL, 'APPROVED', '2024-03-23 09:37:48.000000', '2024-03-23 09:37:48.000000', '2024-03-23 09:42:48.000000'),
(DEFAULT, 19117, 'Employee 131 submit Report', 'Completed Task.', NULL, 'APPROVED', '2024-03-27 18:30:36.000000', '2024-03-27 18:30:36.000000', '2024-03-27 18:35:36.000000'),
(DEFAULT, 19118, 'Employee 132 submit Report', 'Completed Task.', NULL, 'APPROVED', '2024-03-22 23:04:12.000000', '2024-03-22 23:04:12.000000', '2024-03-22 23:09:12.000000'),
(DEFAULT, 19119, 'Employee 133 submit Report', 'Completed Task.', NULL, 'APPROVED', '2024-03-27 19:31:48.000000', '2024-03-27 19:31:48.000000', '2024-03-27 19:36:48.000000'),
(DEFAULT, 19120, 'Employee 134 submit Report', 'Completed Task.', NULL, 'APPROVED', '2024-04-03 08:54:36.000000', '2024-04-03 08:54:36.000000', '2024-04-03 08:59:36.000000'),
(DEFAULT, 19121, 'Employee 135 submit Report', 'Completed Task.', NULL, 'APPROVED', '2024-03-21 12:01:48.000000', '2024-03-21 12:01:48.000000', '2024-03-21 12:06:48.000000');

-- 2024-03-25 00:45:00.000000
-- 2024-03-25
INSERT INTO task (id, collection_id, created_by_id, root_task_id, name, description, report_format, level, task_type, priority, is_locked, start_date, end_date, deadline, created_time, updated_time)
VALUES (854, 61, 151, NULL, 'Verify System Scalability Limits', 'This is Verify System Scalability Limits', NULL, 'ADVANCED', 'TEST', 'HIGH', FALSE, '2024-03-25', '2024-04-05', '2024-03-31', '2024-03-25 00:45:00.000000', '2024-03-25 00:45:00.000000');

INSERT INTO task_for_users (id, task_id, assigned_to_id, user_task_status, updated_time, started_time)
VALUES
(19123, 854, 117, 'JOINED', '2024-03-25 00:45:00.000000', '2024-03-25 21:20:31.200000');
INSERT INTO report (id, created_by_id, title, content, rejected_reason, report_status, created_time, updated_time, reviewed_time)
VALUES
(DEFAULT, 19123, 'Employee 117 submit Report', 'Completed Task.', NULL, 'APPROVED', '2024-04-05 04:09:28.800000', '2024-04-05 04:09:28.800000', '2024-04-05 04:14:28.800000');

-- 2024-04-01 00:45:00.000000
-- 2024-04-01
INSERT INTO task (id, collection_id, created_by_id, root_task_id, name, description, report_format, level, task_type, priority, is_locked, start_date, end_date, deadline, created_time, updated_time)
VALUES (855, 61, 151, NULL, 'Verify Cold Start Performance', 'This is Verify Cold Start Performance', NULL, 'ADVANCED', 'TEST', 'LOW', FALSE, '2024-04-01', '2024-04-15', '2024-04-05', '2024-04-01 00:45:00.000000', '2024-04-01 00:45:00.000000');

INSERT INTO task_for_users (id, task_id, assigned_to_id, user_task_status, updated_time, started_time)
VALUES
(19125, 855, 113, 'JOINED', '2024-04-01 00:45:00.000000', '2024-04-01 20:43:04.800000'),
(19126, 855, 114, 'JOINED', '2024-04-01 00:45:00.000000', '2024-04-02 18:36:21.600000'),
(19127, 855, 115, 'JOINED', '2024-04-01 00:45:00.000000', '2024-04-02 10:55:33.600000'),
(19128, 855, 116, 'JOINED', '2024-04-01 00:45:00.000000', '2024-04-01 03:43:33.600000'),
(19129, 855, 117, 'JOINED', '2024-04-01 00:45:00.000000', '2024-04-04 15:09:00.000000'),
(19130, 855, 118, 'JOINED', '2024-04-01 00:45:00.000000', '2024-04-02 00:45:00.000000'),
(19131, 855, 119, 'JOINED', '2024-04-01 00:45:00.000000', '2024-04-01 06:24:50.400000'),
(19132, 855, 120, 'JOINED', '2024-04-01 00:45:00.000000', '2024-04-02 20:37:19.200000'),
(19133, 855, 121, 'JOINED', '2024-04-01 00:45:00.000000', '2024-04-01 15:03:14.400000'),
(19134, 855, 122, 'JOINED', '2024-04-01 00:45:00.000000', '2024-04-01 01:25:19.200000'),
(19135, 855, 123, 'JOINED', '2024-04-01 00:45:00.000000', '2024-04-01 16:06:36.000000'),
(19136, 855, 124, 'JOINED', '2024-04-01 00:45:00.000000', '2024-04-01 08:48:50.400000'),
(19137, 855, 125, 'JOINED', '2024-04-01 00:45:00.000000', '2024-04-02 06:42:07.200000'),
(19138, 855, 126, 'JOINED', '2024-04-01 00:45:00.000000', '2024-04-01 16:00:50.400000'),
(19139, 855, 127, 'JOINED', '2024-04-01 00:45:00.000000', '2024-04-02 16:55:33.600000'),
(19140, 855, 128, 'JOINED', '2024-04-01 00:45:00.000000', '2024-04-03 19:39:43.200000'),
(19141, 855, 129, 'JOINED', '2024-04-01 00:45:00.000000', '2024-04-01 16:58:26.400000'),
(19142, 855, 130, 'JOINED', '2024-04-01 00:45:00.000000', '2024-04-01 01:36:50.400000'),
(19143, 855, 131, 'JOINED', '2024-04-01 00:45:00.000000', '2024-04-03 10:18:07.200000'),
(19144, 855, 132, 'JOINED', '2024-04-01 00:45:00.000000', '2024-04-04 15:09:00.000000'),
(19145, 855, 133, 'JOINED', '2024-04-01 00:45:00.000000', '2024-04-04 15:09:00.000000'),
(19146, 855, 134, 'JOINED', '2024-04-01 00:45:00.000000', '2024-04-01 04:46:55.200000'),
(19147, 855, 135, 'JOINED', '2024-04-01 00:45:00.000000', '2024-04-01 08:02:45.600000');
INSERT INTO report (id, created_by_id, title, content, rejected_reason, report_status, created_time, updated_time, reviewed_time)
VALUES
(DEFAULT, 19125, 'Employee 113 submit Report', 'Completed Task.', NULL, 'APPROVED', '2024-04-02 21:46:26.400000', '2024-04-02 21:46:26.400000', '2024-04-02 21:51:26.400000'),
(DEFAULT, 19126, 'Employee 114 submit Report', 'Completed Task.', NULL, 'APPROVED', '2024-04-04 08:31:33.600000', '2024-04-04 08:31:33.600000', '2024-04-04 08:36:33.600000'),
(DEFAULT, 19127, 'Employee 115 submit Report', 'Completed Task.', NULL, 'APPROVED', '2024-04-03 13:42:36.000000', '2024-04-03 13:42:36.000000', '2024-04-03 13:47:36.000000'),
(DEFAULT, 19128, 'Employee 116 submit Report', 'Completed Task.', NULL, 'APPROVED', '2024-04-02 16:29:38.400000', '2024-04-02 16:29:38.400000', '2024-04-02 16:34:38.400000'),
(DEFAULT, 19129, 'Employee 117 submit Report', 'Completed Task.', NULL, 'APPROVED', '2024-04-15 08:31:33.600000', '2024-04-15 08:31:33.600000', '2024-04-15 08:36:33.600000'),
(DEFAULT, 19130, 'Employee 118 submit Report', 'Completed Task.', NULL, 'APPROVED', '2024-04-08 00:45:00.000000', '2024-04-08 00:45:00.000000', '2024-04-08 00:50:00.000000'),
(DEFAULT, 19131, 'Employee 119 submit Report', 'Completed Task.', NULL, 'APPROVED', '2024-04-01 23:41:38.400000', '2024-04-01 23:41:38.400000', '2024-04-01 23:46:38.400000'),
(DEFAULT, 19132, 'Employee 120 submit Report', 'Completed Task.', NULL, 'APPROVED', '2024-04-07 04:52:40.800000', '2024-04-07 04:52:40.800000', '2024-04-07 04:57:40.800000'),
(DEFAULT, 19133, 'Employee 121 submit Report', 'Completed Task.', NULL, 'APPROVED', '2024-04-02 21:06:07.200000', '2024-04-02 21:06:07.200000', '2024-04-02 21:11:07.200000'),
(DEFAULT, 19134, 'Employee 122 submit Report', 'Completed Task.', NULL, 'APPROVED', '2024-04-02 13:25:19.200000', '2024-04-02 13:25:19.200000', '2024-04-02 13:30:19.200000'),
(DEFAULT, 19135, 'Employee 123 submit Report', 'Completed Task.', NULL, 'APPROVED', '2024-04-02 13:19:33.600000', '2024-04-02 13:19:33.600000', '2024-04-02 13:24:33.600000'),
(DEFAULT, 19136, 'Employee 124 submit Report', 'Completed Task.', NULL, 'APPROVED', '2024-04-02 08:08:31.200000', '2024-04-02 08:08:31.200000', '2024-04-02 08:13:31.200000'),
(DEFAULT, 19137, 'Employee 125 submit Report', 'Completed Task.', NULL, 'APPROVED', '2024-04-04 17:09:57.600000', '2024-04-04 17:09:57.600000', '2024-04-04 17:14:57.600000'),
(DEFAULT, 19138, 'Employee 126 submit Report', 'Completed Task.', NULL, 'APPROVED', '2024-04-03 15:20:31.200000', '2024-04-03 15:20:31.200000', '2024-04-03 15:25:31.200000'),
(DEFAULT, 19139, 'Employee 127 submit Report', 'Completed Task.', NULL, 'APPROVED', '2024-04-07 08:34:26.400000', '2024-04-07 08:34:26.400000', '2024-04-07 08:39:26.400000'),
(DEFAULT, 19140, 'Employee 128 submit Report', 'Completed Task.', NULL, 'APPROVED', '2024-04-05 00:21:57.600000', '2024-04-05 00:21:57.600000', '2024-04-05 00:26:57.600000'),
(DEFAULT, 19141, 'Employee 129 submit Report', 'Completed Task.', NULL, 'APPROVED', '2024-04-03 07:51:14.400000', '2024-04-03 07:51:14.400000', '2024-04-03 07:56:14.400000'),
(DEFAULT, 19142, 'Employee 130 submit Report', 'Completed Task.', NULL, 'APPROVED', '2024-04-02 02:57:28.800000', '2024-04-02 02:57:28.800000', '2024-04-02 03:02:28.800000'),
(DEFAULT, 19143, 'Employee 131 submit Report', 'Completed Task.', NULL, 'APPROVED', '2024-04-06 15:11:52.800000', '2024-04-06 15:11:52.800000', '2024-04-06 15:16:52.800000'),
(DEFAULT, 19144, 'Employee 132 submit Report', 'Completed Task.', NULL, 'APPROVED', '2024-04-13 13:42:36.000000', '2024-04-13 13:42:36.000000', '2024-04-13 13:47:36.000000'),
(DEFAULT, 19145, 'Employee 133 submit Report', 'Completed Task.', NULL, 'APPROVED', '2024-04-14 14:28:40.800000', '2024-04-14 14:28:40.800000', '2024-04-14 14:33:40.800000'),
(DEFAULT, 19146, 'Employee 134 submit Report', 'Completed Task.', NULL, 'APPROVED', '2024-04-02 23:35:52.800000', '2024-04-02 23:35:52.800000', '2024-04-02 23:40:52.800000'),
(DEFAULT, 19147, 'Employee 135 submit Report', 'Completed Task.', NULL, 'APPROVED', '2024-04-03 08:08:31.200000', '2024-04-03 08:08:31.200000', '2024-04-03 08:13:31.200000');

-- 2024-04-06 00:45:00.000000
-- 2024-04-06
INSERT INTO task (id, collection_id, created_by_id, root_task_id, name, description, report_format, level, task_type, priority, is_locked, start_date, end_date, deadline, created_time, updated_time)
VALUES (856, 61, 151, NULL, 'Verify Graceful Shutdown Behavior', 'This is Verify Graceful Shutdown Behavior', NULL, 'ADVANCED', 'TEST', 'HIGH', FALSE, '2024-04-06', '2024-04-10', '2024-04-12', '2024-04-06 00:45:00.000000', '2024-04-06 00:45:00.000000');

INSERT INTO task_for_users (id, task_id, assigned_to_id, user_task_status, updated_time, started_time)
VALUES
(19149, 856, 117, 'JOINED', '2024-04-06 00:45:00.000000', '2024-04-08 13:22:26.400000');
INSERT INTO report (id, created_by_id, title, content, rejected_reason, report_status, created_time, updated_time, reviewed_time)
VALUES
(DEFAULT, 19149, 'Employee 117 submit Report', 'Completed Task.', NULL, 'APPROVED', '2024-04-10 18:30:36.000000', '2024-04-10 18:30:36.000000', '2024-04-10 18:35:36.000000');

-- 2024-04-13 00:45:00.000000
-- 2024-04-13
INSERT INTO task (id, collection_id, created_by_id, root_task_id, name, description, report_format, level, task_type, priority, is_locked, start_date, end_date, deadline, created_time, updated_time)
VALUES (857, 61, 151, NULL, 'Verify Data Integrity After Failure', 'This is Verify Data Integrity After Failure', NULL, 'ADVANCED', 'TEST', 'LOW', FALSE, '2024-04-13', '2024-04-26', '2024-04-17', '2024-04-13 00:45:00.000000', '2024-04-13 00:45:00.000000');

INSERT INTO task_for_users (id, task_id, assigned_to_id, user_task_status, updated_time, started_time)
VALUES
(19151, 857, 113, 'JOINED', '2024-04-13 00:45:00.000000', '2024-04-14 06:19:04.800000'),
(19152, 857, 114, 'JOINED', '2024-04-13 00:45:00.000000', '2024-04-13 23:07:04.800000'),
(19153, 857, 115, 'JOINED', '2024-04-13 00:45:00.000000', '2024-04-15 05:44:31.200000'),
(19154, 857, 116, 'JOINED', '2024-04-13 00:45:00.000000', '2024-04-14 23:35:52.800000'),
(19155, 857, 117, 'JOINED', '2024-04-13 00:45:00.000000', '2024-04-16 15:09:00.000000'),
(19156, 857, 118, 'JOINED', '2024-04-13 00:45:00.000000', '2024-04-14 09:29:09.600000'),
(19157, 857, 119, 'JOINED', '2024-04-13 00:45:00.000000', '2024-04-14 17:09:57.600000'),
(19158, 857, 120, 'JOINED', '2024-04-13 00:45:00.000000', '2024-04-14 15:14:45.600000'),
(19159, 857, 121, 'JOINED', '2024-04-13 00:45:00.000000', '2024-04-13 10:38:16.800000'),
(19160, 857, 122, 'JOINED', '2024-04-13 00:45:00.000000', '2024-04-13 07:19:33.600000'),
(19161, 857, 123, 'JOINED', '2024-04-13 00:45:00.000000', '2024-04-13 14:45:57.600000'),
(19162, 857, 124, 'JOINED', '2024-04-13 00:45:00.000000', '2024-04-13 12:50:45.600000'),
(19163, 857, 125, 'JOINED', '2024-04-13 00:45:00.000000', '2024-04-16 15:09:00.000000'),
(19164, 857, 126, 'JOINED', '2024-04-13 00:45:00.000000', '2024-04-14 21:57:57.600000'),
(19165, 857, 127, 'JOINED', '2024-04-13 00:45:00.000000', '2024-04-13 19:28:12.000000'),
(19166, 857, 128, 'JOINED', '2024-04-13 00:45:00.000000', '2024-04-13 06:53:38.400000'),
(19167, 857, 129, 'JOINED', '2024-04-13 00:45:00.000000', '2024-04-13 08:25:48.000000'),
(19168, 857, 130, 'JOINED', '2024-04-13 00:45:00.000000', '2024-04-13 15:26:16.800000'),
(19169, 857, 131, 'JOINED', '2024-04-13 00:45:00.000000', '2024-04-14 17:09:57.600000'),
(19170, 857, 132, 'JOINED', '2024-04-13 00:45:00.000000', '2024-04-13 10:18:07.200000'),
(19171, 857, 133, 'JOINED', '2024-04-13 00:45:00.000000', '2024-04-13 05:38:45.600000'),
(19172, 857, 134, 'JOINED', '2024-04-13 00:45:00.000000', '2024-04-13 03:37:48.000000'),
(19173, 857, 135, 'JOINED', '2024-04-13 00:45:00.000000', '2024-04-13 14:40:12.000000');
INSERT INTO report (id, created_by_id, title, content, rejected_reason, report_status, created_time, updated_time, reviewed_time)
VALUES
(DEFAULT, 19151, 'Employee 113 submit Report', 'Completed Task.', NULL, 'APPROVED', '2024-04-14 22:49:48.000000', '2024-04-14 22:49:48.000000', '2024-04-14 22:54:48.000000'),
(DEFAULT, 19152, 'Employee 114 submit Report', 'Completed Task.', NULL, 'APPROVED', '2024-04-15 19:05:09.600000', '2024-04-15 19:05:09.600000', '2024-04-15 19:10:09.600000'),
(DEFAULT, 19153, 'Employee 115 submit Report', 'Completed Task.', NULL, 'APPROVED', '2024-04-15 22:55:33.600000', '2024-04-15 22:55:33.600000', '2024-04-15 23:00:33.600000'),
(DEFAULT, 19154, 'Employee 116 submit Report', 'Completed Task.', NULL, 'APPROVED', '2024-04-19 01:54:07.200000', '2024-04-19 01:54:07.200000', '2024-04-19 01:59:07.200000'),
(DEFAULT, 19155, 'Employee 117 submit Report', 'Completed Task.', NULL, 'APPROVED', '2024-04-26 22:15:14.400000', '2024-04-26 22:15:14.400000', '2024-04-26 22:20:14.400000'),
(DEFAULT, 19156, 'Employee 118 submit Report', 'Completed Task.', NULL, 'APPROVED', '2024-04-15 02:45:57.600000', '2024-04-15 02:45:57.600000', '2024-04-15 02:50:57.600000'),
(DEFAULT, 19157, 'Employee 119 submit Report', 'Completed Task.', NULL, 'APPROVED', '2024-04-15 08:43:04.800000', '2024-04-15 08:43:04.800000', '2024-04-15 08:48:04.800000'),
(DEFAULT, 19158, 'Employee 120 submit Report', 'Completed Task.', NULL, 'APPROVED', '2024-04-15 17:56:02.400000', '2024-04-15 17:56:02.400000', '2024-04-15 18:01:02.400000'),
(DEFAULT, 19159, 'Employee 121 submit Report', 'Completed Task.', NULL, 'APPROVED', '2024-04-14 14:17:09.600000', '2024-04-14 14:17:09.600000', '2024-04-14 14:22:09.600000'),
(DEFAULT, 19160, 'Employee 122 submit Report', 'Completed Task.', NULL, 'APPROVED', '2024-04-20 18:10:26.400000', '2024-04-20 18:10:26.400000', '2024-04-20 18:15:26.400000'),
(DEFAULT, 19161, 'Employee 123 submit Report', 'Completed Task.', NULL, 'APPROVED', '2024-04-14 17:56:02.400000', '2024-04-14 17:56:02.400000', '2024-04-14 18:01:02.400000'),
(DEFAULT, 19162, 'Employee 124 submit Report', 'Completed Task.', NULL, 'APPROVED', '2024-04-15 12:39:14.400000', '2024-04-15 12:39:14.400000', '2024-04-15 12:44:14.400000'),
(DEFAULT, 19163, 'Employee 125 submit Report', 'Completed Task.', NULL, 'APPROVED', '2024-04-26 22:15:14.400000', '2024-04-26 22:15:14.400000', '2024-04-26 22:20:14.400000'),
(DEFAULT, 19164, 'Employee 126 submit Report', 'Completed Task.', NULL, 'APPROVED', '2024-04-16 11:41:38.400000', '2024-04-16 11:41:38.400000', '2024-04-16 11:46:38.400000'),
(DEFAULT, 19165, 'Employee 127 submit Report', 'Completed Task.', NULL, 'APPROVED', '2024-04-20 06:01:48.000000', '2024-04-20 06:01:48.000000', '2024-04-20 06:06:48.000000'),
(DEFAULT, 19166, 'Employee 128 submit Report', 'Completed Task.', NULL, 'APPROVED', '2024-04-14 10:03:43.200000', '2024-04-14 10:03:43.200000', '2024-04-14 10:08:43.200000'),
(DEFAULT, 19167, 'Employee 129 submit Report', 'Completed Task.', NULL, 'APPROVED', '2024-04-14 13:42:36.000000', '2024-04-14 13:42:36.000000', '2024-04-14 13:47:36.000000'),
(DEFAULT, 19168, 'Employee 130 submit Report', 'Completed Task.', NULL, 'APPROVED', '2024-04-14 14:11:24.000000', '2024-04-14 14:11:24.000000', '2024-04-14 14:16:24.000000'),
(DEFAULT, 19169, 'Employee 131 submit Report', 'Completed Task.', NULL, 'APPROVED', '2024-04-16 05:15:43.200000', '2024-04-16 05:15:43.200000', '2024-04-16 05:20:43.200000'),
(DEFAULT, 19170, 'Employee 132 submit Report', 'Completed Task.', NULL, 'APPROVED', '2024-04-20 15:11:52.800000', '2024-04-20 15:11:52.800000', '2024-04-20 15:16:52.800000'),
(DEFAULT, 19171, 'Employee 133 submit Report', 'Completed Task.', NULL, 'APPROVED', '2024-04-14 10:44:02.400000', '2024-04-14 10:44:02.400000', '2024-04-14 10:49:02.400000'),
(DEFAULT, 19172, 'Employee 134 submit Report', 'Completed Task.', NULL, 'APPROVED', '2024-04-15 18:19:04.800000', '2024-04-15 18:19:04.800000', '2024-04-15 18:24:04.800000'),
(DEFAULT, 19173, 'Employee 135 submit Report', 'Completed Task.', NULL, 'APPROVED', '2024-04-14 05:33:00.000000', '2024-04-14 05:33:00.000000', '2024-04-14 05:38:00.000000');

-- 2024-04-18 00:45:00.000000
-- 2024-04-18
INSERT INTO task (id, collection_id, created_by_id, root_task_id, name, description, report_format, level, task_type, priority, is_locked, start_date, end_date, deadline, created_time, updated_time)
VALUES (858, 61, 151, NULL, 'Verify End-to-End Stability After Refactor', 'This is Verify End-to-End Stability After Refactor', NULL, 'ADVANCED', 'TEST', 'HIGH', FALSE, '2024-04-18', '2024-04-22', '2024-04-24', '2024-04-18 00:45:00.000000', '2024-04-18 00:45:00.000000');

INSERT INTO task_for_users (id, task_id, assigned_to_id, user_task_status, updated_time, started_time)
VALUES
(19175, 858, 117, 'JOINED', '2024-04-18 00:45:00.000000', '2024-04-18 06:04:40.800000');
INSERT INTO report (id, created_by_id, title, content, rejected_reason, report_status, created_time, updated_time, reviewed_time)
VALUES
(DEFAULT, 19175, 'Employee 117 submit Report', 'Completed Task.', NULL, 'APPROVED', '2024-04-22 11:09:57.600000', '2024-04-22 11:09:57.600000', '2024-04-22 11:14:57.600000');

-- 2024-04-25 00:45:00.000000
-- 2024-04-25
INSERT INTO task (id, collection_id, created_by_id, root_task_id, name, description, report_format, level, task_type, priority, is_locked, start_date, end_date, deadline, created_time, updated_time)
VALUES (859, 61, 151, NULL, 'Execute Stability Test Suite', 'This is Execute Stability Test Suite', NULL, 'NORMAL', 'TEST', 'HIGH', FALSE, '2024-04-25', '2024-05-12', '2024-04-30', '2024-04-25 00:45:00.000000', '2024-04-25 00:45:00.000000');

INSERT INTO task_for_users (id, task_id, assigned_to_id, user_task_status, updated_time, started_time)
VALUES
(19177, 859, 116, 'JOINED', '2024-04-25 00:45:00.000000', '2024-04-25 01:06:36.000000'),
(19178, 859, 117, 'JOINED', '2024-04-25 00:45:00.000000', '2024-04-26 12:41:24.000000'),
(19179, 859, 118, 'JOINED', '2024-04-25 00:45:00.000000', '2024-04-26 21:30:36.000000'),
(19180, 859, 119, 'JOINED', '2024-04-25 00:45:00.000000', '2024-04-28 00:09:00.000000'),
(19181, 859, 120, 'JOINED', '2024-04-25 00:45:00.000000', '2024-04-27 14:11:24.000000'),
(19182, 859, 121, 'JOINED', '2024-04-25 00:45:00.000000', '2024-04-25 03:01:48.000000'),
(19183, 859, 122, 'JOINED', '2024-04-25 00:45:00.000000', '2024-04-26 23:40:12.000000'),
(19184, 859, 123, 'JOINED', '2024-04-25 00:45:00.000000', '2024-04-25 05:47:24.000000'),
(19185, 859, 124, 'JOINED', '2024-04-25 00:45:00.000000', '2024-04-27 15:01:48.000000'),
(19186, 859, 125, 'JOINED', '2024-04-25 00:45:00.000000', '2024-04-25 16:06:36.000000'),
(19187, 859, 126, 'JOINED', '2024-04-25 00:45:00.000000', '2024-04-26 04:06:36.000000'),
(19188, 859, 127, 'JOINED', '2024-04-25 00:45:00.000000', '2024-04-28 07:57:00.000000'),
(19189, 859, 128, 'JOINED', '2024-04-25 00:45:00.000000', '2024-04-27 04:35:24.000000'),
(19190, 859, 129, 'JOINED', '2024-04-25 00:45:00.000000', '2024-04-25 02:25:48.000000'),
(19191, 859, 130, 'JOINED', '2024-04-25 00:45:00.000000', '2024-04-26 12:59:24.000000'),
(19192, 859, 131, 'JOINED', '2024-04-25 00:45:00.000000', '2024-04-25 06:01:48.000000'),
(19193, 859, 132, 'JOINED', '2024-04-25 00:45:00.000000', '2024-04-25 06:01:48.000000'),
(19194, 859, 133, 'JOINED', '2024-04-25 00:45:00.000000', '2024-04-27 16:49:48.000000'),
(19195, 859, 134, 'JOINED', '2024-04-25 00:45:00.000000', '2024-04-25 12:09:00.000000'),
(19196, 859, 135, 'JOINED', '2024-04-25 00:45:00.000000', '2024-04-25 09:16:12.000000'),
(19197, 859, 138, 'JOINED', '2024-04-25 00:45:00.000000', '2024-04-26 01:46:12.000000'),
(19198, 859, 139, 'JOINED', '2024-04-25 00:45:00.000000', '2024-04-29 12:45:00.000000'),
(19199, 859, 140, 'JOINED', '2024-04-25 00:45:00.000000', '2024-04-29 12:45:00.000000');
INSERT INTO report (id, created_by_id, title, content, rejected_reason, report_status, created_time, updated_time, reviewed_time)
VALUES
(DEFAULT, 19177, 'Employee 116 submit Report', 'Completed Task.', NULL, 'APPROVED', '2024-04-26 15:37:48.000000', '2024-04-26 15:37:48.000000', '2024-04-26 15:42:48.000000'),
(DEFAULT, 19178, 'Employee 117 submit Report', 'Completed Task.', NULL, 'APPROVED', '2024-05-03 12:48:36.000000', '2024-05-03 12:48:36.000000', '2024-05-03 12:53:36.000000'),
(DEFAULT, 19179, 'Employee 118 submit Report', 'Completed Task.', NULL, 'APPROVED', '2024-04-28 23:40:12.000000', '2024-04-28 23:40:12.000000', '2024-04-28 23:45:12.000000'),
(DEFAULT, 19180, 'Employee 119 submit Report', 'Completed Task.', NULL, 'APPROVED', '2024-04-29 22:35:24.000000', '2024-04-29 22:35:24.000000', '2024-04-29 22:40:24.000000'),
(DEFAULT, 19181, 'Employee 120 submit Report', 'Completed Task.', NULL, 'APPROVED', '2024-04-28 16:42:36.000000', '2024-04-28 16:42:36.000000', '2024-04-28 16:47:36.000000'),
(DEFAULT, 19182, 'Employee 121 submit Report', 'Completed Task.', NULL, 'APPROVED', '2024-04-26 05:18:36.000000', '2024-04-26 05:18:36.000000', '2024-04-26 05:23:36.000000'),
(DEFAULT, 19183, 'Employee 122 submit Report', 'Completed Task.', NULL, 'APPROVED', '2024-04-28 11:18:36.000000', '2024-04-28 11:18:36.000000', '2024-04-28 11:23:36.000000'),
(DEFAULT, 19184, 'Employee 123 submit Report', 'Completed Task.', NULL, 'APPROVED', '2024-04-26 17:18:36.000000', '2024-04-26 17:18:36.000000', '2024-04-26 17:23:36.000000'),
(DEFAULT, 19185, 'Employee 124 submit Report', 'Completed Task.', NULL, 'APPROVED', '2024-04-29 20:11:24.000000', '2024-04-29 20:11:24.000000', '2024-04-29 20:16:24.000000'),
(DEFAULT, 19186, 'Employee 125 submit Report', 'Completed Task.', NULL, 'APPROVED', '2024-04-26 23:33:00.000000', '2024-04-26 23:33:00.000000', '2024-04-26 23:38:00.000000'),
(DEFAULT, 19187, 'Employee 126 submit Report', 'Completed Task.', NULL, 'APPROVED', '2024-04-28 05:11:24.000000', '2024-04-28 05:11:24.000000', '2024-04-28 05:16:24.000000'),
(DEFAULT, 19188, 'Employee 127 submit Report', 'Completed Task.', NULL, 'APPROVED', '2024-04-29 17:11:24.000000', '2024-04-29 17:11:24.000000', '2024-04-29 17:16:24.000000'),
(DEFAULT, 19189, 'Employee 128 submit Report', 'Completed Task.', NULL, 'APPROVED', '2024-04-28 10:35:24.000000', '2024-04-28 10:35:24.000000', '2024-04-28 10:40:24.000000'),
(DEFAULT, 19190, 'Employee 129 submit Report', 'Completed Task.', NULL, 'APPROVED', '2024-04-27 06:37:48.000000', '2024-04-27 06:37:48.000000', '2024-04-27 06:42:48.000000'),
(DEFAULT, 19191, 'Employee 130 submit Report', 'Completed Task.', NULL, 'APPROVED', '2024-04-28 11:18:36.000000', '2024-04-28 11:18:36.000000', '2024-04-28 11:23:36.000000'),
(DEFAULT, 19192, 'Employee 131 submit Report', 'Completed Task.', NULL, 'APPROVED', '2024-04-26 07:21:00.000000', '2024-04-26 07:21:00.000000', '2024-04-26 07:26:00.000000'),
(DEFAULT, 19193, 'Employee 132 submit Report', 'Completed Task.', NULL, 'APPROVED', '2024-04-26 21:16:12.000000', '2024-04-26 21:16:12.000000', '2024-04-26 21:21:12.000000'),
(DEFAULT, 19194, 'Employee 133 submit Report', 'Completed Task.', NULL, 'APPROVED', '2024-04-29 11:54:36.000000', '2024-04-29 11:54:36.000000', '2024-04-29 11:59:36.000000'),
(DEFAULT, 19195, 'Employee 134 submit Report', 'Completed Task.', NULL, 'APPROVED', '2024-04-26 21:45:00.000000', '2024-04-26 21:45:00.000000', '2024-04-26 21:50:00.000000'),
(DEFAULT, 19196, 'Employee 135 submit Report', 'Completed Task.', NULL, 'APPROVED', '2024-04-26 15:45:00.000000', '2024-04-26 15:45:00.000000', '2024-04-26 15:50:00.000000'),
(DEFAULT, 19197, 'Employee 138 submit Report', 'Completed Task.', NULL, 'APPROVED', '2024-05-03 23:43:48.000000', '2024-05-03 23:43:48.000000', '2024-05-03 23:48:48.000000'),
(DEFAULT, 19198, 'Employee 139 submit Report', 'Completed Task.', NULL, 'APPROVED', '2024-05-12 05:04:12.000000', '2024-05-12 05:04:12.000000', '2024-05-12 05:09:12.000000'),
(DEFAULT, 19199, 'Employee 140 submit Report', 'Completed Task.', NULL, 'APPROVED', '2024-05-11 13:06:36.000000', '2024-05-11 13:06:36.000000', '2024-05-11 13:11:36.000000');

-- 2024-05-01 00:45:00.000000
-- 2024-05-01
INSERT INTO task (id, collection_id, created_by_id, root_task_id, name, description, report_format, level, task_type, priority, is_locked, start_date, end_date, deadline, created_time, updated_time)
VALUES (860, 61, 151, NULL, 'Analyze Stability Test Results', 'This is Analyze Stability Test Results', NULL, 'ADVANCED', 'TEST', 'URGENT', FALSE, '2024-05-01', '2024-05-05', '2024-05-08', '2024-05-01 00:45:00.000000', '2024-05-01 00:45:00.000000');

INSERT INTO task_for_users (id, task_id, assigned_to_id, user_task_status, updated_time, started_time)
VALUES
(19201, 860, 118, 'JOINED', '2024-05-01 00:45:00.000000', '2024-05-01 08:58:55.200000');
INSERT INTO report (id, created_by_id, title, content, rejected_reason, report_status, created_time, updated_time, reviewed_time)
VALUES
(DEFAULT, 19201, 'Employee 118 submit Report', 'Completed Task.', NULL, 'APPROVED', '2024-05-05 03:42:07.200000', '2024-05-05 03:42:07.200000', '2024-05-05 03:47:07.200000');

-- 2024-05-09 00:45:00.000000
-- 2024-05-09
INSERT INTO task (id, collection_id, created_by_id, root_task_id, name, description, report_format, level, task_type, priority, is_locked, start_date, end_date, deadline, created_time, updated_time)
VALUES (861, 61, 151, NULL, 'Fix Blocking Issues Identified', 'This is Fix Blocking Issues Identified', NULL, 'ADVANCED', 'TEST', 'HIGH', FALSE, '2024-05-09', '2024-05-28', '2024-05-15', '2024-05-09 00:45:00.000000', '2024-05-09 00:45:00.000000');

INSERT INTO task_for_users (id, task_id, assigned_to_id, user_task_status, updated_time, started_time)
VALUES
(19203, 861, 112, 'JOINED', '2024-05-09 00:45:00.000000', '2024-05-09 14:51:43.200000'),
(19204, 861, 115, 'JOINED', '2024-05-09 00:45:00.000000', '2024-05-09 03:20:31.200000'),
(19205, 861, 116, 'JOINED', '2024-05-09 00:45:00.000000', '2024-05-09 17:53:09.600000'),
(19206, 861, 117, 'JOINED', '2024-05-09 00:45:00.000000', '2024-05-14 10:21:00.000000'),
(19207, 861, 118, 'JOINED', '2024-05-09 00:45:00.000000', '2024-05-10 00:30:36.000000'),
(19208, 861, 119, 'JOINED', '2024-05-09 00:45:00.000000', '2024-05-14 10:21:00.000000'),
(19209, 861, 120, 'JOINED', '2024-05-09 00:45:00.000000', '2024-05-09 20:58:55.200000'),
(19210, 861, 121, 'JOINED', '2024-05-09 00:45:00.000000', '2024-05-09 10:06:36.000000'),
(19211, 861, 122, 'JOINED', '2024-05-09 00:45:00.000000', '2024-05-10 13:45:28.800000'),
(19212, 861, 123, 'JOINED', '2024-05-09 00:45:00.000000', '2024-05-09 11:33:00.000000'),
(19213, 861, 124, 'JOINED', '2024-05-09 00:45:00.000000', '2024-05-10 23:15:43.200000'),
(19214, 861, 125, 'JOINED', '2024-05-09 00:45:00.000000', '2024-05-09 07:52:40.800000'),
(19215, 861, 126, 'JOINED', '2024-05-09 00:45:00.000000', '2024-05-09 13:16:40.800000'),
(19216, 861, 127, 'JOINED', '2024-05-09 00:45:00.000000', '2024-05-09 04:29:38.400000'),
(19217, 861, 128, 'JOINED', '2024-05-09 00:45:00.000000', '2024-05-09 10:06:36.000000'),
(19218, 861, 129, 'JOINED', '2024-05-09 00:45:00.000000', '2024-05-14 10:21:00.000000'),
(19219, 861, 130, 'JOINED', '2024-05-09 00:45:00.000000', '2024-05-09 20:24:21.600000'),
(19220, 861, 131, 'JOINED', '2024-05-09 00:45:00.000000', '2024-05-09 11:41:38.400000'),
(19221, 861, 132, 'JOINED', '2024-05-09 00:45:00.000000', '2024-05-09 20:20:02.400000'),
(19222, 861, 133, 'JOINED', '2024-05-09 00:45:00.000000', '2024-05-09 11:50:16.800000'),
(19223, 861, 134, 'JOINED', '2024-05-09 00:45:00.000000', '2024-05-09 02:45:57.600000'),
(19224, 861, 135, 'JOINED', '2024-05-09 00:45:00.000000', '2024-05-10 01:05:09.600000');
INSERT INTO report (id, created_by_id, title, content, rejected_reason, report_status, created_time, updated_time, reviewed_time)
VALUES
(DEFAULT, 19203, 'Employee 112 submit Report', 'Completed Task.', NULL, 'APPROVED', '2024-05-11 00:42:07.200000', '2024-05-11 00:42:07.200000', '2024-05-11 00:47:07.200000'),
(DEFAULT, 19204, 'Employee 115 submit Report', 'Completed Task.', NULL, 'APPROVED', '2024-05-11 11:04:12.000000', '2024-05-11 11:04:12.000000', '2024-05-11 11:09:12.000000'),
(DEFAULT, 19205, 'Employee 116 submit Report', 'Completed Task.', NULL, 'APPROVED', '2024-05-20 07:36:50.400000', '2024-05-20 07:36:50.400000', '2024-05-20 07:41:50.400000'),
(DEFAULT, 19206, 'Employee 117 submit Report', 'Completed Task.', NULL, 'APPROVED', '2024-05-26 14:40:12.000000', '2024-05-26 14:40:12.000000', '2024-05-26 14:45:12.000000'),
(DEFAULT, 19207, 'Employee 118 submit Report', 'Completed Task.', NULL, 'APPROVED', '2024-05-13 17:38:45.600000', '2024-05-13 17:38:45.600000', '2024-05-13 17:43:45.600000'),
(DEFAULT, 19208, 'Employee 119 submit Report', 'Completed Task.', NULL, 'APPROVED', '2024-05-26 19:33:57.600000', '2024-05-26 19:33:57.600000', '2024-05-26 19:38:57.600000'),
(DEFAULT, 19209, 'Employee 120 submit Report', 'Completed Task.', NULL, 'APPROVED', '2024-05-20 04:31:04.800000', '2024-05-20 04:31:04.800000', '2024-05-20 04:36:04.800000'),
(DEFAULT, 19210, 'Employee 121 submit Report', 'Completed Task.', NULL, 'APPROVED', '2024-05-13 20:57:28.800000', '2024-05-13 20:57:28.800000', '2024-05-13 21:02:28.800000'),
(DEFAULT, 19211, 'Employee 122 submit Report', 'Completed Task.', NULL, 'APPROVED', '2024-05-13 03:14:45.600000', '2024-05-13 03:14:45.600000', '2024-05-13 03:19:45.600000'),
(DEFAULT, 19212, 'Employee 123 submit Report', 'Completed Task.', NULL, 'APPROVED', '2024-05-20 13:57:00.000000', '2024-05-20 13:57:00.000000', '2024-05-20 14:02:00.000000'),
(DEFAULT, 19213, 'Employee 124 submit Report', 'Completed Task.', NULL, 'APPROVED', '2024-05-19 02:14:16.800000', '2024-05-19 02:14:16.800000', '2024-05-19 02:19:16.800000'),
(DEFAULT, 19214, 'Employee 125 submit Report', 'Completed Task.', NULL, 'APPROVED', '2024-05-20 17:37:19.200000', '2024-05-20 17:37:19.200000', '2024-05-20 17:42:19.200000'),
(DEFAULT, 19215, 'Employee 126 submit Report', 'Completed Task.', NULL, 'APPROVED', '2024-05-12 07:57:00.000000', '2024-05-12 07:57:00.000000', '2024-05-12 08:02:00.000000'),
(DEFAULT, 19216, 'Employee 127 submit Report', 'Completed Task.', NULL, 'APPROVED', '2024-05-12 11:50:16.800000', '2024-05-12 11:50:16.800000', '2024-05-12 11:55:16.800000'),
(DEFAULT, 19217, 'Employee 128 submit Report', 'Completed Task.', NULL, 'APPROVED', '2024-05-11 10:55:33.600000', '2024-05-11 10:55:33.600000', '2024-05-11 11:00:33.600000'),
(DEFAULT, 19218, 'Employee 129 submit Report', 'Completed Task.', NULL, 'APPROVED', '2024-05-28 13:36:50.400000', '2024-05-28 13:36:50.400000', '2024-05-28 13:41:50.400000'),
(DEFAULT, 19219, 'Employee 130 submit Report', 'Completed Task.', NULL, 'APPROVED', '2024-05-20 05:05:38.400000', '2024-05-20 05:05:38.400000', '2024-05-20 05:10:38.400000'),
(DEFAULT, 19220, 'Employee 131 submit Report', 'Completed Task.', NULL, 'APPROVED', '2024-05-20 13:48:21.600000', '2024-05-20 13:48:21.600000', '2024-05-20 13:53:21.600000'),
(DEFAULT, 19221, 'Employee 132 submit Report', 'Completed Task.', NULL, 'APPROVED', '2024-05-20 05:09:57.600000', '2024-05-20 05:09:57.600000', '2024-05-20 05:14:57.600000'),
(DEFAULT, 19222, 'Employee 133 submit Report', 'Completed Task.', NULL, 'APPROVED', '2024-05-12 07:05:09.600000', '2024-05-12 07:05:09.600000', '2024-05-12 07:10:09.600000'),
(DEFAULT, 19223, 'Employee 134 submit Report', 'Completed Task.', NULL, 'APPROVED', '2024-05-10 21:57:57.600000', '2024-05-10 21:57:57.600000', '2024-05-10 22:02:57.600000'),
(DEFAULT, 19224, 'Employee 135 submit Report', 'Completed Task.', NULL, 'APPROVED', '2024-05-20 00:24:50.400000', '2024-05-20 00:24:50.400000', '2024-05-20 00:29:50.400000');

-- 2024-05-16 00:45:00.000000
-- 2024-05-16
INSERT INTO task (id, collection_id, created_by_id, root_task_id, name, description, report_format, level, task_type, priority, is_locked, start_date, end_date, deadline, created_time, updated_time)
VALUES (862, 61, 151, NULL, 'Re-test Fixed Stability Issues', 'This is Re-test Fixed Stability Issues', NULL, 'HARD', 'TEST', 'NORMAL', FALSE, '2024-05-16', '2024-05-19', '2024-05-22', '2024-05-16 00:45:00.000000', '2024-05-16 00:45:00.000000');

INSERT INTO task_for_users (id, task_id, assigned_to_id, user_task_status, updated_time, started_time)
VALUES
(19226, 862, 112, 'JOINED', '2024-05-16 00:45:00.000000', '2024-05-17 05:41:38.400000');
INSERT INTO report (id, created_by_id, title, content, rejected_reason, report_status, created_time, updated_time, reviewed_time)
VALUES
(DEFAULT, 19226, 'Employee 112 submit Report', 'Completed Task.', NULL, 'APPROVED', '2024-05-19 20:37:19.200000', '2024-05-19 20:37:19.200000', '2024-05-19 20:42:19.200000');

-- 2024-05-23 00:45:00.000000
-- 2024-05-23
INSERT INTO task (id, collection_id, created_by_id, root_task_id, name, description, report_format, level, task_type, priority, is_locked, start_date, end_date, deadline, created_time, updated_time)
VALUES (863, 61, 151, NULL, 'Final QA Regression After Refactor', 'This is Final QA Regression After Refactor', NULL, 'ADVANCED', 'TEST', 'HIGH', FALSE, '2024-05-23', '2024-06-13', '2024-05-29', '2024-05-23 00:45:00.000000', '2024-05-23 00:45:00.000000');

INSERT INTO task_for_users (id, task_id, assigned_to_id, user_task_status, updated_time, started_time)
VALUES
(19228, 863, 112, 'JOINED', '2024-05-23 00:45:00.000000', '2024-05-26 01:02:16.800000'),
(19229, 863, 115, 'JOINED', '2024-05-23 00:45:00.000000', '2024-05-23 11:07:04.800000'),
(19230, 863, 116, 'JOINED', '2024-05-23 00:45:00.000000', '2024-05-24 00:47:52.800000'),
(19231, 863, 117, 'JOINED', '2024-05-23 00:45:00.000000', '2024-05-23 06:56:31.200000'),
(19232, 863, 118, 'JOINED', '2024-05-23 00:45:00.000000', '2024-05-23 05:30:07.200000'),
(19233, 863, 119, 'JOINED', '2024-05-23 00:45:00.000000', '2024-05-24 05:50:16.800000'),
(19234, 863, 120, 'JOINED', '2024-05-23 00:45:00.000000', '2024-05-23 01:36:50.400000'),
(19235, 863, 121, 'JOINED', '2024-05-23 00:45:00.000000', '2024-05-23 02:11:24.000000'),
(19236, 863, 122, 'JOINED', '2024-05-23 00:45:00.000000', '2024-05-23 01:54:07.200000'),
(19237, 863, 123, 'JOINED', '2024-05-23 00:45:00.000000', '2024-05-24 17:30:07.200000'),
(19238, 863, 124, 'JOINED', '2024-05-23 00:45:00.000000', '2024-05-25 04:44:02.400000'),
(19239, 863, 125, 'JOINED', '2024-05-23 00:45:00.000000', '2024-05-25 21:34:55.200000'),
(19240, 863, 126, 'JOINED', '2024-05-23 00:45:00.000000', '2024-05-26 09:23:24.000000'),
(19241, 863, 127, 'JOINED', '2024-05-23 00:45:00.000000', '2024-05-23 01:02:16.800000'),
(19242, 863, 128, 'JOINED', '2024-05-23 00:45:00.000000', '2024-05-23 04:21:00.000000'),
(19243, 863, 129, 'JOINED', '2024-05-23 00:45:00.000000', '2024-05-28 10:21:00.000000'),
(19244, 863, 130, 'JOINED', '2024-05-23 00:45:00.000000', '2024-05-27 01:48:21.600000'),
(19245, 863, 131, 'JOINED', '2024-05-23 00:45:00.000000', '2024-05-28 10:21:00.000000'),
(19246, 863, 132, 'JOINED', '2024-05-23 00:45:00.000000', '2024-05-23 15:43:33.600000'),
(19247, 863, 133, 'JOINED', '2024-05-23 00:45:00.000000', '2024-05-28 10:21:00.000000'),
(19248, 863, 134, 'JOINED', '2024-05-23 00:45:00.000000', '2024-05-28 10:21:00.000000'),
(19249, 863, 135, 'JOINED', '2024-05-23 00:45:00.000000', '2024-05-24 08:25:48.000000');
INSERT INTO report (id, created_by_id, title, content, rejected_reason, report_status, created_time, updated_time, reviewed_time)
VALUES
(DEFAULT, 19228, 'Employee 112 submit Report', 'Completed Task.', NULL, 'APPROVED', '2024-05-28 21:52:12.000000', '2024-05-28 21:52:12.000000', '2024-05-28 21:57:12.000000'),
(DEFAULT, 19229, 'Employee 115 submit Report', 'Completed Task.', NULL, 'APPROVED', '2024-05-26 00:45:00.000000', '2024-05-26 00:45:00.000000', '2024-05-26 00:50:00.000000'),
(DEFAULT, 19230, 'Employee 116 submit Report', 'Completed Task.', NULL, 'APPROVED', '2024-05-28 13:48:21.600000', '2024-05-28 13:48:21.600000', '2024-05-28 13:53:21.600000'),
(DEFAULT, 19231, 'Employee 117 submit Report', 'Completed Task.', NULL, 'APPROVED', '2024-05-25 17:07:04.800000', '2024-05-25 17:07:04.800000', '2024-05-25 17:12:04.800000'),
(DEFAULT, 19232, 'Employee 118 submit Report', 'Completed Task.', NULL, 'APPROVED', '2024-05-25 11:47:24.000000', '2024-05-25 11:47:24.000000', '2024-05-25 11:52:24.000000'),
(DEFAULT, 19233, 'Employee 119 submit Report', 'Completed Task.', NULL, 'APPROVED', '2024-06-02 19:39:43.200000', '2024-06-02 19:39:43.200000', '2024-06-02 19:44:43.200000'),
(DEFAULT, 19234, 'Employee 120 submit Report', 'Completed Task.', NULL, 'APPROVED', '2024-05-25 09:46:26.400000', '2024-05-25 09:46:26.400000', '2024-05-25 09:51:26.400000'),
(DEFAULT, 19235, 'Employee 121 submit Report', 'Completed Task.', NULL, 'APPROVED', '2024-06-03 23:18:36.000000', '2024-06-03 23:18:36.000000', '2024-06-03 23:23:36.000000'),
(DEFAULT, 19236, 'Employee 122 submit Report', 'Completed Task.', NULL, 'APPROVED', '2024-05-25 11:04:12.000000', '2024-05-25 11:04:12.000000', '2024-05-25 11:09:12.000000'),
(DEFAULT, 19237, 'Employee 123 submit Report', 'Completed Task.', NULL, 'APPROVED', '2024-05-28 17:15:43.200000', '2024-05-28 17:15:43.200000', '2024-05-28 17:20:43.200000'),
(DEFAULT, 19238, 'Employee 124 submit Report', 'Completed Task.', NULL, 'APPROVED', '2024-05-27 19:48:21.600000', '2024-05-27 19:48:21.600000', '2024-05-27 19:53:21.600000'),
(DEFAULT, 19239, 'Employee 125 submit Report', 'Completed Task.', NULL, 'APPROVED', '2024-05-28 20:34:26.400000', '2024-05-28 20:34:26.400000', '2024-05-28 20:39:26.400000'),
(DEFAULT, 19240, 'Employee 126 submit Report', 'Completed Task.', NULL, 'APPROVED', '2024-05-28 04:44:02.400000', '2024-05-28 04:44:02.400000', '2024-05-28 04:49:02.400000'),
(DEFAULT, 19241, 'Employee 127 submit Report', 'Completed Task.', NULL, 'APPROVED', '2024-05-24 21:23:24.000000', '2024-05-24 21:23:24.000000', '2024-05-24 21:28:24.000000'),
(DEFAULT, 19242, 'Employee 128 submit Report', 'Completed Task.', NULL, 'APPROVED', '2024-05-25 03:43:33.600000', '2024-05-25 03:43:33.600000', '2024-05-25 03:48:33.600000'),
(DEFAULT, 19243, 'Employee 129 submit Report', 'Completed Task.', NULL, 'APPROVED', '2024-06-13 09:57:57.600000', '2024-06-13 09:57:57.600000', '2024-06-13 10:02:57.600000'),
(DEFAULT, 19244, 'Employee 130 submit Report', 'Completed Task.', NULL, 'APPROVED', '2024-05-28 22:00:50.400000', '2024-05-28 22:00:50.400000', '2024-05-28 22:05:50.400000'),
(DEFAULT, 19245, 'Employee 131 submit Report', 'Completed Task.', NULL, 'APPROVED', '2024-06-12 06:10:26.400000', '2024-06-12 06:10:26.400000', '2024-06-12 06:15:26.400000'),
(DEFAULT, 19246, 'Employee 132 submit Report', 'Completed Task.', NULL, 'APPROVED', '2024-05-25 11:12:50.400000', '2024-05-25 11:12:50.400000', '2024-05-25 11:17:50.400000'),
(DEFAULT, 19247, 'Employee 133 submit Report', 'Completed Task.', NULL, 'APPROVED', '2024-06-11 07:42:36.000000', '2024-06-11 07:42:36.000000', '2024-06-11 07:47:36.000000'),
(DEFAULT, 19248, 'Employee 134 submit Report', 'Completed Task.', NULL, 'APPROVED', '2024-06-11 13:19:33.600000', '2024-06-11 13:19:33.600000', '2024-06-11 13:24:33.600000'),
(DEFAULT, 19249, 'Employee 135 submit Report', 'Completed Task.', NULL, 'APPROVED', '2024-05-27 15:37:48.000000', '2024-05-27 15:37:48.000000', '2024-05-27 15:42:48.000000');

-- 2024-05-30 00:45:00.000000
-- 2024-05-30
INSERT INTO task (id, collection_id, created_by_id, root_task_id, name, description, report_format, level, task_type, priority, is_locked, start_date, end_date, deadline, created_time, updated_time)
VALUES (864, 61, 151, NULL, 'Prepare QA Refactor Summary', 'This is Prepare QA Refactor Summary', NULL, 'HARD', 'TEST', 'NORMAL', FALSE, '2024-05-30', '2024-06-04', '2024-06-05', '2024-05-30 00:45:00.000000', '2024-05-30 00:45:00.000000');

INSERT INTO task_for_users (id, task_id, assigned_to_id, user_task_status, updated_time, started_time)
VALUES
(19251, 864, 112, 'JOINED', '2024-05-30 00:45:00.000000', '2024-05-30 17:18:36.000000');
INSERT INTO report (id, created_by_id, title, content, rejected_reason, report_status, created_time, updated_time, reviewed_time)
VALUES
(DEFAULT, 19251, 'Employee 112 submit Report', 'Completed Task.', NULL, 'APPROVED', '2024-06-04 14:57:28.800000', '2024-06-04 14:57:28.800000', '2024-06-04 15:02:28.800000');

-- 2024-06-06 00:45:00.000000
-- 2024-06-06
INSERT INTO task (id, collection_id, created_by_id, root_task_id, name, description, report_format, level, task_type, priority, is_locked, start_date, end_date, deadline, created_time, updated_time)
VALUES (865, 61, 151, NULL, 'Review QA Exit Criteria', 'This is Review QA Exit Criteria', NULL, 'ADVANCED', 'TEST', 'NORMAL', FALSE, '2024-06-06', '2024-06-23', '2024-06-11', '2024-06-06 00:45:00.000000', '2024-06-06 00:45:00.000000');

INSERT INTO task_for_users (id, task_id, assigned_to_id, user_task_status, updated_time, started_time)
VALUES
(19253, 865, 112, 'JOINED', '2024-06-06 00:45:00.000000', '2024-06-06 17:40:12.000000'),
(19254, 865, 114, 'JOINED', '2024-06-06 00:45:00.000000', '2024-06-06 16:28:12.000000'),
(19255, 865, 116, 'JOINED', '2024-06-06 00:45:00.000000', '2024-06-06 08:40:12.000000'),
(19256, 865, 117, 'JOINED', '2024-06-06 00:45:00.000000', '2024-06-06 01:13:48.000000'),
(19257, 865, 118, 'JOINED', '2024-06-06 00:45:00.000000', '2024-06-08 16:06:36.000000'),
(19258, 865, 119, 'JOINED', '2024-06-06 00:45:00.000000', '2024-06-06 12:37:48.000000'),
(19259, 865, 120, 'JOINED', '2024-06-06 00:45:00.000000', '2024-06-07 01:49:48.000000'),
(19260, 865, 121, 'JOINED', '2024-06-06 00:45:00.000000', '2024-06-06 18:23:24.000000'),
(19261, 865, 122, 'JOINED', '2024-06-06 00:45:00.000000', '2024-06-10 12:45:00.000000'),
(19262, 865, 123, 'JOINED', '2024-06-06 00:45:00.000000', '2024-06-07 01:13:48.000000'),
(19263, 865, 124, 'JOINED', '2024-06-06 00:45:00.000000', '2024-06-07 12:16:12.000000'),
(19264, 865, 125, 'JOINED', '2024-06-06 00:45:00.000000', '2024-06-07 15:30:36.000000'),
(19265, 865, 126, 'JOINED', '2024-06-06 00:45:00.000000', '2024-06-10 12:45:00.000000'),
(19266, 865, 127, 'JOINED', '2024-06-06 00:45:00.000000', '2024-06-07 13:10:12.000000'),
(19267, 865, 128, 'JOINED', '2024-06-06 00:45:00.000000', '2024-06-06 09:37:48.000000'),
(19268, 865, 129, 'JOINED', '2024-06-06 00:45:00.000000', '2024-06-10 12:45:00.000000'),
(19269, 865, 130, 'JOINED', '2024-06-06 00:45:00.000000', '2024-06-06 15:16:12.000000'),
(19270, 865, 131, 'JOINED', '2024-06-06 00:45:00.000000', '2024-06-07 16:21:00.000000'),
(19271, 865, 132, 'JOINED', '2024-06-06 00:45:00.000000', '2024-06-07 04:35:24.000000'),
(19272, 865, 133, 'JOINED', '2024-06-06 00:45:00.000000', '2024-06-08 19:13:48.000000'),
(19273, 865, 134, 'JOINED', '2024-06-06 00:45:00.000000', '2024-06-08 00:16:12.000000'),
(19274, 865, 135, 'JOINED', '2024-06-06 00:45:00.000000', '2024-06-06 20:40:12.000000');
INSERT INTO report (id, created_by_id, title, content, rejected_reason, report_status, created_time, updated_time, reviewed_time)
VALUES
(DEFAULT, 19253, 'Employee 112 submit Report', 'Completed Task.', NULL, 'APPROVED', '2024-06-08 04:49:48.000000', '2024-06-08 04:49:48.000000', '2024-06-08 04:54:48.000000'),
(DEFAULT, 19254, 'Employee 114 submit Report', 'Completed Task.', NULL, 'APPROVED', '2024-06-08 21:09:00.000000', '2024-06-08 21:09:00.000000', '2024-06-08 21:14:00.000000'),
(DEFAULT, 19255, 'Employee 116 submit Report', 'Completed Task.', NULL, 'APPROVED', '2024-06-07 03:52:12.000000', '2024-06-07 03:52:12.000000', '2024-06-07 03:57:12.000000'),
(DEFAULT, 19256, 'Employee 117 submit Report', 'Completed Task.', NULL, 'APPROVED', '2024-06-07 01:49:48.000000', '2024-06-07 01:49:48.000000', '2024-06-07 01:54:48.000000'),
(DEFAULT, 19257, 'Employee 118 submit Report', 'Completed Task.', NULL, 'APPROVED', '2024-06-10 15:30:36.000000', '2024-06-10 15:30:36.000000', '2024-06-10 15:35:36.000000'),
(DEFAULT, 19258, 'Employee 119 submit Report', 'Completed Task.', NULL, 'APPROVED', '2024-06-15 12:52:12.000000', '2024-06-15 12:52:12.000000', '2024-06-15 12:57:12.000000'),
(DEFAULT, 19259, 'Employee 120 submit Report', 'Completed Task.', NULL, 'APPROVED', '2024-06-10 05:33:00.000000', '2024-06-10 05:33:00.000000', '2024-06-10 05:38:00.000000'),
(DEFAULT, 19260, 'Employee 121 submit Report', 'Completed Task.', NULL, 'APPROVED', '2024-06-09 10:57:00.000000', '2024-06-09 10:57:00.000000', '2024-06-09 11:02:00.000000'),
(DEFAULT, 19261, 'Employee 122 submit Report', 'Completed Task.', NULL, 'APPROVED', '2024-06-23 20:40:12.000000', '2024-06-23 20:40:12.000000', '2024-06-23 20:45:12.000000'),
(DEFAULT, 19262, 'Employee 123 submit Report', 'Completed Task.', NULL, 'APPROVED', '2024-06-15 00:16:12.000000', '2024-06-15 00:16:12.000000', '2024-06-15 00:21:12.000000'),
(DEFAULT, 19263, 'Employee 124 submit Report', 'Completed Task.', NULL, 'APPROVED', '2024-06-08 15:45:00.000000', '2024-06-08 15:45:00.000000', '2024-06-08 15:50:00.000000'),
(DEFAULT, 19264, 'Employee 125 submit Report', 'Completed Task.', NULL, 'APPROVED', '2024-06-09 17:54:36.000000', '2024-06-09 17:54:36.000000', '2024-06-09 17:59:36.000000'),
(DEFAULT, 19265, 'Employee 126 submit Report', 'Completed Task.', NULL, 'APPROVED', '2024-06-23 13:28:12.000000', '2024-06-23 13:28:12.000000', '2024-06-23 13:33:12.000000'),
(DEFAULT, 19266, 'Employee 127 submit Report', 'Completed Task.', NULL, 'APPROVED', '2024-06-14 12:19:48.000000', '2024-06-14 12:19:48.000000', '2024-06-14 12:24:48.000000'),
(DEFAULT, 19267, 'Employee 128 submit Report', 'Completed Task.', NULL, 'APPROVED', '2024-06-08 04:28:12.000000', '2024-06-08 04:28:12.000000', '2024-06-08 04:33:12.000000'),
(DEFAULT, 19268, 'Employee 129 submit Report', 'Completed Task.', NULL, 'APPROVED', '2024-06-22 05:25:48.000000', '2024-06-22 05:25:48.000000', '2024-06-22 05:30:48.000000'),
(DEFAULT, 19269, 'Employee 130 submit Report', 'Completed Task.', NULL, 'APPROVED', '2024-06-10 23:54:36.000000', '2024-06-10 23:54:36.000000', '2024-06-10 23:59:36.000000'),
(DEFAULT, 19270, 'Employee 131 submit Report', 'Completed Task.', NULL, 'APPROVED', '2024-06-08 16:28:12.000000', '2024-06-08 16:28:12.000000', '2024-06-08 16:33:12.000000'),
(DEFAULT, 19271, 'Employee 132 submit Report', 'Completed Task.', NULL, 'APPROVED', '2024-06-08 05:33:00.000000', '2024-06-08 05:33:00.000000', '2024-06-08 05:38:00.000000'),
(DEFAULT, 19272, 'Employee 133 submit Report', 'Completed Task.', NULL, 'APPROVED', '2024-06-09 22:28:12.000000', '2024-06-09 22:28:12.000000', '2024-06-09 22:33:12.000000'),
(DEFAULT, 19273, 'Employee 134 submit Report', 'Completed Task.', NULL, 'APPROVED', '2024-06-09 05:18:36.000000', '2024-06-09 05:18:36.000000', '2024-06-09 05:23:36.000000'),
(DEFAULT, 19274, 'Employee 135 submit Report', 'Completed Task.', NULL, 'APPROVED', '2024-06-08 02:18:36.000000', '2024-06-08 02:18:36.000000', '2024-06-08 02:23:36.000000');

-- 2024-06-12 00:45:00.000000
-- 2024-06-12
INSERT INTO task (id, collection_id, created_by_id, root_task_id, name, description, report_format, level, task_type, priority, is_locked, start_date, end_date, deadline, created_time, updated_time)
VALUES (866, 61, 151, NULL, 'Final QA Approval', 'This is Final QA Approval', NULL, 'HARD', 'TEST', 'NORMAL', FALSE, '2024-06-12', '2024-06-15', '2024-06-18', '2024-06-12 00:45:00.000000', '2024-06-12 00:45:00.000000');

INSERT INTO task_for_users (id, task_id, assigned_to_id, user_task_status, updated_time, started_time)
VALUES
(19276, 866, 112, 'JOINED', '2024-06-12 00:45:00.000000', '2024-06-14 05:53:09.600000');
INSERT INTO report (id, created_by_id, title, content, rejected_reason, report_status, created_time, updated_time, reviewed_time)
VALUES
(DEFAULT, 19276, 'Employee 112 submit Report', 'Completed Task.', NULL, 'APPROVED', '2024-06-15 17:44:31.200000', '2024-06-15 17:44:31.200000', '2024-06-15 17:49:31.200000');

-- 2024-06-19 00:45:00.000000
-- 2024-06-19
INSERT INTO task (id, collection_id, created_by_id, root_task_id, name, description, report_format, level, task_type, priority, is_locked, start_date, end_date, deadline, created_time, updated_time)
VALUES (867, 61, 151, NULL, 'Sign Off Refactor Testing', 'This is Sign Off Refactor Testing', NULL, 'ADVANCED', 'TEST', 'NORMAL', FALSE, '2024-06-19', '2024-07-08', '2024-06-24', '2024-06-19 00:45:00.000000', '2024-06-19 00:45:00.000000');

INSERT INTO task_for_users (id, task_id, assigned_to_id, user_task_status, updated_time, started_time)
VALUES
(19278, 867, 112, 'JOINED', '2024-06-19 00:45:00.000000', '2024-06-21 20:54:36.000000'),
(19279, 867, 114, 'JOINED', '2024-06-19 00:45:00.000000', '2024-06-19 23:54:36.000000'),
(19280, 867, 116, 'JOINED', '2024-06-19 00:45:00.000000', '2024-06-20 23:40:12.000000'),
(19281, 867, 117, 'JOINED', '2024-06-19 00:45:00.000000', '2024-06-23 03:09:00.000000'),
(19282, 867, 118, 'JOINED', '2024-06-19 00:45:00.000000', '2024-06-23 12:45:00.000000'),
(19283, 867, 119, 'JOINED', '2024-06-19 00:45:00.000000', '2024-06-21 11:47:24.000000'),
(19284, 867, 120, 'JOINED', '2024-06-19 00:45:00.000000', '2024-06-20 12:30:36.000000'),
(19285, 867, 121, 'JOINED', '2024-06-19 00:45:00.000000', '2024-06-20 08:04:12.000000'),
(19286, 867, 122, 'JOINED', '2024-06-19 00:45:00.000000', '2024-06-23 12:45:00.000000'),
(19287, 867, 123, 'JOINED', '2024-06-19 00:45:00.000000', '2024-06-21 15:30:36.000000'),
(19288, 867, 124, 'JOINED', '2024-06-19 00:45:00.000000', '2024-06-20 13:57:00.000000'),
(19289, 867, 125, 'JOINED', '2024-06-19 00:45:00.000000', '2024-06-19 08:18:36.000000'),
(19290, 867, 126, 'JOINED', '2024-06-19 00:45:00.000000', '2024-06-21 16:53:24.000000'),
(19291, 867, 127, 'JOINED', '2024-06-19 00:45:00.000000', '2024-06-23 12:45:00.000000'),
(19292, 867, 128, 'JOINED', '2024-06-19 00:45:00.000000', '2024-06-20 00:45:00.000000'),
(19293, 867, 129, 'JOINED', '2024-06-19 00:45:00.000000', '2024-06-19 08:54:36.000000'),
(19294, 867, 130, 'JOINED', '2024-06-19 00:45:00.000000', '2024-06-20 09:37:48.000000'),
(19295, 867, 131, 'JOINED', '2024-06-19 00:45:00.000000', '2024-06-19 04:06:36.000000'),
(19296, 867, 132, 'JOINED', '2024-06-19 00:45:00.000000', '2024-06-19 02:11:24.000000'),
(19297, 867, 133, 'JOINED', '2024-06-19 00:45:00.000000', '2024-06-19 06:16:12.000000'),
(19298, 867, 134, 'JOINED', '2024-06-19 00:45:00.000000', '2024-06-21 10:28:12.000000'),
(19299, 867, 135, 'JOINED', '2024-06-19 00:45:00.000000', '2024-06-21 06:12:36.000000');
INSERT INTO report (id, created_by_id, title, content, rejected_reason, report_status, created_time, updated_time, reviewed_time)
VALUES
(DEFAULT, 19278, 'Employee 112 submit Report', 'Completed Task.', NULL, 'APPROVED', '2024-06-22 19:49:48.000000', '2024-06-22 19:49:48.000000', '2024-06-22 19:54:48.000000'),
(DEFAULT, 19279, 'Employee 114 submit Report', 'Completed Task.', NULL, 'APPROVED', '2024-06-21 16:28:12.000000', '2024-06-21 16:28:12.000000', '2024-06-21 16:33:12.000000'),
(DEFAULT, 19280, 'Employee 116 submit Report', 'Completed Task.', NULL, 'APPROVED', '2024-06-22 14:18:36.000000', '2024-06-22 14:18:36.000000', '2024-06-22 14:23:36.000000'),
(DEFAULT, 19281, 'Employee 117 submit Report', 'Completed Task.', NULL, 'APPROVED', '2024-06-23 21:23:24.000000', '2024-06-23 21:23:24.000000', '2024-06-23 21:28:24.000000'),
(DEFAULT, 19282, 'Employee 118 submit Report', 'Completed Task.', NULL, 'APPROVED', '2024-07-03 19:49:48.000000', '2024-07-03 19:49:48.000000', '2024-07-03 19:54:48.000000'),
(DEFAULT, 19283, 'Employee 119 submit Report', 'Completed Task.', NULL, 'APPROVED', '2024-06-23 07:21:00.000000', '2024-06-23 07:21:00.000000', '2024-06-23 07:26:00.000000'),
(DEFAULT, 19284, 'Employee 120 submit Report', 'Completed Task.', NULL, 'APPROVED', '2024-06-21 19:57:00.000000', '2024-06-21 19:57:00.000000', '2024-06-21 20:02:00.000000'),
(DEFAULT, 19285, 'Employee 121 submit Report', 'Completed Task.', NULL, 'APPROVED', '2024-06-23 07:28:12.000000', '2024-06-23 07:28:12.000000', '2024-06-23 07:33:12.000000'),
(DEFAULT, 19286, 'Employee 122 submit Report', 'Completed Task.', NULL, 'APPROVED', '2024-07-07 06:37:48.000000', '2024-07-07 06:37:48.000000', '2024-07-07 06:42:48.000000'),
(DEFAULT, 19287, 'Employee 123 submit Report', 'Completed Task.', NULL, 'APPROVED', '2024-06-23 08:40:12.000000', '2024-06-23 08:40:12.000000', '2024-06-23 08:45:12.000000'),
(DEFAULT, 19288, 'Employee 124 submit Report', 'Completed Task.', NULL, 'APPROVED', '2024-06-23 01:06:36.000000', '2024-06-23 01:06:36.000000', '2024-06-23 01:11:36.000000'),
(DEFAULT, 19289, 'Employee 125 submit Report', 'Completed Task.', NULL, 'APPROVED', '2024-06-21 10:35:24.000000', '2024-06-21 10:35:24.000000', '2024-06-21 10:40:24.000000'),
(DEFAULT, 19290, 'Employee 126 submit Report', 'Completed Task.', NULL, 'APPROVED', '2024-06-26 08:36:36.000000', '2024-06-26 08:36:36.000000', '2024-06-26 08:41:36.000000'),
(DEFAULT, 19291, 'Employee 127 submit Report', 'Completed Task.', NULL, 'APPROVED', '2024-07-08 10:42:36.000000', '2024-07-08 10:42:36.000000', '2024-07-08 10:47:36.000000'),
(DEFAULT, 19292, 'Employee 128 submit Report', 'Completed Task.', NULL, 'APPROVED', '2024-06-22 17:04:12.000000', '2024-06-22 17:04:12.000000', '2024-06-22 17:09:12.000000'),
(DEFAULT, 19293, 'Employee 129 submit Report', 'Completed Task.', NULL, 'APPROVED', '2024-06-28 16:35:24.000000', '2024-06-28 16:35:24.000000', '2024-06-28 16:40:24.000000'),
(DEFAULT, 19294, 'Employee 130 submit Report', 'Completed Task.', NULL, 'APPROVED', '2024-06-21 06:59:24.000000', '2024-06-21 06:59:24.000000', '2024-06-21 07:04:24.000000'),
(DEFAULT, 19295, 'Employee 131 submit Report', 'Completed Task.', NULL, 'APPROVED', '2024-06-21 05:33:00.000000', '2024-06-21 05:33:00.000000', '2024-06-21 05:38:00.000000'),
(DEFAULT, 19296, 'Employee 132 submit Report', 'Completed Task.', NULL, 'APPROVED', '2024-06-21 13:13:48.000000', '2024-06-21 13:13:48.000000', '2024-06-21 13:18:48.000000'),
(DEFAULT, 19297, 'Employee 133 submit Report', 'Completed Task.', NULL, 'APPROVED', '2024-06-20 04:42:36.000000', '2024-06-20 04:42:36.000000', '2024-06-20 04:47:36.000000'),
(DEFAULT, 19298, 'Employee 134 submit Report', 'Completed Task.', NULL, 'APPROVED', '2024-06-22 07:13:48.000000', '2024-06-22 07:13:48.000000', '2024-06-22 07:18:48.000000'),
(DEFAULT, 19299, 'Employee 135 submit Report', 'Completed Task.', NULL, 'APPROVED', '2024-06-26 19:17:24.000000', '2024-06-26 19:17:24.000000', '2024-06-26 19:22:24.000000');

-- 2024-06-25 00:45:00.000000
-- 2024-06-25
INSERT INTO task (id, collection_id, created_by_id, root_task_id, name, description, report_format, level, task_type, priority, is_locked, start_date, end_date, deadline, created_time, updated_time)
VALUES (868, 61, 151, NULL, 'Archive Test Artifacts', 'This is Archive Test Artifacts', NULL, 'HARD', 'TEST', 'NORMAL', FALSE, '2024-06-25', '2024-06-27', '2024-07-01', '2024-06-25 00:45:00.000000', '2024-06-25 00:45:00.000000');

INSERT INTO task_for_users (id, task_id, assigned_to_id, user_task_status, updated_time, started_time)
VALUES
(19301, 868, 112, 'JOINED', '2024-06-25 00:45:00.000000', '2024-06-26 12:27:43.200000');
INSERT INTO report (id, created_by_id, title, content, rejected_reason, report_status, created_time, updated_time, reviewed_time)
VALUES
(DEFAULT, 19301, 'Employee 112 submit Report', 'Completed Task.', NULL, 'APPROVED', '2024-06-27 16:06:36.000000', '2024-06-27 16:06:36.000000', '2024-06-27 16:11:36.000000');

-- 2024-07-02 00:45:00.000000
-- 2024-07-02
INSERT INTO task (id, collection_id, created_by_id, root_task_id, name, description, report_format, level, task_type, priority, is_locked, start_date, end_date, deadline, created_time, updated_time)
VALUES (869, 61, 151, NULL, 'Close QA Refactor Phase', 'This is Close QA Refactor Phase', NULL, 'ADVANCED', 'TEST', 'NORMAL', FALSE, '2024-07-02', '2024-07-18', '2024-07-07', '2024-07-02 00:45:00.000000', '2024-07-02 00:45:00.000000');

INSERT INTO task_for_users (id, task_id, assigned_to_id, user_task_status, updated_time, started_time)
VALUES
(19303, 869, 116, 'JOINED', '2024-07-02 00:45:00.000000', '2024-07-02 22:28:12.000000'),
(19304, 869, 117, 'JOINED', '2024-07-02 00:45:00.000000', '2024-07-06 12:45:00.000000'),
(19305, 869, 118, 'JOINED', '2024-07-02 00:45:00.000000', '2024-07-05 03:30:36.000000'),
(19306, 869, 119, 'JOINED', '2024-07-02 00:45:00.000000', '2024-07-02 15:45:00.000000'),
(19307, 869, 120, 'JOINED', '2024-07-02 00:45:00.000000', '2024-07-03 22:13:48.000000'),
(19308, 869, 121, 'JOINED', '2024-07-02 00:45:00.000000', '2024-07-02 04:28:12.000000'),
(19309, 869, 122, 'JOINED', '2024-07-02 00:45:00.000000', '2024-07-02 04:28:12.000000'),
(19310, 869, 123, 'JOINED', '2024-07-02 00:45:00.000000', '2024-07-02 22:42:36.000000'),
(19311, 869, 124, 'JOINED', '2024-07-02 00:45:00.000000', '2024-07-02 16:21:00.000000'),
(19312, 869, 125, 'JOINED', '2024-07-02 00:45:00.000000', '2024-07-02 05:25:48.000000'),
(19313, 869, 126, 'JOINED', '2024-07-02 00:45:00.000000', '2024-07-03 09:01:48.000000'),
(19314, 869, 127, 'JOINED', '2024-07-02 00:45:00.000000', '2024-07-02 02:54:36.000000'),
(19315, 869, 128, 'JOINED', '2024-07-02 00:45:00.000000', '2024-07-06 12:45:00.000000'),
(19316, 869, 129, 'JOINED', '2024-07-02 00:45:00.000000', '2024-07-02 06:45:00.000000'),
(19317, 869, 130, 'JOINED', '2024-07-02 00:45:00.000000', '2024-07-03 05:54:36.000000'),
(19318, 869, 131, 'JOINED', '2024-07-02 00:45:00.000000', '2024-07-02 11:47:24.000000'),
(19319, 869, 132, 'JOINED', '2024-07-02 00:45:00.000000', '2024-07-02 16:13:48.000000'),
(19320, 869, 133, 'JOINED', '2024-07-02 00:45:00.000000', '2024-07-02 02:11:24.000000'),
(19321, 869, 134, 'JOINED', '2024-07-02 00:45:00.000000', '2024-07-02 16:28:12.000000'),
(19322, 869, 135, 'JOINED', '2024-07-02 00:45:00.000000', '2024-07-02 15:30:36.000000');
INSERT INTO report (id, created_by_id, title, content, rejected_reason, report_status, created_time, updated_time, reviewed_time)
VALUES
(DEFAULT, 19303, 'Employee 116 submit Report', 'Completed Task.', NULL, 'APPROVED', '2024-07-06 11:04:12.000000', '2024-07-06 11:04:12.000000', '2024-07-06 11:09:12.000000'),
(DEFAULT, 19304, 'Employee 117 submit Report', 'Completed Task.', NULL, 'APPROVED', '2024-07-17 00:37:48.000000', '2024-07-17 00:37:48.000000', '2024-07-17 00:42:48.000000'),
(DEFAULT, 19305, 'Employee 118 submit Report', 'Completed Task.', NULL, 'APPROVED', '2024-07-05 23:40:12.000000', '2024-07-05 23:40:12.000000', '2024-07-05 23:45:12.000000'),
(DEFAULT, 19306, 'Employee 119 submit Report', 'Completed Task.', NULL, 'APPROVED', '2024-07-11 09:45:00.000000', '2024-07-11 09:45:00.000000', '2024-07-11 09:50:00.000000'),
(DEFAULT, 19307, 'Employee 120 submit Report', 'Completed Task.', NULL, 'APPROVED', '2024-07-10 03:16:12.000000', '2024-07-10 03:16:12.000000', '2024-07-10 03:21:12.000000'),
(DEFAULT, 19308, 'Employee 121 submit Report', 'Completed Task.', NULL, 'APPROVED', '2024-07-04 12:16:12.000000', '2024-07-04 12:16:12.000000', '2024-07-04 12:21:12.000000'),
(DEFAULT, 19309, 'Employee 122 submit Report', 'Completed Task.', NULL, 'APPROVED', '2024-07-03 16:49:48.000000', '2024-07-03 16:49:48.000000', '2024-07-03 16:54:48.000000'),
(DEFAULT, 19310, 'Employee 123 submit Report', 'Completed Task.', NULL, 'APPROVED', '2024-07-06 15:09:00.000000', '2024-07-06 15:09:00.000000', '2024-07-06 15:14:00.000000'),
(DEFAULT, 19311, 'Employee 124 submit Report', 'Completed Task.', NULL, 'APPROVED', '2024-07-03 14:18:36.000000', '2024-07-03 14:18:36.000000', '2024-07-03 14:23:36.000000'),
(DEFAULT, 19312, 'Employee 125 submit Report', 'Completed Task.', NULL, 'APPROVED', '2024-07-06 06:59:24.000000', '2024-07-06 06:59:24.000000', '2024-07-06 07:04:24.000000'),
(DEFAULT, 19313, 'Employee 126 submit Report', 'Completed Task.', NULL, 'APPROVED', '2024-07-04 04:57:00.000000', '2024-07-04 04:57:00.000000', '2024-07-04 05:02:00.000000'),
(DEFAULT, 19314, 'Employee 127 submit Report', 'Completed Task.', NULL, 'APPROVED', '2024-07-03 20:18:36.000000', '2024-07-03 20:18:36.000000', '2024-07-03 20:23:36.000000'),
(DEFAULT, 19315, 'Employee 128 submit Report', 'Completed Task.', NULL, 'APPROVED', '2024-07-18 09:01:48.000000', '2024-07-18 09:01:48.000000', '2024-07-18 09:06:48.000000'),
(DEFAULT, 19316, 'Employee 129 submit Report', 'Completed Task.', NULL, 'APPROVED', '2024-07-05 17:11:24.000000', '2024-07-05 17:11:24.000000', '2024-07-05 17:16:24.000000'),
(DEFAULT, 19317, 'Employee 130 submit Report', 'Completed Task.', NULL, 'APPROVED', '2024-07-04 22:28:12.000000', '2024-07-04 22:28:12.000000', '2024-07-04 22:33:12.000000'),
(DEFAULT, 19318, 'Employee 131 submit Report', 'Completed Task.', NULL, 'APPROVED', '2024-07-03 11:18:36.000000', '2024-07-03 11:18:36.000000', '2024-07-03 11:23:36.000000'),
(DEFAULT, 19319, 'Employee 132 submit Report', 'Completed Task.', NULL, 'APPROVED', '2024-07-03 14:33:00.000000', '2024-07-03 14:33:00.000000', '2024-07-03 14:38:00.000000'),
(DEFAULT, 19320, 'Employee 133 submit Report', 'Completed Task.', NULL, 'APPROVED', '2024-07-03 05:47:24.000000', '2024-07-03 05:47:24.000000', '2024-07-03 05:52:24.000000'),
(DEFAULT, 19321, 'Employee 134 submit Report', 'Completed Task.', NULL, 'APPROVED', '2024-07-04 01:49:48.000000', '2024-07-04 01:49:48.000000', '2024-07-04 01:54:48.000000'),
(DEFAULT, 19322, 'Employee 135 submit Report', 'Completed Task.', NULL, 'APPROVED', '2024-07-03 11:33:00.000000', '2024-07-03 11:33:00.000000', '2024-07-03 11:38:00.000000');

INSERT INTO `phase` (`id`, `created_time`, `description`, `due_date`, `start_date`, `name`, `updated_time`, `project_id`, `created_by_id`)
VALUES (11, '2024-07-07 00:45:00.000000', 'This is Post-Refactor & Release Validation', '2025-04-21', '2024-07-07', 'Post-Refactor & Release Validation', '2024-07-07 00:45:00.000000', 3, 154);


INSERT INTO collection (`id`, `created_time`, `description`, `due_date`, `start_date`, `name`, `updated_time`, `phase_id`, `created_by_id`)
VALUES (62, '2024-07-07 00:50:00.000000', 'This is UAT & Business Validation', '2024-09-05', '2024-07-07', 'UAT & Business Validation', '2024-07-07 00:50:00.000000', 11, 154);


-- 2024-07-08 00:55:00.000000
-- 2024-07-08
INSERT INTO task (id, collection_id, created_by_id, root_task_id, name, description, report_format, level, task_type, priority, is_locked, start_date, end_date, deadline, created_time, updated_time)
VALUES (870, 62, 151, NULL, 'Validate User Acceptance Scenarios', 'This is Validate User Acceptance Scenarios', NULL, 'NORMAL', 'TEST', 'NORMAL', FALSE, '2024-07-08', '2024-07-11', '2024-07-12', '2024-07-08 00:55:00.000000', '2024-07-08 00:55:00.000000');

INSERT INTO task_for_users (id, task_id, assigned_to_id, user_task_status, updated_time, started_time)
VALUES
(19324, 870, 118, 'JOINED', '2024-07-08 00:55:00.000000', '2024-07-08 15:07:28.800000'),
(19325, 870, 124, 'JOINED', '2024-07-08 00:55:00.000000', '2024-07-09 15:13:14.400000');
INSERT INTO report (id, created_by_id, title, content, rejected_reason, report_status, created_time, updated_time, reviewed_time)
VALUES
(DEFAULT, 19324, 'Employee 118 submit Report', 'Completed Task.', NULL, 'APPROVED', '2024-07-09 10:54:02.400000', '2024-07-09 10:54:02.400000', '2024-07-09 10:59:02.400000'),
(DEFAULT, 19325, 'Employee 124 submit Report', 'Completed Task.', NULL, 'APPROVED', '2024-07-11 00:14:40.800000', '2024-07-11 00:14:40.800000', '2024-07-11 00:19:40.800000');

-- 2024-07-13 00:55:00.000000
-- 2024-07-13
INSERT INTO task (id, collection_id, created_by_id, root_task_id, name, description, report_format, level, task_type, priority, is_locked, start_date, end_date, deadline, created_time, updated_time)
VALUES (871, 62, 151, NULL, 'Validate End-user CV Creation Journey', 'This is Validate End-user CV Creation Journey', NULL, 'ADVANCED', 'TEST', 'NORMAL', FALSE, '2024-07-13', '2024-07-31', '2024-07-18', '2024-07-13 00:55:00.000000', '2024-07-13 00:55:00.000000');

INSERT INTO task_for_users (id, task_id, assigned_to_id, user_task_status, updated_time, started_time)
VALUES
(19327, 871, 116, 'JOINED', '2024-07-13 00:55:00.000000', '2024-07-13 05:50:12.000000'),
(19328, 871, 117, 'JOINED', '2024-07-13 00:55:00.000000', '2024-07-17 12:55:00.000000'),
(19329, 871, 118, 'JOINED', '2024-07-13 00:55:00.000000', '2024-07-13 14:39:24.000000'),
(19330, 871, 119, 'JOINED', '2024-07-13 00:55:00.000000', '2024-07-14 04:02:12.000000'),
(19331, 871, 120, 'JOINED', '2024-07-13 00:55:00.000000', '2024-07-14 01:38:12.000000'),
(19332, 871, 121, 'JOINED', '2024-07-13 00:55:00.000000', '2024-07-13 11:43:00.000000'),
(19333, 871, 122, 'JOINED', '2024-07-13 00:55:00.000000', '2024-07-14 21:26:12.000000'),
(19334, 871, 123, 'JOINED', '2024-07-13 00:55:00.000000', '2024-07-13 06:26:12.000000'),
(19335, 871, 124, 'JOINED', '2024-07-13 00:55:00.000000', '2024-07-14 05:50:12.000000'),
(19336, 871, 125, 'JOINED', '2024-07-13 00:55:00.000000', '2024-07-17 12:55:00.000000'),
(19337, 871, 126, 'JOINED', '2024-07-13 00:55:00.000000', '2024-07-16 15:47:48.000000'),
(19338, 871, 127, 'JOINED', '2024-07-13 00:55:00.000000', '2024-07-13 21:08:12.000000'),
(19339, 871, 128, 'JOINED', '2024-07-13 00:55:00.000000', '2024-07-14 04:31:00.000000'),
(19340, 871, 129, 'JOINED', '2024-07-13 00:55:00.000000', '2024-07-16 08:43:00.000000'),
(19341, 871, 130, 'JOINED', '2024-07-13 00:55:00.000000', '2024-07-15 10:23:48.000000'),
(19342, 871, 131, 'JOINED', '2024-07-13 00:55:00.000000', '2024-07-17 12:55:00.000000'),
(19343, 871, 132, 'JOINED', '2024-07-13 00:55:00.000000', '2024-07-15 16:02:12.000000'),
(19344, 871, 133, 'JOINED', '2024-07-13 00:55:00.000000', '2024-07-17 12:55:00.000000'),
(19345, 871, 134, 'JOINED', '2024-07-13 00:55:00.000000', '2024-07-14 11:21:24.000000'),
(19346, 871, 135, 'JOINED', '2024-07-13 00:55:00.000000', '2024-07-17 12:55:00.000000');
INSERT INTO report (id, created_by_id, title, content, rejected_reason, report_status, created_time, updated_time, reviewed_time)
VALUES
(DEFAULT, 19327, 'Employee 116 submit Report', 'Completed Task.', NULL, 'APPROVED', '2024-07-14 08:28:36.000000', '2024-07-14 08:28:36.000000', '2024-07-14 08:33:36.000000'),
(DEFAULT, 19328, 'Employee 117 submit Report', 'Completed Task.', NULL, 'APPROVED', '2024-07-31 12:33:24.000000', '2024-07-31 12:33:24.000000', '2024-07-31 12:38:24.000000'),
(DEFAULT, 19329, 'Employee 118 submit Report', 'Completed Task.', NULL, 'APPROVED', '2024-07-22 11:10:36.000000', '2024-07-22 11:10:36.000000', '2024-07-22 11:15:36.000000'),
(DEFAULT, 19330, 'Employee 119 submit Report', 'Completed Task.', NULL, 'APPROVED', '2024-07-15 03:26:12.000000', '2024-07-15 03:26:12.000000', '2024-07-15 03:31:12.000000'),
(DEFAULT, 19331, 'Employee 120 submit Report', 'Completed Task.', NULL, 'APPROVED', '2024-07-15 14:43:00.000000', '2024-07-15 14:43:00.000000', '2024-07-15 14:48:00.000000'),
(DEFAULT, 19332, 'Employee 121 submit Report', 'Completed Task.', NULL, 'APPROVED', '2024-07-14 08:14:12.000000', '2024-07-14 08:14:12.000000', '2024-07-14 08:19:12.000000'),
(DEFAULT, 19333, 'Employee 122 submit Report', 'Completed Task.', NULL, 'APPROVED', '2024-07-15 21:47:48.000000', '2024-07-15 21:47:48.000000', '2024-07-15 21:52:48.000000'),
(DEFAULT, 19334, 'Employee 123 submit Report', 'Completed Task.', NULL, 'APPROVED', '2024-07-22 19:23:48.000000', '2024-07-22 19:23:48.000000', '2024-07-22 19:28:48.000000'),
(DEFAULT, 19335, 'Employee 124 submit Report', 'Completed Task.', NULL, 'APPROVED', '2024-07-17 17:14:12.000000', '2024-07-17 17:14:12.000000', '2024-07-17 17:19:12.000000'),
(DEFAULT, 19336, 'Employee 125 submit Report', 'Completed Task.', NULL, 'APPROVED', '2024-07-28 05:28:36.000000', '2024-07-28 05:28:36.000000', '2024-07-28 05:33:36.000000'),
(DEFAULT, 19337, 'Employee 126 submit Report', 'Completed Task.', NULL, 'APPROVED', '2024-07-17 21:47:48.000000', '2024-07-17 21:47:48.000000', '2024-07-17 21:52:48.000000'),
(DEFAULT, 19338, 'Employee 127 submit Report', 'Completed Task.', NULL, 'APPROVED', '2024-07-22 04:41:48.000000', '2024-07-22 04:41:48.000000', '2024-07-22 04:46:48.000000'),
(DEFAULT, 19339, 'Employee 128 submit Report', 'Completed Task.', NULL, 'APPROVED', '2024-07-17 20:57:24.000000', '2024-07-17 20:57:24.000000', '2024-07-17 21:02:24.000000'),
(DEFAULT, 19340, 'Employee 129 submit Report', 'Completed Task.', NULL, 'APPROVED', '2024-07-17 23:28:36.000000', '2024-07-17 23:28:36.000000', '2024-07-17 23:33:36.000000'),
(DEFAULT, 19341, 'Employee 130 submit Report', 'Completed Task.', NULL, 'APPROVED', '2024-07-17 21:19:00.000000', '2024-07-17 21:19:00.000000', '2024-07-17 21:24:00.000000'),
(DEFAULT, 19342, 'Employee 131 submit Report', 'Completed Task.', NULL, 'APPROVED', '2024-07-29 07:38:12.000000', '2024-07-29 07:38:12.000000', '2024-07-29 07:43:12.000000'),
(DEFAULT, 19343, 'Employee 132 submit Report', 'Completed Task.', NULL, 'APPROVED', '2024-07-16 10:23:48.000000', '2024-07-16 10:23:48.000000', '2024-07-16 10:28:48.000000'),
(DEFAULT, 19344, 'Employee 133 submit Report', 'Completed Task.', NULL, 'APPROVED', '2024-07-29 07:02:12.000000', '2024-07-29 07:02:12.000000', '2024-07-29 07:07:12.000000'),
(DEFAULT, 19345, 'Employee 134 submit Report', 'Completed Task.', NULL, 'APPROVED', '2024-07-16 19:59:48.000000', '2024-07-16 19:59:48.000000', '2024-07-16 20:04:48.000000'),
(DEFAULT, 19346, 'Employee 135 submit Report', 'Completed Task.', NULL, 'APPROVED', '2024-07-30 10:16:36.000000', '2024-07-30 10:16:36.000000', '2024-07-30 10:21:36.000000');

-- 2024-07-19 00:55:00.000000
-- 2024-07-19
INSERT INTO task (id, collection_id, created_by_id, root_task_id, name, description, report_format, level, task_type, priority, is_locked, start_date, end_date, deadline, created_time, updated_time)
VALUES (872, 62, 151, NULL, 'Validate CV Submission Approval Flow', 'This is Validate CV Submission Approval Flow', NULL, 'NORMAL', 'TEST', 'NORMAL', FALSE, '2024-07-19', '2024-07-22', '2024-07-23', '2024-07-19 00:55:00.000000', '2024-07-19 00:55:00.000000');

INSERT INTO task_for_users (id, task_id, assigned_to_id, user_task_status, updated_time, started_time)
VALUES
(19348, 872, 118, 'JOINED', '2024-07-19 00:55:00.000000', '2024-07-21 12:49:14.400000'),
(19349, 872, 124, 'JOINED', '2024-07-19 00:55:00.000000', '2024-07-20 13:35:19.200000');
INSERT INTO report (id, created_by_id, title, content, rejected_reason, report_status, created_time, updated_time, reviewed_time)
VALUES
(DEFAULT, 19348, 'Employee 118 submit Report', 'Completed Task.', NULL, 'APPROVED', '2024-07-22 06:11:48.000000', '2024-07-22 06:11:48.000000', '2024-07-22 06:16:48.000000'),
(DEFAULT, 19349, 'Employee 124 submit Report', 'Completed Task.', NULL, 'APPROVED', '2024-07-21 05:19:57.600000', '2024-07-21 05:19:57.600000', '2024-07-21 05:24:57.600000');

-- 2024-07-24 00:55:00.000000
-- 2024-07-24
INSERT INTO task (id, collection_id, created_by_id, root_task_id, name, description, report_format, level, task_type, priority, is_locked, start_date, end_date, deadline, created_time, updated_time)
VALUES (873, 62, 151, NULL, 'Validate CV Recommendation Usefulness', 'This is Validate CV Recommendation Usefulness', NULL, 'ADVANCED', 'TEST', 'LOW', FALSE, '2024-07-24', '2024-08-06', '2024-07-28', '2024-07-24 00:55:00.000000', '2024-07-24 00:55:00.000000');

INSERT INTO task_for_users (id, task_id, assigned_to_id, user_task_status, updated_time, started_time)
VALUES
(19351, 873, 116, 'JOINED', '2024-07-24 00:55:00.000000', '2024-07-25 10:19:28.800000'),
(19352, 873, 117, 'JOINED', '2024-07-24 00:55:00.000000', '2024-07-26 10:16:36.000000'),
(19353, 873, 118, 'JOINED', '2024-07-24 00:55:00.000000', '2024-07-24 12:14:40.800000'),
(19354, 873, 119, 'JOINED', '2024-07-24 00:55:00.000000', '2024-07-25 09:27:38.400000'),
(19355, 873, 120, 'JOINED', '2024-07-24 00:55:00.000000', '2024-07-27 15:19:00.000000'),
(19356, 873, 121, 'JOINED', '2024-07-24 00:55:00.000000', '2024-07-26 08:32:55.200000'),
(19357, 873, 122, 'JOINED', '2024-07-24 00:55:00.000000', '2024-07-24 01:46:50.400000'),
(19358, 873, 123, 'JOINED', '2024-07-24 00:55:00.000000', '2024-07-27 15:19:00.000000'),
(19359, 873, 124, 'JOINED', '2024-07-24 00:55:00.000000', '2024-07-24 18:17:33.600000'),
(19360, 873, 125, 'JOINED', '2024-07-24 00:55:00.000000', '2024-07-24 04:45:24.000000'),
(19361, 873, 126, 'JOINED', '2024-07-24 00:55:00.000000', '2024-07-24 07:38:12.000000'),
(19362, 873, 127, 'JOINED', '2024-07-24 00:55:00.000000', '2024-07-25 08:38:40.800000'),
(19363, 873, 128, 'JOINED', '2024-07-24 00:55:00.000000', '2024-07-25 18:03:09.600000'),
(19364, 873, 129, 'JOINED', '2024-07-24 00:55:00.000000', '2024-07-24 03:59:19.200000'),
(19365, 873, 130, 'JOINED', '2024-07-24 00:55:00.000000', '2024-07-25 14:07:00.000000'),
(19366, 873, 131, 'JOINED', '2024-07-24 00:55:00.000000', '2024-07-24 15:42:02.400000'),
(19367, 873, 132, 'JOINED', '2024-07-24 00:55:00.000000', '2024-07-24 13:06:31.200000'),
(19368, 873, 133, 'JOINED', '2024-07-24 00:55:00.000000', '2024-07-24 10:59:48.000000'),
(19369, 873, 134, 'JOINED', '2024-07-24 00:55:00.000000', '2024-07-24 04:39:38.400000'),
(19370, 873, 135, 'JOINED', '2024-07-24 00:55:00.000000', '2024-07-24 01:23:48.000000');
INSERT INTO report (id, created_by_id, title, content, rejected_reason, report_status, created_time, updated_time, reviewed_time)
VALUES
(DEFAULT, 19351, 'Employee 116 submit Report', 'Completed Task.', NULL, 'APPROVED', '2024-07-27 09:27:38.400000', '2024-07-27 09:27:38.400000', '2024-07-27 09:32:38.400000'),
(DEFAULT, 19352, 'Employee 117 submit Report', 'Completed Task.', NULL, 'APPROVED', '2024-07-29 15:33:24.000000', '2024-07-29 15:33:24.000000', '2024-07-29 15:38:24.000000'),
(DEFAULT, 19353, 'Employee 118 submit Report', 'Completed Task.', NULL, 'APPROVED', '2024-07-25 03:13:14.400000', '2024-07-25 03:13:14.400000', '2024-07-25 03:18:14.400000'),
(DEFAULT, 19354, 'Employee 119 submit Report', 'Completed Task.', NULL, 'APPROVED', '2024-07-26 12:49:14.400000', '2024-07-26 12:49:14.400000', '2024-07-26 12:54:14.400000'),
(DEFAULT, 19355, 'Employee 120 submit Report', 'Completed Task.', NULL, 'APPROVED', '2024-08-06 08:53:04.800000', '2024-08-06 08:53:04.800000', '2024-08-06 08:58:04.800000'),
(DEFAULT, 19356, 'Employee 121 submit Report', 'Completed Task.', NULL, 'APPROVED', '2024-07-29 17:17:04.800000', '2024-07-29 17:17:04.800000', '2024-07-29 17:22:04.800000'),
(DEFAULT, 19357, 'Employee 122 submit Report', 'Completed Task.', NULL, 'APPROVED', '2024-07-25 16:16:36.000000', '2024-07-25 16:16:36.000000', '2024-07-25 16:21:36.000000'),
(DEFAULT, 19358, 'Employee 123 submit Report', 'Completed Task.', NULL, 'APPROVED', '2024-08-06 19:09:24.000000', '2024-08-06 19:09:24.000000', '2024-08-06 19:14:24.000000'),
(DEFAULT, 19359, 'Employee 124 submit Report', 'Completed Task.', NULL, 'APPROVED', '2024-07-26 03:30:31.200000', '2024-07-26 03:30:31.200000', '2024-07-26 03:35:31.200000'),
(DEFAULT, 19360, 'Employee 125 submit Report', 'Completed Task.', NULL, 'APPROVED', '2024-07-25 03:30:31.200000', '2024-07-25 03:30:31.200000', '2024-07-25 03:35:31.200000'),
(DEFAULT, 19361, 'Employee 126 submit Report', 'Completed Task.', NULL, 'APPROVED', '2024-07-26 04:10:50.400000', '2024-07-26 04:10:50.400000', '2024-07-26 04:15:50.400000'),
(DEFAULT, 19362, 'Employee 127 submit Report', 'Completed Task.', NULL, 'APPROVED', '2024-07-30 17:11:19.200000', '2024-07-30 17:11:19.200000', '2024-07-30 17:16:19.200000'),
(DEFAULT, 19363, 'Employee 128 submit Report', 'Completed Task.', NULL, 'APPROVED', '2024-07-30 07:46:50.400000', '2024-07-30 07:46:50.400000', '2024-07-30 07:51:50.400000'),
(DEFAULT, 19364, 'Employee 129 submit Report', 'Completed Task.', NULL, 'APPROVED', '2024-07-25 00:14:40.800000', '2024-07-25 00:14:40.800000', '2024-07-25 00:19:40.800000'),
(DEFAULT, 19365, 'Employee 130 submit Report', 'Completed Task.', NULL, 'APPROVED', '2024-07-30 11:43:00.000000', '2024-07-30 11:43:00.000000', '2024-07-30 11:48:00.000000'),
(DEFAULT, 19366, 'Employee 131 submit Report', 'Completed Task.', NULL, 'APPROVED', '2024-07-26 08:12:45.600000', '2024-07-26 08:12:45.600000', '2024-07-26 08:17:45.600000'),
(DEFAULT, 19367, 'Employee 132 submit Report', 'Completed Task.', NULL, 'APPROVED', '2024-07-26 03:47:48.000000', '2024-07-26 03:47:48.000000', '2024-07-26 03:52:48.000000'),
(DEFAULT, 19368, 'Employee 133 submit Report', 'Completed Task.', NULL, 'APPROVED', '2024-07-27 10:31:00.000000', '2024-07-27 10:31:00.000000', '2024-07-27 10:36:00.000000'),
(DEFAULT, 19369, 'Employee 134 submit Report', 'Completed Task.', NULL, 'APPROVED', '2024-07-25 06:52:07.200000', '2024-07-25 06:52:07.200000', '2024-07-25 06:57:07.200000'),
(DEFAULT, 19370, 'Employee 135 submit Report', 'Completed Task.', NULL, 'APPROVED', '2024-07-24 22:36:45.600000', '2024-07-24 22:36:45.600000', '2024-07-24 22:41:45.600000');

-- 2024-07-29 00:55:00.000000
-- 2024-07-29
INSERT INTO task (id, collection_id, created_by_id, root_task_id, name, description, report_format, level, task_type, priority, is_locked, start_date, end_date, deadline, created_time, updated_time)
VALUES (874, 62, 151, NULL, 'Validate Role-based User Journeys', 'This is Validate Role-based User Journeys', NULL, 'ADVANCED', 'TEST', 'HIGH', FALSE, '2024-07-29', '2024-08-01', '2024-08-04', '2024-07-29 00:55:00.000000', '2024-07-29 00:55:00.000000');

INSERT INTO task_for_users (id, task_id, assigned_to_id, user_task_status, updated_time, started_time)
VALUES
(19372, 874, 117, 'JOINED', '2024-07-29 00:55:00.000000', '2024-07-30 21:16:07.200000'),
(19373, 874, 130, 'JOINED', '2024-07-29 00:55:00.000000', '2024-07-29 03:04:36.000000');
INSERT INTO report (id, created_by_id, title, content, rejected_reason, report_status, created_time, updated_time, reviewed_time)
VALUES
(DEFAULT, 19372, 'Employee 117 submit Report', 'Completed Task.', NULL, 'APPROVED', '2024-08-01 18:37:43.200000', '2024-08-01 18:37:43.200000', '2024-08-01 18:42:43.200000'),
(DEFAULT, 19373, 'Employee 130 submit Report', 'Completed Task.', NULL, 'APPROVED', '2024-07-31 05:11:19.200000', '2024-07-31 05:11:19.200000', '2024-07-31 05:16:19.200000');

-- 2024-08-05 00:55:00.000000
-- 2024-08-05
INSERT INTO task (id, collection_id, created_by_id, root_task_id, name, description, report_format, level, task_type, priority, is_locked, start_date, end_date, deadline, created_time, updated_time)
VALUES (875, 62, 151, NULL, 'Validate Business Rule Interpretation', 'This is Validate Business Rule Interpretation', NULL, 'ADVANCED', 'TEST', 'LOW', FALSE, '2024-08-05', '2024-08-18', '2024-08-09', '2024-08-05 00:55:00.000000', '2024-08-05 00:55:00.000000');

INSERT INTO task_for_users (id, task_id, assigned_to_id, user_task_status, updated_time, started_time)
VALUES
(19375, 875, 116, 'JOINED', '2024-08-05 00:55:00.000000', '2024-08-06 01:41:04.800000'),
(19376, 875, 117, 'JOINED', '2024-08-05 00:55:00.000000', '2024-08-07 02:27:09.600000'),
(19377, 875, 118, 'JOINED', '2024-08-05 00:55:00.000000', '2024-08-06 01:03:38.400000'),
(19378, 875, 119, 'JOINED', '2024-08-05 00:55:00.000000', '2024-08-06 15:07:28.800000'),
(19379, 875, 120, 'JOINED', '2024-08-05 00:55:00.000000', '2024-08-05 01:00:45.600000'),
(19380, 875, 121, 'JOINED', '2024-08-05 00:55:00.000000', '2024-08-05 05:08:26.400000'),
(19381, 875, 122, 'JOINED', '2024-08-05 00:55:00.000000', '2024-08-05 04:59:48.000000'),
(19382, 875, 123, 'JOINED', '2024-08-05 00:55:00.000000', '2024-08-06 18:11:48.000000'),
(19383, 875, 124, 'JOINED', '2024-08-05 00:55:00.000000', '2024-08-07 03:01:43.200000'),
(19384, 875, 125, 'JOINED', '2024-08-05 00:55:00.000000', '2024-08-05 21:10:21.600000'),
(19385, 875, 126, 'JOINED', '2024-08-05 00:55:00.000000', '2024-08-05 18:40:36.000000'),
(19386, 875, 127, 'JOINED', '2024-08-05 00:55:00.000000', '2024-08-05 23:34:21.600000'),
(19387, 875, 128, 'JOINED', '2024-08-05 00:55:00.000000', '2024-08-07 16:45:24.000000'),
(19388, 875, 129, 'JOINED', '2024-08-05 00:55:00.000000', '2024-08-05 17:31:28.800000'),
(19389, 875, 130, 'JOINED', '2024-08-05 00:55:00.000000', '2024-08-05 15:53:33.600000'),
(19390, 875, 131, 'JOINED', '2024-08-05 00:55:00.000000', '2024-08-06 04:28:07.200000'),
(19391, 875, 132, 'JOINED', '2024-08-05 00:55:00.000000', '2024-08-07 12:37:43.200000'),
(19392, 875, 133, 'JOINED', '2024-08-05 00:55:00.000000', '2024-08-08 06:06:02.400000'),
(19393, 875, 134, 'JOINED', '2024-08-05 00:55:00.000000', '2024-08-06 20:18:31.200000'),
(19394, 875, 135, 'JOINED', '2024-08-05 00:55:00.000000', '2024-08-08 15:19:00.000000');
INSERT INTO report (id, created_by_id, title, content, rejected_reason, report_status, created_time, updated_time, reviewed_time)
VALUES
(DEFAULT, 19375, 'Employee 116 submit Report', 'Completed Task.', NULL, 'APPROVED', '2024-08-06 23:17:04.800000', '2024-08-06 23:17:04.800000', '2024-08-06 23:22:04.800000'),
(DEFAULT, 19376, 'Employee 117 submit Report', 'Completed Task.', NULL, 'APPROVED', '2024-08-07 18:06:02.400000', '2024-08-07 18:06:02.400000', '2024-08-07 18:11:02.400000'),
(DEFAULT, 19377, 'Employee 118 submit Report', 'Completed Task.', NULL, 'APPROVED', '2024-08-12 00:46:21.600000', '2024-08-12 00:46:21.600000', '2024-08-12 00:51:21.600000'),
(DEFAULT, 19378, 'Employee 119 submit Report', 'Completed Task.', NULL, 'APPROVED', '2024-08-11 10:42:31.200000', '2024-08-11 10:42:31.200000', '2024-08-11 10:47:31.200000'),
(DEFAULT, 19379, 'Employee 120 submit Report', 'Completed Task.', NULL, 'APPROVED', '2024-08-06 00:08:55.200000', '2024-08-06 00:08:55.200000', '2024-08-06 00:13:55.200000'),
(DEFAULT, 19380, 'Employee 121 submit Report', 'Completed Task.', NULL, 'APPROVED', '2024-08-06 02:50:12.000000', '2024-08-06 02:50:12.000000', '2024-08-06 02:55:12.000000'),
(DEFAULT, 19381, 'Employee 122 submit Report', 'Completed Task.', NULL, 'APPROVED', '2024-08-12 20:50:12.000000', '2024-08-12 20:50:12.000000', '2024-08-12 20:55:12.000000'),
(DEFAULT, 19382, 'Employee 123 submit Report', 'Completed Task.', NULL, 'APPROVED', '2024-08-07 17:48:45.600000', '2024-08-07 17:48:45.600000', '2024-08-07 17:53:45.600000'),
(DEFAULT, 19383, 'Employee 124 submit Report', 'Completed Task.', NULL, 'APPROVED', '2024-08-08 23:17:04.800000', '2024-08-08 23:17:04.800000', '2024-08-08 23:22:04.800000'),
(DEFAULT, 19384, 'Employee 125 submit Report', 'Completed Task.', NULL, 'APPROVED', '2024-08-07 04:22:21.600000', '2024-08-07 04:22:21.600000', '2024-08-07 04:27:21.600000'),
(DEFAULT, 19385, 'Employee 126 submit Report', 'Completed Task.', NULL, 'APPROVED', '2024-08-08 03:01:43.200000', '2024-08-08 03:01:43.200000', '2024-08-08 03:06:43.200000'),
(DEFAULT, 19386, 'Employee 127 submit Report', 'Completed Task.', NULL, 'APPROVED', '2024-08-08 11:45:52.800000', '2024-08-08 11:45:52.800000', '2024-08-08 11:50:52.800000'),
(DEFAULT, 19387, 'Employee 128 submit Report', 'Completed Task.', NULL, 'APPROVED', '2024-08-09 00:49:14.400000', '2024-08-09 00:49:14.400000', '2024-08-09 00:54:14.400000'),
(DEFAULT, 19388, 'Employee 129 submit Report', 'Completed Task.', NULL, 'APPROVED', '2024-08-07 19:55:28.800000', '2024-08-07 19:55:28.800000', '2024-08-07 20:00:28.800000'),
(DEFAULT, 19389, 'Employee 130 submit Report', 'Completed Task.', NULL, 'APPROVED', '2024-08-06 09:56:26.400000', '2024-08-06 09:56:26.400000', '2024-08-06 10:01:26.400000'),
(DEFAULT, 19390, 'Employee 131 submit Report', 'Completed Task.', NULL, 'APPROVED', '2024-08-07 09:10:21.600000', '2024-08-07 09:10:21.600000', '2024-08-07 09:15:21.600000'),
(DEFAULT, 19391, 'Employee 132 submit Report', 'Completed Task.', NULL, 'APPROVED', '2024-08-08 03:19:00.000000', '2024-08-08 03:19:00.000000', '2024-08-08 03:24:00.000000'),
(DEFAULT, 19392, 'Employee 133 submit Report', 'Completed Task.', NULL, 'APPROVED', '2024-08-08 21:33:24.000000', '2024-08-08 21:33:24.000000', '2024-08-08 21:38:24.000000'),
(DEFAULT, 19393, 'Employee 134 submit Report', 'Completed Task.', NULL, 'APPROVED', '2024-08-11 05:31:28.800000', '2024-08-11 05:31:28.800000', '2024-08-11 05:36:28.800000'),
(DEFAULT, 19394, 'Employee 135 submit Report', 'Completed Task.', NULL, 'APPROVED', '2024-08-18 18:17:33.600000', '2024-08-18 18:17:33.600000', '2024-08-18 18:22:33.600000');

-- 2024-08-10 00:55:00.000000
-- 2024-08-10
INSERT INTO task (id, collection_id, created_by_id, root_task_id, name, description, report_format, level, task_type, priority, is_locked, start_date, end_date, deadline, created_time, updated_time)
VALUES (876, 62, 151, NULL, 'Validate Error Handling from User Perspective', 'This is Validate Error Handling from User Perspective', NULL, 'ADVANCED', 'TEST', 'HIGH', FALSE, '2024-08-10', '2024-08-15', '2024-08-16', '2024-08-10 00:55:00.000000', '2024-08-10 00:55:00.000000');

INSERT INTO task_for_users (id, task_id, assigned_to_id, user_task_status, updated_time, started_time)
VALUES
(19396, 876, 117, 'JOINED', '2024-08-10 00:55:00.000000', '2024-08-13 14:09:52.800000'),
(19397, 876, 130, 'JOINED', '2024-08-10 00:55:00.000000', '2024-08-11 16:48:16.800000');
INSERT INTO report (id, created_by_id, title, content, rejected_reason, report_status, created_time, updated_time, reviewed_time)
VALUES
(DEFAULT, 19396, 'Employee 117 submit Report', 'Completed Task.', NULL, 'APPROVED', '2024-08-15 14:32:55.200000', '2024-08-15 14:32:55.200000', '2024-08-15 14:37:55.200000'),
(DEFAULT, 19397, 'Employee 130 submit Report', 'Completed Task.', NULL, 'APPROVED', '2024-08-15 04:19:28.800000', '2024-08-15 04:19:28.800000', '2024-08-15 04:24:28.800000');

-- 2024-08-17 00:55:00.000000
-- 2024-08-17
INSERT INTO task (id, collection_id, created_by_id, root_task_id, name, description, report_format, level, task_type, priority, is_locked, start_date, end_date, deadline, created_time, updated_time)
VALUES (877, 62, 151, NULL, 'Validate Edge Case Business Scenarios', 'This is Validate Edge Case Business Scenarios', NULL, 'ADVANCED', 'TEST', 'LOW', FALSE, '2024-08-17', '2024-09-01', '2024-08-21', '2024-08-17 00:55:00.000000', '2024-08-17 00:55:00.000000');

INSERT INTO task_for_users (id, task_id, assigned_to_id, user_task_status, updated_time, started_time)
VALUES
(19399, 877, 116, 'JOINED', '2024-08-17 00:55:00.000000', '2024-08-17 06:17:33.600000'),
(19400, 877, 117, 'JOINED', '2024-08-17 00:55:00.000000', '2024-08-18 14:32:55.200000'),
(19401, 877, 118, 'JOINED', '2024-08-17 00:55:00.000000', '2024-08-17 12:31:57.600000'),
(19402, 877, 119, 'JOINED', '2024-08-17 00:55:00.000000', '2024-08-20 15:19:00.000000'),
(19403, 877, 120, 'JOINED', '2024-08-17 00:55:00.000000', '2024-08-19 02:44:26.400000'),
(19404, 877, 121, 'JOINED', '2024-08-17 00:55:00.000000', '2024-08-17 19:20:55.200000'),
(19405, 877, 122, 'JOINED', '2024-08-17 00:55:00.000000', '2024-08-20 15:19:00.000000'),
(19406, 877, 123, 'JOINED', '2024-08-17 00:55:00.000000', '2024-08-17 11:40:07.200000'),
(19407, 877, 124, 'JOINED', '2024-08-17 00:55:00.000000', '2024-08-17 01:06:31.200000'),
(19408, 877, 125, 'JOINED', '2024-08-17 00:55:00.000000', '2024-08-17 10:48:16.800000'),
(19409, 877, 126, 'JOINED', '2024-08-17 00:55:00.000000', '2024-08-17 01:52:36.000000'),
(19410, 877, 127, 'JOINED', '2024-08-17 00:55:00.000000', '2024-08-17 03:19:00.000000'),
(19411, 877, 128, 'JOINED', '2024-08-17 00:55:00.000000', '2024-08-17 22:13:43.200000'),
(19412, 877, 129, 'JOINED', '2024-08-17 00:55:00.000000', '2024-08-17 14:38:40.800000'),
(19413, 877, 130, 'JOINED', '2024-08-17 00:55:00.000000', '2024-08-17 03:30:31.200000'),
(19414, 877, 131, 'JOINED', '2024-08-17 00:55:00.000000', '2024-08-17 16:54:02.400000'),
(19415, 877, 132, 'JOINED', '2024-08-17 00:55:00.000000', '2024-08-18 03:19:00.000000'),
(19416, 877, 133, 'JOINED', '2024-08-17 00:55:00.000000', '2024-08-18 03:07:28.800000'),
(19417, 877, 134, 'JOINED', '2024-08-17 00:55:00.000000', '2024-08-17 20:18:31.200000'),
(19418, 877, 135, 'JOINED', '2024-08-17 00:55:00.000000', '2024-08-17 14:15:38.400000');
INSERT INTO report (id, created_by_id, title, content, rejected_reason, report_status, created_time, updated_time, reviewed_time)
VALUES
(DEFAULT, 19399, 'Employee 116 submit Report', 'Completed Task.', NULL, 'APPROVED', '2024-08-17 22:48:16.800000', '2024-08-17 22:48:16.800000', '2024-08-17 22:53:16.800000'),
(DEFAULT, 19400, 'Employee 117 submit Report', 'Completed Task.', NULL, 'APPROVED', '2024-08-19 16:51:09.600000', '2024-08-19 16:51:09.600000', '2024-08-19 16:56:09.600000'),
(DEFAULT, 19401, 'Employee 118 submit Report', 'Completed Task.', NULL, 'APPROVED', '2024-08-18 22:36:45.600000', '2024-08-18 22:36:45.600000', '2024-08-18 22:41:45.600000'),
(DEFAULT, 19402, 'Employee 119 submit Report', 'Completed Task.', NULL, 'APPROVED', '2024-08-31 20:07:00.000000', '2024-08-31 20:07:00.000000', '2024-08-31 20:12:00.000000'),
(DEFAULT, 19403, 'Employee 120 submit Report', 'Completed Task.', NULL, 'APPROVED', '2024-08-19 18:57:52.800000', '2024-08-19 18:57:52.800000', '2024-08-19 19:02:52.800000'),
(DEFAULT, 19404, 'Employee 121 submit Report', 'Completed Task.', NULL, 'APPROVED', '2024-08-18 21:10:21.600000', '2024-08-18 21:10:21.600000', '2024-08-18 21:15:21.600000'),
(DEFAULT, 19405, 'Employee 122 submit Report', 'Completed Task.', NULL, 'APPROVED', '2024-09-01 03:19:00.000000', '2024-09-01 03:19:00.000000', '2024-09-01 03:24:00.000000'),
(DEFAULT, 19406, 'Employee 123 submit Report', 'Completed Task.', NULL, 'APPROVED', '2024-08-18 04:28:07.200000', '2024-08-18 04:28:07.200000', '2024-08-18 04:33:07.200000'),
(DEFAULT, 19407, 'Employee 124 submit Report', 'Completed Task.', NULL, 'APPROVED', '2024-08-20 03:36:16.800000', '2024-08-20 03:36:16.800000', '2024-08-20 03:41:16.800000'),
(DEFAULT, 19408, 'Employee 125 submit Report', 'Completed Task.', NULL, 'APPROVED', '2024-08-19 05:43:00.000000', '2024-08-19 05:43:00.000000', '2024-08-19 05:48:00.000000'),
(DEFAULT, 19409, 'Employee 126 submit Report', 'Completed Task.', NULL, 'APPROVED', '2024-08-21 00:49:14.400000', '2024-08-21 00:49:14.400000', '2024-08-21 00:54:14.400000'),
(DEFAULT, 19410, 'Employee 127 submit Report', 'Completed Task.', NULL, 'APPROVED', '2024-08-18 22:42:31.200000', '2024-08-18 22:42:31.200000', '2024-08-18 22:47:31.200000'),
(DEFAULT, 19411, 'Employee 128 submit Report', 'Completed Task.', NULL, 'APPROVED', '2024-08-18 16:10:50.400000', '2024-08-18 16:10:50.400000', '2024-08-18 16:15:50.400000'),
(DEFAULT, 19412, 'Employee 129 submit Report', 'Completed Task.', NULL, 'APPROVED', '2024-08-18 13:46:50.400000', '2024-08-18 13:46:50.400000', '2024-08-18 13:51:50.400000'),
(DEFAULT, 19413, 'Employee 130 submit Report', 'Completed Task.', NULL, 'APPROVED', '2024-08-19 11:57:24.000000', '2024-08-19 11:57:24.000000', '2024-08-19 12:02:24.000000'),
(DEFAULT, 19414, 'Employee 131 submit Report', 'Completed Task.', NULL, 'APPROVED', '2024-08-24 08:55:57.600000', '2024-08-24 08:55:57.600000', '2024-08-24 09:00:57.600000'),
(DEFAULT, 19415, 'Employee 132 submit Report', 'Completed Task.', NULL, 'APPROVED', '2024-08-19 15:19:00.000000', '2024-08-19 15:19:00.000000', '2024-08-19 15:24:00.000000'),
(DEFAULT, 19416, 'Employee 133 submit Report', 'Completed Task.', NULL, 'APPROVED', '2024-08-23 22:42:31.200000', '2024-08-23 22:42:31.200000', '2024-08-23 22:47:31.200000'),
(DEFAULT, 19417, 'Employee 134 submit Report', 'Completed Task.', NULL, 'APPROVED', '2024-08-18 13:41:04.800000', '2024-08-18 13:41:04.800000', '2024-08-18 13:46:04.800000'),
(DEFAULT, 19418, 'Employee 135 submit Report', 'Completed Task.', NULL, 'APPROVED', '2024-08-18 05:08:26.400000', '2024-08-18 05:08:26.400000', '2024-08-18 05:13:26.400000');

-- 2024-08-22 00:55:00.000000
-- 2024-08-22
INSERT INTO task (id, collection_id, created_by_id, root_task_id, name, description, report_format, level, task_type, priority, is_locked, start_date, end_date, deadline, created_time, updated_time)
VALUES (878, 62, 151, NULL, 'Validate CV Template User Experience', 'This is Validate CV Template User Experience', NULL, 'ADVANCED', 'TEST', 'HIGH', FALSE, '2024-08-22', '2024-09-09', '2024-08-28', '2024-08-22 00:55:00.000000', '2024-08-22 00:55:00.000000');

INSERT INTO task_for_users (id, task_id, assigned_to_id, user_task_status, updated_time, started_time)
VALUES
(19420, 878, 117, 'JOINED', '2024-08-22 00:55:00.000000', '2024-08-27 10:31:00.000000'),
(19421, 878, 130, 'JOINED', '2024-08-22 00:55:00.000000', '2024-08-23 11:19:57.600000');
INSERT INTO report (id, created_by_id, title, content, rejected_reason, report_status, created_time, updated_time, reviewed_time)
VALUES
(DEFAULT, 19420, 'Employee 117 submit Report', 'Completed Task.', NULL, 'APPROVED', '2024-09-09 10:25:14.400000', '2024-09-09 10:25:14.400000', '2024-09-09 10:30:14.400000'),
(DEFAULT, 19421, 'Employee 130 submit Report', 'Completed Task.', NULL, 'APPROVED', '2024-08-26 15:56:26.400000', '2024-08-26 15:56:26.400000', '2024-08-26 16:01:26.400000');

-- 2024-08-29 00:55:00.000000
-- 2024-08-29
INSERT INTO task (id, collection_id, created_by_id, root_task_id, name, description, report_format, level, task_type, priority, is_locked, start_date, end_date, deadline, created_time, updated_time)
VALUES (879, 62, 151, NULL, 'Sign Off User Acceptance Testing', 'This is Sign Off User Acceptance Testing', NULL, 'ADVANCED', 'TEST', 'LOW', FALSE, '2024-08-29', '2024-09-05', '2024-09-02', '2024-08-29 00:55:00.000000', '2024-08-29 00:55:00.000000');

INSERT INTO task_for_users (id, task_id, assigned_to_id, user_task_status, updated_time, started_time)
VALUES
(19423, 879, 116, 'JOINED', '2024-08-29 00:55:00.000000', '2024-08-30 03:47:48.000000'),
(19424, 879, 117, 'JOINED', '2024-08-29 00:55:00.000000', '2024-08-30 15:24:45.600000'),
(19425, 879, 118, 'JOINED', '2024-08-29 00:55:00.000000', '2024-08-30 21:04:36.000000'),
(19426, 879, 119, 'JOINED', '2024-08-29 00:55:00.000000', '2024-08-30 02:32:55.200000'),
(19427, 879, 120, 'JOINED', '2024-08-29 00:55:00.000000', '2024-08-29 22:13:43.200000'),
(19428, 879, 121, 'JOINED', '2024-08-29 00:55:00.000000', '2024-08-29 08:35:48.000000'),
(19429, 879, 122, 'JOINED', '2024-08-29 00:55:00.000000', '2024-08-30 19:15:09.600000'),
(19430, 879, 123, 'JOINED', '2024-08-29 00:55:00.000000', '2024-08-30 01:52:36.000000'),
(19431, 879, 124, 'JOINED', '2024-08-29 00:55:00.000000', '2024-08-31 04:56:55.200000'),
(19432, 879, 125, 'JOINED', '2024-08-29 00:55:00.000000', '2024-08-29 16:33:52.800000'),
(19433, 879, 126, 'JOINED', '2024-08-29 00:55:00.000000', '2024-08-29 20:41:33.600000'),
(19434, 879, 127, 'JOINED', '2024-08-29 00:55:00.000000', '2024-09-01 03:01:43.200000'),
(19435, 879, 128, 'JOINED', '2024-08-29 00:55:00.000000', '2024-08-29 14:07:00.000000'),
(19436, 879, 129, 'JOINED', '2024-08-29 00:55:00.000000', '2024-08-31 06:20:26.400000'),
(19437, 879, 130, 'JOINED', '2024-08-29 00:55:00.000000', '2024-08-30 20:15:38.400000'),
(19438, 879, 131, 'JOINED', '2024-08-29 00:55:00.000000', '2024-08-29 19:23:48.000000'),
(19439, 879, 132, 'JOINED', '2024-08-29 00:55:00.000000', '2024-08-29 18:23:19.200000'),
(19440, 879, 133, 'JOINED', '2024-08-29 00:55:00.000000', '2024-08-29 17:54:31.200000'),
(19441, 879, 134, 'JOINED', '2024-08-29 00:55:00.000000', '2024-08-30 06:06:02.400000'),
(19442, 879, 135, 'JOINED', '2024-08-29 00:55:00.000000', '2024-08-29 10:02:12.000000');
INSERT INTO report (id, created_by_id, title, content, rejected_reason, report_status, created_time, updated_time, reviewed_time)
VALUES
(DEFAULT, 19423, 'Employee 116 submit Report', 'Completed Task.', NULL, 'APPROVED', '2024-08-31 03:59:19.200000', '2024-08-31 03:59:19.200000', '2024-08-31 04:04:19.200000'),
(DEFAULT, 19424, 'Employee 117 submit Report', 'Completed Task.', NULL, 'APPROVED', '2024-09-01 19:20:55.200000', '2024-09-01 19:20:55.200000', '2024-09-01 19:25:55.200000'),
(DEFAULT, 19425, 'Employee 118 submit Report', 'Completed Task.', NULL, 'APPROVED', '2024-09-01 06:34:50.400000', '2024-09-01 06:34:50.400000', '2024-09-01 06:39:50.400000'),
(DEFAULT, 19426, 'Employee 119 submit Report', 'Completed Task.', NULL, 'APPROVED', '2024-08-31 11:40:07.200000', '2024-08-31 11:40:07.200000', '2024-08-31 11:45:07.200000'),
(DEFAULT, 19427, 'Employee 120 submit Report', 'Completed Task.', NULL, 'APPROVED', '2024-09-05 03:36:16.800000', '2024-09-05 03:36:16.800000', '2024-09-05 03:41:16.800000'),
(DEFAULT, 19428, 'Employee 121 submit Report', 'Completed Task.', NULL, 'APPROVED', '2024-08-30 20:07:00.000000', '2024-08-30 20:07:00.000000', '2024-08-30 20:12:00.000000'),
(DEFAULT, 19429, 'Employee 122 submit Report', 'Completed Task.', NULL, 'APPROVED', '2024-09-01 20:12:45.600000', '2024-09-01 20:12:45.600000', '2024-09-01 20:17:45.600000'),
(DEFAULT, 19430, 'Employee 123 submit Report', 'Completed Task.', NULL, 'APPROVED', '2024-08-31 09:50:40.800000', '2024-08-31 09:50:40.800000', '2024-08-31 09:55:40.800000'),
(DEFAULT, 19431, 'Employee 124 submit Report', 'Completed Task.', NULL, 'APPROVED', '2024-08-31 22:02:12.000000', '2024-08-31 22:02:12.000000', '2024-08-31 22:07:12.000000'),
(DEFAULT, 19432, 'Employee 125 submit Report', 'Completed Task.', NULL, 'APPROVED', '2024-09-02 00:43:28.800000', '2024-09-02 00:43:28.800000', '2024-09-02 00:48:28.800000'),
(DEFAULT, 19433, 'Employee 126 submit Report', 'Completed Task.', NULL, 'APPROVED', '2024-08-31 03:19:00.000000', '2024-08-31 03:19:00.000000', '2024-08-31 03:24:00.000000'),
(DEFAULT, 19434, 'Employee 127 submit Report', 'Completed Task.', NULL, 'APPROVED', '2024-09-01 22:42:31.200000', '2024-09-01 22:42:31.200000', '2024-09-01 22:47:31.200000'),
(DEFAULT, 19435, 'Employee 128 submit Report', 'Completed Task.', NULL, 'APPROVED', '2024-09-05 11:43:00.000000', '2024-09-05 11:43:00.000000', '2024-09-05 11:48:00.000000'),
(DEFAULT, 19436, 'Employee 129 submit Report', 'Completed Task.', NULL, 'APPROVED', '2024-09-03 19:29:33.600000', '2024-09-03 19:29:33.600000', '2024-09-03 19:34:33.600000'),
(DEFAULT, 19437, 'Employee 130 submit Report', 'Completed Task.', NULL, 'APPROVED', '2024-09-04 05:34:21.600000', '2024-09-04 05:34:21.600000', '2024-09-04 05:39:21.600000'),
(DEFAULT, 19438, 'Employee 131 submit Report', 'Completed Task.', NULL, 'APPROVED', '2024-09-05 06:26:12.000000', '2024-09-05 06:26:12.000000', '2024-09-05 06:31:12.000000'),
(DEFAULT, 19439, 'Employee 132 submit Report', 'Completed Task.', NULL, 'APPROVED', '2024-08-31 10:54:02.400000', '2024-08-31 10:54:02.400000', '2024-08-31 10:59:02.400000'),
(DEFAULT, 19440, 'Employee 133 submit Report', 'Completed Task.', NULL, 'APPROVED', '2024-08-31 15:19:00.000000', '2024-08-31 15:19:00.000000', '2024-08-31 15:24:00.000000'),
(DEFAULT, 19441, 'Employee 134 submit Report', 'Completed Task.', NULL, 'APPROVED', '2024-08-30 23:45:52.800000', '2024-08-30 23:45:52.800000', '2024-08-30 23:50:52.800000'),
(DEFAULT, 19442, 'Employee 135 submit Report', 'Completed Task.', NULL, 'APPROVED', '2024-08-30 15:19:00.000000', '2024-08-30 15:19:00.000000', '2024-08-30 15:24:00.000000');

INSERT INTO collection (`id`, `created_time`, `description`, `due_date`, `start_date`, `name`, `updated_time`, `phase_id`, `created_by_id`)
VALUES (63, '2024-09-02 00:55:00.000000', 'This is Production Readiness Testing', '2024-10-28', '2024-09-02', 'Production Readiness Testing', '2024-09-02 00:55:00.000000', 11, 154);


-- 2024-09-03 01:00:00.000000
-- 2024-09-03
INSERT INTO task (id, collection_id, created_by_id, root_task_id, name, description, report_format, level, task_type, priority, is_locked, start_date, end_date, deadline, created_time, updated_time)
VALUES (880, 63, 151, NULL, 'Verify Production Configuration Consistency', 'This is Verify Production Configuration Consistency', NULL, 'ADVANCED', 'TEST', 'URGENT', FALSE, '2024-09-03', '2024-09-08', '2024-09-10', '2024-09-03 01:00:00.000000', '2024-09-03 01:00:00.000000');

INSERT INTO task_for_users (id, task_id, assigned_to_id, user_task_status, updated_time, started_time)
VALUES
(19444, 880, 118, 'JOINED', '2024-09-03 01:00:00.000000', '2024-09-03 02:50:52.800000'),
(19445, 880, 133, 'JOINED', '2024-09-03 01:00:00.000000', '2024-09-03 03:41:16.800000');
INSERT INTO report (id, created_by_id, title, content, rejected_reason, report_status, created_time, updated_time, reviewed_time)
VALUES
(DEFAULT, 19444, 'Employee 118 submit Report', 'Completed Task.', NULL, 'APPROVED', '2024-09-06 19:23:02.400000', '2024-09-06 19:23:02.400000', '2024-09-06 19:28:02.400000'),
(DEFAULT, 19445, 'Employee 133 submit Report', 'Completed Task.', NULL, 'APPROVED', '2024-09-08 15:24:00.000000', '2024-09-08 15:24:00.000000', '2024-09-08 15:29:00.000000');

-- 2024-09-11 01:00:00.000000
-- 2024-09-11
INSERT INTO task (id, collection_id, created_by_id, root_task_id, name, description, report_format, level, task_type, priority, is_locked, start_date, end_date, deadline, created_time, updated_time)
VALUES (881, 63, 151, NULL, 'Verify Feature Flags Configuration', 'This is Verify Feature Flags Configuration', NULL, 'ADVANCED', 'TEST', 'LOW', FALSE, '2024-09-11', '2024-09-26', '2024-09-15', '2024-09-11 01:00:00.000000', '2024-09-11 01:00:00.000000');

INSERT INTO task_for_users (id, task_id, assigned_to_id, user_task_status, updated_time, started_time)
VALUES
(19447, 881, 116, 'JOINED', '2024-09-11 01:00:00.000000', '2024-09-11 22:18:43.200000'),
(19448, 881, 117, 'JOINED', '2024-09-11 01:00:00.000000', '2024-09-11 15:41:16.800000'),
(19449, 881, 118, 'JOINED', '2024-09-11 01:00:00.000000', '2024-09-12 08:55:12.000000'),
(19450, 881, 119, 'JOINED', '2024-09-11 01:00:00.000000', '2024-09-11 08:06:14.400000'),
(19451, 881, 120, 'JOINED', '2024-09-11 01:00:00.000000', '2024-09-11 03:24:00.000000'),
(19452, 881, 121, 'JOINED', '2024-09-11 01:00:00.000000', '2024-09-12 00:02:24.000000'),
(19453, 881, 122, 'JOINED', '2024-09-11 01:00:00.000000', '2024-09-11 04:04:19.200000'),
(19454, 881, 123, 'JOINED', '2024-09-11 01:00:00.000000', '2024-09-11 18:39:50.400000'),
(19455, 881, 124, 'JOINED', '2024-09-11 01:00:00.000000', '2024-09-14 15:24:00.000000'),
(19456, 881, 125, 'JOINED', '2024-09-11 01:00:00.000000', '2024-09-12 23:33:36.000000'),
(19457, 881, 126, 'JOINED', '2024-09-11 01:00:00.000000', '2024-09-13 05:10:33.600000'),
(19458, 881, 127, 'JOINED', '2024-09-11 01:00:00.000000', '2024-09-11 09:21:07.200000'),
(19459, 881, 128, 'JOINED', '2024-09-11 01:00:00.000000', '2024-09-14 15:24:00.000000'),
(19460, 881, 129, 'JOINED', '2024-09-11 01:00:00.000000', '2024-09-11 02:03:21.600000'),
(19461, 881, 131, 'JOINED', '2024-09-11 01:00:00.000000', '2024-09-12 02:03:21.600000'),
(19462, 881, 132, 'JOINED', '2024-09-11 01:00:00.000000', '2024-09-14 15:24:00.000000'),
(19463, 881, 133, 'JOINED', '2024-09-11 01:00:00.000000', '2024-09-11 06:16:48.000000'),
(19464, 881, 134, 'JOINED', '2024-09-11 01:00:00.000000', '2024-09-12 03:41:16.800000'),
(19465, 881, 135, 'JOINED', '2024-09-11 01:00:00.000000', '2024-09-11 02:55:12.000000');
INSERT INTO report (id, created_by_id, title, content, rejected_reason, report_status, created_time, updated_time, reviewed_time)
VALUES
(DEFAULT, 19447, 'Employee 116 submit Report', 'Completed Task.', NULL, 'APPROVED', '2024-09-13 11:50:52.800000', '2024-09-13 11:50:52.800000', '2024-09-13 11:55:52.800000'),
(DEFAULT, 19448, 'Employee 117 submit Report', 'Completed Task.', NULL, 'APPROVED', '2024-09-12 16:38:52.800000', '2024-09-12 16:38:52.800000', '2024-09-12 16:43:52.800000'),
(DEFAULT, 19449, 'Employee 118 submit Report', 'Completed Task.', NULL, 'APPROVED', '2024-09-17 17:04:48.000000', '2024-09-17 17:04:48.000000', '2024-09-17 17:09:48.000000'),
(DEFAULT, 19450, 'Employee 119 submit Report', 'Completed Task.', NULL, 'APPROVED', '2024-09-14 21:03:50.400000', '2024-09-14 21:03:50.400000', '2024-09-14 21:08:50.400000'),
(DEFAULT, 19451, 'Employee 120 submit Report', 'Completed Task.', NULL, 'APPROVED', '2024-09-12 19:20:09.600000', '2024-09-12 19:20:09.600000', '2024-09-12 19:25:09.600000'),
(DEFAULT, 19452, 'Employee 121 submit Report', 'Completed Task.', NULL, 'APPROVED', '2024-09-12 14:37:55.200000', '2024-09-12 14:37:55.200000', '2024-09-12 14:42:55.200000'),
(DEFAULT, 19453, 'Employee 122 submit Report', 'Completed Task.', NULL, 'APPROVED', '2024-09-13 15:00:57.600000', '2024-09-13 15:00:57.600000', '2024-09-13 15:05:57.600000'),
(DEFAULT, 19454, 'Employee 123 submit Report', 'Completed Task.', NULL, 'APPROVED', '2024-09-14 20:12:00.000000', '2024-09-14 20:12:00.000000', '2024-09-14 20:17:00.000000'),
(DEFAULT, 19455, 'Employee 124 submit Report', 'Completed Task.', NULL, 'APPROVED', '2024-09-23 22:30:14.400000', '2024-09-23 22:30:14.400000', '2024-09-23 22:35:14.400000'),
(DEFAULT, 19456, 'Employee 125 submit Report', 'Completed Task.', NULL, 'APPROVED', '2024-09-14 09:38:24.000000', '2024-09-14 09:38:24.000000', '2024-09-14 09:43:24.000000'),
(DEFAULT, 19457, 'Employee 126 submit Report', 'Completed Task.', NULL, 'APPROVED', '2024-09-16 20:49:26.400000', '2024-09-16 20:49:26.400000', '2024-09-16 20:54:26.400000'),
(DEFAULT, 19458, 'Employee 127 submit Report', 'Completed Task.', NULL, 'APPROVED', '2024-09-12 11:39:21.600000', '2024-09-12 11:39:21.600000', '2024-09-12 11:44:21.600000'),
(DEFAULT, 19459, 'Employee 128 submit Report', 'Completed Task.', NULL, 'APPROVED', '2024-09-23 05:42:14.400000', '2024-09-23 05:42:14.400000', '2024-09-23 05:47:14.400000'),
(DEFAULT, 19460, 'Employee 129 submit Report', 'Completed Task.', NULL, 'APPROVED', '2024-09-12 01:57:36.000000', '2024-09-12 01:57:36.000000', '2024-09-12 02:02:36.000000'),
(DEFAULT, 19461, 'Employee 131 submit Report', 'Completed Task.', NULL, 'APPROVED', '2024-09-12 21:49:55.200000', '2024-09-12 21:49:55.200000', '2024-09-12 21:54:55.200000'),
(DEFAULT, 19462, 'Employee 132 submit Report', 'Completed Task.', NULL, 'APPROVED', '2024-09-26 08:17:45.600000', '2024-09-26 08:17:45.600000', '2024-09-26 08:22:45.600000'),
(DEFAULT, 19463, 'Employee 133 submit Report', 'Completed Task.', NULL, 'APPROVED', '2024-09-13 01:57:36.000000', '2024-09-13 01:57:36.000000', '2024-09-13 02:02:36.000000'),
(DEFAULT, 19464, 'Employee 134 submit Report', 'Completed Task.', NULL, 'APPROVED', '2024-09-14 03:58:33.600000', '2024-09-14 03:58:33.600000', '2024-09-14 04:03:33.600000'),
(DEFAULT, 19465, 'Employee 135 submit Report', 'Completed Task.', NULL, 'APPROVED', '2024-09-12 02:49:26.400000', '2024-09-12 02:49:26.400000', '2024-09-12 02:54:26.400000');

-- 2024-09-16 01:00:00.000000
-- 2024-09-16
INSERT INTO task (id, collection_id, created_by_id, root_task_id, name, description, report_format, level, task_type, priority, is_locked, start_date, end_date, deadline, created_time, updated_time)
VALUES (882, 63, 151, NULL, 'Verify Logging Level in Production Mode', 'This is Verify Logging Level in Production Mode', NULL, 'NORMAL', 'TEST', 'LOW', FALSE, '2024-09-16', '2024-09-18', '2024-09-19', '2024-09-16 01:00:00.000000', '2024-09-16 01:00:00.000000');

INSERT INTO task_for_users (id, task_id, assigned_to_id, user_task_status, updated_time, started_time)
VALUES
(19467, 882, 123, 'JOINED', '2024-09-16 01:00:00.000000', '2024-09-17 14:56:38.400000'),
(19468, 882, 128, 'JOINED', '2024-09-16 01:00:00.000000', '2024-09-16 04:14:24.000000'),
(19469, 882, 129, 'JOINED', '2024-09-16 01:00:00.000000', '2024-09-16 15:54:14.400000');
INSERT INTO report (id, created_by_id, title, content, rejected_reason, report_status, created_time, updated_time, reviewed_time)
VALUES
(DEFAULT, 19467, 'Employee 123 submit Report', 'Completed Task.', NULL, 'APPROVED', '2024-09-18 07:34:33.600000', '2024-09-18 07:34:33.600000', '2024-09-18 07:39:33.600000'),
(DEFAULT, 19468, 'Employee 128 submit Report', 'Completed Task.', NULL, 'APPROVED', '2024-09-16 16:50:24.000000', '2024-09-16 16:50:24.000000', '2024-09-16 16:55:24.000000'),
(DEFAULT, 19469, 'Employee 129 submit Report', 'Completed Task.', NULL, 'APPROVED', '2024-09-17 20:16:19.200000', '2024-09-17 20:16:19.200000', '2024-09-17 20:21:19.200000');

-- 2024-09-20 01:00:00.000000
-- 2024-09-20
INSERT INTO task (id, collection_id, created_by_id, root_task_id, name, description, report_format, level, task_type, priority, is_locked, start_date, end_date, deadline, created_time, updated_time)
VALUES (883, 63, 151, NULL, 'Verify Monitoring Dashboards', 'This is Verify Monitoring Dashboards', NULL, 'ADVANCED', 'TEST', 'LOW', FALSE, '2024-09-20', '2024-10-01', '2024-09-24', '2024-09-20 01:00:00.000000', '2024-09-20 01:00:00.000000');

INSERT INTO task_for_users (id, task_id, assigned_to_id, user_task_status, updated_time, started_time)
VALUES
(19471, 883, 116, 'JOINED', '2024-09-20 01:00:00.000000', '2024-09-21 06:45:36.000000'),
(19472, 883, 117, 'JOINED', '2024-09-20 01:00:00.000000', '2024-09-21 17:30:43.200000'),
(19473, 883, 118, 'JOINED', '2024-09-20 01:00:00.000000', '2024-09-21 10:01:26.400000'),
(19474, 883, 119, 'JOINED', '2024-09-20 01:00:00.000000', '2024-09-23 15:24:00.000000'),
(19475, 883, 120, 'JOINED', '2024-09-20 01:00:00.000000', '2024-09-20 17:07:40.800000'),
(19476, 883, 121, 'JOINED', '2024-09-20 01:00:00.000000', '2024-09-20 03:47:02.400000'),
(19477, 883, 122, 'JOINED', '2024-09-20 01:00:00.000000', '2024-09-20 21:49:55.200000'),
(19478, 883, 123, 'JOINED', '2024-09-20 01:00:00.000000', '2024-09-20 12:45:36.000000'),
(19479, 883, 124, 'JOINED', '2024-09-20 01:00:00.000000', '2024-09-21 17:30:43.200000'),
(19480, 883, 125, 'JOINED', '2024-09-20 01:00:00.000000', '2024-09-20 14:03:21.600000'),
(19481, 883, 126, 'JOINED', '2024-09-20 01:00:00.000000', '2024-09-21 07:25:55.200000'),
(19482, 883, 127, 'JOINED', '2024-09-20 01:00:00.000000', '2024-09-21 08:58:04.800000'),
(19483, 883, 128, 'JOINED', '2024-09-20 01:00:00.000000', '2024-09-20 03:18:14.400000'),
(19484, 883, 129, 'JOINED', '2024-09-20 01:00:00.000000', '2024-09-20 12:48:28.800000'),
(19485, 883, 131, 'JOINED', '2024-09-20 01:00:00.000000', '2024-09-20 03:35:31.200000'),
(19486, 883, 132, 'JOINED', '2024-09-20 01:00:00.000000', '2024-09-20 22:18:43.200000'),
(19487, 883, 133, 'JOINED', '2024-09-20 01:00:00.000000', '2024-09-20 11:45:07.200000'),
(19488, 883, 134, 'JOINED', '2024-09-20 01:00:00.000000', '2024-09-21 16:15:50.400000'),
(19489, 883, 135, 'JOINED', '2024-09-20 01:00:00.000000', '2024-09-20 17:42:14.400000');
INSERT INTO report (id, created_by_id, title, content, rejected_reason, report_status, created_time, updated_time, reviewed_time)
VALUES
(DEFAULT, 19471, 'Employee 116 submit Report', 'Completed Task.', NULL, 'APPROVED', '2024-09-22 01:46:04.800000', '2024-09-22 01:46:04.800000', '2024-09-22 01:51:04.800000'),
(DEFAULT, 19472, 'Employee 117 submit Report', 'Completed Task.', NULL, 'APPROVED', '2024-09-26 08:29:16.800000', '2024-09-26 08:29:16.800000', '2024-09-26 08:34:16.800000'),
(DEFAULT, 19473, 'Employee 118 submit Report', 'Completed Task.', NULL, 'APPROVED', '2024-09-22 07:14:24.000000', '2024-09-22 07:14:24.000000', '2024-09-22 07:19:24.000000'),
(DEFAULT, 19474, 'Employee 119 submit Report', 'Completed Task.', NULL, 'APPROVED', '2024-10-01 23:45:07.200000', '2024-10-01 23:45:07.200000', '2024-10-01 23:50:07.200000'),
(DEFAULT, 19475, 'Employee 120 submit Report', 'Completed Task.', NULL, 'APPROVED', '2024-09-21 22:01:26.400000', '2024-09-21 22:01:26.400000', '2024-09-21 22:06:26.400000'),
(DEFAULT, 19476, 'Employee 121 submit Report', 'Completed Task.', NULL, 'APPROVED', '2024-09-21 06:11:02.400000', '2024-09-21 06:11:02.400000', '2024-09-21 06:16:02.400000'),
(DEFAULT, 19477, 'Employee 122 submit Report', 'Completed Task.', NULL, 'APPROVED', '2024-09-22 02:37:55.200000', '2024-09-22 02:37:55.200000', '2024-09-22 02:42:55.200000'),
(DEFAULT, 19478, 'Employee 123 submit Report', 'Completed Task.', NULL, 'APPROVED', '2024-09-27 13:14:24.000000', '2024-09-27 13:14:24.000000', '2024-09-27 13:19:24.000000'),
(DEFAULT, 19479, 'Employee 124 submit Report', 'Completed Task.', NULL, 'APPROVED', '2024-09-22 21:32:38.400000', '2024-09-22 21:32:38.400000', '2024-09-22 21:37:38.400000'),
(DEFAULT, 19480, 'Employee 125 submit Report', 'Completed Task.', NULL, 'APPROVED', '2024-09-21 19:08:38.400000', '2024-09-21 19:08:38.400000', '2024-09-21 19:13:38.400000'),
(DEFAULT, 19481, 'Employee 126 submit Report', 'Completed Task.', NULL, 'APPROVED', '2024-09-23 15:47:02.400000', '2024-09-23 15:47:02.400000', '2024-09-23 15:52:02.400000'),
(DEFAULT, 19482, 'Employee 127 submit Report', 'Completed Task.', NULL, 'APPROVED', '2024-09-22 02:49:26.400000', '2024-09-22 02:49:26.400000', '2024-09-22 02:54:26.400000'),
(DEFAULT, 19483, 'Employee 128 submit Report', 'Completed Task.', NULL, 'APPROVED', '2024-09-21 06:45:36.000000', '2024-09-21 06:45:36.000000', '2024-09-21 06:50:36.000000'),
(DEFAULT, 19484, 'Employee 129 submit Report', 'Completed Task.', NULL, 'APPROVED', '2024-09-21 23:39:21.600000', '2024-09-21 23:39:21.600000', '2024-09-21 23:44:21.600000'),
(DEFAULT, 19485, 'Employee 131 submit Report', 'Completed Task.', NULL, 'APPROVED', '2024-09-21 18:51:21.600000', '2024-09-21 18:51:21.600000', '2024-09-21 18:56:21.600000'),
(DEFAULT, 19486, 'Employee 132 submit Report', 'Completed Task.', NULL, 'APPROVED', '2024-09-22 03:58:33.600000', '2024-09-22 03:58:33.600000', '2024-09-22 04:03:33.600000'),
(DEFAULT, 19487, 'Employee 133 submit Report', 'Completed Task.', NULL, 'APPROVED', '2024-09-21 10:30:14.400000', '2024-09-21 10:30:14.400000', '2024-09-21 10:35:14.400000'),
(DEFAULT, 19488, 'Employee 134 submit Report', 'Completed Task.', NULL, 'APPROVED', '2024-09-23 08:40:48.000000', '2024-09-23 08:40:48.000000', '2024-09-23 08:45:48.000000'),
(DEFAULT, 19489, 'Employee 135 submit Report', 'Completed Task.', NULL, 'APPROVED', '2024-09-21 20:17:45.600000', '2024-09-21 20:17:45.600000', '2024-09-21 20:22:45.600000');

-- 2024-09-25 01:00:00.000000
-- 2024-09-25
INSERT INTO task (id, collection_id, created_by_id, root_task_id, name, description, report_format, level, task_type, priority, is_locked, start_date, end_date, deadline, created_time, updated_time)
VALUES (884, 63, 151, NULL, 'Verify Alerting Rules', 'This is Verify Alerting Rules', NULL, 'NORMAL', 'TEST', 'NORMAL', FALSE, '2024-09-25', '2024-09-28', '2024-09-29', '2024-09-25 01:00:00.000000', '2024-09-25 01:00:00.000000');

INSERT INTO task_for_users (id, task_id, assigned_to_id, user_task_status, updated_time, started_time)
VALUES
(19491, 884, 118, 'JOINED', '2024-09-25 01:00:00.000000', '2024-09-25 17:01:55.200000'),
(19492, 884, 124, 'JOINED', '2024-09-25 01:00:00.000000', '2024-09-25 03:12:28.800000'),
(19493, 884, 128, 'JOINED', '2024-09-25 01:00:00.000000', '2024-09-26 20:00:28.800000');
INSERT INTO report (id, created_by_id, title, content, rejected_reason, report_status, created_time, updated_time, reviewed_time)
VALUES
(DEFAULT, 19491, 'Employee 118 submit Report', 'Completed Task.', NULL, 'APPROVED', '2024-09-27 13:05:45.600000', '2024-09-27 13:05:45.600000', '2024-09-27 13:10:45.600000'),
(DEFAULT, 19492, 'Employee 124 submit Report', 'Completed Task.', NULL, 'APPROVED', '2024-09-25 22:24:28.800000', '2024-09-25 22:24:28.800000', '2024-09-25 22:29:28.800000'),
(DEFAULT, 19493, 'Employee 128 submit Report', 'Completed Task.', NULL, 'APPROVED', '2024-09-28 18:39:50.400000', '2024-09-28 18:39:50.400000', '2024-09-28 18:44:50.400000');

-- 2024-09-30 01:00:00.000000
-- 2024-09-30
INSERT INTO task (id, collection_id, created_by_id, root_task_id, name, description, report_format, level, task_type, priority, is_locked, start_date, end_date, deadline, created_time, updated_time)
VALUES (885, 63, 151, NULL, 'Verify Backup Jobs Configuration', 'This is Verify Backup Jobs Configuration', NULL, 'ADVANCED', 'TEST', 'LOW', FALSE, '2024-09-30', '2024-10-13', '2024-10-04', '2024-09-30 01:00:00.000000', '2024-09-30 01:00:00.000000');

INSERT INTO task_for_users (id, task_id, assigned_to_id, user_task_status, updated_time, started_time)
VALUES
(19495, 885, 116, 'JOINED', '2024-09-30 01:00:00.000000', '2024-09-30 06:02:24.000000'),
(19496, 885, 117, 'JOINED', '2024-09-30 01:00:00.000000', '2024-10-03 15:24:00.000000'),
(19497, 885, 118, 'JOINED', '2024-09-30 01:00:00.000000', '2024-10-03 15:24:00.000000'),
(19498, 885, 119, 'JOINED', '2024-09-30 01:00:00.000000', '2024-10-01 02:09:07.200000'),
(19499, 885, 120, 'JOINED', '2024-09-30 01:00:00.000000', '2024-09-30 19:37:26.400000'),
(19500, 885, 121, 'JOINED', '2024-09-30 01:00:00.000000', '2024-10-01 22:15:50.400000'),
(19501, 885, 122, 'JOINED', '2024-09-30 01:00:00.000000', '2024-09-30 10:41:45.600000'),
(19502, 885, 123, 'JOINED', '2024-09-30 01:00:00.000000', '2024-09-30 13:40:19.200000'),
(19503, 885, 124, 'JOINED', '2024-09-30 01:00:00.000000', '2024-10-01 09:03:50.400000'),
(19504, 885, 125, 'JOINED', '2024-09-30 01:00:00.000000', '2024-10-01 08:06:14.400000'),
(19505, 885, 126, 'JOINED', '2024-09-30 01:00:00.000000', '2024-10-01 02:43:40.800000'),
(19506, 885, 127, 'JOINED', '2024-09-30 01:00:00.000000', '2024-09-30 18:16:48.000000'),
(19507, 885, 128, 'JOINED', '2024-09-30 01:00:00.000000', '2024-09-30 14:09:07.200000'),
(19508, 885, 129, 'JOINED', '2024-09-30 01:00:00.000000', '2024-09-30 14:14:52.800000'),
(19509, 885, 131, 'JOINED', '2024-09-30 01:00:00.000000', '2024-09-30 08:29:16.800000'),
(19510, 885, 132, 'JOINED', '2024-09-30 01:00:00.000000', '2024-09-30 09:32:38.400000'),
(19511, 885, 133, 'JOINED', '2024-09-30 01:00:00.000000', '2024-09-30 10:53:16.800000'),
(19512, 885, 134, 'JOINED', '2024-09-30 01:00:00.000000', '2024-10-02 02:03:21.600000'),
(19513, 885, 135, 'JOINED', '2024-09-30 01:00:00.000000', '2024-10-02 05:42:14.400000');
INSERT INTO report (id, created_by_id, title, content, rejected_reason, report_status, created_time, updated_time, reviewed_time)
VALUES
(DEFAULT, 19495, 'Employee 116 submit Report', 'Completed Task.', NULL, 'APPROVED', '2024-10-07 19:57:36.000000', '2024-10-07 19:57:36.000000', '2024-10-07 20:02:36.000000'),
(DEFAULT, 19496, 'Employee 117 submit Report', 'Completed Task.', NULL, 'APPROVED', '2024-10-13 10:18:43.200000', '2024-10-13 10:18:43.200000', '2024-10-13 10:23:43.200000'),
(DEFAULT, 19497, 'Employee 118 submit Report', 'Completed Task.', NULL, 'APPROVED', '2024-10-12 19:48:57.600000', '2024-10-12 19:48:57.600000', '2024-10-12 19:53:57.600000'),
(DEFAULT, 19498, 'Employee 119 submit Report', 'Completed Task.', NULL, 'APPROVED', '2024-10-02 05:30:43.200000', '2024-10-02 05:30:43.200000', '2024-10-02 05:35:43.200000'),
(DEFAULT, 19499, 'Employee 120 submit Report', 'Completed Task.', NULL, 'APPROVED', '2024-10-02 03:24:00.000000', '2024-10-02 03:24:00.000000', '2024-10-02 03:29:00.000000'),
(DEFAULT, 19500, 'Employee 121 submit Report', 'Completed Task.', NULL, 'APPROVED', '2024-10-06 03:44:09.600000', '2024-10-06 03:44:09.600000', '2024-10-06 03:49:09.600000'),
(DEFAULT, 19501, 'Employee 122 submit Report', 'Completed Task.', NULL, 'APPROVED', '2024-10-01 10:47:31.200000', '2024-10-01 10:47:31.200000', '2024-10-01 10:52:31.200000'),
(DEFAULT, 19502, 'Employee 123 submit Report', 'Completed Task.', NULL, 'APPROVED', '2024-10-07 12:19:40.800000', '2024-10-07 12:19:40.800000', '2024-10-07 12:24:40.800000'),
(DEFAULT, 19503, 'Employee 124 submit Report', 'Completed Task.', NULL, 'APPROVED', '2024-10-02 21:09:36.000000', '2024-10-02 21:09:36.000000', '2024-10-02 21:14:36.000000'),
(DEFAULT, 19504, 'Employee 125 submit Report', 'Completed Task.', NULL, 'APPROVED', '2024-10-03 10:01:26.400000', '2024-10-03 10:01:26.400000', '2024-10-03 10:06:26.400000'),
(DEFAULT, 19505, 'Employee 126 submit Report', 'Completed Task.', NULL, 'APPROVED', '2024-10-02 06:11:02.400000', '2024-10-02 06:11:02.400000', '2024-10-02 06:16:02.400000'),
(DEFAULT, 19506, 'Employee 127 submit Report', 'Completed Task.', NULL, 'APPROVED', '2024-10-01 13:23:02.400000', '2024-10-01 13:23:02.400000', '2024-10-01 13:28:02.400000'),
(DEFAULT, 19507, 'Employee 128 submit Report', 'Completed Task.', NULL, 'APPROVED', '2024-10-02 18:22:33.600000', '2024-10-02 18:22:33.600000', '2024-10-02 18:27:33.600000'),
(DEFAULT, 19508, 'Employee 129 submit Report', 'Completed Task.', NULL, 'APPROVED', '2024-10-02 13:11:31.200000', '2024-10-02 13:11:31.200000', '2024-10-02 13:16:31.200000'),
(DEFAULT, 19509, 'Employee 131 submit Report', 'Completed Task.', NULL, 'APPROVED', '2024-10-01 03:58:33.600000', '2024-10-01 03:58:33.600000', '2024-10-01 04:03:33.600000'),
(DEFAULT, 19510, 'Employee 132 submit Report', 'Completed Task.', NULL, 'APPROVED', '2024-10-02 11:22:04.800000', '2024-10-02 11:22:04.800000', '2024-10-02 11:27:04.800000'),
(DEFAULT, 19511, 'Employee 133 submit Report', 'Completed Task.', NULL, 'APPROVED', '2024-10-02 05:19:12.000000', '2024-10-02 05:19:12.000000', '2024-10-02 05:24:12.000000'),
(DEFAULT, 19512, 'Employee 134 submit Report', 'Completed Task.', NULL, 'APPROVED', '2024-10-02 18:39:50.400000', '2024-10-02 18:39:50.400000', '2024-10-02 18:44:50.400000'),
(DEFAULT, 19513, 'Employee 135 submit Report', 'Completed Task.', NULL, 'APPROVED', '2024-10-03 15:41:16.800000', '2024-10-03 15:41:16.800000', '2024-10-03 15:46:16.800000');

-- 2024-10-05 01:00:00.000000
-- 2024-10-05
INSERT INTO task (id, collection_id, created_by_id, root_task_id, name, description, report_format, level, task_type, priority, is_locked, start_date, end_date, deadline, created_time, updated_time)
VALUES (886, 63, 151, NULL, 'Verify Data Migration Safety', 'This is Verify Data Migration Safety', NULL, 'NORMAL', 'TEST', 'HIGH', FALSE, '2024-10-05', '2024-10-07', '2024-10-10', '2024-10-05 01:00:00.000000', '2024-10-05 01:00:00.000000');

INSERT INTO task_for_users (id, task_id, assigned_to_id, user_task_status, updated_time, started_time)
VALUES
(19515, 886, 122, 'JOINED', '2024-10-05 01:00:00.000000', '2024-10-05 20:12:00.000000'),
(19516, 886, 128, 'JOINED', '2024-10-05 01:00:00.000000', '2024-10-06 07:07:12.000000'),
(19517, 886, 133, 'JOINED', '2024-10-05 01:00:00.000000', '2024-10-05 02:40:48.000000');
INSERT INTO report (id, created_by_id, title, content, rejected_reason, report_status, created_time, updated_time, reviewed_time)
VALUES
(DEFAULT, 19515, 'Employee 122 submit Report', 'Completed Task.', NULL, 'APPROVED', '2024-10-07 10:36:00.000000', '2024-10-07 10:36:00.000000', '2024-10-07 10:41:00.000000'),
(DEFAULT, 19516, 'Employee 128 submit Report', 'Completed Task.', NULL, 'APPROVED', '2024-10-07 21:16:48.000000', '2024-10-07 21:16:48.000000', '2024-10-07 21:21:48.000000'),
(DEFAULT, 19517, 'Employee 133 submit Report', 'Completed Task.', NULL, 'APPROVED', '2024-10-07 01:21:36.000000', '2024-10-07 01:21:36.000000', '2024-10-07 01:26:36.000000');

-- 2024-10-11 01:00:00.000000
-- 2024-10-11
INSERT INTO task (id, collection_id, created_by_id, root_task_id, name, description, report_format, level, task_type, priority, is_locked, start_date, end_date, deadline, created_time, updated_time)
VALUES (887, 63, 151, NULL, 'Verify Rollback Plan Execution', 'This is Verify Rollback Plan Execution', NULL, 'NORMAL', 'TEST', 'NORMAL', FALSE, '2024-10-11', '2024-10-17', '2024-10-15', '2024-10-11 01:00:00.000000', '2024-10-11 01:00:00.000000');

INSERT INTO task_for_users (id, task_id, assigned_to_id, user_task_status, updated_time, started_time)
VALUES
(19519, 887, 116, 'JOINED', '2024-10-11 01:00:00.000000', '2024-10-12 08:12:00.000000'),
(19520, 887, 117, 'JOINED', '2024-10-11 01:00:00.000000', '2024-10-11 22:01:26.400000'),
(19521, 887, 118, 'JOINED', '2024-10-11 01:00:00.000000', '2024-10-13 06:05:16.800000'),
(19522, 887, 119, 'JOINED', '2024-10-11 01:00:00.000000', '2024-10-11 09:55:40.800000'),
(19523, 887, 120, 'JOINED', '2024-10-11 01:00:00.000000', '2024-10-12 10:30:14.400000'),
(19524, 887, 121, 'JOINED', '2024-10-11 01:00:00.000000', '2024-10-12 19:08:38.400000'),
(19525, 887, 122, 'JOINED', '2024-10-11 01:00:00.000000', '2024-10-11 05:13:26.400000'),
(19526, 887, 124, 'JOINED', '2024-10-11 01:00:00.000000', '2024-10-13 10:24:28.800000'),
(19527, 887, 125, 'JOINED', '2024-10-11 01:00:00.000000', '2024-10-12 02:32:09.600000'),
(19528, 887, 126, 'JOINED', '2024-10-11 01:00:00.000000', '2024-10-12 20:00:28.800000'),
(19529, 887, 127, 'JOINED', '2024-10-11 01:00:00.000000', '2024-10-11 22:30:14.400000'),
(19530, 887, 128, 'JOINED', '2024-10-11 01:00:00.000000', '2024-10-11 16:33:07.200000'),
(19531, 887, 129, 'JOINED', '2024-10-11 01:00:00.000000', '2024-10-11 07:25:55.200000'),
(19532, 887, 130, 'JOINED', '2024-10-11 01:00:00.000000', '2024-10-11 21:09:36.000000'),
(19533, 887, 131, 'JOINED', '2024-10-11 01:00:00.000000', '2024-10-11 14:55:12.000000'),
(19534, 887, 132, 'JOINED', '2024-10-11 01:00:00.000000', '2024-10-12 18:39:50.400000'),
(19535, 887, 133, 'JOINED', '2024-10-11 01:00:00.000000', '2024-10-11 10:18:43.200000'),
(19536, 887, 134, 'JOINED', '2024-10-11 01:00:00.000000', '2024-10-13 00:54:14.400000'),
(19537, 887, 135, 'JOINED', '2024-10-11 01:00:00.000000', '2024-10-12 08:35:02.400000');
INSERT INTO report (id, created_by_id, title, content, rejected_reason, report_status, created_time, updated_time, reviewed_time)
VALUES
(DEFAULT, 19519, 'Employee 116 submit Report', 'Completed Task.', NULL, 'APPROVED', '2024-10-13 02:26:24.000000', '2024-10-13 02:26:24.000000', '2024-10-13 02:31:24.000000'),
(DEFAULT, 19520, 'Employee 117 submit Report', 'Completed Task.', NULL, 'APPROVED', '2024-10-13 07:25:55.200000', '2024-10-13 07:25:55.200000', '2024-10-13 07:30:55.200000'),
(DEFAULT, 19521, 'Employee 118 submit Report', 'Completed Task.', NULL, 'APPROVED', '2024-10-14 17:07:40.800000', '2024-10-14 17:07:40.800000', '2024-10-14 17:12:40.800000'),
(DEFAULT, 19522, 'Employee 119 submit Report', 'Completed Task.', NULL, 'APPROVED', '2024-10-12 11:50:52.800000', '2024-10-12 11:50:52.800000', '2024-10-12 11:55:52.800000'),
(DEFAULT, 19523, 'Employee 120 submit Report', 'Completed Task.', NULL, 'APPROVED', '2024-10-13 16:10:04.800000', '2024-10-13 16:10:04.800000', '2024-10-13 16:15:04.800000'),
(DEFAULT, 19524, 'Employee 121 submit Report', 'Completed Task.', NULL, 'APPROVED', '2024-10-14 12:02:24.000000', '2024-10-14 12:02:24.000000', '2024-10-14 12:07:24.000000'),
(DEFAULT, 19525, 'Employee 122 submit Report', 'Completed Task.', NULL, 'APPROVED', '2024-10-11 22:41:45.600000', '2024-10-11 22:41:45.600000', '2024-10-11 22:46:45.600000'),
(DEFAULT, 19526, 'Employee 124 submit Report', 'Completed Task.', NULL, 'APPROVED', '2024-10-14 22:12:57.600000', '2024-10-14 22:12:57.600000', '2024-10-14 22:17:57.600000'),
(DEFAULT, 19527, 'Employee 125 submit Report', 'Completed Task.', NULL, 'APPROVED', '2024-10-13 21:49:55.200000', '2024-10-13 21:49:55.200000', '2024-10-13 21:54:55.200000'),
(DEFAULT, 19528, 'Employee 126 submit Report', 'Completed Task.', NULL, 'APPROVED', '2024-10-13 17:19:12.000000', '2024-10-13 17:19:12.000000', '2024-10-13 17:24:12.000000'),
(DEFAULT, 19529, 'Employee 127 submit Report', 'Completed Task.', NULL, 'APPROVED', '2024-10-13 11:04:48.000000', '2024-10-13 11:04:48.000000', '2024-10-13 11:09:48.000000'),
(DEFAULT, 19530, 'Employee 128 submit Report', 'Completed Task.', NULL, 'APPROVED', '2024-10-13 01:40:19.200000', '2024-10-13 01:40:19.200000', '2024-10-13 01:45:19.200000'),
(DEFAULT, 19531, 'Employee 129 submit Report', 'Completed Task.', NULL, 'APPROVED', '2024-10-12 05:07:40.800000', '2024-10-12 05:07:40.800000', '2024-10-12 05:12:40.800000'),
(DEFAULT, 19532, 'Employee 130 submit Report', 'Completed Task.', NULL, 'APPROVED', '2024-10-12 23:04:48.000000', '2024-10-12 23:04:48.000000', '2024-10-12 23:09:48.000000'),
(DEFAULT, 19533, 'Employee 131 submit Report', 'Completed Task.', NULL, 'APPROVED', '2024-10-12 11:22:04.800000', '2024-10-12 11:22:04.800000', '2024-10-12 11:27:04.800000'),
(DEFAULT, 19534, 'Employee 132 submit Report', 'Completed Task.', NULL, 'APPROVED', '2024-10-13 13:00:00.000000', '2024-10-13 13:00:00.000000', '2024-10-13 13:05:00.000000'),
(DEFAULT, 19535, 'Employee 133 submit Report', 'Completed Task.', NULL, 'APPROVED', '2024-10-13 00:08:09.600000', '2024-10-13 00:08:09.600000', '2024-10-13 00:13:09.600000'),
(DEFAULT, 19536, 'Employee 134 submit Report', 'Completed Task.', NULL, 'APPROVED', '2024-10-17 01:05:45.600000', '2024-10-17 01:05:45.600000', '2024-10-17 01:10:45.600000'),
(DEFAULT, 19537, 'Employee 135 submit Report', 'Completed Task.', NULL, 'APPROVED', '2024-10-13 13:46:04.800000', '2024-10-13 13:46:04.800000', '2024-10-13 13:51:04.800000');

-- 2024-10-16 01:00:00.000000
-- 2024-10-16
INSERT INTO task (id, collection_id, created_by_id, root_task_id, name, description, report_format, level, task_type, priority, is_locked, start_date, end_date, deadline, created_time, updated_time)
VALUES (888, 63, 151, NULL, 'Verify Deployment Smoke Tests', 'This is Verify Deployment Smoke Tests', NULL, 'NORMAL', 'TEST', 'URGENT', FALSE, '2024-10-16', '2024-10-26', '2024-10-22', '2024-10-16 01:00:00.000000', '2024-10-16 01:00:00.000000');

INSERT INTO task_for_users (id, task_id, assigned_to_id, user_task_status, updated_time, started_time)
VALUES
(19539, 888, 117, 'JOINED', '2024-10-16 01:00:00.000000', '2024-10-17 06:39:50.400000'),
(19540, 888, 118, 'JOINED', '2024-10-16 01:00:00.000000', '2024-10-17 02:29:16.800000'),
(19541, 888, 128, 'JOINED', '2024-10-16 01:00:00.000000', '2024-10-16 03:44:09.600000');
INSERT INTO report (id, created_by_id, title, content, rejected_reason, report_status, created_time, updated_time, reviewed_time)
VALUES
(DEFAULT, 19539, 'Employee 117 submit Report', 'Completed Task.', NULL, 'APPROVED', '2024-10-19 03:44:09.600000', '2024-10-19 03:44:09.600000', '2024-10-19 03:49:09.600000'),
(DEFAULT, 19540, 'Employee 118 submit Report', 'Completed Task.', NULL, 'APPROVED', '2024-10-26 23:30:43.200000', '2024-10-26 23:30:43.200000', '2024-10-26 23:35:43.200000'),
(DEFAULT, 19541, 'Employee 128 submit Report', 'Completed Task.', NULL, 'APPROVED', '2024-10-18 05:59:31.200000', '2024-10-18 05:59:31.200000', '2024-10-18 06:04:31.200000');

-- 2024-10-23 01:00:00.000000
-- 2024-10-23
INSERT INTO task (id, collection_id, created_by_id, root_task_id, name, description, report_format, level, task_type, priority, is_locked, start_date, end_date, deadline, created_time, updated_time)
VALUES (889, 63, 151, NULL, 'Approve Production Readiness', 'This is Approve Production Readiness', NULL, 'NORMAL', 'TEST', 'NORMAL', FALSE, '2024-10-23', '2024-10-28', '2024-10-27', '2024-10-23 01:00:00.000000', '2024-10-23 01:00:00.000000');

INSERT INTO task_for_users (id, task_id, assigned_to_id, user_task_status, updated_time, started_time)
VALUES
(19543, 889, 116, 'JOINED', '2024-10-23 01:00:00.000000', '2024-10-25 14:55:12.000000'),
(19544, 889, 117, 'JOINED', '2024-10-23 01:00:00.000000', '2024-10-24 17:53:45.600000'),
(19545, 889, 118, 'JOINED', '2024-10-23 01:00:00.000000', '2024-10-24 12:08:09.600000'),
(19546, 889, 119, 'JOINED', '2024-10-23 01:00:00.000000', '2024-10-25 05:13:26.400000'),
(19547, 889, 120, 'JOINED', '2024-10-23 01:00:00.000000', '2024-10-23 13:05:45.600000'),
(19548, 889, 121, 'JOINED', '2024-10-23 01:00:00.000000', '2024-10-23 04:10:04.800000'),
(19549, 889, 122, 'JOINED', '2024-10-23 01:00:00.000000', '2024-10-24 15:24:00.000000'),
(19550, 889, 124, 'JOINED', '2024-10-23 01:00:00.000000', '2024-10-26 00:54:14.400000'),
(19551, 889, 125, 'JOINED', '2024-10-23 01:00:00.000000', '2024-10-24 20:52:19.200000'),
(19552, 889, 126, 'JOINED', '2024-10-23 01:00:00.000000', '2024-10-25 02:17:45.600000'),
(19553, 889, 127, 'JOINED', '2024-10-23 01:00:00.000000', '2024-10-25 09:44:09.600000'),
(19554, 889, 128, 'JOINED', '2024-10-23 01:00:00.000000', '2024-10-23 13:40:19.200000'),
(19555, 889, 129, 'JOINED', '2024-10-23 01:00:00.000000', '2024-10-23 01:23:02.400000'),
(19556, 889, 130, 'JOINED', '2024-10-23 01:00:00.000000', '2024-10-23 19:37:26.400000'),
(19557, 889, 131, 'JOINED', '2024-10-23 01:00:00.000000', '2024-10-24 01:17:16.800000'),
(19558, 889, 132, 'JOINED', '2024-10-23 01:00:00.000000', '2024-10-25 11:04:48.000000'),
(19559, 889, 133, 'JOINED', '2024-10-23 01:00:00.000000', '2024-10-24 16:50:24.000000'),
(19560, 889, 134, 'JOINED', '2024-10-23 01:00:00.000000', '2024-10-25 05:59:31.200000'),
(19561, 889, 135, 'JOINED', '2024-10-23 01:00:00.000000', '2024-10-23 07:43:12.000000');
INSERT INTO report (id, created_by_id, title, content, rejected_reason, report_status, created_time, updated_time, reviewed_time)
VALUES
(DEFAULT, 19543, 'Employee 116 submit Report', 'Completed Task.', NULL, 'APPROVED', '2024-10-26 06:28:19.200000', '2024-10-26 06:28:19.200000', '2024-10-26 06:33:19.200000'),
(DEFAULT, 19544, 'Employee 117 submit Report', 'Completed Task.', NULL, 'APPROVED', '2024-10-26 10:18:43.200000', '2024-10-26 10:18:43.200000', '2024-10-26 10:23:43.200000'),
(DEFAULT, 19545, 'Employee 118 submit Report', 'Completed Task.', NULL, 'APPROVED', '2024-10-26 02:37:55.200000', '2024-10-26 02:37:55.200000', '2024-10-26 02:42:55.200000'),
(DEFAULT, 19546, 'Employee 119 submit Report', 'Completed Task.', NULL, 'APPROVED', '2024-10-26 19:08:38.400000', '2024-10-26 19:08:38.400000', '2024-10-26 19:13:38.400000'),
(DEFAULT, 19547, 'Employee 120 submit Report', 'Completed Task.', NULL, 'APPROVED', '2024-10-24 23:56:38.400000', '2024-10-24 23:56:38.400000', '2024-10-25 00:01:38.400000'),
(DEFAULT, 19548, 'Employee 121 submit Report', 'Completed Task.', NULL, 'APPROVED', '2024-10-24 16:15:50.400000', '2024-10-24 16:15:50.400000', '2024-10-24 16:20:50.400000'),
(DEFAULT, 19549, 'Employee 122 submit Report', 'Completed Task.', NULL, 'APPROVED', '2024-10-25 22:18:43.200000', '2024-10-25 22:18:43.200000', '2024-10-25 22:23:43.200000'),
(DEFAULT, 19550, 'Employee 124 submit Report', 'Completed Task.', NULL, 'APPROVED', '2024-10-26 22:01:26.400000', '2024-10-26 22:01:26.400000', '2024-10-26 22:06:26.400000'),
(DEFAULT, 19551, 'Employee 125 submit Report', 'Completed Task.', NULL, 'APPROVED', '2024-10-26 04:38:52.800000', '2024-10-26 04:38:52.800000', '2024-10-26 04:43:52.800000'),
(DEFAULT, 19552, 'Employee 126 submit Report', 'Completed Task.', NULL, 'APPROVED', '2024-10-28 23:42:14.400000', '2024-10-28 23:42:14.400000', '2024-10-28 23:47:14.400000'),
(DEFAULT, 19553, 'Employee 127 submit Report', 'Completed Task.', NULL, 'APPROVED', '2024-10-26 06:11:02.400000', '2024-10-26 06:11:02.400000', '2024-10-26 06:16:02.400000'),
(DEFAULT, 19554, 'Employee 128 submit Report', 'Completed Task.', NULL, 'APPROVED', '2024-10-25 13:40:19.200000', '2024-10-25 13:40:19.200000', '2024-10-25 13:45:19.200000'),
(DEFAULT, 19555, 'Employee 129 submit Report', 'Completed Task.', NULL, 'APPROVED', '2024-10-24 02:03:21.600000', '2024-10-24 02:03:21.600000', '2024-10-24 02:08:21.600000'),
(DEFAULT, 19556, 'Employee 130 submit Report', 'Completed Task.', NULL, 'APPROVED', '2024-10-25 00:48:28.800000', '2024-10-25 00:48:28.800000', '2024-10-25 00:53:28.800000'),
(DEFAULT, 19557, 'Employee 131 submit Report', 'Completed Task.', NULL, 'APPROVED', '2024-10-25 17:42:14.400000', '2024-10-25 17:42:14.400000', '2024-10-25 17:47:14.400000'),
(DEFAULT, 19558, 'Employee 132 submit Report', 'Completed Task.', NULL, 'APPROVED', '2024-10-26 17:36:28.800000', '2024-10-26 17:36:28.800000', '2024-10-26 17:41:28.800000'),
(DEFAULT, 19559, 'Employee 133 submit Report', 'Completed Task.', NULL, 'APPROVED', '2024-10-25 13:11:31.200000', '2024-10-25 13:11:31.200000', '2024-10-25 13:16:31.200000'),
(DEFAULT, 19560, 'Employee 134 submit Report', 'Completed Task.', NULL, 'APPROVED', '2024-10-26 08:40:48.000000', '2024-10-26 08:40:48.000000', '2024-10-26 08:45:48.000000'),
(DEFAULT, 19561, 'Employee 135 submit Report', 'Completed Task.', NULL, 'APPROVED', '2024-10-24 01:05:45.600000', '2024-10-24 01:05:45.600000', '2024-10-24 01:10:45.600000');

INSERT INTO collection (`id`, `created_time`, `description`, `due_date`, `start_date`, `name`, `updated_time`, `phase_id`, `created_by_id`)
VALUES (64, '2024-10-27 01:00:00.000000', 'This is Post-deployment Validation', '2025-01-02', '2024-10-27', 'Post-deployment Validation', '2024-10-27 01:00:00.000000', 11, 154);


-- 2024-10-28 01:05:00.000000
-- 2024-10-28
INSERT INTO task (id, collection_id, created_by_id, root_task_id, name, description, report_format, level, task_type, priority, is_locked, start_date, end_date, deadline, created_time, updated_time)
VALUES (890, 64, 151, NULL, 'Execute Production Smoke Testing', 'This is Execute Production Smoke Testing', NULL, 'NORMAL', 'TEST', 'URGENT', FALSE, '2024-10-28', '2024-11-01', '2024-11-03', '2024-10-28 01:05:00.000000', '2024-10-28 01:05:00.000000');

INSERT INTO task_for_users (id, task_id, assigned_to_id, user_task_status, updated_time, started_time)
VALUES
(19563, 890, 117, 'JOINED', '2024-10-28 01:05:00.000000', '2024-10-29 14:22:45.600000'),
(19564, 890, 118, 'JOINED', '2024-10-28 01:05:00.000000', '2024-10-29 16:06:26.400000'),
(19565, 890, 128, 'JOINED', '2024-10-28 01:05:00.000000', '2024-10-28 14:11:14.400000');
INSERT INTO report (id, created_by_id, title, content, rejected_reason, report_status, created_time, updated_time, reviewed_time)
VALUES
(DEFAULT, 19563, 'Employee 117 submit Report', 'Completed Task.', NULL, 'APPROVED', '2024-11-01 00:50:36.000000', '2024-11-01 00:50:36.000000', '2024-11-01 00:55:36.000000'),
(DEFAULT, 19564, 'Employee 118 submit Report', 'Completed Task.', NULL, 'APPROVED', '2024-11-01 01:33:48.000000', '2024-11-01 01:33:48.000000', '2024-11-01 01:38:48.000000'),
(DEFAULT, 19565, 'Employee 128 submit Report', 'Completed Task.', NULL, 'APPROVED', '2024-10-30 13:59:43.200000', '2024-10-30 13:59:43.200000', '2024-10-30 14:04:43.200000');

-- 2024-11-04 01:05:00.000000
-- 2024-11-04
INSERT INTO task (id, collection_id, created_by_id, root_task_id, name, description, report_format, level, task_type, priority, is_locked, start_date, end_date, deadline, created_time, updated_time)
VALUES (891, 64, 151, NULL, 'Validate Live User Authentication', 'This is Validate Live User Authentication', NULL, 'NORMAL', 'TEST', 'LOW', FALSE, '2024-11-04', '2024-11-15', '2024-11-07', '2024-11-04 01:05:00.000000', '2024-11-04 01:05:00.000000');

INSERT INTO task_for_users (id, task_id, assigned_to_id, user_task_status, updated_time, started_time)
VALUES
(19567, 891, 116, 'JOINED', '2024-11-04 01:05:00.000000', '2024-11-05 10:25:09.600000'),
(19568, 891, 117, 'JOINED', '2024-11-04 01:05:00.000000', '2024-11-05 13:00:40.800000'),
(19569, 891, 119, 'JOINED', '2024-11-04 01:05:00.000000', '2024-11-04 11:05:28.800000'),
(19570, 891, 120, 'JOINED', '2024-11-04 01:05:00.000000', '2024-11-05 09:20:21.600000'),
(19571, 891, 121, 'JOINED', '2024-11-04 01:05:00.000000', '2024-11-04 03:10:16.800000'),
(19572, 891, 122, 'JOINED', '2024-11-04 01:05:00.000000', '2024-11-06 17:53:00.000000'),
(19573, 891, 123, 'JOINED', '2024-11-04 01:05:00.000000', '2024-11-05 11:51:33.600000'),
(19574, 891, 124, 'JOINED', '2024-11-04 01:05:00.000000', '2024-11-04 17:25:38.400000'),
(19575, 891, 125, 'JOINED', '2024-11-04 01:05:00.000000', '2024-11-04 13:10:45.600000'),
(19576, 891, 126, 'JOINED', '2024-11-04 01:05:00.000000', '2024-11-04 18:56:21.600000'),
(19577, 891, 127, 'JOINED', '2024-11-04 01:05:00.000000', '2024-11-05 02:08:21.600000'),
(19578, 891, 128, 'JOINED', '2024-11-04 01:05:00.000000', '2024-11-05 05:48:40.800000'),
(19579, 891, 129, 'JOINED', '2024-11-04 01:05:00.000000', '2024-11-04 15:46:16.800000'),
(19580, 891, 130, 'JOINED', '2024-11-04 01:05:00.000000', '2024-11-05 09:54:55.200000'),
(19581, 891, 131, 'JOINED', '2024-11-04 01:05:00.000000', '2024-11-04 12:05:57.600000'),
(19582, 891, 132, 'JOINED', '2024-11-04 01:05:00.000000', '2024-11-05 20:47:14.400000'),
(19583, 891, 133, 'JOINED', '2024-11-04 01:05:00.000000', '2024-11-05 08:37:09.600000'),
(19584, 891, 134, 'JOINED', '2024-11-04 01:05:00.000000', '2024-11-05 01:07:52.800000'),
(19585, 891, 135, 'JOINED', '2024-11-04 01:05:00.000000', '2024-11-04 05:32:50.400000');
INSERT INTO report (id, created_by_id, title, content, rejected_reason, report_status, created_time, updated_time, reviewed_time)
VALUES
(DEFAULT, 19567, 'Employee 116 submit Report', 'Completed Task.', NULL, 'APPROVED', '2024-11-06 06:56:21.600000', '2024-11-06 06:56:21.600000', '2024-11-06 07:01:21.600000'),
(DEFAULT, 19568, 'Employee 117 submit Report', 'Completed Task.', NULL, 'APPROVED', '2024-11-06 11:41:28.800000', '2024-11-06 11:41:28.800000', '2024-11-06 11:46:28.800000'),
(DEFAULT, 19569, 'Employee 119 submit Report', 'Completed Task.', NULL, 'APPROVED', '2024-11-05 02:34:16.800000', '2024-11-05 02:34:16.800000', '2024-11-05 02:39:16.800000'),
(DEFAULT, 19570, 'Employee 120 submit Report', 'Completed Task.', NULL, 'APPROVED', '2024-11-06 09:40:31.200000', '2024-11-06 09:40:31.200000', '2024-11-06 09:45:31.200000'),
(DEFAULT, 19571, 'Employee 121 submit Report', 'Completed Task.', NULL, 'APPROVED', '2024-11-05 12:26:07.200000', '2024-11-05 12:26:07.200000', '2024-11-05 12:31:07.200000'),
(DEFAULT, 19572, 'Employee 122 submit Report', 'Completed Task.', NULL, 'APPROVED', '2024-11-15 02:15:33.600000', '2024-11-15 02:15:33.600000', '2024-11-15 02:20:33.600000'),
(DEFAULT, 19573, 'Employee 123 submit Report', 'Completed Task.', NULL, 'APPROVED', '2024-11-06 17:01:09.600000', '2024-11-06 17:01:09.600000', '2024-11-06 17:06:09.600000'),
(DEFAULT, 19574, 'Employee 124 submit Report', 'Completed Task.', NULL, 'APPROVED', '2024-11-05 15:31:52.800000', '2024-11-05 15:31:52.800000', '2024-11-05 15:36:52.800000'),
(DEFAULT, 19575, 'Employee 125 submit Report', 'Completed Task.', NULL, 'APPROVED', '2024-11-05 07:41:00.000000', '2024-11-05 07:41:00.000000', '2024-11-05 07:46:00.000000'),
(DEFAULT, 19576, 'Employee 126 submit Report', 'Completed Task.', NULL, 'APPROVED', '2024-11-05 23:01:09.600000', '2024-11-05 23:01:09.600000', '2024-11-05 23:06:09.600000'),
(DEFAULT, 19577, 'Employee 127 submit Report', 'Completed Task.', NULL, 'APPROVED', '2024-11-06 01:49:38.400000', '2024-11-06 01:49:38.400000', '2024-11-06 01:54:38.400000'),
(DEFAULT, 19578, 'Employee 128 submit Report', 'Completed Task.', NULL, 'APPROVED', '2024-11-06 04:25:09.600000', '2024-11-06 04:25:09.600000', '2024-11-06 04:30:09.600000'),
(DEFAULT, 19579, 'Employee 129 submit Report', 'Completed Task.', NULL, 'APPROVED', '2024-11-05 17:45:48.000000', '2024-11-05 17:45:48.000000', '2024-11-05 17:50:48.000000'),
(DEFAULT, 19580, 'Employee 130 submit Report', 'Completed Task.', NULL, 'APPROVED', '2024-11-06 07:39:33.600000', '2024-11-06 07:39:33.600000', '2024-11-06 07:44:33.600000'),
(DEFAULT, 19581, 'Employee 131 submit Report', 'Completed Task.', NULL, 'APPROVED', '2024-11-05 21:08:50.400000', '2024-11-05 21:08:50.400000', '2024-11-05 21:13:50.400000'),
(DEFAULT, 19582, 'Employee 132 submit Report', 'Completed Task.', NULL, 'APPROVED', '2024-11-07 00:21:48.000000', '2024-11-07 00:21:48.000000', '2024-11-07 00:26:48.000000'),
(DEFAULT, 19583, 'Employee 133 submit Report', 'Completed Task.', NULL, 'APPROVED', '2024-11-06 01:53:57.600000', '2024-11-06 01:53:57.600000', '2024-11-06 01:58:57.600000'),
(DEFAULT, 19584, 'Employee 134 submit Report', 'Completed Task.', NULL, 'APPROVED', '2024-11-05 21:00:12.000000', '2024-11-05 21:00:12.000000', '2024-11-05 21:05:12.000000'),
(DEFAULT, 19585, 'Employee 135 submit Report', 'Completed Task.', NULL, 'APPROVED', '2024-11-05 13:09:19.200000', '2024-11-05 13:09:19.200000', '2024-11-05 13:14:19.200000');

-- 2024-11-08 01:05:00.000000
-- 2024-11-08
INSERT INTO task (id, collection_id, created_by_id, root_task_id, name, description, report_format, level, task_type, priority, is_locked, start_date, end_date, deadline, created_time, updated_time)
VALUES (892, 64, 151, NULL, 'Validate Live CV Submission', 'This is Validate Live CV Submission', NULL, 'ADVANCED', 'TEST', 'LOW', FALSE, '2024-11-08', '2024-11-15', '2024-11-12', '2024-11-08 01:05:00.000000', '2024-11-08 01:05:00.000000');

INSERT INTO task_for_users (id, task_id, assigned_to_id, user_task_status, updated_time, started_time)
VALUES
(19587, 892, 123, 'JOINED', '2024-11-08 01:05:00.000000', '2024-11-08 10:12:12.000000'),
(19588, 892, 127, 'JOINED', '2024-11-08 01:05:00.000000', '2024-11-08 01:56:50.400000'),
(19589, 892, 132, 'JOINED', '2024-11-08 01:05:00.000000', '2024-11-09 05:12:40.800000');
INSERT INTO report (id, created_by_id, title, content, rejected_reason, report_status, created_time, updated_time, reviewed_time)
VALUES
(DEFAULT, 19587, 'Employee 123 submit Report', 'Completed Task.', NULL, 'APPROVED', '2024-11-15 15:57:48.000000', '2024-11-15 15:57:48.000000', '2024-11-15 16:02:48.000000'),
(DEFAULT, 19588, 'Employee 127 submit Report', 'Completed Task.', NULL, 'APPROVED', '2024-11-09 12:59:14.400000', '2024-11-09 12:59:14.400000', '2024-11-09 13:04:14.400000'),
(DEFAULT, 19589, 'Employee 132 submit Report', 'Completed Task.', NULL, 'APPROVED', '2024-11-10 11:55:52.800000', '2024-11-10 11:55:52.800000', '2024-11-10 12:00:52.800000');

-- 2024-11-13 01:05:00.000000
-- 2024-11-13
INSERT INTO task (id, collection_id, created_by_id, root_task_id, name, description, report_format, level, task_type, priority, is_locked, start_date, end_date, deadline, created_time, updated_time)
VALUES (893, 64, 151, NULL, 'Validate Live CV Parsing Output', 'This is Validate Live CV Parsing Output', NULL, 'NORMAL', 'TEST', 'LOW', FALSE, '2024-11-13', '2024-11-15', '2024-11-16', '2024-11-13 01:05:00.000000', '2024-11-13 01:05:00.000000');

INSERT INTO task_for_users (id, task_id, assigned_to_id, user_task_status, updated_time, started_time)
VALUES
(19591, 893, 116, 'JOINED', '2024-11-13 01:05:00.000000', '2024-11-13 04:02:07.200000'),
(19592, 893, 117, 'JOINED', '2024-11-13 01:05:00.000000', '2024-11-14 21:00:12.000000'),
(19593, 893, 119, 'JOINED', '2024-11-13 01:05:00.000000', '2024-11-13 08:21:19.200000'),
(19594, 893, 120, 'JOINED', '2024-11-13 01:05:00.000000', '2024-11-13 08:25:38.400000'),
(19595, 893, 121, 'JOINED', '2024-11-13 01:05:00.000000', '2024-11-14 05:14:07.200000'),
(19596, 893, 122, 'JOINED', '2024-11-13 01:05:00.000000', '2024-11-14 02:29:57.600000'),
(19597, 893, 123, 'JOINED', '2024-11-13 01:05:00.000000', '2024-11-14 13:09:19.200000'),
(19598, 893, 124, 'JOINED', '2024-11-13 01:05:00.000000', '2024-11-13 08:51:33.600000'),
(19599, 893, 125, 'JOINED', '2024-11-13 01:05:00.000000', '2024-11-15 01:45:19.200000'),
(19600, 893, 126, 'JOINED', '2024-11-13 01:05:00.000000', '2024-11-14 03:04:31.200000'),
(19601, 893, 127, 'JOINED', '2024-11-13 01:05:00.000000', '2024-11-14 23:14:07.200000'),
(19602, 893, 128, 'JOINED', '2024-11-13 01:05:00.000000', '2024-11-13 09:00:12.000000'),
(19603, 893, 129, 'JOINED', '2024-11-13 01:05:00.000000', '2024-11-13 03:01:38.400000'),
(19604, 893, 130, 'JOINED', '2024-11-13 01:05:00.000000', '2024-11-13 02:40:02.400000'),
(19605, 893, 131, 'JOINED', '2024-11-13 01:05:00.000000', '2024-11-13 18:08:50.400000'),
(19606, 893, 132, 'JOINED', '2024-11-13 01:05:00.000000', '2024-11-13 02:01:09.600000'),
(19607, 893, 133, 'JOINED', '2024-11-13 01:05:00.000000', '2024-11-13 01:48:12.000000'),
(19608, 893, 134, 'JOINED', '2024-11-13 01:05:00.000000', '2024-11-13 17:25:38.400000'),
(19609, 893, 135, 'JOINED', '2024-11-13 01:05:00.000000', '2024-11-13 23:45:48.000000');
INSERT INTO report (id, created_by_id, title, content, rejected_reason, report_status, created_time, updated_time, reviewed_time)
VALUES
(DEFAULT, 19591, 'Employee 116 submit Report', 'Completed Task.', NULL, 'APPROVED', '2024-11-13 18:34:45.600000', '2024-11-13 18:34:45.600000', '2024-11-13 18:39:45.600000'),
(DEFAULT, 19592, 'Employee 117 submit Report', 'Completed Task.', NULL, 'APPROVED', '2024-11-15 12:07:24.000000', '2024-11-15 12:07:24.000000', '2024-11-15 12:12:24.000000'),
(DEFAULT, 19593, 'Employee 119 submit Report', 'Completed Task.', NULL, 'APPROVED', '2024-11-13 20:14:07.200000', '2024-11-13 20:14:07.200000', '2024-11-13 20:19:07.200000'),
(DEFAULT, 19594, 'Employee 120 submit Report', 'Completed Task.', NULL, 'APPROVED', '2024-11-14 11:21:19.200000', '2024-11-14 11:21:19.200000', '2024-11-14 11:26:19.200000'),
(DEFAULT, 19595, 'Employee 121 submit Report', 'Completed Task.', NULL, 'APPROVED', '2024-11-15 09:49:09.600000', '2024-11-15 09:49:09.600000', '2024-11-15 09:54:09.600000'),
(DEFAULT, 19596, 'Employee 122 submit Report', 'Completed Task.', NULL, 'APPROVED', '2024-11-14 14:53:00.000000', '2024-11-14 14:53:00.000000', '2024-11-14 14:58:00.000000'),
(DEFAULT, 19597, 'Employee 123 submit Report', 'Completed Task.', NULL, 'APPROVED', '2024-11-15 06:08:50.400000', '2024-11-15 06:08:50.400000', '2024-11-15 06:13:50.400000'),
(DEFAULT, 19598, 'Employee 124 submit Report', 'Completed Task.', NULL, 'APPROVED', '2024-11-14 17:58:45.600000', '2024-11-14 17:58:45.600000', '2024-11-14 18:03:45.600000'),
(DEFAULT, 19599, 'Employee 125 submit Report', 'Completed Task.', NULL, 'APPROVED', '2024-11-15 14:51:33.600000', '2024-11-15 14:51:33.600000', '2024-11-15 14:56:33.600000'),
(DEFAULT, 19600, 'Employee 126 submit Report', 'Completed Task.', NULL, 'APPROVED', '2024-11-15 07:35:14.400000', '2024-11-15 07:35:14.400000', '2024-11-15 07:40:14.400000'),
(DEFAULT, 19601, 'Employee 127 submit Report', 'Completed Task.', NULL, 'APPROVED', '2024-11-15 20:28:31.200000', '2024-11-15 20:28:31.200000', '2024-11-15 20:33:31.200000'),
(DEFAULT, 19602, 'Employee 128 submit Report', 'Completed Task.', NULL, 'APPROVED', '2024-11-14 19:16:31.200000', '2024-11-14 19:16:31.200000', '2024-11-14 19:21:31.200000'),
(DEFAULT, 19603, 'Employee 129 submit Report', 'Completed Task.', NULL, 'APPROVED', '2024-11-13 15:50:36.000000', '2024-11-13 15:50:36.000000', '2024-11-13 15:55:36.000000'),
(DEFAULT, 19604, 'Employee 130 submit Report', 'Completed Task.', NULL, 'APPROVED', '2024-11-13 20:01:09.600000', '2024-11-13 20:01:09.600000', '2024-11-13 20:06:09.600000'),
(DEFAULT, 19605, 'Employee 131 submit Report', 'Completed Task.', NULL, 'APPROVED', '2024-11-14 21:13:09.600000', '2024-11-14 21:13:09.600000', '2024-11-14 21:18:09.600000'),
(DEFAULT, 19606, 'Employee 132 submit Report', 'Completed Task.', NULL, 'APPROVED', '2024-11-13 16:25:09.600000', '2024-11-13 16:25:09.600000', '2024-11-13 16:30:09.600000'),
(DEFAULT, 19607, 'Employee 133 submit Report', 'Completed Task.', NULL, 'APPROVED', '2024-11-14 09:59:14.400000', '2024-11-14 09:59:14.400000', '2024-11-14 10:04:14.400000'),
(DEFAULT, 19608, 'Employee 134 submit Report', 'Completed Task.', NULL, 'APPROVED', '2024-11-14 14:01:09.600000', '2024-11-14 14:01:09.600000', '2024-11-14 14:06:09.600000'),
(DEFAULT, 19609, 'Employee 135 submit Report', 'Completed Task.', NULL, 'APPROVED', '2024-11-14 22:30:55.200000', '2024-11-14 22:30:55.200000', '2024-11-14 22:35:55.200000');

-- 2024-11-17 01:05:00.000000
-- 2024-11-17
INSERT INTO task (id, collection_id, created_by_id, root_task_id, name, description, report_format, level, task_type, priority, is_locked, start_date, end_date, deadline, created_time, updated_time)
VALUES (894, 64, 151, NULL, 'Validate Live Recommendation Results', 'This is Validate Live Recommendation Results', NULL, 'ADVANCED', 'TEST', 'LOW', FALSE, '2024-11-17', '2024-11-23', '2024-11-21', '2024-11-17 01:05:00.000000', '2024-11-17 01:05:00.000000');

INSERT INTO task_for_users (id, task_id, assigned_to_id, user_task_status, updated_time, started_time)
VALUES
(19611, 894, 123, 'JOINED', '2024-11-17 01:05:00.000000', '2024-11-18 12:13:09.600000'),
(19612, 894, 127, 'JOINED', '2024-11-17 01:05:00.000000', '2024-11-17 04:26:36.000000'),
(19613, 894, 132, 'JOINED', '2024-11-17 01:05:00.000000', '2024-11-18 22:49:38.400000');
INSERT INTO report (id, created_by_id, title, content, rejected_reason, report_status, created_time, updated_time, reviewed_time)
VALUES
(DEFAULT, 19611, 'Employee 123 submit Report', 'Completed Task.', NULL, 'APPROVED', '2024-11-19 21:03:04.800000', '2024-11-19 21:03:04.800000', '2024-11-19 21:08:04.800000'),
(DEFAULT, 19612, 'Employee 127 submit Report', 'Completed Task.', NULL, 'APPROVED', '2024-11-17 23:32:50.400000', '2024-11-17 23:32:50.400000', '2024-11-17 23:37:50.400000'),
(DEFAULT, 19613, 'Employee 132 submit Report', 'Completed Task.', NULL, 'APPROVED', '2024-11-23 03:20:21.600000', '2024-11-23 03:20:21.600000', '2024-11-23 03:25:21.600000');

-- 2024-11-22 01:05:00.000000
-- 2024-11-22
INSERT INTO task (id, collection_id, created_by_id, root_task_id, name, description, report_format, level, task_type, priority, is_locked, start_date, end_date, deadline, created_time, updated_time)
VALUES (895, 64, 151, NULL, 'Validate Monitoring Metrics After Release', 'This is Validate Monitoring Metrics After Release', NULL, 'ADVANCED', 'TEST', 'HIGH', FALSE, '2024-11-22', '2024-12-14', '2024-11-28', '2024-11-22 01:05:00.000000', '2024-11-22 01:05:00.000000');

INSERT INTO task_for_users (id, task_id, assigned_to_id, user_task_status, updated_time, started_time)
VALUES
(19615, 895, 116, 'JOINED', '2024-11-22 01:05:00.000000', '2024-11-27 10:41:00.000000'),
(19616, 895, 117, 'JOINED', '2024-11-22 01:05:00.000000', '2024-11-23 00:54:55.200000'),
(19617, 895, 118, 'JOINED', '2024-11-22 01:05:00.000000', '2024-11-27 10:41:00.000000'),
(19618, 895, 119, 'JOINED', '2024-11-22 01:05:00.000000', '2024-11-27 10:41:00.000000'),
(19619, 895, 121, 'JOINED', '2024-11-22 01:05:00.000000', '2024-11-22 19:30:55.200000'),
(19620, 895, 122, 'JOINED', '2024-11-22 01:05:00.000000', '2024-11-22 04:23:43.200000'),
(19621, 895, 123, 'JOINED', '2024-11-22 01:05:00.000000', '2024-11-22 02:31:24.000000'),
(19622, 895, 124, 'JOINED', '2024-11-22 01:05:00.000000', '2024-11-27 10:41:00.000000'),
(19623, 895, 125, 'JOINED', '2024-11-22 01:05:00.000000', '2024-11-27 10:41:00.000000'),
(19624, 895, 126, 'JOINED', '2024-11-22 01:05:00.000000', '2024-11-27 10:41:00.000000'),
(19625, 895, 127, 'JOINED', '2024-11-22 01:05:00.000000', '2024-11-22 04:23:43.200000'),
(19626, 895, 128, 'JOINED', '2024-11-22 01:05:00.000000', '2024-11-22 13:06:26.400000'),
(19627, 895, 130, 'JOINED', '2024-11-22 01:05:00.000000', '2024-11-24 02:45:48.000000'),
(19628, 895, 131, 'JOINED', '2024-11-22 01:05:00.000000', '2024-11-22 23:58:45.600000'),
(19629, 895, 132, 'JOINED', '2024-11-22 01:05:00.000000', '2024-11-22 05:24:12.000000'),
(19630, 895, 133, 'JOINED', '2024-11-22 01:05:00.000000', '2024-11-22 14:45:48.000000'),
(19631, 895, 134, 'JOINED', '2024-11-22 01:05:00.000000', '2024-11-27 10:41:00.000000'),
(19632, 895, 135, 'JOINED', '2024-11-22 01:05:00.000000', '2024-11-24 15:26:07.200000');
INSERT INTO report (id, created_by_id, title, content, rejected_reason, report_status, created_time, updated_time, reviewed_time)
VALUES
(DEFAULT, 19615, 'Employee 116 submit Report', 'Completed Task.', NULL, 'APPROVED', '2024-12-13 19:39:33.600000', '2024-12-13 19:39:33.600000', '2024-12-13 19:44:33.600000'),
(DEFAULT, 19616, 'Employee 117 submit Report', 'Completed Task.', NULL, 'APPROVED', '2024-12-03 01:15:04.800000', '2024-12-03 01:15:04.800000', '2024-12-03 01:20:04.800000'),
(DEFAULT, 19617, 'Employee 118 submit Report', 'Completed Task.', NULL, 'APPROVED', '2024-12-13 19:30:55.200000', '2024-12-13 19:30:55.200000', '2024-12-13 19:35:55.200000'),
(DEFAULT, 19618, 'Employee 119 submit Report', 'Completed Task.', NULL, 'APPROVED', '2024-12-10 10:35:14.400000', '2024-12-10 10:35:14.400000', '2024-12-10 10:40:14.400000'),
(DEFAULT, 19619, 'Employee 121 submit Report', 'Completed Task.', NULL, 'APPROVED', '2024-11-28 00:13:09.600000', '2024-11-28 00:13:09.600000', '2024-11-28 00:18:09.600000'),
(DEFAULT, 19620, 'Employee 122 submit Report', 'Completed Task.', NULL, 'APPROVED', '2024-11-25 00:47:43.200000', '2024-11-25 00:47:43.200000', '2024-11-25 00:52:43.200000'),
(DEFAULT, 19621, 'Employee 123 submit Report', 'Completed Task.', NULL, 'APPROVED', '2024-11-25 04:32:21.600000', '2024-11-25 04:32:21.600000', '2024-11-25 04:37:21.600000'),
(DEFAULT, 19622, 'Employee 124 submit Report', 'Completed Task.', NULL, 'APPROVED', '2024-12-11 18:16:02.400000', '2024-12-11 18:16:02.400000', '2024-12-11 18:21:02.400000'),
(DEFAULT, 19623, 'Employee 125 submit Report', 'Completed Task.', NULL, 'APPROVED', '2024-12-14 07:28:02.400000', '2024-12-14 07:28:02.400000', '2024-12-14 07:33:02.400000'),
(DEFAULT, 19624, 'Employee 126 submit Report', 'Completed Task.', NULL, 'APPROVED', '2024-12-11 16:15:04.800000', '2024-12-11 16:15:04.800000', '2024-12-11 16:20:04.800000'),
(DEFAULT, 19625, 'Employee 127 submit Report', 'Completed Task.', NULL, 'APPROVED', '2024-11-24 07:30:55.200000', '2024-11-24 07:30:55.200000', '2024-11-24 07:35:55.200000'),
(DEFAULT, 19626, 'Employee 128 submit Report', 'Completed Task.', NULL, 'APPROVED', '2024-12-03 13:03:33.600000', '2024-12-03 13:03:33.600000', '2024-12-03 13:08:33.600000'),
(DEFAULT, 19627, 'Employee 130 submit Report', 'Completed Task.', NULL, 'APPROVED', '2024-11-27 13:25:09.600000', '2024-11-27 13:25:09.600000', '2024-11-27 13:30:09.600000'),
(DEFAULT, 19628, 'Employee 131 submit Report', 'Completed Task.', NULL, 'APPROVED', '2024-12-03 02:11:14.400000', '2024-12-03 02:11:14.400000', '2024-12-03 02:16:14.400000'),
(DEFAULT, 19629, 'Employee 132 submit Report', 'Completed Task.', NULL, 'APPROVED', '2024-11-24 01:02:07.200000', '2024-11-24 01:02:07.200000', '2024-11-24 01:07:07.200000'),
(DEFAULT, 19630, 'Employee 133 submit Report', 'Completed Task.', NULL, 'APPROVED', '2024-11-24 14:34:16.800000', '2024-11-24 14:34:16.800000', '2024-11-24 14:39:16.800000'),
(DEFAULT, 19631, 'Employee 134 submit Report', 'Completed Task.', NULL, 'APPROVED', '2024-12-11 02:17:00.000000', '2024-12-11 02:17:00.000000', '2024-12-11 02:22:00.000000'),
(DEFAULT, 19632, 'Employee 135 submit Report', 'Completed Task.', NULL, 'APPROVED', '2024-11-27 22:55:24.000000', '2024-11-27 22:55:24.000000', '2024-11-27 23:00:24.000000');

-- 2024-11-29 01:05:00.000000
-- 2024-11-29
INSERT INTO task (id, collection_id, created_by_id, root_task_id, name, description, report_format, level, task_type, priority, is_locked, start_date, end_date, deadline, created_time, updated_time)
VALUES (896, 64, 151, NULL, 'Validate Error Rate Thresholds', 'This is Validate Error Rate Thresholds', NULL, 'ADVANCED', 'TEST', 'NORMAL', FALSE, '2024-11-29', '2024-12-15', '2024-12-04', '2024-11-29 01:05:00.000000', '2024-11-29 01:05:00.000000');

INSERT INTO task_for_users (id, task_id, assigned_to_id, user_task_status, updated_time, started_time)
VALUES
(19634, 896, 116, 'JOINED', '2024-11-29 01:05:00.000000', '2024-12-01 09:07:24.000000'),
(19635, 896, 124, 'JOINED', '2024-11-29 01:05:00.000000', '2024-12-03 13:05:00.000000'),
(19636, 896, 131, 'JOINED', '2024-11-29 01:05:00.000000', '2024-12-03 13:05:00.000000');
INSERT INTO report (id, created_by_id, title, content, rejected_reason, report_status, created_time, updated_time, reviewed_time)
VALUES
(DEFAULT, 19634, 'Employee 116 submit Report', 'Completed Task.', NULL, 'APPROVED', '2024-12-02 10:48:12.000000', '2024-12-02 10:48:12.000000', '2024-12-02 10:53:12.000000'),
(DEFAULT, 19635, 'Employee 124 submit Report', 'Completed Task.', NULL, 'APPROVED', '2024-12-15 12:43:24.000000', '2024-12-15 12:43:24.000000', '2024-12-15 12:48:24.000000'),
(DEFAULT, 19636, 'Employee 131 submit Report', 'Completed Task.', NULL, 'APPROVED', '2024-12-15 15:29:00.000000', '2024-12-15 15:29:00.000000', '2024-12-15 15:34:00.000000');

-- 2024-12-05 01:05:00.000000
-- 2024-12-05
INSERT INTO task (id, collection_id, created_by_id, root_task_id, name, description, report_format, level, task_type, priority, is_locked, start_date, end_date, deadline, created_time, updated_time)
VALUES (897, 64, 151, NULL, 'Validate Performance Under Real Traffic', 'This is Validate Performance Under Real Traffic', NULL, 'ADVANCED', 'TEST', 'HIGH', FALSE, '2024-12-05', '2024-12-28', '2024-12-11', '2024-12-05 01:05:00.000000', '2024-12-05 01:05:00.000000');

INSERT INTO task_for_users (id, task_id, assigned_to_id, user_task_status, updated_time, started_time)
VALUES
(19638, 897, 116, 'JOINED', '2024-12-05 01:05:00.000000', '2024-12-06 10:07:52.800000'),
(19639, 897, 117, 'JOINED', '2024-12-05 01:05:00.000000', '2024-12-10 10:41:00.000000'),
(19640, 897, 118, 'JOINED', '2024-12-05 01:05:00.000000', '2024-12-05 04:06:26.400000'),
(19641, 897, 119, 'JOINED', '2024-12-05 01:05:00.000000', '2024-12-05 07:25:09.600000'),
(19642, 897, 121, 'JOINED', '2024-12-05 01:05:00.000000', '2024-12-07 01:45:19.200000'),
(19643, 897, 122, 'JOINED', '2024-12-05 01:05:00.000000', '2024-12-06 06:36:12.000000'),
(19644, 897, 123, 'JOINED', '2024-12-05 01:05:00.000000', '2024-12-06 11:08:21.600000'),
(19645, 897, 124, 'JOINED', '2024-12-05 01:05:00.000000', '2024-12-10 10:41:00.000000'),
(19646, 897, 125, 'JOINED', '2024-12-05 01:05:00.000000', '2024-12-10 10:41:00.000000'),
(19647, 897, 126, 'JOINED', '2024-12-05 01:05:00.000000', '2024-12-05 14:11:14.400000'),
(19648, 897, 127, 'JOINED', '2024-12-05 01:05:00.000000', '2024-12-05 06:50:36.000000'),
(19649, 897, 128, 'JOINED', '2024-12-05 01:05:00.000000', '2024-12-05 23:19:52.800000'),
(19650, 897, 130, 'JOINED', '2024-12-05 01:05:00.000000', '2024-12-06 08:24:12.000000'),
(19651, 897, 131, 'JOINED', '2024-12-05 01:05:00.000000', '2024-12-05 07:59:43.200000'),
(19652, 897, 132, 'JOINED', '2024-12-05 01:05:00.000000', '2024-12-05 20:40:02.400000'),
(19653, 897, 133, 'JOINED', '2024-12-05 01:05:00.000000', '2024-12-10 10:41:00.000000'),
(19654, 897, 134, 'JOINED', '2024-12-05 01:05:00.000000', '2024-12-05 18:04:31.200000'),
(19655, 897, 135, 'JOINED', '2024-12-05 01:05:00.000000', '2024-12-06 07:45:19.200000');
INSERT INTO report (id, created_by_id, title, content, rejected_reason, report_status, created_time, updated_time, reviewed_time)
VALUES
(DEFAULT, 19638, 'Employee 116 submit Report', 'Completed Task.', NULL, 'APPROVED', '2024-12-15 16:02:07.200000', '2024-12-15 16:02:07.200000', '2024-12-15 16:07:07.200000'),
(DEFAULT, 19639, 'Employee 117 submit Report', 'Completed Task.', NULL, 'APPROVED', '2024-12-23 18:47:43.200000', '2024-12-23 18:47:43.200000', '2024-12-23 18:52:43.200000'),
(DEFAULT, 19640, 'Employee 118 submit Report', 'Completed Task.', NULL, 'APPROVED', '2024-12-08 06:16:02.400000', '2024-12-08 06:16:02.400000', '2024-12-08 06:21:02.400000'),
(DEFAULT, 19641, 'Employee 119 submit Report', 'Completed Task.', NULL, 'APPROVED', '2024-12-07 21:29:00.000000', '2024-12-07 21:29:00.000000', '2024-12-07 21:34:00.000000'),
(DEFAULT, 19642, 'Employee 121 submit Report', 'Completed Task.', NULL, 'APPROVED', '2024-12-09 13:22:16.800000', '2024-12-09 13:22:16.800000', '2024-12-09 13:27:16.800000'),
(DEFAULT, 19643, 'Employee 122 submit Report', 'Completed Task.', NULL, 'APPROVED', '2024-12-08 05:58:45.600000', '2024-12-08 05:58:45.600000', '2024-12-08 06:03:45.600000'),
(DEFAULT, 19644, 'Employee 123 submit Report', 'Completed Task.', NULL, 'APPROVED', '2024-12-15 15:01:38.400000', '2024-12-15 15:01:38.400000', '2024-12-15 15:06:38.400000'),
(DEFAULT, 19645, 'Employee 124 submit Report', 'Completed Task.', NULL, 'APPROVED', '2024-12-28 02:54:26.400000', '2024-12-28 02:54:26.400000', '2024-12-28 02:59:26.400000'),
(DEFAULT, 19646, 'Employee 125 submit Report', 'Completed Task.', NULL, 'APPROVED', '2024-12-24 22:09:19.200000', '2024-12-24 22:09:19.200000', '2024-12-24 22:14:19.200000'),
(DEFAULT, 19647, 'Employee 126 submit Report', 'Completed Task.', NULL, 'APPROVED', '2024-12-09 17:32:50.400000', '2024-12-09 17:32:50.400000', '2024-12-09 17:37:50.400000'),
(DEFAULT, 19648, 'Employee 127 submit Report', 'Completed Task.', NULL, 'APPROVED', '2024-12-16 19:19:24.000000', '2024-12-16 19:19:24.000000', '2024-12-16 19:24:24.000000'),
(DEFAULT, 19649, 'Employee 128 submit Report', 'Completed Task.', NULL, 'APPROVED', '2024-12-16 02:50:07.200000', '2024-12-16 02:50:07.200000', '2024-12-16 02:55:07.200000'),
(DEFAULT, 19650, 'Employee 130 submit Report', 'Completed Task.', NULL, 'APPROVED', '2024-12-15 17:45:48.000000', '2024-12-15 17:45:48.000000', '2024-12-15 17:50:48.000000'),
(DEFAULT, 19651, 'Employee 131 submit Report', 'Completed Task.', NULL, 'APPROVED', '2024-12-16 18:10:16.800000', '2024-12-16 18:10:16.800000', '2024-12-16 18:15:16.800000'),
(DEFAULT, 19652, 'Employee 132 submit Report', 'Completed Task.', NULL, 'APPROVED', '2024-12-08 05:06:55.200000', '2024-12-08 05:06:55.200000', '2024-12-08 05:11:55.200000'),
(DEFAULT, 19653, 'Employee 133 submit Report', 'Completed Task.', NULL, 'APPROVED', '2024-12-26 16:03:33.600000', '2024-12-26 16:03:33.600000', '2024-12-26 16:08:33.600000'),
(DEFAULT, 19654, 'Employee 134 submit Report', 'Completed Task.', NULL, 'APPROVED', '2024-12-08 22:15:04.800000', '2024-12-08 22:15:04.800000', '2024-12-08 22:20:04.800000'),
(DEFAULT, 19655, 'Employee 135 submit Report', 'Completed Task.', NULL, 'APPROVED', '2024-12-08 19:56:50.400000', '2024-12-08 19:56:50.400000', '2024-12-08 20:01:50.400000');

-- 2024-12-12 01:05:00.000000
-- 2024-12-12
INSERT INTO task (id, collection_id, created_by_id, root_task_id, name, description, report_format, level, task_type, priority, is_locked, start_date, end_date, deadline, created_time, updated_time)
VALUES (898, 64, 151, NULL, 'Validate No Critical Incident in First 24h', 'This is Validate No Critical Incident in First 24h', NULL, 'ADVANCED', 'TEST', 'URGENT', FALSE, '2024-12-12', '2025-01-02', '2024-12-19', '2024-12-12 01:05:00.000000', '2024-12-12 01:05:00.000000');

INSERT INTO task_for_users (id, task_id, assigned_to_id, user_task_status, updated_time, started_time)
VALUES
(19657, 898, 117, 'JOINED', '2024-12-12 01:05:00.000000', '2024-12-13 16:13:38.400000'),
(19658, 898, 118, 'JOINED', '2024-12-12 01:05:00.000000', '2024-12-18 08:17:00.000000'),
(19659, 898, 133, 'JOINED', '2024-12-12 01:05:00.000000', '2024-12-13 18:34:45.600000');
INSERT INTO report (id, created_by_id, title, content, rejected_reason, report_status, created_time, updated_time, reviewed_time)
VALUES
(DEFAULT, 19657, 'Employee 117 submit Report', 'Completed Task.', NULL, 'APPROVED', '2024-12-18 11:58:45.600000', '2024-12-18 11:58:45.600000', '2024-12-18 12:03:45.600000'),
(DEFAULT, 19658, 'Employee 118 submit Report', 'Completed Task.', NULL, 'APPROVED', '2025-01-02 04:56:50.400000', '2025-01-02 04:56:50.400000', '2025-01-02 05:01:50.400000'),
(DEFAULT, 19659, 'Employee 133 submit Report', 'Completed Task.', NULL, 'APPROVED', '2024-12-24 07:35:14.400000', '2024-12-24 07:35:14.400000', '2024-12-24 07:40:14.400000');

INSERT INTO collection (`id`, `created_time`, `description`, `due_date`, `start_date`, `name`, `updated_time`, `phase_id`, `created_by_id`)
VALUES (65, '2024-12-19 01:05:00.000000', 'This is QA Closure & Reporting', '2025-02-26', '2024-12-19', 'QA Closure & Reporting', '2024-12-19 01:05:00.000000', 11, 154);


-- 2024-12-20 01:10:00.000000
-- 2024-12-20
INSERT INTO task (id, collection_id, created_by_id, root_task_id, name, description, report_format, level, task_type, priority, is_locked, start_date, end_date, deadline, created_time, updated_time)
VALUES (899, 65, 151, NULL, 'Collect QA Metrics Summary', 'This is Collect QA Metrics Summary', NULL, 'ADVANCED', 'TEST', 'NORMAL', FALSE, '2024-12-20', '2024-12-28', '2024-12-25', '2024-12-20 01:10:00.000000', '2024-12-20 01:10:00.000000');

INSERT INTO task_for_users (id, task_id, assigned_to_id, user_task_status, updated_time, started_time)
VALUES
(19661, 899, 116, 'JOINED', '2024-12-20 01:10:00.000000', '2024-12-20 15:55:36.000000'),
(19662, 899, 118, 'JOINED', '2024-12-20 01:10:00.000000', '2024-12-20 14:29:12.000000'),
(19663, 899, 119, 'JOINED', '2024-12-20 01:10:00.000000', '2024-12-20 05:58:00.000000'),
(19664, 899, 120, 'JOINED', '2024-12-20 01:10:00.000000', '2024-12-20 03:34:00.000000'),
(19665, 899, 121, 'JOINED', '2024-12-20 01:10:00.000000', '2024-12-20 16:53:12.000000'),
(19666, 899, 122, 'JOINED', '2024-12-20 01:10:00.000000', '2024-12-20 07:53:12.000000'),
(19667, 899, 123, 'JOINED', '2024-12-20 01:10:00.000000', '2024-12-20 07:53:12.000000'),
(19668, 899, 124, 'JOINED', '2024-12-20 01:10:00.000000', '2024-12-23 03:34:00.000000'),
(19669, 899, 125, 'JOINED', '2024-12-20 01:10:00.000000', '2024-12-20 10:17:12.000000'),
(19670, 899, 127, 'JOINED', '2024-12-20 01:10:00.000000', '2024-12-20 04:38:48.000000'),
(19671, 899, 128, 'JOINED', '2024-12-20 01:10:00.000000', '2024-12-20 06:19:36.000000'),
(19672, 899, 129, 'JOINED', '2024-12-20 01:10:00.000000', '2024-12-20 15:19:36.000000'),
(19673, 899, 130, 'JOINED', '2024-12-20 01:10:00.000000', '2024-12-22 04:28:00.000000'),
(19674, 899, 131, 'JOINED', '2024-12-20 01:10:00.000000', '2024-12-21 12:34:00.000000'),
(19675, 899, 132, 'JOINED', '2024-12-20 01:10:00.000000', '2024-12-20 03:19:36.000000'),
(19676, 899, 133, 'JOINED', '2024-12-20 01:10:00.000000', '2024-12-22 22:49:36.000000'),
(19677, 899, 134, 'JOINED', '2024-12-20 01:10:00.000000', '2024-12-20 11:58:00.000000'),
(19678, 899, 135, 'JOINED', '2024-12-20 01:10:00.000000', '2024-12-20 15:19:36.000000');
INSERT INTO report (id, created_by_id, title, content, rejected_reason, report_status, created_time, updated_time, reviewed_time)
VALUES
(DEFAULT, 19661, 'Employee 116 submit Report', 'Completed Task.', NULL, 'APPROVED', '2024-12-23 23:00:24.000000', '2024-12-23 23:00:24.000000', '2024-12-23 23:05:24.000000'),
(DEFAULT, 19662, 'Employee 118 submit Report', 'Completed Task.', NULL, 'APPROVED', '2024-12-22 04:53:12.000000', '2024-12-22 04:53:12.000000', '2024-12-22 04:58:12.000000'),
(DEFAULT, 19663, 'Employee 119 submit Report', 'Completed Task.', NULL, 'APPROVED', '2024-12-22 23:58:00.000000', '2024-12-22 23:58:00.000000', '2024-12-23 00:03:00.000000'),
(DEFAULT, 19664, 'Employee 120 submit Report', 'Completed Task.', NULL, 'APPROVED', '2024-12-22 09:48:24.000000', '2024-12-22 09:48:24.000000', '2024-12-22 09:53:24.000000'),
(DEFAULT, 19665, 'Employee 121 submit Report', 'Completed Task.', NULL, 'APPROVED', '2024-12-23 05:29:12.000000', '2024-12-23 05:29:12.000000', '2024-12-23 05:34:12.000000'),
(DEFAULT, 19666, 'Employee 122 submit Report', 'Completed Task.', NULL, 'APPROVED', '2024-12-23 01:17:12.000000', '2024-12-23 01:17:12.000000', '2024-12-23 01:22:12.000000'),
(DEFAULT, 19667, 'Employee 123 submit Report', 'Completed Task.', NULL, 'APPROVED', '2024-12-22 09:55:36.000000', '2024-12-22 09:55:36.000000', '2024-12-22 10:00:36.000000'),
(DEFAULT, 19668, 'Employee 124 submit Report', 'Completed Task.', NULL, 'APPROVED', '2024-12-24 11:00:24.000000', '2024-12-24 11:00:24.000000', '2024-12-24 11:05:24.000000'),
(DEFAULT, 19669, 'Employee 125 submit Report', 'Completed Task.', NULL, 'APPROVED', '2024-12-21 21:55:36.000000', '2024-12-21 21:55:36.000000', '2024-12-21 22:00:36.000000'),
(DEFAULT, 19670, 'Employee 127 submit Report', 'Completed Task.', NULL, 'APPROVED', '2024-12-21 10:31:36.000000', '2024-12-21 10:31:36.000000', '2024-12-21 10:36:36.000000'),
(DEFAULT, 19671, 'Employee 128 submit Report', 'Completed Task.', NULL, 'APPROVED', '2024-12-22 13:02:48.000000', '2024-12-22 13:02:48.000000', '2024-12-22 13:07:48.000000'),
(DEFAULT, 19672, 'Employee 129 submit Report', 'Completed Task.', NULL, 'APPROVED', '2024-12-21 19:31:36.000000', '2024-12-21 19:31:36.000000', '2024-12-21 19:36:36.000000'),
(DEFAULT, 19673, 'Employee 130 submit Report', 'Completed Task.', NULL, 'APPROVED', '2024-12-27 21:52:00.000000', '2024-12-27 21:52:00.000000', '2024-12-27 21:57:00.000000'),
(DEFAULT, 19674, 'Employee 131 submit Report', 'Completed Task.', NULL, 'APPROVED', '2024-12-28 13:46:00.000000', '2024-12-28 13:46:00.000000', '2024-12-28 13:51:00.000000'),
(DEFAULT, 19675, 'Employee 132 submit Report', 'Completed Task.', NULL, 'APPROVED', '2024-12-22 05:58:00.000000', '2024-12-22 05:58:00.000000', '2024-12-22 06:03:00.000000'),
(DEFAULT, 19676, 'Employee 133 submit Report', 'Completed Task.', NULL, 'APPROVED', '2024-12-27 03:30:24.000000', '2024-12-27 03:30:24.000000', '2024-12-27 03:35:24.000000'),
(DEFAULT, 19677, 'Employee 134 submit Report', 'Completed Task.', NULL, 'APPROVED', '2024-12-21 08:58:00.000000', '2024-12-21 08:58:00.000000', '2024-12-21 09:03:00.000000'),
(DEFAULT, 19678, 'Employee 135 submit Report', 'Completed Task.', NULL, 'APPROVED', '2024-12-22 00:48:24.000000', '2024-12-22 00:48:24.000000', '2024-12-22 00:53:24.000000');

-- 2024-12-26 01:10:00.000000
-- 2024-12-26
INSERT INTO task (id, collection_id, created_by_id, root_task_id, name, description, report_format, level, task_type, priority, is_locked, start_date, end_date, deadline, created_time, updated_time)
VALUES (900, 65, 151, NULL, 'Analyze Production Issues Feedback', 'This is Analyze Production Issues Feedback', NULL, 'ADVANCED', 'TEST', 'URGENT', FALSE, '2024-12-26', '2025-01-19', '2025-01-02', '2024-12-26 01:10:00.000000', '2024-12-26 01:10:00.000000');

INSERT INTO task_for_users (id, task_id, assigned_to_id, user_task_status, updated_time, started_time)
VALUES
(19680, 900, 117, 'JOINED', '2024-12-26 01:10:00.000000', '2025-01-01 08:22:00.000000'),
(19681, 900, 118, 'JOINED', '2024-12-26 01:10:00.000000', '2025-01-01 08:22:00.000000'),
(19682, 900, 133, 'JOINED', '2024-12-26 01:10:00.000000', '2024-12-26 02:30:38.400000');
INSERT INTO report (id, created_by_id, title, content, rejected_reason, report_status, created_time, updated_time, reviewed_time)
VALUES
(DEFAULT, 19680, 'Employee 117 submit Report', 'Completed Task.', NULL, 'APPROVED', '2025-01-18 14:59:26.400000', '2025-01-18 14:59:26.400000', '2025-01-18 15:04:26.400000'),
(DEFAULT, 19681, 'Employee 118 submit Report', 'Completed Task.', NULL, 'APPROVED', '2025-01-19 16:01:21.600000', '2025-01-19 16:01:21.600000', '2025-01-19 16:06:21.600000'),
(DEFAULT, 19682, 'Employee 133 submit Report', 'Completed Task.', NULL, 'APPROVED', '2024-12-30 00:25:21.600000', '2024-12-30 00:25:21.600000', '2024-12-30 00:30:21.600000');

-- 2025-01-03 01:10:00.000000
-- 2025-01-03
INSERT INTO task (id, collection_id, created_by_id, root_task_id, name, description, report_format, level, task_type, priority, is_locked, start_date, end_date, deadline, created_time, updated_time)
VALUES (901, 65, 151, NULL, 'Confirm No Critical Open Defects', 'This is Confirm No Critical Open Defects', NULL, 'NORMAL', 'TEST', 'NORMAL', FALSE, '2025-01-03', '2025-01-09', '2025-01-07', '2025-01-03 01:10:00.000000', '2025-01-03 01:10:00.000000');

INSERT INTO task_for_users (id, task_id, assigned_to_id, user_task_status, updated_time, started_time)
VALUES
(19684, 901, 117, 'JOINED', '2025-01-03 01:10:00.000000', '2025-01-05 00:35:26.400000'),
(19685, 901, 118, 'JOINED', '2025-01-03 01:10:00.000000', '2025-01-03 10:46:00.000000'),
(19686, 901, 119, 'JOINED', '2025-01-03 01:10:00.000000', '2025-01-05 18:15:16.800000'),
(19687, 901, 120, 'JOINED', '2025-01-03 01:10:00.000000', '2025-01-04 23:14:48.000000'),
(19688, 901, 121, 'JOINED', '2025-01-03 01:10:00.000000', '2025-01-03 11:43:36.000000'),
(19689, 901, 124, 'JOINED', '2025-01-03 01:10:00.000000', '2025-01-03 22:17:12.000000'),
(19690, 901, 128, 'JOINED', '2025-01-03 01:10:00.000000', '2025-01-03 04:37:21.600000'),
(19691, 901, 129, 'JOINED', '2025-01-03 01:10:00.000000', '2025-01-03 23:43:36.000000'),
(19692, 901, 131, 'JOINED', '2025-01-03 01:10:00.000000', '2025-01-04 06:00:52.800000'),
(19693, 901, 132, 'JOINED', '2025-01-03 01:10:00.000000', '2025-01-04 15:39:45.600000'),
(19694, 901, 133, 'JOINED', '2025-01-03 01:10:00.000000', '2025-01-04 11:55:07.200000'),
(19695, 901, 134, 'JOINED', '2025-01-03 01:10:00.000000', '2025-01-03 18:38:19.200000'),
(19696, 901, 135, 'JOINED', '2025-01-03 01:10:00.000000', '2025-01-03 12:52:43.200000');
INSERT INTO report (id, created_by_id, title, content, rejected_reason, report_status, created_time, updated_time, reviewed_time)
VALUES
(DEFAULT, 19684, 'Employee 117 submit Report', 'Completed Task.', NULL, 'APPROVED', '2025-01-06 18:26:48.000000', '2025-01-06 18:26:48.000000', '2025-01-06 18:31:48.000000'),
(DEFAULT, 19685, 'Employee 118 submit Report', 'Completed Task.', NULL, 'APPROVED', '2025-01-04 18:49:50.400000', '2025-01-04 18:49:50.400000', '2025-01-04 18:54:50.400000'),
(DEFAULT, 19686, 'Employee 119 submit Report', 'Completed Task.', NULL, 'APPROVED', '2025-01-06 11:09:02.400000', '2025-01-06 11:09:02.400000', '2025-01-06 11:14:02.400000'),
(DEFAULT, 19687, 'Employee 120 submit Report', 'Completed Task.', NULL, 'APPROVED', '2025-01-05 20:50:48.000000', '2025-01-05 20:50:48.000000', '2025-01-05 20:55:48.000000'),
(DEFAULT, 19688, 'Employee 121 submit Report', 'Completed Task.', NULL, 'APPROVED', '2025-01-04 04:37:21.600000', '2025-01-04 04:37:21.600000', '2025-01-04 04:42:21.600000'),
(DEFAULT, 19689, 'Employee 124 submit Report', 'Completed Task.', NULL, 'APPROVED', '2025-01-04 23:14:48.000000', '2025-01-04 23:14:48.000000', '2025-01-04 23:19:48.000000'),
(DEFAULT, 19690, 'Employee 128 submit Report', 'Completed Task.', NULL, 'APPROVED', '2025-01-03 23:32:04.800000', '2025-01-03 23:32:04.800000', '2025-01-03 23:37:04.800000'),
(DEFAULT, 19691, 'Employee 129 submit Report', 'Completed Task.', NULL, 'APPROVED', '2025-01-05 19:12:52.800000', '2025-01-05 19:12:52.800000', '2025-01-05 19:17:52.800000'),
(DEFAULT, 19692, 'Employee 131 submit Report', 'Completed Task.', NULL, 'APPROVED', '2025-01-09 20:19:07.200000', '2025-01-09 20:19:07.200000', '2025-01-09 20:24:07.200000'),
(DEFAULT, 19693, 'Employee 132 submit Report', 'Completed Task.', NULL, 'APPROVED', '2025-01-05 18:26:48.000000', '2025-01-05 18:26:48.000000', '2025-01-05 18:31:48.000000'),
(DEFAULT, 19694, 'Employee 133 submit Report', 'Completed Task.', NULL, 'APPROVED', '2025-01-05 21:54:09.600000', '2025-01-05 21:54:09.600000', '2025-01-05 21:59:09.600000'),
(DEFAULT, 19695, 'Employee 134 submit Report', 'Completed Task.', NULL, 'APPROVED', '2025-01-04 17:11:55.200000', '2025-01-04 17:11:55.200000', '2025-01-04 17:16:55.200000'),
(DEFAULT, 19696, 'Employee 135 submit Report', 'Completed Task.', NULL, 'APPROVED', '2025-01-05 01:21:31.200000', '2025-01-05 01:21:31.200000', '2025-01-05 01:26:31.200000');

-- 2025-01-08 01:10:00.000000
-- 2025-01-08
INSERT INTO task (id, collection_id, created_by_id, root_task_id, name, description, report_format, level, task_type, priority, is_locked, start_date, end_date, deadline, created_time, updated_time)
VALUES (902, 65, 151, NULL, 'Finalize QA Release Report', 'This is Finalize QA Release Report', NULL, 'NORMAL', 'TEST', 'HIGH', FALSE, '2025-01-08', '2025-01-13', '2025-01-13', '2025-01-08 01:10:00.000000', '2025-01-08 01:10:00.000000');

INSERT INTO task_for_users (id, task_id, assigned_to_id, user_task_status, updated_time, started_time)
VALUES
(19698, 902, 122, 'JOINED', '2025-01-08 01:10:00.000000', '2025-01-08 18:19:36.000000'),
(19699, 902, 128, 'JOINED', '2025-01-08 01:10:00.000000', '2025-01-10 23:00:24.000000'),
(19700, 902, 132, 'JOINED', '2025-01-08 01:10:00.000000', '2025-01-10 04:24:24.000000'),
(19701, 902, 133, 'JOINED', '2025-01-08 01:10:00.000000', '2025-01-10 06:26:48.000000');
INSERT INTO report (id, created_by_id, title, content, rejected_reason, report_status, created_time, updated_time, reviewed_time)
VALUES
(DEFAULT, 19698, 'Employee 122 submit Report', 'Completed Task.', NULL, 'APPROVED', '2025-01-10 02:22:00.000000', '2025-01-10 02:22:00.000000', '2025-01-10 02:27:00.000000'),
(DEFAULT, 19699, 'Employee 128 submit Report', 'Completed Task.', NULL, 'APPROVED', '2025-01-13 00:12:24.000000', '2025-01-13 00:12:24.000000', '2025-01-13 00:17:24.000000'),
(DEFAULT, 19700, 'Employee 132 submit Report', 'Completed Task.', NULL, 'APPROVED', '2025-01-11 18:34:00.000000', '2025-01-11 18:34:00.000000', '2025-01-11 18:39:00.000000'),
(DEFAULT, 19701, 'Employee 133 submit Report', 'Completed Task.', NULL, 'APPROVED', '2025-01-12 12:19:36.000000', '2025-01-12 12:19:36.000000', '2025-01-12 12:24:36.000000');

-- 2025-01-14 01:10:00.000000
-- 2025-01-14
INSERT INTO task (id, collection_id, created_by_id, root_task_id, name, description, report_format, level, task_type, priority, is_locked, start_date, end_date, deadline, created_time, updated_time)
VALUES (903, 65, 151, NULL, 'Review QA Lessons Learned', 'This is Review QA Lessons Learned', NULL, 'ADVANCED', 'TEST', 'URGENT', FALSE, '2025-01-14', '2025-02-08', '2025-01-21', '2025-01-14 01:10:00.000000', '2025-01-14 01:10:00.000000');

INSERT INTO task_for_users (id, task_id, assigned_to_id, user_task_status, updated_time, started_time)
VALUES
(19703, 903, 116, 'JOINED', '2025-01-14 01:10:00.000000', '2025-01-14 22:30:09.600000'),
(19704, 903, 117, 'JOINED', '2025-01-14 01:10:00.000000', '2025-01-15 04:12:52.800000'),
(19705, 903, 118, 'JOINED', '2025-01-14 01:10:00.000000', '2025-01-14 22:10:00.000000'),
(19706, 903, 120, 'JOINED', '2025-01-14 01:10:00.000000', '2025-01-14 13:56:04.800000'),
(19707, 903, 122, 'JOINED', '2025-01-14 01:10:00.000000', '2025-01-14 06:42:38.400000'),
(19708, 903, 124, 'JOINED', '2025-01-14 01:10:00.000000', '2025-01-20 08:22:00.000000'),
(19709, 903, 125, 'JOINED', '2025-01-14 01:10:00.000000', '2025-01-20 08:22:00.000000'),
(19710, 903, 126, 'JOINED', '2025-01-14 01:10:00.000000', '2025-01-20 08:22:00.000000'),
(19711, 903, 128, 'JOINED', '2025-01-14 01:10:00.000000', '2025-01-14 18:58:28.800000'),
(19712, 903, 129, 'JOINED', '2025-01-14 01:10:00.000000', '2025-01-20 08:22:00.000000'),
(19713, 903, 131, 'JOINED', '2025-01-14 01:10:00.000000', '2025-01-20 08:22:00.000000'),
(19714, 903, 133, 'JOINED', '2025-01-14 01:10:00.000000', '2025-01-20 08:22:00.000000');
INSERT INTO report (id, created_by_id, title, content, rejected_reason, report_status, created_time, updated_time, reviewed_time)
VALUES
(DEFAULT, 19703, 'Employee 116 submit Report', 'Completed Task.', NULL, 'APPROVED', '2025-01-18 18:44:04.800000', '2025-01-18 18:44:04.800000', '2025-01-18 18:49:04.800000'),
(DEFAULT, 19704, 'Employee 117 submit Report', 'Completed Task.', NULL, 'APPROVED', '2025-01-26 22:07:07.200000', '2025-01-26 22:07:07.200000', '2025-01-26 22:12:07.200000'),
(DEFAULT, 19705, 'Employee 118 submit Report', 'Completed Task.', NULL, 'APPROVED', '2025-01-18 21:25:21.600000', '2025-01-18 21:25:21.600000', '2025-01-18 21:30:21.600000'),
(DEFAULT, 19706, 'Employee 120 submit Report', 'Completed Task.', NULL, 'APPROVED', '2025-01-19 04:08:33.600000', '2025-01-19 04:08:33.600000', '2025-01-19 04:13:33.600000'),
(DEFAULT, 19707, 'Employee 122 submit Report', 'Completed Task.', NULL, 'APPROVED', '2025-01-17 20:43:36.000000', '2025-01-17 20:43:36.000000', '2025-01-17 20:48:36.000000'),
(DEFAULT, 19708, 'Employee 124 submit Report', 'Completed Task.', NULL, 'APPROVED', '2025-02-04 23:40:43.200000', '2025-02-04 23:40:43.200000', '2025-02-04 23:45:43.200000'),
(DEFAULT, 19709, 'Employee 125 submit Report', 'Completed Task.', NULL, 'APPROVED', '2025-02-07 23:55:07.200000', '2025-02-07 23:55:07.200000', '2025-02-08 00:00:07.200000'),
(DEFAULT, 19710, 'Employee 126 submit Report', 'Completed Task.', NULL, 'APPROVED', '2025-02-08 13:41:40.800000', '2025-02-08 13:41:40.800000', '2025-02-08 13:46:40.800000'),
(DEFAULT, 19711, 'Employee 128 submit Report', 'Completed Task.', NULL, 'APPROVED', '2025-01-18 20:34:57.600000', '2025-01-18 20:34:57.600000', '2025-01-18 20:39:57.600000'),
(DEFAULT, 19712, 'Employee 129 submit Report', 'Completed Task.', NULL, 'APPROVED', '2025-02-06 07:56:04.800000', '2025-02-06 07:56:04.800000', '2025-02-06 08:01:04.800000'),
(DEFAULT, 19713, 'Employee 131 submit Report', 'Completed Task.', NULL, 'APPROVED', '2025-02-07 08:07:36.000000', '2025-02-07 08:07:36.000000', '2025-02-07 08:12:36.000000'),
(DEFAULT, 19714, 'Employee 133 submit Report', 'Completed Task.', NULL, 'APPROVED', '2025-02-05 03:42:38.400000', '2025-02-05 03:42:38.400000', '2025-02-05 03:47:38.400000');

-- 2025-01-22 01:10:00.000000
-- 2025-01-22
INSERT INTO task (id, collection_id, created_by_id, root_task_id, name, description, report_format, level, task_type, priority, is_locked, start_date, end_date, deadline, created_time, updated_time)
VALUES (904, 65, 151, NULL, 'Archive QA Artifacts', 'This is Archive QA Artifacts', NULL, 'ADVANCED', 'TEST', 'LOW', FALSE, '2025-01-22', '2025-02-04', '2025-01-26', '2025-01-22 01:10:00.000000', '2025-01-22 01:10:00.000000');

INSERT INTO task_for_users (id, task_id, assigned_to_id, user_task_status, updated_time, started_time)
VALUES
(19716, 904, 123, 'JOINED', '2025-01-22 01:10:00.000000', '2025-01-24 03:25:21.600000'),
(19717, 904, 127, 'JOINED', '2025-01-22 01:10:00.000000', '2025-01-25 15:34:00.000000'),
(19718, 904, 129, 'JOINED', '2025-01-22 01:10:00.000000', '2025-01-22 13:56:04.800000'),
(19719, 904, 132, 'JOINED', '2025-01-22 01:10:00.000000', '2025-01-23 02:53:40.800000');
INSERT INTO report (id, created_by_id, title, content, rejected_reason, report_status, created_time, updated_time, reviewed_time)
VALUES
(DEFAULT, 19716, 'Employee 123 submit Report', 'Completed Task.', NULL, 'APPROVED', '2025-01-27 22:54:38.400000', '2025-01-27 22:54:38.400000', '2025-01-27 22:59:38.400000'),
(DEFAULT, 19717, 'Employee 127 submit Report', 'Completed Task.', NULL, 'APPROVED', '2025-02-04 07:24:24.000000', '2025-02-04 07:24:24.000000', '2025-02-04 07:29:24.000000'),
(DEFAULT, 19718, 'Employee 129 submit Report', 'Completed Task.', NULL, 'APPROVED', '2025-01-24 10:17:12.000000', '2025-01-24 10:17:12.000000', '2025-01-24 10:22:12.000000'),
(DEFAULT, 19719, 'Employee 132 submit Report', 'Completed Task.', NULL, 'APPROVED', '2025-01-24 00:29:40.800000', '2025-01-24 00:29:40.800000', '2025-01-24 00:34:40.800000');

-- 2025-01-27 01:10:00.000000
-- 2025-01-27
INSERT INTO task (id, collection_id, created_by_id, root_task_id, name, description, report_format, level, task_type, priority, is_locked, start_date, end_date, deadline, created_time, updated_time)
VALUES (905, 65, 151, NULL, 'Close QA Release Phase', 'This is Close QA Release Phase', NULL, 'ADVANCED', 'TEST', 'URGENT', FALSE, '2025-01-27', '2025-02-20', '2025-02-03', '2025-01-27 01:10:00.000000', '2025-01-27 01:10:00.000000');

INSERT INTO task_for_users (id, task_id, assigned_to_id, user_task_status, updated_time, started_time)
VALUES
(19721, 905, 116, 'JOINED', '2025-01-27 01:10:00.000000', '2025-01-27 03:41:12.000000'),
(19722, 905, 117, 'JOINED', '2025-01-27 01:10:00.000000', '2025-01-28 18:29:40.800000'),
(19723, 905, 118, 'JOINED', '2025-01-27 01:10:00.000000', '2025-01-27 15:26:48.000000'),
(19724, 905, 120, 'JOINED', '2025-01-27 01:10:00.000000', '2025-02-02 08:22:00.000000'),
(19725, 905, 122, 'JOINED', '2025-01-27 01:10:00.000000', '2025-02-02 08:22:00.000000'),
(19726, 905, 124, 'JOINED', '2025-01-27 01:10:00.000000', '2025-02-02 08:22:00.000000'),
(19727, 905, 125, 'JOINED', '2025-01-27 01:10:00.000000', '2025-01-28 16:58:57.600000'),
(19728, 905, 126, 'JOINED', '2025-01-27 01:10:00.000000', '2025-02-02 08:22:00.000000'),
(19729, 905, 128, 'JOINED', '2025-01-27 01:10:00.000000', '2025-01-28 12:41:55.200000'),
(19730, 905, 129, 'JOINED', '2025-01-27 01:10:00.000000', '2025-01-27 18:43:21.600000'),
(19731, 905, 131, 'JOINED', '2025-01-27 01:10:00.000000', '2025-02-02 08:22:00.000000'),
(19732, 905, 133, 'JOINED', '2025-01-27 01:10:00.000000', '2025-01-27 06:02:19.200000');
INSERT INTO report (id, created_by_id, title, content, rejected_reason, report_status, created_time, updated_time, reviewed_time)
VALUES
(DEFAULT, 19721, 'Employee 116 submit Report', 'Completed Task.', NULL, 'APPROVED', '2025-02-09 22:38:48.000000', '2025-02-09 22:38:48.000000', '2025-02-09 22:43:48.000000'),
(DEFAULT, 19722, 'Employee 117 submit Report', 'Completed Task.', NULL, 'APPROVED', '2025-02-08 07:50:19.200000', '2025-02-08 07:50:19.200000', '2025-02-08 07:55:19.200000'),
(DEFAULT, 19723, 'Employee 118 submit Report', 'Completed Task.', NULL, 'APPROVED', '2025-01-31 04:17:12.000000', '2025-01-31 04:17:12.000000', '2025-01-31 04:22:12.000000'),
(DEFAULT, 19724, 'Employee 120 submit Report', 'Completed Task.', NULL, 'APPROVED', '2025-02-17 15:06:38.400000', '2025-02-17 15:06:38.400000', '2025-02-17 15:11:38.400000'),
(DEFAULT, 19725, 'Employee 122 submit Report', 'Completed Task.', NULL, 'APPROVED', '2025-02-18 06:13:50.400000', '2025-02-18 06:13:50.400000', '2025-02-18 06:18:50.400000'),
(DEFAULT, 19726, 'Employee 124 submit Report', 'Completed Task.', NULL, 'APPROVED', '2025-02-20 22:24:24.000000', '2025-02-20 22:24:24.000000', '2025-02-20 22:29:24.000000'),
(DEFAULT, 19727, 'Employee 125 submit Report', 'Completed Task.', NULL, 'APPROVED', '2025-02-08 09:21:02.400000', '2025-02-08 09:21:02.400000', '2025-02-08 09:26:02.400000'),
(DEFAULT, 19728, 'Employee 126 submit Report', 'Completed Task.', NULL, 'APPROVED', '2025-02-18 06:34:00.000000', '2025-02-18 06:34:00.000000', '2025-02-18 06:39:00.000000'),
(DEFAULT, 19729, 'Employee 128 submit Report', 'Completed Task.', NULL, 'APPROVED', '2025-02-08 13:38:04.800000', '2025-02-08 13:38:04.800000', '2025-02-08 13:43:04.800000'),
(DEFAULT, 19730, 'Employee 129 submit Report', 'Completed Task.', NULL, 'APPROVED', '2025-02-09 07:36:38.400000', '2025-02-09 07:36:38.400000', '2025-02-09 07:41:38.400000'),
(DEFAULT, 19731, 'Employee 131 submit Report', 'Completed Task.', NULL, 'APPROVED', '2025-02-17 04:21:31.200000', '2025-02-17 04:21:31.200000', '2025-02-17 04:26:31.200000'),
(DEFAULT, 19732, 'Employee 133 submit Report', 'Completed Task.', NULL, 'APPROVED', '2025-02-01 04:38:48.000000', '2025-02-01 04:38:48.000000', '2025-02-01 04:43:48.000000');

-- 2025-02-04 01:10:00.000000
-- 2025-02-04
INSERT INTO task (id, collection_id, created_by_id, root_task_id, name, description, report_format, level, task_type, priority, is_locked, start_date, end_date, deadline, created_time, updated_time)
VALUES (906, 65, 151, NULL, 'Final QA Sign-off', 'This is Final QA Sign-off', NULL, 'ADVANCED', 'TEST', 'NORMAL', FALSE, '2025-02-04', '2025-02-13', '2025-02-09', '2025-02-04 01:10:00.000000', '2025-02-04 01:10:00.000000');

INSERT INTO task_for_users (id, task_id, assigned_to_id, user_task_status, updated_time, started_time)
VALUES
(19734, 906, 116, 'JOINED', '2025-02-04 01:10:00.000000', '2025-02-04 07:24:24.000000'),
(19735, 906, 124, 'JOINED', '2025-02-04 01:10:00.000000', '2025-02-05 11:54:24.000000'),
(19736, 906, 127, 'JOINED', '2025-02-04 01:10:00.000000', '2025-02-04 07:10:00.000000'),
(19737, 906, 131, 'JOINED', '2025-02-04 01:10:00.000000', '2025-02-04 22:20:48.000000');
INSERT INTO report (id, created_by_id, title, content, rejected_reason, report_status, created_time, updated_time, reviewed_time)
VALUES
(DEFAULT, 19734, 'Employee 116 submit Report', 'Completed Task.', NULL, 'APPROVED', '2025-02-07 23:29:12.000000', '2025-02-07 23:29:12.000000', '2025-02-07 23:34:12.000000'),
(DEFAULT, 19735, 'Employee 124 submit Report', 'Completed Task.', NULL, 'APPROVED', '2025-02-12 14:25:36.000000', '2025-02-12 14:25:36.000000', '2025-02-12 14:30:36.000000'),
(DEFAULT, 19736, 'Employee 127 submit Report', 'Completed Task.', NULL, 'APPROVED', '2025-02-05 02:00:24.000000', '2025-02-05 02:00:24.000000', '2025-02-05 02:05:24.000000'),
(DEFAULT, 19737, 'Employee 131 submit Report', 'Completed Task.', NULL, 'APPROVED', '2025-02-13 03:59:12.000000', '2025-02-13 03:59:12.000000', '2025-02-13 04:04:12.000000');

-- 2025-02-10 01:10:00.000000
-- 2025-02-10
INSERT INTO task (id, collection_id, created_by_id, root_task_id, name, description, report_format, level, task_type, priority, is_locked, start_date, end_date, deadline, created_time, updated_time)
VALUES (907, 65, 151, NULL, 'Support Post-release Monitoring', 'This is Support Post-release Monitoring', NULL, 'ADVANCED', 'TEST', 'HIGH', FALSE, '2025-02-10', '2025-03-02', '2025-02-16', '2025-02-10 01:10:00.000000', '2025-02-10 01:10:00.000000');

INSERT INTO task_for_users (id, task_id, assigned_to_id, user_task_status, updated_time, started_time)
VALUES
(19739, 907, 116, 'JOINED', '2025-02-10 01:10:00.000000', '2025-02-10 17:09:02.400000'),
(19740, 907, 117, 'JOINED', '2025-02-10 01:10:00.000000', '2025-02-15 10:46:00.000000'),
(19741, 907, 118, 'JOINED', '2025-02-10 01:10:00.000000', '2025-02-15 10:46:00.000000'),
(19742, 907, 121, 'JOINED', '2025-02-10 01:10:00.000000', '2025-02-15 10:46:00.000000'),
(19743, 907, 122, 'JOINED', '2025-02-10 01:10:00.000000', '2025-02-10 05:11:55.200000'),
(19744, 907, 123, 'JOINED', '2025-02-10 01:10:00.000000', '2025-02-15 10:46:00.000000'),
(19745, 907, 125, 'JOINED', '2025-02-10 01:10:00.000000', '2025-02-10 22:33:02.400000'),
(19746, 907, 130, 'JOINED', '2025-02-10 01:10:00.000000', '2025-02-10 17:00:24.000000'),
(19747, 907, 132, 'JOINED', '2025-02-10 01:10:00.000000', '2025-02-15 10:46:00.000000'),
(19748, 907, 133, 'JOINED', '2025-02-10 01:10:00.000000', '2025-02-10 15:16:43.200000'),
(19749, 907, 134, 'JOINED', '2025-02-10 01:10:00.000000', '2025-02-11 20:13:21.600000'),
(19750, 907, 135, 'JOINED', '2025-02-10 01:10:00.000000', '2025-02-10 08:09:02.400000');
INSERT INTO report (id, created_by_id, title, content, rejected_reason, report_status, created_time, updated_time, reviewed_time)
VALUES
(DEFAULT, 19739, 'Employee 116 submit Report', 'Completed Task.', NULL, 'APPROVED', '2025-02-21 09:10:57.600000', '2025-02-21 09:10:57.600000', '2025-02-21 09:15:57.600000'),
(DEFAULT, 19740, 'Employee 117 submit Report', 'Completed Task.', NULL, 'APPROVED', '2025-03-01 07:07:07.200000', '2025-03-01 07:07:07.200000', '2025-03-01 07:12:07.200000'),
(DEFAULT, 19741, 'Employee 118 submit Report', 'Completed Task.', NULL, 'APPROVED', '2025-03-02 00:58:28.800000', '2025-03-02 00:58:28.800000', '2025-03-02 01:03:28.800000'),
(DEFAULT, 19742, 'Employee 121 submit Report', 'Completed Task.', NULL, 'APPROVED', '2025-02-27 12:21:02.400000', '2025-02-27 12:21:02.400000', '2025-02-27 12:26:02.400000'),
(DEFAULT, 19743, 'Employee 122 submit Report', 'Completed Task.', NULL, 'APPROVED', '2025-02-12 11:03:16.800000', '2025-02-12 11:03:16.800000', '2025-02-12 11:08:16.800000'),
(DEFAULT, 19744, 'Employee 123 submit Report', 'Completed Task.', NULL, 'APPROVED', '2025-02-27 16:40:14.400000', '2025-02-27 16:40:14.400000', '2025-02-27 16:45:14.400000'),
(DEFAULT, 19745, 'Employee 125 submit Report', 'Completed Task.', NULL, 'APPROVED', '2025-02-21 03:46:57.600000', '2025-02-21 03:46:57.600000', '2025-02-21 03:51:57.600000'),
(DEFAULT, 19746, 'Employee 130 submit Report', 'Completed Task.', NULL, 'APPROVED', '2025-02-15 14:56:33.600000', '2025-02-15 14:56:33.600000', '2025-02-15 15:01:33.600000'),
(DEFAULT, 19747, 'Employee 132 submit Report', 'Completed Task.', NULL, 'APPROVED', '2025-02-28 18:35:26.400000', '2025-02-28 18:35:26.400000', '2025-02-28 18:40:26.400000'),
(DEFAULT, 19748, 'Employee 133 submit Report', 'Completed Task.', NULL, 'APPROVED', '2025-02-13 06:03:45.600000', '2025-02-13 06:03:45.600000', '2025-02-13 06:08:45.600000'),
(DEFAULT, 19749, 'Employee 134 submit Report', 'Completed Task.', NULL, 'APPROVED', '2025-02-14 01:30:09.600000', '2025-02-14 01:30:09.600000', '2025-02-14 01:35:09.600000'),
(DEFAULT, 19750, 'Employee 135 submit Report', 'Completed Task.', NULL, 'APPROVED', '2025-02-21 18:10:57.600000', '2025-02-21 18:10:57.600000', '2025-02-21 18:15:57.600000');

-- 2025-02-17 01:10:00.000000
-- 2025-02-17
INSERT INTO task (id, collection_id, created_by_id, root_task_id, name, description, report_format, level, task_type, priority, is_locked, start_date, end_date, deadline, created_time, updated_time)
VALUES (908, 65, 151, NULL, 'Confirm System Stability After Release', 'This is Confirm System Stability After Release', NULL, 'ADVANCED', 'TEST', 'NORMAL', FALSE, '2025-02-17', '2025-02-26', '2025-02-22', '2025-02-17 01:10:00.000000', '2025-02-17 01:10:00.000000');

INSERT INTO task_for_users (id, task_id, assigned_to_id, user_task_status, updated_time, started_time)
VALUES
(19752, 908, 116, 'JOINED', '2025-02-17 01:10:00.000000', '2025-02-17 04:46:00.000000'),
(19753, 908, 124, 'JOINED', '2025-02-17 01:10:00.000000', '2025-02-17 20:14:48.000000'),
(19754, 908, 127, 'JOINED', '2025-02-17 01:10:00.000000', '2025-02-20 08:58:00.000000'),
(19755, 908, 131, 'JOINED', '2025-02-17 01:10:00.000000', '2025-02-17 03:26:48.000000');
INSERT INTO report (id, created_by_id, title, content, rejected_reason, report_status, created_time, updated_time, reviewed_time)
VALUES
(DEFAULT, 19752, 'Employee 116 submit Report', 'Completed Task.', NULL, 'APPROVED', '2025-02-18 21:19:36.000000', '2025-02-18 21:19:36.000000', '2025-02-18 21:24:36.000000'),
(DEFAULT, 19753, 'Employee 124 submit Report', 'Completed Task.', NULL, 'APPROVED', '2025-02-26 06:05:12.000000', '2025-02-26 06:05:12.000000', '2025-02-26 06:10:12.000000'),
(DEFAULT, 19754, 'Employee 127 submit Report', 'Completed Task.', NULL, 'APPROVED', '2025-02-21 06:41:12.000000', '2025-02-21 06:41:12.000000', '2025-02-21 06:46:12.000000'),
(DEFAULT, 19755, 'Employee 131 submit Report', 'Completed Task.', NULL, 'APPROVED', '2025-02-19 20:29:12.000000', '2025-02-19 20:29:12.000000', '2025-02-19 20:34:12.000000');

INSERT INTO collection (`id`, `created_time`, `description`, `due_date`, `start_date`, `name`, `updated_time`, `phase_id`, `created_by_id`)
VALUES (66, '2025-02-22 01:10:00.000000', 'This is Extended QA Safeguards', '2025-04-21', '2025-02-22', 'Extended QA Safeguards', '2025-02-22 01:10:00.000000', 11, 154);


-- 2025-02-23 01:15:00.000000
-- 2025-02-23
INSERT INTO task (id, collection_id, created_by_id, root_task_id, name, description, report_format, level, task_type, priority, is_locked, start_date, end_date, deadline, created_time, updated_time)
VALUES (909, 66, 151, NULL, 'Validate Long-term Session Stability', 'This is Validate Long-term Session Stability', NULL, 'ADVANCED', 'TEST', 'HIGH', FALSE, '2025-02-23', '2025-03-16', '2025-03-01', '2025-02-23 01:15:00.000000', '2025-02-23 01:15:00.000000');

INSERT INTO task_for_users (id, task_id, assigned_to_id, user_task_status, updated_time, started_time)
VALUES
(19757, 909, 116, 'JOINED', '2025-02-23 01:15:00.000000', '2025-02-23 15:21:43.200000'),
(19758, 909, 117, 'JOINED', '2025-02-23 01:15:00.000000', '2025-02-28 10:51:00.000000'),
(19759, 909, 118, 'JOINED', '2025-02-23 01:15:00.000000', '2025-02-23 04:25:04.800000'),
(19760, 909, 121, 'JOINED', '2025-02-23 01:15:00.000000', '2025-02-23 22:20:45.600000'),
(19761, 909, 122, 'JOINED', '2025-02-23 01:15:00.000000', '2025-02-23 05:42:50.400000'),
(19762, 909, 123, 'JOINED', '2025-02-23 01:15:00.000000', '2025-02-28 10:51:00.000000'),
(19763, 909, 125, 'JOINED', '2025-02-23 01:15:00.000000', '2025-02-23 14:38:31.200000'),
(19764, 909, 130, 'JOINED', '2025-02-23 01:15:00.000000', '2025-02-25 02:29:52.800000'),
(19765, 909, 132, 'JOINED', '2025-02-23 01:15:00.000000', '2025-02-26 18:40:26.400000'),
(19766, 909, 133, 'JOINED', '2025-02-23 01:15:00.000000', '2025-02-23 06:04:26.400000'),
(19767, 909, 134, 'JOINED', '2025-02-23 01:15:00.000000', '2025-02-28 10:51:00.000000'),
(19768, 909, 135, 'JOINED', '2025-02-23 01:15:00.000000', '2025-02-23 16:39:28.800000');
INSERT INTO report (id, created_by_id, title, content, rejected_reason, report_status, created_time, updated_time, reviewed_time)
VALUES
(DEFAULT, 19757, 'Employee 116 submit Report', 'Completed Task.', NULL, 'APPROVED', '2025-02-27 12:49:04.800000', '2025-02-27 12:49:04.800000', '2025-02-27 12:54:04.800000'),
(DEFAULT, 19758, 'Employee 117 submit Report', 'Completed Task.', NULL, 'APPROVED', '2025-03-16 22:42:21.600000', '2025-03-16 22:42:21.600000', '2025-03-16 22:47:21.600000'),
(DEFAULT, 19759, 'Employee 118 submit Report', 'Completed Task.', NULL, 'APPROVED', '2025-02-27 04:10:40.800000', '2025-02-27 04:10:40.800000', '2025-02-27 04:15:40.800000'),
(DEFAULT, 19760, 'Employee 121 submit Report', 'Completed Task.', NULL, 'APPROVED', '2025-03-06 04:09:14.400000', '2025-03-06 04:09:14.400000', '2025-03-06 04:14:14.400000'),
(DEFAULT, 19761, 'Employee 122 submit Report', 'Completed Task.', NULL, 'APPROVED', '2025-02-28 19:55:19.200000', '2025-02-28 19:55:19.200000', '2025-02-28 20:00:19.200000'),
(DEFAULT, 19762, 'Employee 123 submit Report', 'Completed Task.', NULL, 'APPROVED', '2025-03-15 06:31:48.000000', '2025-03-15 06:31:48.000000', '2025-03-15 06:36:48.000000'),
(DEFAULT, 19763, 'Employee 125 submit Report', 'Completed Task.', NULL, 'APPROVED', '2025-02-27 11:48:36.000000', '2025-02-27 11:48:36.000000', '2025-02-27 11:53:36.000000'),
(DEFAULT, 19764, 'Employee 130 submit Report', 'Completed Task.', NULL, 'APPROVED', '2025-02-27 06:54:50.400000', '2025-02-27 06:54:50.400000', '2025-02-27 06:59:50.400000'),
(DEFAULT, 19765, 'Employee 132 submit Report', 'Completed Task.', NULL, 'APPROVED', '2025-02-28 17:37:04.800000', '2025-02-28 17:37:04.800000', '2025-02-28 17:42:04.800000'),
(DEFAULT, 19766, 'Employee 133 submit Report', 'Completed Task.', NULL, 'APPROVED', '2025-03-06 20:25:33.600000', '2025-03-06 20:25:33.600000', '2025-03-06 20:30:33.600000'),
(DEFAULT, 19767, 'Employee 134 submit Report', 'Completed Task.', NULL, 'APPROVED', '2025-03-15 03:56:16.800000', '2025-03-15 03:56:16.800000', '2025-03-15 04:01:16.800000'),
(DEFAULT, 19768, 'Employee 135 submit Report', 'Completed Task.', NULL, 'APPROVED', '2025-02-28 20:55:48.000000', '2025-02-28 20:55:48.000000', '2025-02-28 21:00:48.000000');

-- 2025-03-02 01:15:00.000000
-- 2025-03-02
INSERT INTO task (id, collection_id, created_by_id, root_task_id, name, description, report_format, level, task_type, priority, is_locked, start_date, end_date, deadline, created_time, updated_time)
VALUES (910, 66, 151, NULL, 'Validate Data Retention Rules', 'This is Validate Data Retention Rules', NULL, 'ADVANCED', 'TEST', 'HIGH', FALSE, '2025-03-02', '2025-03-20', '2025-03-08', '2025-03-02 01:15:00.000000', '2025-03-02 01:15:00.000000');

INSERT INTO task_for_users (id, task_id, assigned_to_id, user_task_status, updated_time, started_time)
VALUES
(19770, 910, 117, 'JOINED', '2025-03-02 01:15:00.000000', '2025-03-02 04:25:04.800000'),
(19771, 910, 121, 'JOINED', '2025-03-02 01:15:00.000000', '2025-03-02 15:08:45.600000'),
(19772, 910, 130, 'JOINED', '2025-03-02 01:15:00.000000', '2025-03-02 21:59:09.600000'),
(19773, 910, 134, 'JOINED', '2025-03-02 01:15:00.000000', '2025-03-07 10:51:00.000000');
INSERT INTO report (id, created_by_id, title, content, rejected_reason, report_status, created_time, updated_time, reviewed_time)
VALUES
(DEFAULT, 19770, 'Employee 117 submit Report', 'Completed Task.', NULL, 'APPROVED', '2025-03-13 22:04:55.200000', '2025-03-13 22:04:55.200000', '2025-03-13 22:09:55.200000'),
(DEFAULT, 19771, 'Employee 121 submit Report', 'Completed Task.', NULL, 'APPROVED', '2025-03-13 11:21:14.400000', '2025-03-13 11:21:14.400000', '2025-03-13 11:26:14.400000'),
(DEFAULT, 19772, 'Employee 130 submit Report', 'Completed Task.', NULL, 'APPROVED', '2025-03-05 10:19:19.200000', '2025-03-05 10:19:19.200000', '2025-03-05 10:24:19.200000'),
(DEFAULT, 19773, 'Employee 134 submit Report', 'Completed Task.', NULL, 'APPROVED', '2025-03-20 13:38:02.400000', '2025-03-20 13:38:02.400000', '2025-03-20 13:43:02.400000');

-- 2025-03-09 01:15:00.000000
-- 2025-03-09
INSERT INTO task (id, collection_id, created_by_id, root_task_id, name, description, report_format, level, task_type, priority, is_locked, start_date, end_date, deadline, created_time, updated_time)
VALUES (911, 66, 151, NULL, 'Validate Audit Trail Completeness', 'This is Validate Audit Trail Completeness', NULL, 'ADVANCED', 'TEST', 'HIGH', FALSE, '2025-03-09', '2025-03-29', '2025-03-15', '2025-03-09 01:15:00.000000', '2025-03-09 01:15:00.000000');

INSERT INTO task_for_users (id, task_id, assigned_to_id, user_task_status, updated_time, started_time)
VALUES
(19775, 911, 116, 'JOINED', '2025-03-09 01:15:00.000000', '2025-03-09 17:31:19.200000'),
(19776, 911, 117, 'JOINED', '2025-03-09 01:15:00.000000', '2025-03-10 11:14:02.400000'),
(19777, 911, 118, 'JOINED', '2025-03-09 01:15:00.000000', '2025-03-10 18:51:57.600000'),
(19778, 911, 121, 'JOINED', '2025-03-09 01:15:00.000000', '2025-03-10 15:07:19.200000'),
(19779, 911, 122, 'JOINED', '2025-03-09 01:15:00.000000', '2025-03-09 21:59:09.600000'),
(19780, 911, 123, 'JOINED', '2025-03-09 01:15:00.000000', '2025-03-10 00:17:24.000000'),
(19781, 911, 125, 'JOINED', '2025-03-09 01:15:00.000000', '2025-03-10 11:14:02.400000'),
(19782, 911, 130, 'JOINED', '2025-03-09 01:15:00.000000', '2025-03-09 19:53:52.800000'),
(19783, 911, 132, 'JOINED', '2025-03-09 01:15:00.000000', '2025-03-09 03:07:19.200000'),
(19784, 911, 133, 'JOINED', '2025-03-09 01:15:00.000000', '2025-03-11 13:35:09.600000'),
(19785, 911, 134, 'JOINED', '2025-03-09 01:15:00.000000', '2025-03-14 10:51:00.000000'),
(19786, 911, 135, 'JOINED', '2025-03-09 01:15:00.000000', '2025-03-10 09:21:43.200000');
INSERT INTO report (id, created_by_id, title, content, rejected_reason, report_status, created_time, updated_time, reviewed_time)
VALUES
(DEFAULT, 19775, 'Employee 116 submit Report', 'Completed Task.', NULL, 'APPROVED', '2025-03-13 21:18:50.400000', '2025-03-13 21:18:50.400000', '2025-03-13 21:23:50.400000'),
(DEFAULT, 19776, 'Employee 117 submit Report', 'Completed Task.', NULL, 'APPROVED', '2025-03-14 05:14:02.400000', '2025-03-14 05:14:02.400000', '2025-03-14 05:19:02.400000'),
(DEFAULT, 19777, 'Employee 118 submit Report', 'Completed Task.', NULL, 'APPROVED', '2025-03-19 07:38:02.400000', '2025-03-19 07:38:02.400000', '2025-03-19 07:43:02.400000'),
(DEFAULT, 19778, 'Employee 121 submit Report', 'Completed Task.', NULL, 'APPROVED', '2025-03-19 11:22:40.800000', '2025-03-19 11:22:40.800000', '2025-03-19 11:27:40.800000'),
(DEFAULT, 19779, 'Employee 122 submit Report', 'Completed Task.', NULL, 'APPROVED', '2025-03-14 02:29:52.800000', '2025-03-14 02:29:52.800000', '2025-03-14 02:34:52.800000'),
(DEFAULT, 19780, 'Employee 123 submit Report', 'Completed Task.', NULL, 'APPROVED', '2025-03-14 09:50:31.200000', '2025-03-14 09:50:31.200000', '2025-03-14 09:55:31.200000'),
(DEFAULT, 19781, 'Employee 125 submit Report', 'Completed Task.', NULL, 'APPROVED', '2025-03-14 07:58:12.000000', '2025-03-14 07:58:12.000000', '2025-03-14 08:03:12.000000'),
(DEFAULT, 19782, 'Employee 130 submit Report', 'Completed Task.', NULL, 'APPROVED', '2025-03-20 06:36:07.200000', '2025-03-20 06:36:07.200000', '2025-03-20 06:41:07.200000'),
(DEFAULT, 19783, 'Employee 132 submit Report', 'Completed Task.', NULL, 'APPROVED', '2025-03-11 22:13:33.600000', '2025-03-11 22:13:33.600000', '2025-03-11 22:18:33.600000'),
(DEFAULT, 19784, 'Employee 133 submit Report', 'Completed Task.', NULL, 'APPROVED', '2025-03-13 14:15:28.800000', '2025-03-13 14:15:28.800000', '2025-03-13 14:20:28.800000'),
(DEFAULT, 19785, 'Employee 134 submit Report', 'Completed Task.', NULL, 'APPROVED', '2025-03-29 19:12:07.200000', '2025-03-29 19:12:07.200000', '2025-03-29 19:17:07.200000'),
(DEFAULT, 19786, 'Employee 135 submit Report', 'Completed Task.', NULL, 'APPROVED', '2025-03-19 17:08:16.800000', '2025-03-19 17:08:16.800000', '2025-03-19 17:13:16.800000');

-- 2025-03-16 01:15:00.000000
-- 2025-03-16
INSERT INTO task (id, collection_id, created_by_id, root_task_id, name, description, report_format, level, task_type, priority, is_locked, start_date, end_date, deadline, created_time, updated_time)
VALUES (912, 66, 151, NULL, 'Validate Compliance Evidence Collection', 'This is Validate Compliance Evidence Collection', NULL, 'ADVANCED', 'TEST', 'HIGH', FALSE, '2025-03-16', '2025-04-06', '2025-03-22', '2025-03-16 01:15:00.000000', '2025-03-16 01:15:00.000000');

INSERT INTO task_for_users (id, task_id, assigned_to_id, user_task_status, updated_time, started_time)
VALUES
(19788, 912, 117, 'JOINED', '2025-03-16 01:15:00.000000', '2025-03-16 20:24:07.200000'),
(19789, 912, 121, 'JOINED', '2025-03-16 01:15:00.000000', '2025-03-21 10:51:00.000000'),
(19790, 912, 130, 'JOINED', '2025-03-16 01:15:00.000000', '2025-03-21 10:51:00.000000'),
(19791, 912, 134, 'JOINED', '2025-03-16 01:15:00.000000', '2025-03-21 10:51:00.000000');
INSERT INTO report (id, created_by_id, title, content, rejected_reason, report_status, created_time, updated_time, reviewed_time)
VALUES
(DEFAULT, 19788, 'Employee 117 submit Report', 'Completed Task.', NULL, 'APPROVED', '2025-03-19 22:59:38.400000', '2025-03-19 22:59:38.400000', '2025-03-19 23:04:38.400000'),
(DEFAULT, 19789, 'Employee 121 submit Report', 'Completed Task.', NULL, 'APPROVED', '2025-04-05 19:29:24.000000', '2025-04-05 19:29:24.000000', '2025-04-05 19:34:24.000000'),
(DEFAULT, 19790, 'Employee 130 submit Report', 'Completed Task.', NULL, 'APPROVED', '2025-04-06 06:00:07.200000', '2025-04-06 06:00:07.200000', '2025-04-06 06:05:07.200000'),
(DEFAULT, 19791, 'Employee 134 submit Report', 'Completed Task.', NULL, 'APPROVED', '2025-04-04 11:39:57.600000', '2025-04-04 11:39:57.600000', '2025-04-04 11:44:57.600000');

-- 2025-03-23 01:15:00.000000
-- 2025-03-23
INSERT INTO task (id, collection_id, created_by_id, root_task_id, name, description, report_format, level, task_type, priority, is_locked, start_date, end_date, deadline, created_time, updated_time)
VALUES (913, 66, 151, NULL, 'Validate Cross-region Behavior', 'This is Validate Cross-region Behavior', NULL, 'ADVANCED', 'TEST', 'NORMAL', FALSE, '2025-03-23', '2025-04-09', '2025-03-28', '2025-03-23 01:15:00.000000', '2025-03-23 01:15:00.000000');

INSERT INTO task_for_users (id, task_id, assigned_to_id, user_task_status, updated_time, started_time)
VALUES
(19793, 913, 116, 'JOINED', '2025-03-23 01:15:00.000000', '2025-03-26 02:27:00.000000'),
(19794, 913, 118, 'JOINED', '2025-03-23 01:15:00.000000', '2025-03-24 23:52:12.000000'),
(19795, 913, 122, 'JOINED', '2025-03-23 01:15:00.000000', '2025-03-25 02:16:12.000000'),
(19796, 913, 124, 'JOINED', '2025-03-23 01:15:00.000000', '2025-03-23 17:34:12.000000'),
(19797, 913, 125, 'JOINED', '2025-03-23 01:15:00.000000', '2025-03-27 13:15:00.000000'),
(19798, 913, 127, 'JOINED', '2025-03-23 01:15:00.000000', '2025-03-25 11:37:48.000000'),
(19799, 913, 128, 'JOINED', '2025-03-23 01:15:00.000000', '2025-03-27 13:15:00.000000'),
(19800, 913, 131, 'JOINED', '2025-03-23 01:15:00.000000', '2025-03-23 05:05:24.000000'),
(19801, 913, 132, 'JOINED', '2025-03-23 01:15:00.000000', '2025-03-23 18:24:36.000000'),
(19802, 913, 133, 'JOINED', '2025-03-23 01:15:00.000000', '2025-03-24 05:55:48.000000'),
(19803, 913, 134, 'JOINED', '2025-03-23 01:15:00.000000', '2025-03-24 08:27:00.000000'),
(19804, 913, 135, 'JOINED', '2025-03-23 01:15:00.000000', '2025-03-23 13:00:36.000000');
INSERT INTO report (id, created_by_id, title, content, rejected_reason, report_status, created_time, updated_time, reviewed_time)
VALUES
(DEFAULT, 19793, 'Employee 116 submit Report', 'Completed Task.', NULL, 'APPROVED', '2025-03-27 10:22:12.000000', '2025-03-27 10:22:12.000000', '2025-03-27 10:27:12.000000'),
(DEFAULT, 19794, 'Employee 118 submit Report', 'Completed Task.', NULL, 'APPROVED', '2025-03-31 02:37:48.000000', '2025-03-31 02:37:48.000000', '2025-03-31 02:42:48.000000'),
(DEFAULT, 19795, 'Employee 122 submit Report', 'Completed Task.', NULL, 'APPROVED', '2025-03-31 00:13:48.000000', '2025-03-31 00:13:48.000000', '2025-03-31 00:18:48.000000'),
(DEFAULT, 19796, 'Employee 124 submit Report', 'Completed Task.', NULL, 'APPROVED', '2025-03-25 05:12:36.000000', '2025-03-25 05:12:36.000000', '2025-03-25 05:17:36.000000'),
(DEFAULT, 19797, 'Employee 125 submit Report', 'Completed Task.', NULL, 'APPROVED', '2025-04-09 14:27:00.000000', '2025-04-09 14:27:00.000000', '2025-04-09 14:32:00.000000'),
(DEFAULT, 19798, 'Employee 127 submit Report', 'Completed Task.', NULL, 'APPROVED', '2025-03-30 14:52:12.000000', '2025-03-30 14:52:12.000000', '2025-03-30 14:57:12.000000'),
(DEFAULT, 19799, 'Employee 128 submit Report', 'Completed Task.', NULL, 'APPROVED', '2025-04-08 20:05:24.000000', '2025-04-08 20:05:24.000000', '2025-04-08 20:10:24.000000'),
(DEFAULT, 19800, 'Employee 131 submit Report', 'Completed Task.', NULL, 'APPROVED', '2025-03-24 10:22:12.000000', '2025-03-24 10:22:12.000000', '2025-03-24 10:27:12.000000'),
(DEFAULT, 19801, 'Employee 132 submit Report', 'Completed Task.', NULL, 'APPROVED', '2025-03-26 02:12:36.000000', '2025-03-26 02:12:36.000000', '2025-03-26 02:17:36.000000'),
(DEFAULT, 19802, 'Employee 133 submit Report', 'Completed Task.', NULL, 'APPROVED', '2025-03-26 10:51:00.000000', '2025-03-26 10:51:00.000000', '2025-03-26 10:56:00.000000'),
(DEFAULT, 19803, 'Employee 134 submit Report', 'Completed Task.', NULL, 'APPROVED', '2025-03-25 03:53:24.000000', '2025-03-25 03:53:24.000000', '2025-03-25 03:58:24.000000'),
(DEFAULT, 19804, 'Employee 135 submit Report', 'Completed Task.', NULL, 'APPROVED', '2025-03-26 06:39:00.000000', '2025-03-26 06:39:00.000000', '2025-03-26 06:44:00.000000');

-- 2025-03-29 01:15:00.000000
-- 2025-03-29
INSERT INTO task (id, collection_id, created_by_id, root_task_id, name, description, report_format, level, task_type, priority, is_locked, start_date, end_date, deadline, created_time, updated_time)
VALUES (914, 66, 151, NULL, 'Validate Disaster Recovery Drill', 'This is Validate Disaster Recovery Drill', NULL, 'ADVANCED', 'TEST', 'URGENT', FALSE, '2025-03-29', '2025-04-19', '2025-04-05', '2025-03-29 01:15:00.000000', '2025-03-29 01:15:00.000000');

INSERT INTO task_for_users (id, task_id, assigned_to_id, user_task_status, updated_time, started_time)
VALUES
(19806, 914, 116, 'JOINED', '2025-03-29 01:15:00.000000', '2025-04-04 08:27:00.000000'),
(19807, 914, 117, 'JOINED', '2025-03-29 01:15:00.000000', '2025-03-30 23:27:00.000000'),
(19808, 914, 118, 'JOINED', '2025-03-29 01:15:00.000000', '2025-03-29 16:32:16.800000'),
(19809, 914, 133, 'JOINED', '2025-03-29 01:15:00.000000', '2025-03-30 12:01:33.600000');
INSERT INTO report (id, created_by_id, title, content, rejected_reason, report_status, created_time, updated_time, reviewed_time)
VALUES
(DEFAULT, 19806, 'Employee 116 submit Report', 'Completed Task.', NULL, 'APPROVED', '2025-04-19 08:28:26.400000', '2025-04-19 08:28:26.400000', '2025-04-19 08:33:26.400000'),
(DEFAULT, 19807, 'Employee 117 submit Report', 'Completed Task.', NULL, 'APPROVED', '2025-04-04 07:06:21.600000', '2025-04-04 07:06:21.600000', '2025-04-04 07:11:21.600000'),
(DEFAULT, 19808, 'Employee 118 submit Report', 'Completed Task.', NULL, 'APPROVED', '2025-04-11 09:57:43.200000', '2025-04-11 09:57:43.200000', '2025-04-11 10:02:43.200000'),
(DEFAULT, 19809, 'Employee 133 submit Report', 'Completed Task.', NULL, 'APPROVED', '2025-04-10 14:28:26.400000', '2025-04-10 14:28:26.400000', '2025-04-10 14:33:26.400000');

-- 2025-04-06 01:15:00.000000
-- 2025-04-06
INSERT INTO task (id, collection_id, created_by_id, root_task_id, name, description, report_format, level, task_type, priority, is_locked, start_date, end_date, deadline, created_time, updated_time)
VALUES (915, 66, 151, NULL, 'Final QA Project Closure', 'This is Final QA Project Closure', NULL, 'HARD', 'TEST', 'LOW', FALSE, '2025-04-06', '2025-04-22', '2025-04-11', '2025-04-06 01:15:00.000000', '2025-04-06 01:15:00.000000');

INSERT INTO task_for_users (id, task_id, assigned_to_id, user_task_status, updated_time, started_time)
VALUES
(19811, 915, 111, 'JOINED', '2025-04-06 01:15:00.000000', '2025-04-07 00:53:24.000000'),
(19812, 915, 112, 'JOINED', '2025-04-06 01:15:00.000000', '2025-04-06 05:55:48.000000'),
(19813, 915, 113, 'JOINED', '2025-04-06 01:15:00.000000', '2025-04-07 07:18:36.000000'),
(19814, 915, 114, 'JOINED', '2025-04-06 01:15:00.000000', '2025-04-07 18:46:12.000000'),
(19815, 915, 115, 'JOINED', '2025-04-06 01:15:00.000000', '2025-04-10 13:15:00.000000');
INSERT INTO report (id, created_by_id, title, content, rejected_reason, report_status, created_time, updated_time, reviewed_time)
VALUES
(DEFAULT, 19811, 'Employee 111 submit Report', 'Completed Task.', NULL, 'APPROVED', '2025-04-15 01:36:36.000000', '2025-04-15 01:36:36.000000', '2025-04-15 01:41:36.000000'),
(DEFAULT, 19812, 'Employee 112 submit Report', 'Completed Task.', NULL, 'APPROVED', '2025-04-08 06:53:24.000000', '2025-04-08 06:53:24.000000', '2025-04-08 06:58:24.000000'),
(DEFAULT, 19813, 'Employee 113 submit Report', 'Completed Task.', NULL, 'APPROVED', '2025-04-14 19:11:24.000000', '2025-04-14 19:11:24.000000', '2025-04-14 19:16:24.000000'),
(DEFAULT, 19814, 'Employee 114 submit Report', 'Completed Task.', NULL, 'APPROVED', '2025-04-09 05:55:48.000000', '2025-04-09 05:55:48.000000', '2025-04-09 06:00:48.000000'),
(DEFAULT, 19815, 'Employee 115 submit Report', 'Completed Task.', NULL, 'APPROVED', '2025-04-22 15:53:24.000000', '2025-04-22 15:53:24.000000', '2025-04-22 15:58:24.000000');

-- 2025-04-12 01:15:00.000000
-- 2025-04-12
INSERT INTO task (id, collection_id, created_by_id, root_task_id, name, description, report_format, level, task_type, priority, is_locked, start_date, end_date, deadline, created_time, updated_time)
VALUES (916, 66, 151, NULL, 'QA Executive Sign-off', 'This is QA Executive Sign-off', NULL, 'HARD', 'TEST', 'LOW', FALSE, '2025-04-12', '2025-04-21', '2025-04-17', '2025-04-12 01:15:00.000000', '2025-04-12 01:15:00.000000');

INSERT INTO task_for_users (id, task_id, assigned_to_id, user_task_status, updated_time, started_time)
VALUES
(19817, 916, 111, 'JOINED', '2025-04-12 01:15:00.000000', '2025-04-14 22:04:12.000000'),
(19818, 916, 112, 'JOINED', '2025-04-12 01:15:00.000000', '2025-04-14 20:05:24.000000'),
(19819, 916, 113, 'JOINED', '2025-04-12 01:15:00.000000', '2025-04-12 10:51:00.000000'),
(19820, 916, 114, 'JOINED', '2025-04-12 01:15:00.000000', '2025-04-12 17:27:00.000000'),
(19821, 916, 115, 'JOINED', '2025-04-12 01:15:00.000000', '2025-04-12 05:55:48.000000');
INSERT INTO report (id, created_by_id, title, content, rejected_reason, report_status, created_time, updated_time, reviewed_time)
VALUES
(DEFAULT, 19817, 'Employee 111 submit Report', 'Completed Task.', NULL, 'APPROVED', '2025-04-19 04:25:48.000000', '2025-04-19 04:25:48.000000', '2025-04-19 04:30:48.000000'),
(DEFAULT, 19818, 'Employee 112 submit Report', 'Completed Task.', NULL, 'APPROVED', '2025-04-15 22:15:00.000000', '2025-04-15 22:15:00.000000', '2025-04-15 22:20:00.000000'),
(DEFAULT, 19819, 'Employee 113 submit Report', 'Completed Task.', NULL, 'APPROVED', '2025-04-15 01:29:24.000000', '2025-04-15 01:29:24.000000', '2025-04-15 01:34:24.000000'),
(DEFAULT, 19820, 'Employee 114 submit Report', 'Completed Task.', NULL, 'APPROVED', '2025-04-21 09:03:00.000000', '2025-04-21 09:03:00.000000', '2025-04-21 09:08:00.000000'),
(DEFAULT, 19821, 'Employee 115 submit Report', 'Completed Task.', NULL, 'APPROVED', '2025-04-13 02:55:48.000000', '2025-04-13 02:55:48.000000', '2025-04-13 03:00:48.000000');

ALTER TABLE project AUTO_INCREMENT = 4;
ALTER TABLE project_role AUTO_INCREMENT = 7;
ALTER TABLE `phase` AUTO_INCREMENT = 12;
ALTER TABLE collection AUTO_INCREMENT = 67;
ALTER TABLE task AUTO_INCREMENT = 917;
ALTER TABLE task_for_users AUTO_INCREMENT = 19823;
ALTER TABLE report AUTO_INCREMENT = 19823;

COMMIT;
